ID	S1	S2	S1/Initiated Expression (IE_S1)	S1/Expression Repetition (ER_S1)	S1/tokens (%)	S2/Initiated Expression (IE_S2)	S2/Expression Repetition (ER_S2)	S2/tokens (%)	Voc. Overlap S1	Voc. Overlap S2	SR/S1/ELS	SR/S1/EV	SR/S1/ER	SR/S1/ENTR	SR/S1/L	SR/S1/LMAX	SR/S2/ELS	SR/S2/EV	SR/S2/ER	SR/S2/ENTR	SR/S2/L	SR/S2/LMAX
dialogue_txt	Human 1	Human 2	0.65625	0.25	0.6787003610108303	0.34375	0.5168539325842697	0.3212996389891697	0.3269230769230769	0.6296296296296297	22.0	0.1116751269035533	0.40609137055837563	0.9106559588025549	1.26	3.0	15.0	0.15306122448979592	0.4387755102040816	0.32984607020714635	1.2424242424242424	5.0
