ID	S1	S2	S1/Initiated Expression (IE_S1)	S1/Expression Repetition (ER_S1)	S1/tokens (%)	S2/Initiated Expression (IE_S2)	S2/Expression Repetition (ER_S2)	S2/tokens (%)	Voc. Overlap S1	Voc. Overlap S2	SR/S1/ELS	SR/S1/EV	SR/S1/ER	SR/S1/ENTR	SR/S1/L	SR/S1/LMAX	SR/S2/ELS	SR/S2/EV	SR/S2/ER	SR/S2/ENTR	SR/S2/L	SR/S2/LMAX
dialogue_txt	Human 1	Human 2	0.9090909090909091	0.14285714285714285	0.5568181818181818	0.09090909090909091	0.6153846153846154	0.4431818181818182	0.5168539325842697	0.6052631578947368	19.0	0.12337662337662338	0.37012987012987014	1.0369678910772295	1.3243243243243243	3.0	23.0	0.18548387096774194	0.4596774193548387	0.6665783579949205	1.173913043478261	2.0
