ID	S1	S2	S1/Initiated Expression (IE_S1)	S1/Expression Repetition (ER_S1)	S1/tokens (%)	S2/Initiated Expression (IE_S2)	S2/Expression Repetition (ER_S2)	S2/tokens (%)	Voc. Overlap S1	Voc. Overlap S2	SR/S1/ELS	SR/S1/EV	SR/S1/ER	SR/S1/ENTR	SR/S1/L	SR/S1/LMAX	SR/S2/ELS	SR/S2/EV	SR/S2/ER	SR/S2/ENTR	SR/S2/L	SR/S2/LMAX
dialogue_txt	Human 1	Human 2	0.6764705882352942	0.15178571428571427	0.4014336917562724	0.3235294117647059	0.33532934131736525	0.5985663082437276	0.47435897435897434	0.4065934065934066	16.0	0.13333333333333333	0.35833333333333334	0.5032583347756457	1.1111111111111112	2.0	31.0	0.17714285714285713	0.5371428571428571	0.8352299961979435	1.2266666666666666	3.0
