ID	Num. utterances	Num. tokens	Expression Lexicon Size (ELS)	Expression Variety (EV)	Expression Repetition (ER)	Voc. Overlap	ENTR	L	LMAX
dialogue_txt	14.0	185.0	31.0	0.16756756756756758	0.32432432432432434	0.31313131313131315	0.9372538347225519	1.2753623188405796	3.0
