ID	Num. utterances	Num. tokens	Expression Lexicon Size (ELS)	Expression Variety (EV)	Expression Repetition (ER)	Voc. Overlap	ENTR	L	LMAX
dialogue_txt	18.0	196.0	22.0	0.11224489795918367	0.18877551020408162	0.1891891891891892	0.7346532028808916	1.2264150943396226	4.0
