ID	Num. utterances	Num. tokens	Expression Lexicon Size (ELS)	Expression Variety (EV)	Expression Repetition (ER)	Voc. Overlap	ENTR	L	LMAX
dialogue_txt	16.0	213.0	38.0	0.1784037558685446	0.38028169014084506	0.37373737373737376	1.0208275232514274	1.404494382022472	8.0
