ID	S1	S2	S1/Initiated Expression (IE_S1)	S1/Expression Repetition (ER_S1)	S1/tokens (%)	S2/Initiated Expression (IE_S2)	S2/Expression Repetition (ER_S2)	S2/tokens (%)	Voc. Overlap S1	Voc. Overlap S2	SR/S1/ELS	SR/S1/EV	SR/S1/ER	SR/S1/ENTR	SR/S1/L	SR/S1/LMAX	SR/S2/ELS	SR/S2/EV	SR/S2/ER	SR/S2/ENTR	SR/S2/L	SR/S2/LMAX
dialogue_txt	Human 1	Human 2	0.5714285714285714	0.2	0.275	0.42857142857142855	0.1724137931034483	0.725	0.6190476190476191	0.35135135135135137	5.0	0.08064516129032258	0.1935483870967742	0.8112781244591328	1.5	3.0	18.0	0.11764705882352941	0.5620915032679739	1.5958900003862122	2.903225806451613	12.0
