ID	S1	S2	S1/Initiated Expression (IE_S1)	S1/Expression Repetition (ER_S1)	S1/tokens (%)	S2/Initiated Expression (IE_S2)	S2/Expression Repetition (ER_S2)	S2/tokens (%)	Voc. Overlap S1	Voc. Overlap S2	SR/S1/ELS	SR/S1/EV	SR/S1/ER	SR/S1/ENTR	SR/S1/L	SR/S1/LMAX	SR/S2/ELS	SR/S2/EV	SR/S2/ER	SR/S2/ENTR	SR/S2/L	SR/S2/LMAX
dialogue_txt	Human 1	Human 2	0.6153846153846154	0.1986754966887417	0.5551470588235294	0.38461538461538464	0.2892561983471074	0.44485294117647056	0.3076923076923077	0.3373493975903614	21.0	0.13291139240506328	0.3924050632911392	0.39662777277837885	1.0784313725490196	2.0	15.0	0.11627906976744186	0.3333333333333333	1.3571305013426214	1.5714285714285714	3.0
