ID	Num. utterances	Num. tokens	Expression Lexicon Size (ELS)	Expression Variety (EV)	Expression Repetition (ER)	Voc. Overlap	ENTR	L	LMAX
dialogue_txt	15.0	272.0	26.0	0.09558823529411764	0.23897058823529413	0.1917808219178082	0.45006665809643814	1.0941176470588236	2.0
