ID	S1	S2	S1/Initiated Expression (IE_S1)	S1/Expression Repetition (ER_S1)	S1/tokens (%)	S2/Initiated Expression (IE_S2)	S2/Expression Repetition (ER_S2)	S2/tokens (%)	Voc. Overlap S1	Voc. Overlap S2	SR/S1/ELS	SR/S1/EV	SR/S1/ER	SR/S1/ENTR	SR/S1/L	SR/S1/LMAX	SR/S2/ELS	SR/S2/EV	SR/S2/ER	SR/S2/ENTR	SR/S2/L	SR/S2/LMAX
dialogue_txt	Human 1	Human 2	0.6904761904761905	0.20945945945945946	0.46105919003115264	0.30952380952380953	0.41040462427745666	0.5389408099688473	0.42528735632183906	0.37	22.0	0.14102564102564102	0.4230769230769231	0.8176338568998316	1.22	3.0	28.0	0.15469613259668508	0.5082872928176796	0.8685339602652349	1.289855072463768	2.0
