ID	Num. utterances	Num. tokens	Expression Lexicon Size (ELS)	Expression Variety (EV)	Expression Repetition (ER)	Voc. Overlap	ENTR	L	LMAX
dialogue_txt	15.0	288.0	32.0	0.1111111111111111	0.3229166666666667	0.22962962962962963	0.5847281182574744	1.1401869158878504	2.0
