ID	S1	S2	S1/Initiated Expression (IE_S1)	S1/Expression Repetition (ER_S1)	S1/tokens (%)	S2/Initiated Expression (IE_S2)	S2/Expression Repetition (ER_S2)	S2/tokens (%)	Voc. Overlap S1	Voc. Overlap S2	SR/S1/ELS	SR/S1/EV	SR/S1/ER	SR/S1/ENTR	SR/S1/L	SR/S1/LMAX	SR/S2/ELS	SR/S2/EV	SR/S2/ER	SR/S2/ENTR	SR/S2/L	SR/S2/LMAX
dialogue_txt	Human 1	Human 2	0.78125	0.14285714285714285	0.3684210526315789	0.21875	0.30357142857142855	0.631578947368421	0.6119402985074627	0.3761467889908257	12.0	0.11214953271028037	0.2616822429906542	0.4021791902022728	1.08	2.0	23.0	0.12994350282485875	0.3898305084745763	0.6305941785433513	1.3137254901960784	5.0
