ID	Num. utterances	Num. tokens	Expression Lexicon Size (ELS)	Expression Variety (EV)	Expression Repetition (ER)	Voc. Overlap	ENTR	L	LMAX
dialogue_txt	18.0	266.0	32.0	0.12030075187969924	0.24436090225563908	0.3037037037037037	0.9784442320215601	1.308641975308642	3.0
