ID	S1	S2	S1/Initiated Expression (IE_S1)	S1/Expression Repetition (ER_S1)	S1/tokens (%)	S2/Initiated Expression (IE_S2)	S2/Expression Repetition (ER_S2)	S2/tokens (%)	Voc. Overlap S1	Voc. Overlap S2	SR/S1/ELS	SR/S1/EV	SR/S1/ER	SR/S1/ENTR	SR/S1/L	SR/S1/LMAX	SR/S2/ELS	SR/S2/EV	SR/S2/ER	SR/S2/ENTR	SR/S2/L	SR/S2/LMAX
dialogue_txt	Human 1	Human 2	0.864406779661017	0.11834319526627218	0.5184049079754601	0.13559322033898305	0.5732484076433121	0.4815950920245399	0.5454545454545454	0.5869565217391305	26.0	0.14689265536723164	0.4067796610169492	0.83294582353614	1.2641509433962264	2.0	29.0	0.17575757575757575	0.5151515151515151	0.7990485210442682	1.2424242424242424	2.0
