ID	S1	S2	S1/Initiated Expression (IE_S1)	S1/Expression Repetition (ER_S1)	S1/tokens (%)	S2/Initiated Expression (IE_S2)	S2/Expression Repetition (ER_S2)	S2/tokens (%)	Voc. Overlap S1	Voc. Overlap S2	SR/S1/ELS	SR/S1/EV	SR/S1/ER	SR/S1/ENTR	SR/S1/L	SR/S1/LMAX	SR/S2/ELS	SR/S2/EV	SR/S2/ER	SR/S2/ENTR	SR/S2/L	SR/S2/LMAX
dialogue_txt	Human 1	Human 2	0.7407407407407407	0.22522522522522523	0.47435897435897434	0.25925925925925924	0.2926829268292683	0.5256410256410257	0.37333333333333335	0.35443037974683544	15.0	0.1271186440677966	0.3644067796610169	1.014097655573916	1.3125	3.0	17.0	0.1297709923664122	0.4122137404580153	1.1897319168207328	1.4210526315789473	3.0
