ID	Num. utterances	Num. tokens	Expression Lexicon Size (ELS)	Expression Variety (EV)	Expression Repetition (ER)	Voc. Overlap	ENTR	L	LMAX
dialogue_txt	16.0	272.0	52.0	0.19117647058823528	0.48161764705882354	0.4326923076923077	1.1067328543022974	1.3571428571428572	4.0
