ID	Num. utterances	Num. tokens	Expression Lexicon Size (ELS)	Expression Variety (EV)	Expression Repetition (ER)	Voc. Overlap	ENTR	L	LMAX
dialogue_txt	18.0	306.0	35.0	0.11437908496732026	0.28104575163398693	0.22535211267605634	0.6453992103638821	1.1523809523809523	3.0
