ID	Num. utterances	Num. tokens	Expression Lexicon Size (ELS)	Expression Variety (EV)	Expression Repetition (ER)	Voc. Overlap	ENTR	L	LMAX
dialogue_txt	15.0	139.0	22.0	0.15827338129496402	0.2517985611510791	0.2692307692307692	1.138763195115162	1.3863636363636365	3.0
