ID	Num. utterances	Num. tokens	Expression Lexicon Size (ELS)	Expression Variety (EV)	Expression Repetition (ER)	Voc. Overlap	ENTR	L	LMAX
dialogue_txt	16.0	271.0	35.0	0.12915129151291513	0.2878228782287823	0.2781954887218045	0.43408112000433474	1.0892857142857142	2.0
