ID	S1	S2	S1/Initiated Expression (IE_S1)	S1/Expression Repetition (ER_S1)	S1/tokens (%)	S2/Initiated Expression (IE_S2)	S2/Expression Repetition (ER_S2)	S2/tokens (%)	Voc. Overlap S1	Voc. Overlap S2	SR/S1/ELS	SR/S1/EV	SR/S1/ER	SR/S1/ENTR	SR/S1/L	SR/S1/LMAX	SR/S2/ELS	SR/S2/EV	SR/S2/ER	SR/S2/ENTR	SR/S2/L	SR/S2/LMAX
dialogue_txt	Human 1	Human 2	0.8181818181818182	0.17692307692307693	0.48507462686567165	0.18181818181818182	0.39855072463768115	0.5149253731343284	0.38372093023255816	0.3793103448275862	14.0	0.10218978102189781	0.3357664233576642	0.4854607607459134	1.105263157894737	2.0	20.0	0.136986301369863	0.4315068493150685	1.3605273114437084	1.5789473684210527	4.0
