ID	S1	S2	S1/Initiated Expression (IE_S1)	S1/Expression Repetition (ER_S1)	S1/tokens (%)	S2/Initiated Expression (IE_S2)	S2/Expression Repetition (ER_S2)	S2/tokens (%)	Voc. Overlap S1	Voc. Overlap S2	SR/S1/ELS	SR/S1/EV	SR/S1/ER	SR/S1/ENTR	SR/S1/L	SR/S1/LMAX	SR/S2/ELS	SR/S2/EV	SR/S2/ER	SR/S2/ENTR	SR/S2/L	SR/S2/LMAX
dialogue_txt	Human 1	Human 2	0.7446808510638298	0.20437956204379562	0.5189393939393939	0.2553191489361702	0.5826771653543307	0.4810606060606061	0.5454545454545454	0.6075949367088608	19.0	0.1310344827586207	0.36551724137931035	0.693127415328288	1.186046511627907	2.0	27.0	0.19852941176470587	0.5220588235294118	0.7966500838340582	1.2105263157894737	3.0
