ID	Num. utterances	Num. tokens	Expression Lexicon Size (ELS)	Expression Variety (EV)	Expression Repetition (ER)	Voc. Overlap	ENTR	L	LMAX
dialogue_txt	17.0	323.0	41.0	0.12693498452012383	0.29721362229102166	0.2616279069767442	0.15935006268563445	1.0232558139534884	2.0
