ID	Num. utterances	Num. tokens	Expression Lexicon Size (ELS)	Expression Variety (EV)	Expression Repetition (ER)	Voc. Overlap	ENTR	L	LMAX
dialogue_txt	15.0	224.0	34.0	0.15178571428571427	0.30357142857142855	0.3090909090909091	0.8269049406363033	1.2784810126582278	4.0
