ID	Num. utterances	Num. tokens	Expression Lexicon Size (ELS)	Expression Variety (EV)	Expression Repetition (ER)	Voc. Overlap	ENTR	L	LMAX
dialogue_txt	14.0	229.0	41.0	0.17903930131004367	0.3406113537117904	0.35514018691588783	1.294671883685979	1.5057471264367817	3.0
