ID	Num. utterances	Num. tokens	Expression Lexicon Size (ELS)	Expression Variety (EV)	Expression Repetition (ER)	Voc. Overlap	ENTR	L	LMAX
dialogue_txt	17.0	211.0	19.0	0.09004739336492891	0.21800947867298578	0.18867924528301888	0.47983202361612853	1.103448275862069	2.0
