ID	Num. utterances	Num. tokens	Expression Lexicon Size (ELS)	Expression Variety (EV)	Expression Repetition (ER)	Voc. Overlap	ENTR	L	LMAX
dialogue_txt	15.0	209.0	35.0	0.1674641148325359	0.3397129186602871	0.28440366972477066	0.5836753280239111	1.1397849462365592	2.0
