ID	Num. utterances	Num. tokens	Expression Lexicon Size (ELS)	Expression Variety (EV)	Expression Repetition (ER)	Voc. Overlap	ENTR	L	LMAX
dialogue_txt	18.0	206.0	29.0	0.1407766990291262	0.3737864077669903	0.42045454545454547	1.4899056245031839	1.7746478873239437	4.0
