ID	Num. utterances	Num. tokens	Expression Lexicon Size (ELS)	Expression Variety (EV)	Expression Repetition (ER)	Voc. Overlap	ENTR	L	LMAX
dialogue_txt	16.0	337.0	39.0	0.11572700296735905	0.27299703264094954	0.21511627906976744	0.7520958204564998	1.1926605504587156	3.0
