ID	S1	S2	S1/Initiated Expression (IE_S1)	S1/Expression Repetition (ER_S1)	S1/tokens (%)	S2/Initiated Expression (IE_S2)	S2/Expression Repetition (ER_S2)	S2/tokens (%)	Voc. Overlap S1	Voc. Overlap S2	SR/S1/ELS	SR/S1/EV	SR/S1/ER	SR/S1/ENTR	SR/S1/L	SR/S1/LMAX	SR/S2/ELS	SR/S2/EV	SR/S2/ER	SR/S2/ENTR	SR/S2/L	SR/S2/LMAX
dialogue_txt	Human 1	Human 2	0.9354838709677419	0.17117117117117117	0.6	0.06451612903225806	0.6216216216216216	0.4	0.4533333333333333	0.7727272727272727	15.0	0.1271186440677966	0.3644067796610169	1.014097655573916	1.3125	3.0	12.0	0.14634146341463414	0.43902439024390244	1.273009654835499	1.5	4.0
