ID	S1	S2	S1/Initiated Expression (IE_S1)	S1/Expression Repetition (ER_S1)	S1/tokens (%)	S2/Initiated Expression (IE_S2)	S2/Expression Repetition (ER_S2)	S2/tokens (%)	Voc. Overlap S1	Voc. Overlap S2	SR/S1/ELS	SR/S1/EV	SR/S1/ER	SR/S1/ENTR	SR/S1/L	SR/S1/LMAX	SR/S2/ELS	SR/S2/EV	SR/S2/ER	SR/S2/ENTR	SR/S2/L	SR/S2/LMAX
dialogue_txt	Human 1	Human 2	0.7906976744186046	0.1836734693877551	0.35766423357664234	0.20930232558139536	0.48295454545454547	0.6423357664233577	0.582089552238806	0.42391304347826086	12.0	0.11214953271028037	0.2616822429906542	0.4021791902022728	1.08	2.0	36.0	0.1945945945945946	0.572972972972973	1.0977171122585792	1.3636363636363635	3.0
