ID	Num. utterances	Num. tokens	Expression Lexicon Size (ELS)	Expression Variety (EV)	Expression Repetition (ER)	Voc. Overlap	ENTR	L	LMAX
dialogue_txt	16.0	247.0	41.0	0.1659919028340081	0.340080971659919	0.36607142857142855	1.2078878926783594	1.4526315789473685	6.0
