ID	Num. utterances	Num. tokens	Expression Lexicon Size (ELS)	Expression Variety (EV)	Expression Repetition (ER)	Voc. Overlap	ENTR	L	LMAX
dialogue_txt	16.0	303.0	49.0	0.1617161716171617	0.39603960396039606	0.373015873015873	0.7494361849283693	1.1958041958041958	3.0
