ID	Num. utterances	Num. tokens	Expression Lexicon Size (ELS)	Expression Variety (EV)	Expression Repetition (ER)	Voc. Overlap	ENTR	L	LMAX
dialogue_txt	15.0	262.0	43.0	0.16412213740458015	0.3931297709923664	0.4036697247706422	0.6026085435485014	1.1428571428571428	3.0
