ID	S1	S2	S1/Initiated Expression (IE_S1)	S1/Expression Repetition (ER_S1)	S1/tokens (%)	S2/Initiated Expression (IE_S2)	S2/Expression Repetition (ER_S2)	S2/tokens (%)	Voc. Overlap S1	Voc. Overlap S2	SR/S1/ELS	SR/S1/EV	SR/S1/ER	SR/S1/ENTR	SR/S1/L	SR/S1/LMAX	SR/S2/ELS	SR/S2/EV	SR/S2/ER	SR/S2/ENTR	SR/S2/L	SR/S2/LMAX
dialogue_txt	Human 1	Human 2	0.7954545454545454	0.18803418803418803	0.4448669201520912	0.20454545454545456	0.4931506849315068	0.5551330798479087	0.5942028985507246	0.45555555555555555	19.0	0.15079365079365079	0.4126984126984127	1.242370874393215	1.457142857142857	3.0	21.0	0.13548387096774195	0.4129032258064516	0.6052912052261445	1.1481481481481481	3.0
