ID	Num. utterances	Num. tokens	Expression Lexicon Size (ELS)	Expression Variety (EV)	Expression Repetition (ER)	Voc. Overlap	ENTR	L	LMAX
dialogue_txt	18.0	263.0	44.0	0.16730038022813687	0.3574144486692015	0.3474576271186441	1.0524849763340893	1.3394495412844036	4.0
