ID	S1	S2	S1/Initiated Expression (IE_S1)	S1/Expression Repetition (ER_S1)	S1/tokens (%)	S2/Initiated Expression (IE_S2)	S2/Expression Repetition (ER_S2)	S2/tokens (%)	Voc. Overlap S1	Voc. Overlap S2	SR/S1/ELS	SR/S1/EV	SR/S1/ER	SR/S1/ENTR	SR/S1/L	SR/S1/LMAX	SR/S2/ELS	SR/S2/EV	SR/S2/ER	SR/S2/ENTR	SR/S2/L	SR/S2/LMAX
dialogue_txt	Human 1	Human 2	0.5483870967741935	0.20118343195266272	0.5168195718654435	0.45161290322580644	0.22151898734177214	0.4831804281345566	0.32323232323232326	0.3368421052631579	26.0	0.14689265536723164	0.4067796610169492	0.83294582353614	1.2641509433962264	2.0	19.0	0.1144578313253012	0.4819277108433735	2.027328016079579	2.3714285714285714	7.0
