ID	Num. utterances	Num. tokens	Expression Lexicon Size (ELS)	Expression Variety (EV)	Expression Repetition (ER)	Voc. Overlap	ENTR	L	LMAX
dialogue_txt	16.0	262.0	27.0	0.10305343511450382	0.22137404580152673	0.23770491803278687	0.6145715612236267	1.1518987341772151	2.0
