ID	Num. utterances	Num. tokens	Expression Lexicon Size (ELS)	Expression Variety (EV)	Expression Repetition (ER)	Voc. Overlap	ENTR	L	LMAX
dialogue_txt	16.0	328.0	54.0	0.16463414634146342	0.35060975609756095	0.35668789808917195	0.7751419322576864	1.2605633802816902	8.0
