ID	Num. utterances	Num. tokens	Expression Lexicon Size (ELS)	Expression Variety (EV)	Expression Repetition (ER)	Voc. Overlap	ENTR	L	LMAX
dialogue_txt	16.0	263.0	38.0	0.1444866920152091	0.2889733840304182	0.3225806451612903	0.768073404459331	1.2673267326732673	6.0
