ID	S1	S2	S1/Initiated Expression (IE_S1)	S1/Expression Repetition (ER_S1)	S1/tokens (%)	S2/Initiated Expression (IE_S2)	S2/Expression Repetition (ER_S2)	S2/tokens (%)	Voc. Overlap S1	Voc. Overlap S2	SR/S1/ELS	SR/S1/EV	SR/S1/ER	SR/S1/ENTR	SR/S1/L	SR/S1/LMAX	SR/S2/ELS	SR/S2/EV	SR/S2/ER	SR/S2/ENTR	SR/S2/L	SR/S2/LMAX
dialogue_txt	Human 1	Human 2	0.8333333333333334	0.11594202898550725	0.31363636363636366	0.16666666666666666	0.23178807947019867	0.6863636363636364	0.38596491228070173	0.24175824175824176	6.0	0.07894736842105263	0.18421052631578946	-0.0	1.0	1.0	25.0	0.15723270440251572	0.44025157232704404	0.5983474220910422	1.290909090909091	3.0
