ID	Num. utterances	Num. tokens	Expression Lexicon Size (ELS)	Expression Variety (EV)	Expression Repetition (ER)	Voc. Overlap	ENTR	L	LMAX
dialogue_txt	18.0	295.0	46.0	0.15593220338983052	0.33220338983050846	0.3884297520661157	0.9296864684213164	1.3508771929824561	8.0
