ID	Num. utterances	Num. tokens	Expression Lexicon Size (ELS)	Expression Variety (EV)	Expression Repetition (ER)	Voc. Overlap	ENTR	L	LMAX
dialogue_txt	14.0	279.0	25.0	0.08960573476702509	0.20430107526881722	0.19047619047619047	0.4172806906708317	1.0843373493975903	2.0
