ID	Num. utterances	Num. tokens	Expression Lexicon Size (ELS)	Expression Variety (EV)	Expression Repetition (ER)	Voc. Overlap	ENTR	L	LMAX
dialogue_txt	19.0	265.0	30.0	0.11320754716981132	0.22264150943396227	0.20689655172413793	0.9058186497859411	1.2597402597402598	3.0
