ID	Num. utterances	Num. tokens	Expression Lexicon Size (ELS)	Expression Variety (EV)	Expression Repetition (ER)	Voc. Overlap	ENTR	L	LMAX
dialogue_txt	16.0	242.0	32.0	0.1322314049586777	0.3347107438016529	0.3017241379310345	0.6819353204567525	1.1808510638297873	2.0
