ID	Num. utterances	Num. tokens	Expression Lexicon Size (ELS)	Expression Variety (EV)	Expression Repetition (ER)	Voc. Overlap	ENTR	L	LMAX
dialogue_txt	16.0	293.0	38.0	0.1296928327645051	0.32764505119453924	0.2624113475177305	0.7949184910420236	1.209090909090909	3.0
