ID	Num. utterances	Num. tokens	Expression Lexicon Size (ELS)	Expression Variety (EV)	Expression Repetition (ER)	Voc. Overlap	ENTR	L	LMAX
dialogue_txt	15.0	158.0	23.0	0.14556962025316456	0.25949367088607594	0.3170731707317073	0.574828144380386	1.1724137931034482	3.0
