ID	Num. utterances	Num. tokens	Expression Lexicon Size (ELS)	Expression Variety (EV)	Expression Repetition (ER)	Voc. Overlap	ENTR	L	LMAX
dialogue_txt	14.0	278.0	39.0	0.14028776978417265	0.33093525179856115	0.28346456692913385	1.0321087651961494	1.3333333333333333	5.0
