ID	Num. utterances	Num. tokens	Expression Lexicon Size (ELS)	Expression Variety (EV)	Expression Repetition (ER)	Voc. Overlap	ENTR	L	LMAX
dialogue_txt	15.0	227.0	24.0	0.10572687224669604	0.28193832599118945	0.20175438596491227	0.7515470446305694	1.1917808219178083	3.0
