ID	S1	S2	S1/Initiated Expression (IE_S1)	S1/Expression Repetition (ER_S1)	S1/tokens (%)	S2/Initiated Expression (IE_S2)	S2/Expression Repetition (ER_S2)	S2/tokens (%)	Voc. Overlap S1	Voc. Overlap S2	SR/S1/ELS	SR/S1/EV	SR/S1/ER	SR/S1/ENTR	SR/S1/L	SR/S1/LMAX	SR/S2/ELS	SR/S2/EV	SR/S2/ER	SR/S2/ENTR	SR/S2/L	SR/S2/LMAX
dialogue_txt	Human 1	Human 2	0.725	0.17218543046357615	0.4748427672955975	0.275	0.4431137724550898	0.5251572327044025	0.3979591836734694	0.39	20.0	0.12578616352201258	0.33962264150943394	0.9557047234094589	1.2820512820512822	3.0	26.0	0.14857142857142858	0.4742857142857143	0.9801835673728114	1.3220338983050848	3.0
