ID	S1	S2	S1/Initiated Expression (IE_S1)	S1/Expression Repetition (ER_S1)	S1/tokens (%)	S2/Initiated Expression (IE_S2)	S2/Expression Repetition (ER_S2)	S2/tokens (%)	Voc. Overlap S1	Voc. Overlap S2	SR/S1/ELS	SR/S1/EV	SR/S1/ER	SR/S1/ENTR	SR/S1/L	SR/S1/LMAX	SR/S2/ELS	SR/S2/EV	SR/S2/ER	SR/S2/ENTR	SR/S2/L	SR/S2/LMAX
dialogue_txt	Human 1	Human 2	0.7678571428571429	0.26011560693641617	0.5	0.23214285714285715	0.5260115606936416	0.5	0.5208333333333334	0.5319148936170213	26.0	0.143646408839779	0.4419889502762431	0.849092165846601	1.2321428571428572	3.0	33.0	0.18232044198895028	0.5469613259668509	1.2332525240632946	1.4285714285714286	4.0
