ID	S1	S2	S1/Initiated Expression (IE_S1)	S1/Expression Repetition (ER_S1)	S1/tokens (%)	S2/Initiated Expression (IE_S2)	S2/Expression Repetition (ER_S2)	S2/tokens (%)	Voc. Overlap S1	Voc. Overlap S2	SR/S1/ELS	SR/S1/EV	SR/S1/ER	SR/S1/ENTR	SR/S1/L	SR/S1/LMAX	SR/S2/ELS	SR/S2/EV	SR/S2/ER	SR/S2/ENTR	SR/S2/L	SR/S2/LMAX
dialogue_txt	Human 1	Human 2	0.7567567567567568	0.164021164021164	0.6057692307692307	0.24324324324324326	0.4715447154471545	0.3942307692307692	0.29906542056074764	0.48484848484848486	28.0	0.14213197969543148	0.4517766497461929	1.0540157730728	1.35	3.0	23.0	0.17424242424242425	0.5303030303030303	1.842737648613667	1.9	5.0
