ID	Num. utterances	Num. tokens	Expression Lexicon Size (ELS)	Expression Variety (EV)	Expression Repetition (ER)	Voc. Overlap	ENTR	L	LMAX
dialogue_txt	15.0	288.0	37.0	0.1284722222222222	0.2743055555555556	0.2532467532467532	0.8011905968166516	1.233009708737864	4.0
