ID	Num. utterances	Num. tokens	Expression Lexicon Size (ELS)	Expression Variety (EV)	Expression Repetition (ER)	Voc. Overlap	ENTR	L	LMAX
dialogue_txt	16.0	219.0	24.0	0.1095890410958904	0.228310502283105	0.22131147540983606	0.7452176541661318	1.2058823529411764	3.0
