ID	Num. utterances	Num. tokens	Expression Lexicon Size (ELS)	Expression Variety (EV)	Expression Repetition (ER)	Voc. Overlap	ENTR	L	LMAX
dialogue_txt	16.0	303.0	47.0	0.1551155115511551	0.38613861386138615	0.32608695652173914	0.7870046561900532	1.2058823529411764	3.0
