ID	Num. utterances	Num. tokens	Expression Lexicon Size (ELS)	Expression Variety (EV)	Expression Repetition (ER)	Voc. Overlap	ENTR	L	LMAX
dialogue_txt	15.0	287.0	49.0	0.17073170731707318	0.3902439024390244	0.41935483870967744	0.7865242312318929	1.2246376811594204	4.0
