ID	S1	S2	S1/Initiated Expression (IE_S1)	S1/Expression Repetition (ER_S1)	S1/tokens (%)	S2/Initiated Expression (IE_S2)	S2/Expression Repetition (ER_S2)	S2/tokens (%)	Voc. Overlap S1	Voc. Overlap S2	SR/S1/ELS	SR/S1/EV	SR/S1/ER	SR/S1/ENTR	SR/S1/L	SR/S1/LMAX	SR/S2/ELS	SR/S2/EV	SR/S2/ER	SR/S2/ENTR	SR/S2/L	SR/S2/LMAX
dialogue_txt	Human 1	Human 2	0.8163265306122449	0.14189189189189189	0.5156794425087108	0.1836734693877551	0.6546762589928058	0.4843205574912892	0.5360824742268041	0.6582278481012658	16.0	0.1032258064516129	0.2838709677419355	0.512709142030877	1.1142857142857143	2.0	26.0	0.17687074829931973	0.5374149659863946	0.8246578332945033	1.2586206896551724	2.0
