ID	Num. utterances	Num. tokens	Expression Lexicon Size (ELS)	Expression Variety (EV)	Expression Repetition (ER)	Voc. Overlap	ENTR	L	LMAX
dialogue_txt	13.0	197.0	26.0	0.1319796954314721	0.30456852791878175	0.2647058823529412	0.16702680404522802	1.0246913580246915	2.0
