ID	Num. utterances	Num. tokens	Expression Lexicon Size (ELS)	Expression Variety (EV)	Expression Repetition (ER)	Voc. Overlap	ENTR	L	LMAX
dialogue_txt	15.0	231.0	32.0	0.13852813852813853	0.2987012987012987	0.3017241379310345	1.012275342143277	1.3164556962025316	3.0
