ID	Num. utterances	Num. tokens	Expression Lexicon Size (ELS)	Expression Variety (EV)	Expression Repetition (ER)	Voc. Overlap	ENTR	L	LMAX
dialogue_txt	18.0	241.0	19.0	0.07883817427385892	0.1908713692946058	0.17985611510791366	0.7499130933047641	1.1929824561403508	3.0
