ID	Num. utterances	Num. tokens	Expression Lexicon Size (ELS)	Expression Variety (EV)	Expression Repetition (ER)	Voc. Overlap	ENTR	L	LMAX
dialogue_txt	16.0	204.0	24.0	0.11764705882352941	0.21568627450980393	0.2222222222222222	0.19590927087360493	1.0303030303030303	2.0
