ID	Num. utterances	Num. tokens	Expression Lexicon Size (ELS)	Expression Variety (EV)	Expression Repetition (ER)	Voc. Overlap	ENTR	L	LMAX
dialogue_txt	19.0	293.0	41.0	0.13993174061433447	0.33447098976109213	0.2740740740740741	0.588587073932458	1.1416666666666666	2.0
