ID	S1	S2	S1/Initiated Expression (IE_S1)	S1/Expression Repetition (ER_S1)	S1/tokens (%)	S2/Initiated Expression (IE_S2)	S2/Expression Repetition (ER_S2)	S2/tokens (%)	Voc. Overlap S1	Voc. Overlap S2	SR/S1/ELS	SR/S1/EV	SR/S1/ER	SR/S1/ENTR	SR/S1/L	SR/S1/LMAX	SR/S2/ELS	SR/S2/EV	SR/S2/ER	SR/S2/ENTR	SR/S2/L	SR/S2/LMAX
dialogue_txt	Human 1	Human 2	0.918918918918919	0.08045977011494253	0.3815789473684211	0.08108108108108109	0.6099290780141844	0.618421052631579	0.7592592592592593	0.5394736842105263	12.0	0.125	0.3645833333333333	1.0676111603502403	1.434782608695652	4.0	20.0	0.13245033112582782	0.5894039735099338	2.2231061300625727	2.9375	15.0
