ID	Num. utterances	Num. tokens	Expression Lexicon Size (ELS)	Expression Variety (EV)	Expression Repetition (ER)	Voc. Overlap	ENTR	L	LMAX
dialogue_txt	16.0	198.0	31.0	0.15656565656565657	0.36363636363636365	0.35106382978723405	1.321640601382575	1.4933333333333334	4.0
