ID	Num. utterances	Num. tokens	Expression Lexicon Size (ELS)	Expression Variety (EV)	Expression Repetition (ER)	Voc. Overlap	ENTR	L	LMAX
dialogue_txt	14.0	201.0	28.0	0.13930348258706468	0.2935323383084577	0.3333333333333333	0.6790794802892914	1.188235294117647	4.0
