ID	Num. utterances	Num. tokens	Expression Lexicon Size (ELS)	Expression Variety (EV)	Expression Repetition (ER)	Voc. Overlap	ENTR	L	LMAX
dialogue_txt	16.0	321.0	56.0	0.17445482866043613	0.42679127725856697	0.37037037037037035	0.8882645110647731	1.259493670886076	5.0
