ID	S1	S2	S1/Initiated Expression (IE_S1)	S1/Expression Repetition (ER_S1)	S1/tokens (%)	S2/Initiated Expression (IE_S2)	S2/Expression Repetition (ER_S2)	S2/tokens (%)	Voc. Overlap S1	Voc. Overlap S2	SR/S1/ELS	SR/S1/EV	SR/S1/ER	SR/S1/ENTR	SR/S1/L	SR/S1/LMAX	SR/S2/ELS	SR/S2/EV	SR/S2/ER	SR/S2/ENTR	SR/S2/L	SR/S2/LMAX
dialogue_txt	Human 1	Human 2	0.6	0.16666666666666666	0.3013698630136986	0.4	0.29411764705882354	0.6986301369863014	0.543859649122807	0.3522727272727273	3.0	0.0410958904109589	0.0821917808219178	-0.0	1.0	1.0	25.0	0.15625	0.5125	1.1380149717237524	1.4259259259259258	5.0
