ID	S1	S2	S1/Initiated Expression (IE_S1)	S1/Expression Repetition (ER_S1)	S1/tokens (%)	S2/Initiated Expression (IE_S2)	S2/Expression Repetition (ER_S2)	S2/tokens (%)	Voc. Overlap S1	Voc. Overlap S2	SR/S1/ELS	SR/S1/EV	SR/S1/ER	SR/S1/ENTR	SR/S1/L	SR/S1/LMAX	SR/S2/ELS	SR/S2/EV	SR/S2/ER	SR/S2/ENTR	SR/S2/L	SR/S2/LMAX
dialogue_txt	Human 1	Human 2	0.6666666666666666	0.1984732824427481	0.47985347985347987	0.3333333333333333	0.36619718309859156	0.5201465201465202	0.4895833333333333	0.47474747474747475	16.0	0.11594202898550725	0.2971014492753623	0.6402064333604701	1.1764705882352942	3.0	20.0	0.13333333333333333	0.35333333333333333	0.41381685030363374	1.0833333333333333	2.0
