ID	Num. utterances	Num. tokens	Expression Lexicon Size (ELS)	Expression Variety (EV)	Expression Repetition (ER)	Voc. Overlap	ENTR	L	LMAX
dialogue_txt	16.0	330.0	45.0	0.13636363636363635	0.31212121212121213	0.2847682119205298	1.2251669161344296	1.4190476190476191	4.0
