ID	Num. utterances	Num. tokens	Expression Lexicon Size (ELS)	Expression Variety (EV)	Expression Repetition (ER)	Voc. Overlap	ENTR	L	LMAX
dialogue_txt	16.0	215.0	35.0	0.16279069767441862	0.37209302325581395	0.42045454545454547	1.2846697979358197	1.5517241379310345	7.0
