ID	S1	S2	S1/Initiated Expression (IE_S1)	S1/Expression Repetition (ER_S1)	S1/tokens (%)	S2/Initiated Expression (IE_S2)	S2/Expression Repetition (ER_S2)	S2/tokens (%)	Voc. Overlap S1	Voc. Overlap S2	SR/S1/ELS	SR/S1/EV	SR/S1/ER	SR/S1/ENTR	SR/S1/L	SR/S1/LMAX	SR/S2/ELS	SR/S2/EV	SR/S2/ER	SR/S2/ENTR	SR/S2/L	SR/S2/LMAX
dialogue_txt	Human 1	Human 2	0.7727272727272727	0.25287356321839083	0.3466135458167331	0.22727272727272727	0.18902439024390244	0.6533864541832669	0.48148148148148145	0.26804123711340205	12.0	0.125	0.3645833333333333	1.0676111603502403	1.434782608695652	4.0	30.0	0.1724137931034483	0.5517241379310345	1.6423952365742367	1.7894736842105263	4.0
