ID	Num. utterances	Num. tokens	Expression Lexicon Size (ELS)	Expression Variety (EV)	Expression Repetition (ER)	Voc. Overlap	ENTR	L	LMAX
dialogue_txt	14.0	215.0	25.0	0.11627906976744186	0.22790697674418606	0.2601626016260163	0.8223373699434784	1.2205882352941178	3.0
