ID	Num. utterances	Num. tokens	Expression Lexicon Size (ELS)	Expression Variety (EV)	Expression Repetition (ER)	Voc. Overlap	ENTR	L	LMAX
dialogue_txt	16.0	303.0	27.0	0.0891089108910891	0.19471947194719472	0.18787878787878787	0.1551032721030342	1.0224719101123596	2.0
