ID	Num. utterances	Num. tokens	Expression Lexicon Size (ELS)	Expression Variety (EV)	Expression Repetition (ER)	Voc. Overlap	ENTR	L	LMAX
dialogue_txt	17.0	270.0	45.0	0.16666666666666666	0.42592592592592593	0.39344262295081966	1.2612446568711133	1.4912280701754386	7.0
