ID	S1	S2	S1/Initiated Expression (IE_S1)	S1/Expression Repetition (ER_S1)	S1/tokens (%)	S2/Initiated Expression (IE_S2)	S2/Expression Repetition (ER_S2)	S2/tokens (%)	Voc. Overlap S1	Voc. Overlap S2	SR/S1/ELS	SR/S1/EV	SR/S1/ER	SR/S1/ENTR	SR/S1/L	SR/S1/LMAX	SR/S2/ELS	SR/S2/EV	SR/S2/ER	SR/S2/ENTR	SR/S2/L	SR/S2/LMAX
dialogue_txt	Human 1	Human 2	0.8928571428571429	0.11724137931034483	0.6502242152466368	0.10714285714285714	0.5384615384615384	0.34977578475336324	0.32222222222222224	0.6590909090909091	22.0	0.1437908496732026	0.4117647058823529	0.9637459942073318	1.3333333333333333	4.0	9.0	0.10465116279069768	0.43023255813953487	1.322305788853309	1.5238095238095237	3.0
