ID	Num. utterances	Num. tokens	Expression Lexicon Size (ELS)	Expression Variety (EV)	Expression Repetition (ER)	Voc. Overlap	ENTR	L	LMAX
dialogue_txt	16.0	223.0	28.0	0.12556053811659193	0.2645739910313901	0.2761904761904762	0.7255762965946004	1.1818181818181819	3.0
