ID	Num. utterances	Num. tokens	Expression Lexicon Size (ELS)	Expression Variety (EV)	Expression Repetition (ER)	Voc. Overlap	ENTR	L	LMAX
dialogue_txt	14.0	280.0	31.0	0.11071428571428571	0.24642857142857144	0.23129251700680273	0.8440628803439406	1.2325581395348837	3.0
