ID	Num. utterances	Num. tokens	Expression Lexicon Size (ELS)	Expression Variety (EV)	Expression Repetition (ER)	Voc. Overlap	ENTR	L	LMAX
dialogue_txt	16.0	317.0	45.0	0.14195583596214512	0.2870662460567823	0.32075471698113206	1.152862755873464	1.4107142857142858	6.0
