ID	Num. utterances	Num. tokens	Expression Lexicon Size (ELS)	Expression Variety (EV)	Expression Repetition (ER)	Voc. Overlap	ENTR	L	LMAX
dialogue_txt	17.0	356.0	54.0	0.15168539325842698	0.3707865168539326	0.3698630136986301	1.3961230482083056	1.6356589147286822	9.0
