ID	Num. utterances	Num. tokens	Expression Lexicon Size (ELS)	Expression Variety (EV)	Expression Repetition (ER)	Voc. Overlap	ENTR	L	LMAX
dialogue_txt	18.0	227.0	45.0	0.19823788546255505	0.34801762114537443	0.40425531914893614	1.0791696853567263	1.349056603773585	3.0
