ID	S1	S2	S1/Initiated Expression (IE_S1)	S1/Expression Repetition (ER_S1)	S1/tokens (%)	S2/Initiated Expression (IE_S2)	S2/Expression Repetition (ER_S2)	S2/tokens (%)	Voc. Overlap S1	Voc. Overlap S2	SR/S1/ELS	SR/S1/EV	SR/S1/ER	SR/S1/ENTR	SR/S1/L	SR/S1/LMAX	SR/S2/ELS	SR/S2/EV	SR/S2/ER	SR/S2/ENTR	SR/S2/L	SR/S2/LMAX
dialogue_txt	Human 1	Human 2	0.6666666666666666	0.2413793103448276	0.3670886075949367	0.3333333333333333	0.31333333333333335	0.6329113924050633	0.5740740740740741	0.3263157894736842	12.0	0.125	0.3645833333333333	1.0676111603502403	1.434782608695652	4.0	21.0	0.13125	0.38125	0.9256859869821298	1.3409090909090908	2.0
