ID	Num. utterances	Num. tokens	Expression Lexicon Size (ELS)	Expression Variety (EV)	Expression Repetition (ER)	Voc. Overlap	ENTR	L	LMAX
dialogue_txt	16.0	208.0	22.0	0.10576923076923077	0.21634615384615385	0.21818181818181817	0.5916727785823274	1.1428571428571428	2.0
