ID	S1	S2	S1/Initiated Expression (IE_S1)	S1/Expression Repetition (ER_S1)	S1/tokens (%)	S2/Initiated Expression (IE_S2)	S2/Expression Repetition (ER_S2)	S2/tokens (%)	Voc. Overlap S1	Voc. Overlap S2	SR/S1/ELS	SR/S1/EV	SR/S1/ER	SR/S1/ENTR	SR/S1/L	SR/S1/LMAX	SR/S2/ELS	SR/S2/EV	SR/S2/ER	SR/S2/ENTR	SR/S2/L	SR/S2/LMAX
dialogue_txt	Human 1	Human 2	0.5789473684210527	0.19444444444444445	0.3257918552036199	0.42105263157894735	0.2550335570469799	0.6742081447963801	0.3877551020408163	0.2753623188405797	8.0	0.10126582278481013	0.2911392405063291	0.7642045065086203	1.2222222222222223	2.0	21.0	0.1346153846153846	0.6987179487179487	2.381637406626499	3.1621621621621623	8.0
