ID	Num. utterances	Num. tokens	Expression Lexicon Size (ELS)	Expression Variety (EV)	Expression Repetition (ER)	Voc. Overlap	ENTR	L	LMAX
dialogue_txt	19.0	277.0	27.0	0.09747292418772563	0.24548736462093862	0.21212121212121213	0.8414948973618402	1.2380952380952381	4.0
