ID	S1	S2	S1/Initiated Expression (IE_S1)	S1/Expression Repetition (ER_S1)	S1/tokens (%)	S2/Initiated Expression (IE_S2)	S2/Expression Repetition (ER_S2)	S2/tokens (%)	Voc. Overlap S1	Voc. Overlap S2	SR/S1/ELS	SR/S1/EV	SR/S1/ER	SR/S1/ENTR	SR/S1/L	SR/S1/LMAX	SR/S2/ELS	SR/S2/EV	SR/S2/ER	SR/S2/ENTR	SR/S2/L	SR/S2/LMAX
dialogue_txt	Human 1	Human 2	0.7037037037037037	0.26436781609195403	0.3140794223826715	0.2962962962962963	0.23684210526315788	0.6859205776173285	0.5185185185185185	0.2641509433962264	12.0	0.125	0.3645833333333333	1.0676111603502403	1.434782608695652	4.0	33.0	0.165	0.51	1.1032089906156843	1.4477611940298507	7.0
