ID	S1	S2	S1/Initiated Expression (IE_S1)	S1/Expression Repetition (ER_S1)	S1/tokens (%)	S2/Initiated Expression (IE_S2)	S2/Expression Repetition (ER_S2)	S2/tokens (%)	Voc. Overlap S1	Voc. Overlap S2	SR/S1/ELS	SR/S1/EV	SR/S1/ER	SR/S1/ENTR	SR/S1/L	SR/S1/LMAX	SR/S2/ELS	SR/S2/EV	SR/S2/ER	SR/S2/ENTR	SR/S2/L	SR/S2/LMAX
dialogue_txt	Human 1	Human 2	0.72	0.19444444444444445	0.277992277992278	0.28	0.2620320855614973	0.722007722007722	0.5	0.2621359223300971	9.0	0.1111111111111111	0.2716049382716049	0.4689955935892812	1.1	2.0	33.0	0.1683673469387755	0.5306122448979592	1.5481609006891832	1.6615384615384616	4.0
