ID	Num. utterances	Num. tokens	Expression Lexicon Size (ELS)	Expression Variety (EV)	Expression Repetition (ER)	Voc. Overlap	ENTR	L	LMAX
dialogue_txt	16.0	290.0	41.0	0.1413793103448276	0.31724137931034485	0.3161764705882353	1.0791696853567263	1.349056603773585	3.0
