ID	S1	S2	S1/Initiated Expression (IE_S1)	S1/Expression Repetition (ER_S1)	S1/tokens (%)	S2/Initiated Expression (IE_S2)	S2/Expression Repetition (ER_S2)	S2/tokens (%)	Voc. Overlap S1	Voc. Overlap S2	SR/S1/ELS	SR/S1/EV	SR/S1/ER	SR/S1/ENTR	SR/S1/L	SR/S1/LMAX	SR/S2/ELS	SR/S2/EV	SR/S2/ER	SR/S2/ENTR	SR/S2/L	SR/S2/LMAX
dialogue_txt	Human 1	Human 2	0.8048780487804879	0.17886178861788618	0.4241379310344828	0.1951219512195122	0.41916167664670656	0.5758620689655173	0.5584415584415584	0.4215686274509804	22.0	0.16793893129770993	0.42748091603053434	0.6581912658132185	1.1702127659574468	2.0	33.0	0.18857142857142858	0.5028571428571429	1.0957952550009336	1.3636363636363635	3.0
