ID	Num. utterances	Num. tokens	Expression Lexicon Size (ELS)	Expression Variety (EV)	Expression Repetition (ER)	Voc. Overlap	ENTR	L	LMAX
dialogue_txt	15.0	264.0	38.0	0.14393939393939395	0.32196969696969696	0.3333333333333333	0.5825995969459563	1.131578947368421	3.0
