ID	S1	S2	S1/Initiated Expression (IE_S1)	S1/Expression Repetition (ER_S1)	S1/tokens (%)	S2/Initiated Expression (IE_S2)	S2/Expression Repetition (ER_S2)	S2/tokens (%)	Voc. Overlap S1	Voc. Overlap S2	SR/S1/ELS	SR/S1/EV	SR/S1/ER	SR/S1/ENTR	SR/S1/L	SR/S1/LMAX	SR/S2/ELS	SR/S2/EV	SR/S2/ER	SR/S2/ENTR	SR/S2/L	SR/S2/LMAX
dialogue_txt	Human 1	Human 2	0.6052631578947368	0.25984251968503935	0.4810606060606061	0.39473684210526316	0.3795620437956204	0.5189393939393939	0.5061728395061729	0.4939759036144578	16.0	0.11940298507462686	0.34328358208955223	0.6394571324851641	1.162162162162162	2.0	26.0	0.1793103448275862	0.503448275862069	0.8179252501386403	1.2542372881355932	2.0
