ID	Num. utterances	Num. tokens	Expression Lexicon Size (ELS)	Expression Variety (EV)	Expression Repetition (ER)	Voc. Overlap	ENTR	L	LMAX
dialogue_txt	19.0	312.0	37.0	0.11858974358974358	0.3173076923076923	0.2535211267605634	0.8997394735357803	1.2654867256637168	3.0
