ID	Num. utterances	Num. tokens	Expression Lexicon Size (ELS)	Expression Variety (EV)	Expression Repetition (ER)	Voc. Overlap	ENTR	L	LMAX
dialogue_txt	15.0	251.0	23.0	0.09163346613545817	0.18725099601593626	0.20155038759689922	0.5993469760564893	1.1408450704225352	3.0
