ID	S1	S2	S1/Initiated Expression (IE_S1)	S1/Expression Repetition (ER_S1)	S1/tokens (%)	S2/Initiated Expression (IE_S2)	S2/Expression Repetition (ER_S2)	S2/tokens (%)	Voc. Overlap S1	Voc. Overlap S2	SR/S1/ELS	SR/S1/EV	SR/S1/ER	SR/S1/ENTR	SR/S1/L	SR/S1/LMAX	SR/S2/ELS	SR/S2/EV	SR/S2/ER	SR/S2/ENTR	SR/S2/L	SR/S2/LMAX
dialogue_txt	Human 1	Human 2	0.6551724137931034	0.18840579710144928	0.3709677419354839	0.3448275862068966	0.4444444444444444	0.6290322580645161	0.5614035087719298	0.45714285714285713	6.0	0.07894736842105263	0.18421052631578946	-0.0	1.0	1.0	20.0	0.16	0.488	0.9405662399881731	1.2916666666666667	3.0
