ID	Num. utterances	Num. tokens	Expression Lexicon Size (ELS)	Expression Variety (EV)	Expression Repetition (ER)	Voc. Overlap	ENTR	L	LMAX
dialogue_txt	14.0	157.0	23.0	0.1464968152866242	0.2484076433121019	0.3010752688172043	1.23820581172454	1.5416666666666667	6.0
