ID	S1	S2	S1/Initiated Expression (IE_S1)	S1/Expression Repetition (ER_S1)	S1/tokens (%)	S2/Initiated Expression (IE_S2)	S2/Expression Repetition (ER_S2)	S2/tokens (%)	Voc. Overlap S1	Voc. Overlap S2	SR/S1/ELS	SR/S1/EV	SR/S1/ER	SR/S1/ENTR	SR/S1/L	SR/S1/LMAX	SR/S2/ELS	SR/S2/EV	SR/S2/ER	SR/S2/ENTR	SR/S2/L	SR/S2/LMAX
dialogue_txt	Human 1	Human 2	0.7	0.14772727272727273	0.4131455399061033	0.3	0.264	0.5868544600938967	0.40625	0.3466666666666667	12.0	0.12631578947368421	0.29473684210526313	0.4021791902022728	1.08	2.0	24.0	0.18045112781954886	0.49624060150375937	1.301240785481462	1.5714285714285714	5.0
