ID	Num. utterances	Num. tokens	Expression Lexicon Size (ELS)	Expression Variety (EV)	Expression Repetition (ER)	Voc. Overlap	ENTR	L	LMAX
dialogue_txt	15.0	213.0	20.0	0.09389671361502347	0.215962441314554	0.23008849557522124	0.6860084270341613	1.1692307692307693	3.0
