ID	S1	S2	S1/Initiated Expression (IE_S1)	S1/Expression Repetition (ER_S1)	S1/tokens (%)	S2/Initiated Expression (IE_S2)	S2/Expression Repetition (ER_S2)	S2/tokens (%)	Voc. Overlap S1	Voc. Overlap S2	SR/S1/ELS	SR/S1/EV	SR/S1/ER	SR/S1/ENTR	SR/S1/L	SR/S1/LMAX	SR/S2/ELS	SR/S2/EV	SR/S2/ER	SR/S2/ENTR	SR/S2/L	SR/S2/LMAX
dialogue_txt	Human 1	Human 2	0.68	0.1625	0.4166666666666667	0.32	0.3482142857142857	0.5833333333333334	0.5	0.375	8.0	0.0898876404494382	0.2696629213483146	0.4854607607459134	1.2105263157894737	3.0	18.0	0.14754098360655737	0.4262295081967213	0.5689955935892812	1.15	3.0
