ID	Num. utterances	Num. tokens	Expression Lexicon Size (ELS)	Expression Variety (EV)	Expression Repetition (ER)	Voc. Overlap	ENTR	L	LMAX
dialogue_txt	15.0	304.0	40.0	0.13157894736842105	0.2993421052631579	0.2565789473684211	1.1304177592884828	1.3786407766990292	3.0
