ID	S1	S2	S1/Initiated Expression (IE_S1)	S1/Expression Repetition (ER_S1)	S1/tokens (%)	S2/Initiated Expression (IE_S2)	S2/Expression Repetition (ER_S2)	S2/tokens (%)	Voc. Overlap S1	Voc. Overlap S2	SR/S1/ELS	SR/S1/EV	SR/S1/ER	SR/S1/ENTR	SR/S1/L	SR/S1/LMAX	SR/S2/ELS	SR/S2/EV	SR/S2/ER	SR/S2/ENTR	SR/S2/L	SR/S2/LMAX
dialogue_txt	Human 1	Human 2	0.725	0.2147239263803681	0.5361842105263158	0.275	0.3971631205673759	0.46381578947368424	0.39	0.42857142857142855	22.0	0.12941176470588237	0.40588235294117647	1.194545119186222	1.4893617021276595	3.0	21.0	0.14093959731543623	0.436241610738255	1.2034720658185367	1.4186046511627908	4.0
