ID	S1	S2	S1/Initiated Expression (IE_S1)	S1/Expression Repetition (ER_S1)	S1/tokens (%)	S2/Initiated Expression (IE_S2)	S2/Expression Repetition (ER_S2)	S2/tokens (%)	Voc. Overlap S1	Voc. Overlap S2	SR/S1/ELS	SR/S1/EV	SR/S1/ER	SR/S1/ENTR	SR/S1/L	SR/S1/LMAX	SR/S2/ELS	SR/S2/EV	SR/S2/ER	SR/S2/ENTR	SR/S2/L	SR/S2/LMAX
dialogue_txt	Human 1	Human 2	0.8823529411764706	0.10989010989010989	0.4099099099099099	0.11764705882352941	0.5190839694656488	0.5900900900900901	0.5692307692307692	0.49333333333333335	12.0	0.12121212121212122	0.2828282828282828	-0.0	1.0	1.0	22.0	0.15827338129496402	0.48201438848920863	1.061278124459133	1.375	3.0
