ID	Num. utterances	Num. tokens	Expression Lexicon Size (ELS)	Expression Variety (EV)	Expression Repetition (ER)	Voc. Overlap	ENTR	L	LMAX
dialogue_txt	16.0	222.0	34.0	0.15315315315315314	0.35135135135135137	0.3592233009708738	1.1394642127364765	1.4642857142857142	5.0
