ID	Num. utterances	Num. tokens	Expression Lexicon Size (ELS)	Expression Variety (EV)	Expression Repetition (ER)	Voc. Overlap	ENTR	L	LMAX
dialogue_txt	14.0	212.0	27.0	0.12735849056603774	0.28773584905660377	0.28440366972477066	0.6900836911817917	1.1686746987951808	3.0
