ID	Num. utterances	Num. tokens	Expression Lexicon Size (ELS)	Expression Variety (EV)	Expression Repetition (ER)	Voc. Overlap	ENTR	L	LMAX
dialogue_txt	15.0	236.0	23.0	0.09745762711864407	0.3008474576271186	0.20967741935483872	0.5600443203590992	1.130952380952381	2.0
