ID	Num. utterances	Num. tokens	Expression Lexicon Size (ELS)	Expression Variety (EV)	Expression Repetition (ER)	Voc. Overlap	ENTR	L	LMAX
dialogue_txt	14.0	213.0	32.0	0.15023474178403756	0.3145539906103286	0.37254901960784315	1.1445516584897009	1.388235294117647	3.0
