ID	S1	S2	S1/Initiated Expression (IE_S1)	S1/Expression Repetition (ER_S1)	S1/tokens (%)	S2/Initiated Expression (IE_S2)	S2/Expression Repetition (ER_S2)	S2/tokens (%)	Voc. Overlap S1	Voc. Overlap S2	SR/S1/ELS	SR/S1/EV	SR/S1/ER	SR/S1/ENTR	SR/S1/L	SR/S1/LMAX	SR/S2/ELS	SR/S2/EV	SR/S2/ER	SR/S2/ENTR	SR/S2/L	SR/S2/LMAX
dialogue_txt	Human 1	Human 2	0.6944444444444444	0.21008403361344538	0.4817813765182186	0.3055555555555556	0.390625	0.5182186234817814	0.5066666666666667	0.4367816091954023	15.0	0.11811023622047244	0.3779527559055118	1.0537703474884237	1.3333333333333333	3.0	19.0	0.13970588235294118	0.40441176470588236	0.8194186622719397	1.2222222222222223	3.0
