ID	S1	S2	S1/Initiated Expression (IE_S1)	S1/Expression Repetition (ER_S1)	S1/tokens (%)	S2/Initiated Expression (IE_S2)	S2/Expression Repetition (ER_S2)	S2/tokens (%)	Voc. Overlap S1	Voc. Overlap S2	SR/S1/ELS	SR/S1/EV	SR/S1/ER	SR/S1/ENTR	SR/S1/L	SR/S1/LMAX	SR/S2/ELS	SR/S2/EV	SR/S2/ER	SR/S2/ENTR	SR/S2/L	SR/S2/LMAX
dialogue_txt	Human 1	Human 2	0.8392857142857143	0.15178571428571427	0.3957597173144876	0.16071428571428573	0.5964912280701754	0.6042402826855123	0.6883116883116883	0.5408163265306123	15.0	0.125	0.31666666666666665	0.43055186701043946	1.088235294117647	2.0	36.0	0.2011173184357542	0.547486033519553	0.9043814577244937	1.32	2.0
