ID	Num. utterances	Num. tokens	Expression Lexicon Size (ELS)	Expression Variety (EV)	Expression Repetition (ER)	Voc. Overlap	ENTR	L	LMAX
dialogue_txt	16.0	302.0	31.0	0.10264900662251655	0.22847682119205298	0.20261437908496732	0.6779617320254556	1.1717171717171717	3.0
