ID	S1	S2	S1/Initiated Expression (IE_S1)	S1/Expression Repetition (ER_S1)	S1/tokens (%)	S2/Initiated Expression (IE_S2)	S2/Expression Repetition (ER_S2)	S2/tokens (%)	Voc. Overlap S1	Voc. Overlap S2	SR/S1/ELS	SR/S1/EV	SR/S1/ER	SR/S1/ENTR	SR/S1/L	SR/S1/LMAX	SR/S2/ELS	SR/S2/EV	SR/S2/ER	SR/S2/ENTR	SR/S2/L	SR/S2/LMAX
dialogue_txt	Human 1	Human 2	0.47368421052631576	0.20833333333333334	0.3157894736842105	0.5263157894736842	0.24358974358974358	0.6842105263157895	0.40816326530612246	0.29411764705882354	8.0	0.10126582278481013	0.2911392405063291	0.7642045065086203	1.2222222222222223	2.0	23.0	0.1411042944785276	0.6932515337423313	2.0720188920893636	2.5652173913043477	16.0
