ID	Num. utterances	Num. tokens	Expression Lexicon Size (ELS)	Expression Variety (EV)	Expression Repetition (ER)	Voc. Overlap	ENTR	L	LMAX
dialogue_txt	14.0	228.0	19.0	0.08333333333333333	0.2324561403508772	0.20618556701030927	0.6718446804308709	1.164179104477612	3.0
