ID	Num. utterances	Num. tokens	Expression Lexicon Size (ELS)	Expression Variety (EV)	Expression Repetition (ER)	Voc. Overlap	ENTR	L	LMAX
dialogue_txt	15.0	238.0	35.0	0.14705882352941177	0.2773109243697479	0.319672131147541	0.988180837004676	1.3333333333333333	4.0
