ID	Num. utterances	Num. tokens	Expression Lexicon Size (ELS)	Expression Variety (EV)	Expression Repetition (ER)	Voc. Overlap	ENTR	L	LMAX
dialogue_txt	15.0	234.0	32.0	0.13675213675213677	0.3247863247863248	0.2830188679245283	0.7811279049989804	1.2159090909090908	4.0
