ID	S1	S2	S1/Initiated Expression (IE_S1)	S1/Expression Repetition (ER_S1)	S1/tokens (%)	S2/Initiated Expression (IE_S2)	S2/Expression Repetition (ER_S2)	S2/tokens (%)	Voc. Overlap S1	Voc. Overlap S2	SR/S1/ELS	SR/S1/EV	SR/S1/ER	SR/S1/ENTR	SR/S1/L	SR/S1/LMAX	SR/S2/ELS	SR/S2/EV	SR/S2/ER	SR/S2/ENTR	SR/S2/L	SR/S2/LMAX
dialogue_txt	Human 1	Human 2	0.65625	0.16964285714285715	0.3957597173144876	0.34375	0.34502923976608185	0.6042402826855123	0.4342105263157895	0.36666666666666664	11.0	0.09166666666666666	0.225	-0.0	1.0	1.0	32.0	0.1787709497206704	0.5642458100558659	1.1059468469898261	1.4428571428571428	7.0
