ID	Num. utterances	Num. tokens	Expression Lexicon Size (ELS)	Expression Variety (EV)	Expression Repetition (ER)	Voc. Overlap	ENTR	L	LMAX
dialogue_txt	17.0	338.0	48.0	0.14201183431952663	0.3668639053254438	0.2916666666666667	1.2020221671384232	1.4173228346456692	4.0
