ID	Num. utterances	Num. tokens	Expression Lexicon Size (ELS)	Expression Variety (EV)	Expression Repetition (ER)	Voc. Overlap	ENTR	L	LMAX
dialogue_txt	19.0	260.0	32.0	0.12307692307692308	0.21923076923076923	0.2782608695652174	1.222398485571902	1.4533333333333334	5.0
