ID	S1	S2	S1/Initiated Expression (IE_S1)	S1/Expression Repetition (ER_S1)	S1/tokens (%)	S2/Initiated Expression (IE_S2)	S2/Expression Repetition (ER_S2)	S2/tokens (%)	Voc. Overlap S1	Voc. Overlap S2	SR/S1/ELS	SR/S1/EV	SR/S1/ER	SR/S1/ENTR	SR/S1/L	SR/S1/LMAX	SR/S2/ELS	SR/S2/EV	SR/S2/ER	SR/S2/ENTR	SR/S2/L	SR/S2/LMAX
dialogue_txt	Human 1	Human 2	0.775	0.2109375	0.4507042253521127	0.225	0.5064102564102564	0.5492957746478874	0.5316455696202531	0.4666666666666667	18.0	0.13333333333333333	0.35555555555555557	0.6193821946787638	1.1538461538461537	2.0	22.0	0.13496932515337423	0.4539877300613497	1.176065103715944	1.4583333333333333	4.0
