ID	S1	S2	S1/Initiated Expression (IE_S1)	S1/Expression Repetition (ER_S1)	S1/tokens (%)	S2/Initiated Expression (IE_S2)	S2/Expression Repetition (ER_S2)	S2/tokens (%)	Voc. Overlap S1	Voc. Overlap S2	SR/S1/ELS	SR/S1/EV	SR/S1/ER	SR/S1/ENTR	SR/S1/L	SR/S1/LMAX	SR/S2/ELS	SR/S2/EV	SR/S2/ER	SR/S2/ENTR	SR/S2/L	SR/S2/LMAX
dialogue_txt	Human 1	Human 2	0.8636363636363636	0.06666666666666667	0.27607361963190186	0.13636363636363635	0.2457627118644068	0.7239263803680982	0.7428571428571429	0.3291139240506329	4.0	0.07547169811320754	0.16981132075471697	0.863120568566631	1.2857142857142858	2.0	17.0	0.1349206349206349	0.36507936507936506	0.960947658009521	1.2857142857142858	3.0
