ID	Num. utterances	Num. tokens	Expression Lexicon Size (ELS)	Expression Variety (EV)	Expression Repetition (ER)	Voc. Overlap	ENTR	L	LMAX
dialogue_txt	14.0	234.0	34.0	0.1452991452991453	0.32051282051282054	0.3577981651376147	0.8386162191495408	1.2653061224489797	3.0
