ID	Num. utterances	Num. tokens	Expression Lexicon Size (ELS)	Expression Variety (EV)	Expression Repetition (ER)	Voc. Overlap	ENTR	L	LMAX
dialogue_txt	16.0	270.0	25.0	0.09259259259259259	0.2740740740740741	0.23577235772357724	0.7014316610151775	1.2134831460674158	5.0
