ID	S1	S2	S1/Initiated Expression (IE_S1)	S1/Expression Repetition (ER_S1)	S1/tokens (%)	S2/Initiated Expression (IE_S2)	S2/Expression Repetition (ER_S2)	S2/tokens (%)	Voc. Overlap S1	Voc. Overlap S2	SR/S1/ELS	SR/S1/EV	SR/S1/ER	SR/S1/ENTR	SR/S1/L	SR/S1/LMAX	SR/S2/ELS	SR/S2/EV	SR/S2/ER	SR/S2/ENTR	SR/S2/L	SR/S2/LMAX
dialogue_txt	Human 1	Human 2	0.825	0.16	0.4752851711026616	0.175	0.42028985507246375	0.5247148288973384	0.4883720930232558	0.5060240963855421	19.0	0.14285714285714285	0.3533834586466165	0.4612160405139095	1.0975609756097562	2.0	21.0	0.14383561643835616	0.5068493150684932	1.3640054628542204	1.625	5.0
