ID	Num. utterances	Num. tokens	Expression Lexicon Size (ELS)	Expression Variety (EV)	Expression Repetition (ER)	Voc. Overlap	ENTR	L	LMAX
dialogue_txt	17.0	274.0	44.0	0.16058394160583941	0.3102189781021898	0.3448275862068966	1.0608899775259242	1.3577981651376148	4.0
