ID	Num. utterances	Num. tokens	Expression Lexicon Size (ELS)	Expression Variety (EV)	Expression Repetition (ER)	Voc. Overlap	ENTR	L	LMAX
dialogue_txt	18.0	199.0	24.0	0.12060301507537688	0.271356783919598	0.3090909090909091	0.8555698088471537	1.7450980392156863	16.0
