ID	S1	S2	S1/Initiated Expression (IE_S1)	S1/Expression Repetition (ER_S1)	S1/tokens (%)	S2/Initiated Expression (IE_S2)	S2/Expression Repetition (ER_S2)	S2/tokens (%)	Voc. Overlap S1	Voc. Overlap S2	SR/S1/ELS	SR/S1/EV	SR/S1/ER	SR/S1/ENTR	SR/S1/L	SR/S1/LMAX	SR/S2/ELS	SR/S2/EV	SR/S2/ER	SR/S2/ENTR	SR/S2/L	SR/S2/LMAX
dialogue_txt	Human 1	Human 2	0.7796610169491526	0.12751677852348994	0.5068027210884354	0.22033898305084745	0.6827586206896552	0.4931972789115646	0.5816326530612245	0.7215189873417721	14.0	0.08974358974358974	0.27564102564102566	0.7355085815538398	1.206896551724138	2.0	27.0	0.17763157894736842	0.6052631578947368	1.4976701301500737	1.6181818181818182	4.0
