ID	Num. utterances	Num. tokens	Expression Lexicon Size (ELS)	Expression Variety (EV)	Expression Repetition (ER)	Voc. Overlap	ENTR	L	LMAX
dialogue_txt	17.0	309.0	38.0	0.12297734627831715	0.32362459546925565	0.24666666666666667	0.8051144325599433	1.2363636363636363	3.0
