ID	Num. utterances	Num. tokens	Expression Lexicon Size (ELS)	Expression Variety (EV)	Expression Repetition (ER)	Voc. Overlap	ENTR	L	LMAX
dialogue_txt	16.0	231.0	38.0	0.1645021645021645	0.36363636363636365	0.37272727272727274	0.721008980521048	1.2211538461538463	5.0
