ID	S1	S2	S1/Initiated Expression (IE_S1)	S1/Expression Repetition (ER_S1)	S1/tokens (%)	S2/Initiated Expression (IE_S2)	S2/Expression Repetition (ER_S2)	S2/tokens (%)	Voc. Overlap S1	Voc. Overlap S2	SR/S1/ELS	SR/S1/EV	SR/S1/ER	SR/S1/ENTR	SR/S1/L	SR/S1/LMAX	SR/S2/ELS	SR/S2/EV	SR/S2/ER	SR/S2/ENTR	SR/S2/L	SR/S2/LMAX
dialogue_txt	Human 1	Human 2	0.6285714285714286	0.22289156626506024	0.5551839464882943	0.37142857142857144	0.3308270676691729	0.44481605351170567	0.3394495412844037	0.45121951219512196	19.0	0.10919540229885058	0.3160919540229885	0.760658476840993	1.2564102564102564	4.0	19.0	0.13380281690140844	0.4154929577464789	1.1546947117521666	1.4146341463414633	3.0
