ID	S1	S2	S1/Initiated Expression (IE_S1)	S1/Expression Repetition (ER_S1)	S1/tokens (%)	S2/Initiated Expression (IE_S2)	S2/Expression Repetition (ER_S2)	S2/tokens (%)	Voc. Overlap S1	Voc. Overlap S2	SR/S1/ELS	SR/S1/EV	SR/S1/ER	SR/S1/ENTR	SR/S1/L	SR/S1/LMAX	SR/S2/ELS	SR/S2/EV	SR/S2/ER	SR/S2/ENTR	SR/S2/L	SR/S2/LMAX
dialogue_txt	Human 1	Human 2	0.8666666666666667	0.10256410256410256	0.4020618556701031	0.13333333333333333	0.5603448275862069	0.5979381443298969	0.6140350877192983	0.5072463768115942	7.0	0.08333333333333333	0.2261904761904762	0.5435644431995964	1.125	2.0	20.0	0.16260162601626016	0.5609756097560976	1.314955940105487	1.864864864864865	10.0
