ID	Num. utterances	Num. tokens	Expression Lexicon Size (ELS)	Expression Variety (EV)	Expression Repetition (ER)	Voc. Overlap	ENTR	L	LMAX
dialogue_txt	17.0	226.0	26.0	0.11504424778761062	0.2743362831858407	0.22413793103448276	0.4612160405139095	1.0975609756097562	2.0
