ID	Num. utterances	Num. tokens	Expression Lexicon Size (ELS)	Expression Variety (EV)	Expression Repetition (ER)	Voc. Overlap	ENTR	L	LMAX
dialogue_txt	13.0	252.0	34.0	0.1349206349206349	0.2698412698412698	0.2826086956521739	0.8872458373558914	1.2530120481927711	3.0
