ID	S1	S2	S1/Initiated Expression (IE_S1)	S1/Expression Repetition (ER_S1)	S1/tokens (%)	S2/Initiated Expression (IE_S2)	S2/Expression Repetition (ER_S2)	S2/tokens (%)	Voc. Overlap S1	Voc. Overlap S2	SR/S1/ELS	SR/S1/EV	SR/S1/ER	SR/S1/ENTR	SR/S1/L	SR/S1/LMAX	SR/S2/ELS	SR/S2/EV	SR/S2/ER	SR/S2/ENTR	SR/S2/L	SR/S2/LMAX
dialogue_txt	Human 1	Human 2	0.6896551724137931	0.19767441860465115	0.48450704225352115	0.3103448275862069	0.453551912568306	0.5154929577464789	0.48717948717948717	0.5277777777777778	21.0	0.11602209944751381	0.30386740331491713	0.41381685030363374	1.0833333333333333	2.0	31.0	0.16062176165803108	0.48186528497409326	0.6840384356390417	1.1818181818181819	2.0
