ID	Num. utterances	Num. tokens	Expression Lexicon Size (ELS)	Expression Variety (EV)	Expression Repetition (ER)	Voc. Overlap	ENTR	L	LMAX
dialogue_txt	19.0	355.0	58.0	0.16338028169014085	0.3295774647887324	0.3392857142857143	0.816905666960574	1.218543046357616	3.0
