ID	Num. utterances	Num. tokens	Expression Lexicon Size (ELS)	Expression Variety (EV)	Expression Repetition (ER)	Voc. Overlap	ENTR	L	LMAX
dialogue_txt	14.0	275.0	37.0	0.13454545454545455	0.2909090909090909	0.302158273381295	0.6128684051475652	1.179245283018868	5.0
