ID	S1	S2	S1/Initiated Expression (IE_S1)	S1/Expression Repetition (ER_S1)	S1/tokens (%)	S2/Initiated Expression (IE_S2)	S2/Expression Repetition (ER_S2)	S2/tokens (%)	Voc. Overlap S1	Voc. Overlap S2	SR/S1/ELS	SR/S1/EV	SR/S1/ER	SR/S1/ENTR	SR/S1/L	SR/S1/LMAX	SR/S2/ELS	SR/S2/EV	SR/S2/ER	SR/S2/ENTR	SR/S2/L	SR/S2/LMAX
dialogue_txt	Human 1	Human 2	0.8214285714285714	0.125	0.49079754601226994	0.17857142857142858	0.4578313253012048	0.50920245398773	0.5254237288135594	0.5081967213114754	6.0	0.06896551724137931	0.1724137931034483	-0.0	1.0	1.0	8.0	0.08791208791208792	0.3076923076923077	0.9709505944546686	1.4	2.0
