ID	S1	S2	S1/Initiated Expression (IE_S1)	S1/Expression Repetition (ER_S1)	S1/tokens (%)	S2/Initiated Expression (IE_S2)	S2/Expression Repetition (ER_S2)	S2/tokens (%)	Voc. Overlap S1	Voc. Overlap S2	SR/S1/ELS	SR/S1/EV	SR/S1/ER	SR/S1/ENTR	SR/S1/L	SR/S1/LMAX	SR/S2/ELS	SR/S2/EV	SR/S2/ER	SR/S2/ENTR	SR/S2/L	SR/S2/LMAX
dialogue_txt	Human 1	Human 2	0.851063829787234	0.14457831325301204	0.5171339563862928	0.14893617021276595	0.5032258064516129	0.48286604361370716	0.44954128440366975	0.4803921568627451	19.0	0.10919540229885058	0.3160919540229885	0.760658476840993	1.2564102564102564	4.0	26.0	0.15853658536585366	0.45121951219512196	1.149660363146287	1.3846153846153846	4.0
