ID	S1	S2	S1/Initiated Expression (IE_S1)	S1/Expression Repetition (ER_S1)	S1/tokens (%)	S2/Initiated Expression (IE_S2)	S2/Expression Repetition (ER_S2)	S2/tokens (%)	Voc. Overlap S1	Voc. Overlap S2	SR/S1/ELS	SR/S1/EV	SR/S1/ER	SR/S1/ENTR	SR/S1/L	SR/S1/LMAX	SR/S2/ELS	SR/S2/EV	SR/S2/ER	SR/S2/ENTR	SR/S2/L	SR/S2/LMAX
dialogue_txt	Human 1	Human 2	0.7428571428571429	0.1794871794871795	0.40344827586206894	0.2571428571428571	0.2774566473988439	0.596551724137931	0.5072463768115942	0.32407407407407407	19.0	0.15079365079365079	0.4126984126984127	1.242370874393215	1.457142857142857	3.0	28.0	0.15384615384615385	0.4230769230769231	0.9424051332779779	1.3103448275862069	3.0
