ID	Num. utterances	Num. tokens	Expression Lexicon Size (ELS)	Expression Variety (EV)	Expression Repetition (ER)	Voc. Overlap	ENTR	L	LMAX
dialogue_txt	16.0	215.0	35.0	0.16279069767441862	0.3302325581395349	0.3211009174311927	0.952571594372352	1.2921348314606742	3.0
