ID	S1	S2	S1/Initiated Expression (IE_S1)	S1/Expression Repetition (ER_S1)	S1/tokens (%)	S2/Initiated Expression (IE_S2)	S2/Expression Repetition (ER_S2)	S2/tokens (%)	Voc. Overlap S1	Voc. Overlap S2	SR/S1/ELS	SR/S1/EV	SR/S1/ER	SR/S1/ENTR	SR/S1/L	SR/S1/LMAX	SR/S2/ELS	SR/S2/EV	SR/S2/ER	SR/S2/ENTR	SR/S2/L	SR/S2/LMAX
dialogue_txt	Human 1	Human 2	0.7	0.1896551724137931	0.48945147679324896	0.3	0.4462809917355372	0.510548523206751	0.475	0.5588235294117647	11.0	0.088	0.24	-0.0	1.0	1.0	20.0	0.15267175572519084	0.4351145038167939	0.8872409357400916	1.25	3.0
