ID	Num. utterances	Num. tokens	Expression Lexicon Size (ELS)	Expression Variety (EV)	Expression Repetition (ER)	Voc. Overlap	ENTR	L	LMAX
dialogue_txt	19.0	237.0	40.0	0.16877637130801687	0.3206751054852321	0.34545454545454546	0.8206967298578647	1.2222222222222223	3.0
