ID	Num. utterances	Num. tokens	Expression Lexicon Size (ELS)	Expression Variety (EV)	Expression Repetition (ER)	Voc. Overlap	ENTR	L	LMAX
dialogue_txt	19.0	217.0	37.0	0.17050691244239632	0.391705069124424	0.4235294117647059	1.201039692591313	1.4123711340206186	5.0
