ID	Num. utterances	Num. tokens	Expression Lexicon Size (ELS)	Expression Variety (EV)	Expression Repetition (ER)	Voc. Overlap	ENTR	L	LMAX
dialogue_txt	13.0	158.0	24.0	0.1518987341772152	0.3227848101265823	0.27586206896551724	0.43055186701043946	1.088235294117647	2.0
