ID	S1	S2	S1/Initiated Expression (IE_S1)	S1/Expression Repetition (ER_S1)	S1/tokens (%)	S2/Initiated Expression (IE_S2)	S2/Expression Repetition (ER_S2)	S2/tokens (%)	Voc. Overlap S1	Voc. Overlap S2	SR/S1/ELS	SR/S1/EV	SR/S1/ER	SR/S1/ENTR	SR/S1/L	SR/S1/LMAX	SR/S2/ELS	SR/S2/EV	SR/S2/ER	SR/S2/ENTR	SR/S2/L	SR/S2/LMAX
dialogue_txt	Human 1	Human 2	0.9	0.12244897959183673	0.5384615384615384	0.1	0.6190476190476191	0.46153846153846156	0.5522388059701493	0.6607142857142857	12.0	0.11214953271028037	0.2616822429906542	0.4021791902022728	1.08	2.0	11.0	0.11827956989247312	0.3225806451612903	0.37123232664087563	1.0714285714285714	2.0
