ID	Num. utterances	Num. tokens	Expression Lexicon Size (ELS)	Expression Variety (EV)	Expression Repetition (ER)	Voc. Overlap	ENTR	L	LMAX
dialogue_txt	18.0	182.0	30.0	0.16483516483516483	0.3516483516483517	0.43023255813953487	1.1083811599964866	1.3888888888888888	5.0
