ID	Num. utterances	Num. tokens	Expression Lexicon Size (ELS)	Expression Variety (EV)	Expression Repetition (ER)	Voc. Overlap	ENTR	L	LMAX
dialogue_txt	15.0	185.0	29.0	0.15675675675675677	0.23243243243243245	0.29896907216494845	0.9586474853745401	1.3278688524590163	5.0
