ID	S1	S2	S1/Initiated Expression (IE_S1)	S1/Expression Repetition (ER_S1)	S1/tokens (%)	S2/Initiated Expression (IE_S2)	S2/Expression Repetition (ER_S2)	S2/tokens (%)	Voc. Overlap S1	Voc. Overlap S2	SR/S1/ELS	SR/S1/EV	SR/S1/ER	SR/S1/ENTR	SR/S1/L	SR/S1/LMAX	SR/S2/ELS	SR/S2/EV	SR/S2/ER	SR/S2/ENTR	SR/S2/L	SR/S2/LMAX
dialogue_txt	Human 1	Human 2	0.6896551724137931	0.12408759124087591	0.4807017543859649	0.3103448275862069	0.2905405405405405	0.519298245614035	0.34408602150537637	0.37209302325581395	11.0	0.07534246575342465	0.21232876712328766	0.4262286569981449	1.173913043478261	3.0	24.0	0.15286624203821655	0.49044585987261147	1.3440880956812118	1.5510204081632653	3.0
