ID	S1	S2	S1/Initiated Expression (IE_S1)	S1/Expression Repetition (ER_S1)	S1/tokens (%)	S2/Initiated Expression (IE_S2)	S2/Expression Repetition (ER_S2)	S2/tokens (%)	Voc. Overlap S1	Voc. Overlap S2	SR/S1/ELS	SR/S1/EV	SR/S1/ER	SR/S1/ENTR	SR/S1/L	SR/S1/LMAX	SR/S2/ELS	SR/S2/EV	SR/S2/ER	SR/S2/ENTR	SR/S2/L	SR/S2/LMAX
dialogue_txt	Human 1	Human 2	0.7083333333333334	0.22950819672131148	0.2663755458515284	0.2916666666666667	0.26785714285714285	0.7336244541484717	0.5957446808510638	0.2916666666666667	8.0	0.11594202898550725	0.2463768115942029	-0.0	1.0	1.0	33.0	0.1875	0.5227272727272727	1.4021407636957937	1.546875	4.0
