ID	Num. utterances	Num. tokens	Expression Lexicon Size (ELS)	Expression Variety (EV)	Expression Repetition (ER)	Voc. Overlap	ENTR	L	LMAX
dialogue_txt	16.0	229.0	24.0	0.10480349344978165	0.2576419213973799	0.24347826086956523	0.5818886780345598	1.135135135135135	3.0
