ID	S1	S2	S1/Initiated Expression (IE_S1)	S1/Expression Repetition (ER_S1)	S1/tokens (%)	S2/Initiated Expression (IE_S2)	S2/Expression Repetition (ER_S2)	S2/tokens (%)	Voc. Overlap S1	Voc. Overlap S2	SR/S1/ELS	SR/S1/EV	SR/S1/ER	SR/S1/ENTR	SR/S1/L	SR/S1/LMAX	SR/S2/ELS	SR/S2/EV	SR/S2/ER	SR/S2/ENTR	SR/S2/L	SR/S2/LMAX
dialogue_txt	Human 1	Human 2	0.8461538461538461	0.11475409836065574	0.41496598639455784	0.15384615384615385	0.5930232558139535	0.5850340136054422	0.6458333333333334	0.6078431372549019	7.0	0.1044776119402985	0.23880597014925373	0.5916727785823274	1.1428571428571428	2.0	19.0	0.20430107526881722	0.5376344086021505	1.0813247795573497	1.3513513513513513	3.0
