ID	S1	S2	S1/Initiated Expression (IE_S1)	S1/Expression Repetition (ER_S1)	S1/tokens (%)	S2/Initiated Expression (IE_S2)	S2/Expression Repetition (ER_S2)	S2/tokens (%)	Voc. Overlap S1	Voc. Overlap S2	SR/S1/ELS	SR/S1/EV	SR/S1/ER	SR/S1/ENTR	SR/S1/L	SR/S1/LMAX	SR/S2/ELS	SR/S2/EV	SR/S2/ER	SR/S2/ENTR	SR/S2/L	SR/S2/LMAX
dialogue_txt	Human 1	Human 2	0.7317073170731707	0.1889763779527559	0.4980392156862745	0.2682926829268293	0.4375	0.5019607843137255	0.5	0.5616438356164384	17.0	0.1259259259259259	0.34074074074074073	0.6394571324851641	1.162162162162162	2.0	21.0	0.15441176470588236	0.5294117647058824	1.1837996659316519	1.697674418604651	8.0
