ID	Num. utterances	Num. tokens	Expression Lexicon Size (ELS)	Expression Variety (EV)	Expression Repetition (ER)	Voc. Overlap	ENTR	L	LMAX
dialogue_txt	18.0	234.0	25.0	0.10683760683760683	0.2905982905982906	0.23893805309734514	0.5516699920020824	1.127906976744186	2.0
