ID	Num. utterances	Num. tokens	Expression Lexicon Size (ELS)	Expression Variety (EV)	Expression Repetition (ER)	Voc. Overlap	ENTR	L	LMAX
dialogue_txt	14.0	288.0	50.0	0.1736111111111111	0.3854166666666667	0.40310077519379844	0.7566216443280687	1.198581560283688	3.0
