ID	Num. utterances	Num. tokens	Expression Lexicon Size (ELS)	Expression Variety (EV)	Expression Repetition (ER)	Voc. Overlap	ENTR	L	LMAX
dialogue_txt	15.0	262.0	45.0	0.1717557251908397	0.3549618320610687	0.36885245901639346	0.9631256385148668	1.3043478260869565	5.0
