ID	S1	S2	S1/Initiated Expression (IE_S1)	S1/Expression Repetition (ER_S1)	S1/tokens (%)	S2/Initiated Expression (IE_S2)	S2/Expression Repetition (ER_S2)	S2/tokens (%)	Voc. Overlap S1	Voc. Overlap S2	SR/S1/ELS	SR/S1/EV	SR/S1/ER	SR/S1/ENTR	SR/S1/L	SR/S1/LMAX	SR/S2/ELS	SR/S2/EV	SR/S2/ER	SR/S2/ENTR	SR/S2/L	SR/S2/LMAX
dialogue_txt	Human 1	Human 2	0.7096774193548387	0.16666666666666666	0.26200873362445415	0.2903225806451613	0.33727810650887574	0.7379912663755459	0.717391304347826	0.3707865168539326	5.0	0.07246376811594203	0.17391304347826086	0.7219280948873623	1.2	2.0	27.0	0.15168539325842698	0.5393258426966292	1.3659145830209785	1.7321428571428572	9.0
