ID	Num. utterances	Num. tokens	Expression Lexicon Size (ELS)	Expression Variety (EV)	Expression Repetition (ER)	Voc. Overlap	ENTR	L	LMAX
dialogue_txt	16.0	265.0	21.0	0.07924528301886792	0.2037735849056604	0.24489795918367346	0.5763153469625784	1.1333333333333333	3.0
