ID	Num. utterances	Num. tokens	Expression Lexicon Size (ELS)	Expression Variety (EV)	Expression Repetition (ER)	Voc. Overlap	ENTR	L	LMAX
dialogue_txt	18.0	227.0	35.0	0.15418502202643172	0.3436123348017621	0.3229166666666667	0.9130764225718486	1.2921348314606742	5.0
