ID	Num. utterances	Num. tokens	Expression Lexicon Size (ELS)	Expression Variety (EV)	Expression Repetition (ER)	Voc. Overlap	ENTR	L	LMAX
dialogue_txt	16.0	288.0	44.0	0.1527777777777778	0.3229166666666667	0.2898550724637681	0.7639469787156805	1.1983471074380165	3.0
