ID	Num. utterances	Num. tokens	Expression Lexicon Size (ELS)	Expression Variety (EV)	Expression Repetition (ER)	Voc. Overlap	ENTR	L	LMAX
dialogue_txt	18.0	284.0	47.0	0.16549295774647887	0.3626760563380282	0.3898305084745763	0.7351119887276114	1.221311475409836	5.0
