ID	S1	S2	S1/Initiated Expression (IE_S1)	S1/Expression Repetition (ER_S1)	S1/tokens (%)	S2/Initiated Expression (IE_S2)	S2/Expression Repetition (ER_S2)	S2/tokens (%)	Voc. Overlap S1	Voc. Overlap S2	SR/S1/ELS	SR/S1/EV	SR/S1/ER	SR/S1/ENTR	SR/S1/L	SR/S1/LMAX	SR/S2/ELS	SR/S2/EV	SR/S2/ER	SR/S2/ENTR	SR/S2/L	SR/S2/LMAX
dialogue_txt	Human 1	Human 2	0.851063829787234	0.18085106382978725	0.6619718309859155	0.14893617021276595	0.71875	0.3380281690140845	0.4423076923076923	0.7666666666666667	22.0	0.1116751269035533	0.40609137055837563	0.9106559588025549	1.26	3.0	14.0	0.13333333333333333	0.42857142857142855	0.9780155566622415	1.2941176470588236	3.0
