ID	S1	S2	S1/Initiated Expression (IE_S1)	S1/Expression Repetition (ER_S1)	S1/tokens (%)	S2/Initiated Expression (IE_S2)	S2/Expression Repetition (ER_S2)	S2/tokens (%)	Voc. Overlap S1	Voc. Overlap S2	SR/S1/ELS	SR/S1/EV	SR/S1/ER	SR/S1/ENTR	SR/S1/L	SR/S1/LMAX	SR/S2/ELS	SR/S2/EV	SR/S2/ER	SR/S2/ENTR	SR/S2/L	SR/S2/LMAX
dialogue_txt	Human 1	Human 2	0.6666666666666666	0.25862068965517243	0.46774193548387094	0.3333333333333333	0.3939393939393939	0.532258064516129	0.49382716049382713	0.5405405405405406	14.0	0.11475409836065574	0.26229508196721313	0.6051865766334206	1.1481481481481481	2.0	23.0	0.16546762589928057	0.5251798561151079	1.1063137138648347	1.44	5.0
