ID	Num. utterances	Num. tokens	Expression Lexicon Size (ELS)	Expression Variety (EV)	Expression Repetition (ER)	Voc. Overlap	ENTR	L	LMAX
dialogue_txt	13.0	248.0	39.0	0.15725806451612903	0.33064516129032256	0.34782608695652173	0.6774113411018926	1.1636363636363636	3.0
