ID	Num. utterances	Num. tokens	Expression Lexicon Size (ELS)	Expression Variety (EV)	Expression Repetition (ER)	Voc. Overlap	ENTR	L	LMAX
dialogue_txt	14.0	258.0	32.0	0.12403100775193798	0.29069767441860467	0.22627737226277372	0.6032154068313577	1.1473684210526316	2.0
