ID	S1	S2	S1/Initiated Expression (IE_S1)	S1/Expression Repetition (ER_S1)	S1/tokens (%)	S2/Initiated Expression (IE_S2)	S2/Expression Repetition (ER_S2)	S2/tokens (%)	Voc. Overlap S1	Voc. Overlap S2	SR/S1/ELS	SR/S1/EV	SR/S1/ER	SR/S1/ENTR	SR/S1/L	SR/S1/LMAX	SR/S2/ELS	SR/S2/EV	SR/S2/ER	SR/S2/ENTR	SR/S2/L	SR/S2/LMAX
dialogue_txt	Human 1	Human 2	0.7142857142857143	0.044444444444444446	0.24456521739130435	0.2857142857142857	0.07913669064748201	0.7554347826086957	0.2857142857142857	0.13333333333333333	4.0	0.07547169811320754	0.16981132075471697	0.863120568566631	1.2857142857142858	2.0	23.0	0.1564625850340136	0.5578231292517006	1.6866965513674232	2.1842105263157894	10.0
