ID	S1	S2	S1/Initiated Expression (IE_S1)	S1/Expression Repetition (ER_S1)	S1/tokens (%)	S2/Initiated Expression (IE_S2)	S2/Expression Repetition (ER_S2)	S2/tokens (%)	Voc. Overlap S1	Voc. Overlap S2	SR/S1/ELS	SR/S1/EV	SR/S1/ER	SR/S1/ENTR	SR/S1/L	SR/S1/LMAX	SR/S2/ELS	SR/S2/EV	SR/S2/ER	SR/S2/ENTR	SR/S2/L	SR/S2/LMAX
dialogue_txt	Human 1	Human 2	0.4	0.23728813559322035	0.44866920152091255	0.6	0.21379310344827587	0.5513307984790875	0.33766233766233766	0.32098765432098764	13.0	0.104	0.264	0.6051865766334206	1.1481481481481481	2.0	23.0	0.1503267973856209	0.5228758169934641	1.4691558053919076	1.7234042553191489	7.0
