ID	Num. utterances	Num. tokens	Expression Lexicon Size (ELS)	Expression Variety (EV)	Expression Repetition (ER)	Voc. Overlap	ENTR	L	LMAX
dialogue_txt	18.0	251.0	29.0	0.11553784860557768	0.2908366533864542	0.2882882882882883	0.8396309956453528	1.2528735632183907	4.0
