ID	Num. utterances	Num. tokens	Expression Lexicon Size (ELS)	Expression Variety (EV)	Expression Repetition (ER)	Voc. Overlap	ENTR	L	LMAX
dialogue_txt	16.0	271.0	30.0	0.11070110701107011	0.24723247232472326	0.20394736842105263	0.5357150195407703	1.1222222222222222	2.0
