ID	Num. utterances	Num. tokens	Expression Lexicon Size (ELS)	Expression Variety (EV)	Expression Repetition (ER)	Voc. Overlap	ENTR	L	LMAX
dialogue_txt	15.0	249.0	28.0	0.11244979919678715	0.23293172690763053	0.22580645161290322	0.9258804885045773	1.2727272727272727	3.0
