ID	Num. utterances	Num. tokens	Expression Lexicon Size (ELS)	Expression Variety (EV)	Expression Repetition (ER)	Voc. Overlap	ENTR	L	LMAX
dialogue_txt	15.0	238.0	35.0	0.14705882352941177	0.29831932773109243	0.3416666666666667	1.1897400067454271	1.5256410256410255	9.0
