ID	Num. utterances	Num. tokens	Expression Lexicon Size (ELS)	Expression Variety (EV)	Expression Repetition (ER)	Voc. Overlap	ENTR	L	LMAX
dialogue_txt	18.0	212.0	38.0	0.1792452830188679	0.3018867924528302	0.36633663366336633	0.8626650216510483	1.2391304347826086	3.0
