ID	S1	S2	S1/Initiated Expression (IE_S1)	S1/Expression Repetition (ER_S1)	S1/tokens (%)	S2/Initiated Expression (IE_S2)	S2/Expression Repetition (ER_S2)	S2/tokens (%)	Voc. Overlap S1	Voc. Overlap S2	SR/S1/ELS	SR/S1/EV	SR/S1/ER	SR/S1/ENTR	SR/S1/L	SR/S1/LMAX	SR/S2/ELS	SR/S2/EV	SR/S2/ER	SR/S2/ENTR	SR/S2/L	SR/S2/LMAX
dialogue_txt	Human 1	Human 2	0.6590909090909091	0.23622047244094488	0.4568345323741007	0.3409090909090909	0.40397350993377484	0.5431654676258992	0.5609756097560976	0.5111111111111111	17.0	0.1259259259259259	0.34074074074074073	0.6394571324851641	1.162162162162162	2.0	25.0	0.15723270440251572	0.4779874213836478	0.9380721258191509	1.3220338983050848	5.0
