ID	Num. utterances	Num. tokens	Expression Lexicon Size (ELS)	Expression Variety (EV)	Expression Repetition (ER)	Voc. Overlap	ENTR	L	LMAX
dialogue_txt	15.0	267.0	36.0	0.1348314606741573	0.2883895131086142	0.3076923076923077	0.546717536611747	1.1261261261261262	2.0
