ID	S1	S2	S1/Initiated Expression (IE_S1)	S1/Expression Repetition (ER_S1)	S1/tokens (%)	S2/Initiated Expression (IE_S2)	S2/Expression Repetition (ER_S2)	S2/tokens (%)	Voc. Overlap S1	Voc. Overlap S2	SR/S1/ELS	SR/S1/EV	SR/S1/ER	SR/S1/ENTR	SR/S1/L	SR/S1/LMAX	SR/S2/ELS	SR/S2/EV	SR/S2/ER	SR/S2/ENTR	SR/S2/L	SR/S2/LMAX
dialogue_txt	Human 1	Human 2	0.6585365853658537	0.20134228187919462	0.4983277591973244	0.34146341463414637	0.46	0.5016722408026756	0.42857142857142855	0.5316455696202531	14.0	0.08974358974358974	0.27564102564102566	0.7355085815538398	1.206896551724138	2.0	30.0	0.1910828025477707	0.5923566878980892	1.1126395916423628	1.5423728813559323	8.0
