ID	S1	S2	S1/Initiated Expression (IE_S1)	S1/Expression Repetition (ER_S1)	S1/tokens (%)	S2/Initiated Expression (IE_S2)	S2/Expression Repetition (ER_S2)	S2/tokens (%)	Voc. Overlap S1	Voc. Overlap S2	SR/S1/ELS	SR/S1/EV	SR/S1/ER	SR/S1/ENTR	SR/S1/L	SR/S1/LMAX	SR/S2/ELS	SR/S2/EV	SR/S2/ER	SR/S2/ENTR	SR/S2/L	SR/S2/LMAX
dialogue_txt	Human 1	Human 2	0.8571428571428571	0.18497109826589594	0.5492063492063493	0.14285714285714285	0.5211267605633803	0.4507936507936508	0.4375	0.56	26.0	0.143646408839779	0.4419889502762431	0.849092165846601	1.2321428571428572	3.0	25.0	0.16666666666666666	0.6133333333333333	1.8239065341007392	1.9787234042553192	6.0
