ID	S1	S2	S1/Initiated Expression (IE_S1)	S1/Expression Repetition (ER_S1)	S1/tokens (%)	S2/Initiated Expression (IE_S2)	S2/Expression Repetition (ER_S2)	S2/tokens (%)	Voc. Overlap S1	Voc. Overlap S2	SR/S1/ELS	SR/S1/EV	SR/S1/ER	SR/S1/ENTR	SR/S1/L	SR/S1/LMAX	SR/S2/ELS	SR/S2/EV	SR/S2/ER	SR/S2/ENTR	SR/S2/L	SR/S2/LMAX
dialogue_txt	Human 1	Human 2	0.71875	0.1864406779661017	0.4627450980392157	0.28125	0.40875912408759124	0.5372549019607843	0.4675324675324675	0.47368421052631576	13.0	0.104	0.264	0.6051865766334206	1.1481481481481481	2.0	24.0	0.16551724137931034	0.5379310344827586	1.606124541270006	1.7173913043478262	4.0
