ID	Num. utterances	Num. tokens	Expression Lexicon Size (ELS)	Expression Variety (EV)	Expression Repetition (ER)	Voc. Overlap	ENTR	L	LMAX
dialogue_txt	14.0	276.0	33.0	0.11956521739130435	0.2536231884057971	0.2975206611570248	0.9130764225718486	1.4269662921348314	11.0
