ID	Num. utterances	Num. tokens	Expression Lexicon Size (ELS)	Expression Variety (EV)	Expression Repetition (ER)	Voc. Overlap	ENTR	L	LMAX
dialogue_txt	18.0	308.0	27.0	0.08766233766233766	0.237012987012987	0.2112676056338028	0.637387499222191	1.1612903225806452	2.0
