ID	S1	S2	S1/Initiated Expression (IE_S1)	S1/Expression Repetition (ER_S1)	S1/tokens (%)	S2/Initiated Expression (IE_S2)	S2/Expression Repetition (ER_S2)	S2/tokens (%)	Voc. Overlap S1	Voc. Overlap S2	SR/S1/ELS	SR/S1/EV	SR/S1/ER	SR/S1/ENTR	SR/S1/L	SR/S1/LMAX	SR/S2/ELS	SR/S2/EV	SR/S2/ER	SR/S2/ENTR	SR/S2/L	SR/S2/LMAX
dialogue_txt	Human 1	Human 2	0.7037037037037037	0.18803418803418803	0.37987012987012986	0.2962962962962963	0.2670157068062827	0.6201298701298701	0.43478260869565216	0.2912621359223301	19.0	0.15079365079365079	0.4126984126984127	1.242370874393215	1.457142857142857	3.0	31.0	0.155	0.555	1.5247778536288106	1.6818181818181819	6.0
