ID	Num. utterances	Num. tokens	Expression Lexicon Size (ELS)	Expression Variety (EV)	Expression Repetition (ER)	Voc. Overlap	ENTR	L	LMAX
dialogue_txt	16.0	328.0	53.0	0.16158536585365854	0.35060975609756095	0.3851851851851852	1.102938718667765	1.3484848484848484	4.0
