ID	S1	S2	S1/Initiated Expression (IE_S1)	S1/Expression Repetition (ER_S1)	S1/tokens (%)	S2/Initiated Expression (IE_S2)	S2/Expression Repetition (ER_S2)	S2/tokens (%)	Voc. Overlap S1	Voc. Overlap S2	SR/S1/ELS	SR/S1/EV	SR/S1/ER	SR/S1/ENTR	SR/S1/L	SR/S1/LMAX	SR/S2/ELS	SR/S2/EV	SR/S2/ER	SR/S2/ENTR	SR/S2/L	SR/S2/LMAX
dialogue_txt	Human 1	Human 2	0.5757575757575758	0.2947976878612717	0.49855907780979825	0.42424242424242425	0.3045977011494253	0.5014409221902018	0.3333333333333333	0.3047619047619048	26.0	0.143646408839779	0.4419889502762431	0.849092165846601	1.2321428571428572	3.0	24.0	0.13186813186813187	0.45604395604395603	1.0306305235135134	1.3220338983050848	3.0
