ID	Num. utterances	Num. tokens	Expression Lexicon Size (ELS)	Expression Variety (EV)	Expression Repetition (ER)	Voc. Overlap	ENTR	L	LMAX
dialogue_txt	16.0	245.0	44.0	0.17959183673469387	0.363265306122449	0.4017857142857143	0.90681273802702	1.3177570093457944	4.0
