ID	Num. utterances	Num. tokens	Expression Lexicon Size (ELS)	Expression Variety (EV)	Expression Repetition (ER)	Voc. Overlap	ENTR	L	LMAX
dialogue_txt	14.0	287.0	42.0	0.14634146341463414	0.313588850174216	0.30985915492957744	0.7644731886890533	1.2327586206896552	5.0
