ID	Num. utterances	Num. tokens	Expression Lexicon Size (ELS)	Expression Variety (EV)	Expression Repetition (ER)	Voc. Overlap	ENTR	L	LMAX
dialogue_txt	16.0	257.0	37.0	0.14396887159533073	0.3463035019455253	0.33620689655172414	0.7252897139133397	1.1818181818181819	3.0
