ID	S1	S2	S1/Initiated Expression (IE_S1)	S1/Expression Repetition (ER_S1)	S1/tokens (%)	S2/Initiated Expression (IE_S2)	S2/Expression Repetition (ER_S2)	S2/tokens (%)	Voc. Overlap S1	Voc. Overlap S2	SR/S1/ELS	SR/S1/EV	SR/S1/ER	SR/S1/ENTR	SR/S1/L	SR/S1/LMAX	SR/S2/ELS	SR/S2/EV	SR/S2/ER	SR/S2/ENTR	SR/S2/L	SR/S2/LMAX
dialogue_txt	Human 1	Human 2	0.6590909090909091	0.15873015873015872	0.5558823529411765	0.3409090909090909	0.4105960264900662	0.4441176470588235	0.32710280373831774	0.47297297297297297	28.0	0.14213197969543148	0.4517766497461929	1.0540157730728	1.35	3.0	28.0	0.175	0.625	1.77864297535499	1.9454545454545455	5.0
