ID	Num. utterances	Num. tokens	Expression Lexicon Size (ELS)	Expression Variety (EV)	Expression Repetition (ER)	Voc. Overlap	ENTR	L	LMAX
dialogue_txt	15.0	176.0	19.0	0.10795454545454546	0.23295454545454544	0.27380952380952384	0.7244709806926934	1.1833333333333333	3.0
