ID	Num. utterances	Num. tokens	Expression Lexicon Size (ELS)	Expression Variety (EV)	Expression Repetition (ER)	Voc. Overlap	ENTR	L	LMAX
dialogue_txt	18.0	243.0	28.0	0.11522633744855967	0.25925925925925924	0.2727272727272727	1.0643475618907083	1.3466666666666667	4.0
