ID	Num. utterances	Num. tokens	Expression Lexicon Size (ELS)	Expression Variety (EV)	Expression Repetition (ER)	Voc. Overlap	ENTR	L	LMAX
dialogue_txt	16.0	255.0	26.0	0.10196078431372549	0.23921568627450981	0.21374045801526717	0.7255762965946004	1.1818181818181819	3.0
