ID	Num. utterances	Num. tokens	Expression Lexicon Size (ELS)	Expression Variety (EV)	Expression Repetition (ER)	Voc. Overlap	ENTR	L	LMAX
dialogue_txt	18.0	255.0	22.0	0.08627450980392157	0.22745098039215686	0.23809523809523808	0.45748716845253	1.1012658227848102	3.0
