ID	Num. utterances	Num. tokens	Expression Lexicon Size (ELS)	Expression Variety (EV)	Expression Repetition (ER)	Voc. Overlap	ENTR	L	LMAX
dialogue_txt	19.0	444.0	63.0	0.14189189189189189	0.4009009009009009	0.3516483516483517	0.6366780328821868	1.161137440758294	3.0
