ID	S1	S2	S1/Initiated Expression (IE_S1)	S1/Expression Repetition (ER_S1)	S1/tokens (%)	S2/Initiated Expression (IE_S2)	S2/Expression Repetition (ER_S2)	S2/tokens (%)	Voc. Overlap S1	Voc. Overlap S2	SR/S1/ELS	SR/S1/EV	SR/S1/ER	SR/S1/ENTR	SR/S1/L	SR/S1/LMAX	SR/S2/ELS	SR/S2/EV	SR/S2/ER	SR/S2/ENTR	SR/S2/L	SR/S2/LMAX
dialogue_txt	Human 1	Human 2	0.5294117647058824	0.15254237288135594	0.2935323383084577	0.47058823529411764	0.14084507042253522	0.7064676616915423	0.46511627906976744	0.2222222222222222	8.0	0.11940298507462686	0.31343283582089554	-0.0	1.0	1.0	17.0	0.11333333333333333	0.38	0.9637459942073318	1.2857142857142858	3.0
