ID	Num. utterances	Num. tokens	Expression Lexicon Size (ELS)	Expression Variety (EV)	Expression Repetition (ER)	Voc. Overlap	ENTR	L	LMAX
dialogue_txt	16.0	201.0	17.0	0.0845771144278607	0.14427860696517414	0.17699115044247787	0.6152538910563408	1.1521739130434783	2.0
