ID	S1	S2	S1/Initiated Expression (IE_S1)	S1/Expression Repetition (ER_S1)	S1/tokens (%)	S2/Initiated Expression (IE_S2)	S2/Expression Repetition (ER_S2)	S2/tokens (%)	Voc. Overlap S1	Voc. Overlap S2	SR/S1/ELS	SR/S1/EV	SR/S1/ER	SR/S1/ENTR	SR/S1/L	SR/S1/LMAX	SR/S2/ELS	SR/S2/EV	SR/S2/ER	SR/S2/ENTR	SR/S2/L	SR/S2/LMAX
dialogue_txt	Human 1	Human 2	0.7391304347826086	0.16666666666666666	0.3317972350230415	0.2608695652173913	0.25517241379310346	0.6682027649769585	0.46938775510204084	0.3108108108108108	6.0	0.0759493670886076	0.3037974683544304	1.1488348542809166	1.5714285714285714	4.0	25.0	0.16339869281045752	0.5882352941176471	1.3017183951193538	1.7142857142857142	8.0
