ID	S1	S2	S1/Initiated Expression (IE_S1)	S1/Expression Repetition (ER_S1)	S1/tokens (%)	S2/Initiated Expression (IE_S2)	S2/Expression Repetition (ER_S2)	S2/tokens (%)	Voc. Overlap S1	Voc. Overlap S2	SR/S1/ELS	SR/S1/EV	SR/S1/ER	SR/S1/ENTR	SR/S1/L	SR/S1/LMAX	SR/S2/ELS	SR/S2/EV	SR/S2/ER	SR/S2/ENTR	SR/S2/L	SR/S2/LMAX
dialogue_txt	Human 1	Human 2	0.7027027027027027	0.19827586206896552	0.39862542955326463	0.2972972972972973	0.34285714285714286	0.6013745704467354	0.4625	0.3894736842105263	11.0	0.088	0.24	-0.0	1.0	1.0	31.0	0.16756756756756758	0.5351351351351351	1.4961903050924625	1.640625	4.0
