ID	Num. utterances	Num. tokens	Expression Lexicon Size (ELS)	Expression Variety (EV)	Expression Repetition (ER)	Voc. Overlap	ENTR	L	LMAX
dialogue_txt	13.0	152.0	30.0	0.19736842105263158	0.4342105263157895	0.47058823529411764	1.6529245877112009	1.9433962264150944	8.0
