ID	S1	S2	S1/Initiated Expression (IE_S1)	S1/Expression Repetition (ER_S1)	S1/tokens (%)	S2/Initiated Expression (IE_S2)	S2/Expression Repetition (ER_S2)	S2/tokens (%)	Voc. Overlap S1	Voc. Overlap S2	SR/S1/ELS	SR/S1/EV	SR/S1/ER	SR/S1/ENTR	SR/S1/L	SR/S1/LMAX	SR/S2/ELS	SR/S2/EV	SR/S2/ER	SR/S2/ENTR	SR/S2/L	SR/S2/LMAX
dialogue_txt	Human 1	Human 2	0.6774193548387096	0.22448979591836735	0.513986013986014	0.3225806451612903	0.3237410071942446	0.486013986013986	0.33707865168539325	0.4225352112676056	19.0	0.12337662337662338	0.37012987012987014	1.0369678910772295	1.3243243243243243	3.0	22.0	0.1506849315068493	0.6438356164383562	2.140606459901073	2.526315789473684	10.0
