ID	Num. utterances	Num. tokens	Expression Lexicon Size (ELS)	Expression Variety (EV)	Expression Repetition (ER)	Voc. Overlap	ENTR	L	LMAX
dialogue_txt	16.0	331.0	54.0	0.16314199395770393	0.38368580060422963	0.34782608695652173	0.822931003284216	1.2281879194630871	3.0
