ID	Num. utterances	Num. tokens	Expression Lexicon Size (ELS)	Expression Variety (EV)	Expression Repetition (ER)	Voc. Overlap	ENTR	L	LMAX
dialogue_txt	17.0	332.0	50.0	0.15060240963855423	0.35542168674698793	0.3026315789473684	1.0459583751524897	1.328358208955224	4.0
