ID	Num. utterances	Num. tokens	Expression Lexicon Size (ELS)	Expression Variety (EV)	Expression Repetition (ER)	Voc. Overlap	ENTR	L	LMAX
dialogue_txt	16.0	277.0	44.0	0.1588447653429603	0.37906137184115524	0.34710743801652894	1.2652431406910587	1.4814814814814814	6.0
