ID	S1	S2	S1/Initiated Expression (IE_S1)	S1/Expression Repetition (ER_S1)	S1/tokens (%)	S2/Initiated Expression (IE_S2)	S2/Expression Repetition (ER_S2)	S2/tokens (%)	Voc. Overlap S1	Voc. Overlap S2	SR/S1/ELS	SR/S1/EV	SR/S1/ER	SR/S1/ENTR	SR/S1/L	SR/S1/LMAX	SR/S2/ELS	SR/S2/EV	SR/S2/ER	SR/S2/ENTR	SR/S2/L	SR/S2/LMAX
dialogue_txt	Human 1	Human 2	0.6590909090909091	0.22435897435897437	0.5631768953068592	0.3409090909090909	0.5785123966942148	0.4368231046931408	0.4329896907216495	0.6363636363636364	22.0	0.13414634146341464	0.39634146341463417	0.5095157180881823	1.1132075471698113	2.0	25.0	0.1937984496124031	0.5581395348837209	1.2142952630807209	1.608695652173913	3.0
