ID	Num. utterances	Num. tokens	Expression Lexicon Size (ELS)	Expression Variety (EV)	Expression Repetition (ER)	Voc. Overlap	ENTR	L	LMAX
dialogue_txt	15.0	240.0	28.0	0.11666666666666667	0.2708333333333333	0.23214285714285715	0.8329262629406798	1.2535211267605635	4.0
