ID	Num. utterances	Num. tokens	Expression Lexicon Size (ELS)	Expression Variety (EV)	Expression Repetition (ER)	Voc. Overlap	ENTR	L	LMAX
dialogue_txt	17.0	176.0	21.0	0.11931818181818182	0.36363636363636365	0.2894736842105263	0.4804334574529622	1.1081081081081081	3.0
