ID	S1	S2	S1/Initiated Expression (IE_S1)	S1/Expression Repetition (ER_S1)	S1/tokens (%)	S2/Initiated Expression (IE_S2)	S2/Expression Repetition (ER_S2)	S2/tokens (%)	Voc. Overlap S1	Voc. Overlap S2	SR/S1/ELS	SR/S1/EV	SR/S1/ER	SR/S1/ENTR	SR/S1/L	SR/S1/LMAX	SR/S2/ELS	SR/S2/EV	SR/S2/ER	SR/S2/ENTR	SR/S2/L	SR/S2/LMAX
dialogue_txt	Human 1	Human 2	0.9047619047619048	0.16393442622950818	0.3465909090909091	0.09523809523809523	0.46956521739130436	0.6534090909090909	0.5365853658536586	0.38596491228070173	10.0	0.14492753623188406	0.37681159420289856	0.8812908992306927	1.3	2.0	17.0	0.13709677419354838	0.6451612903225806	1.707803343297225	2.515151515151515	9.0
