ID	Num. utterances	Num. tokens	Expression Lexicon Size (ELS)	Expression Variety (EV)	Expression Repetition (ER)	Voc. Overlap	ENTR	L	LMAX
dialogue_txt	16.0	265.0	23.0	0.08679245283018867	0.2188679245283019	0.23008849557522124	0.5451960793961285	1.123456790123457	3.0
