ID	Num. utterances	Num. tokens	Expression Lexicon Size (ELS)	Expression Variety (EV)	Expression Repetition (ER)	Voc. Overlap	ENTR	L	LMAX
dialogue_txt	14.0	228.0	29.0	0.12719298245614036	0.2236842105263158	0.25210084033613445	0.8707254382477925	1.2432432432432432	3.0
