ID	Num. utterances	Num. tokens	Expression Lexicon Size (ELS)	Expression Variety (EV)	Expression Repetition (ER)	Voc. Overlap	ENTR	L	LMAX
dialogue_txt	14.0	277.0	44.0	0.1588447653429603	0.3212996389891697	0.371900826446281	0.9408182548723107	1.3070175438596492	6.0
