ID	Num. utterances	Num. tokens	Expression Lexicon Size (ELS)	Expression Variety (EV)	Expression Repetition (ER)	Voc. Overlap	ENTR	L	LMAX
dialogue_txt	16.0	304.0	43.0	0.14144736842105263	0.3157894736842105	0.28104575163398693	0.9459442164571583	1.2782608695652173	4.0
