ID	S1	S2	S1/Initiated Expression (IE_S1)	S1/Expression Repetition (ER_S1)	S1/tokens (%)	S2/Initiated Expression (IE_S2)	S2/Expression Repetition (ER_S2)	S2/tokens (%)	Voc. Overlap S1	Voc. Overlap S2	SR/S1/ELS	SR/S1/EV	SR/S1/ER	SR/S1/ENTR	SR/S1/L	SR/S1/LMAX	SR/S2/ELS	SR/S2/EV	SR/S2/ER	SR/S2/ENTR	SR/S2/L	SR/S2/LMAX
dialogue_txt	Human 1	Human 2	0.7543859649122807	0.1810344827586207	0.3815789473684211	0.24561403508771928	0.648936170212766	0.618421052631579	0.6875	0.6111111111111112	11.0	0.088	0.24	-0.0	1.0	1.0	42.0	0.21212121212121213	0.6565656565656566	1.348033435233836	1.6049382716049383	5.0
