ID	Num. utterances	Num. tokens	Expression Lexicon Size (ELS)	Expression Variety (EV)	Expression Repetition (ER)	Voc. Overlap	ENTR	L	LMAX
dialogue_txt	15.0	245.0	29.0	0.11836734693877551	0.2897959183673469	0.2616822429906542	1.1247384965115506	1.3614457831325302	4.0
