ID	Num. utterances	Num. tokens	Expression Lexicon Size (ELS)	Expression Variety (EV)	Expression Repetition (ER)	Voc. Overlap	ENTR	L	LMAX
dialogue_txt	16.0	306.0	33.0	0.10784313725490197	0.238562091503268	0.2077922077922078	1.0689967049086628	1.3563218390804597	5.0
