ID	Num. utterances	Num. tokens	Expression Lexicon Size (ELS)	Expression Variety (EV)	Expression Repetition (ER)	Voc. Overlap	ENTR	L	LMAX
dialogue_txt	17.0	286.0	34.0	0.11888111888111888	0.2867132867132867	0.2740740740740741	0.6582142395329069	1.196078431372549	5.0
