ID	Num. utterances	Num. tokens	Expression Lexicon Size (ELS)	Expression Variety (EV)	Expression Repetition (ER)	Voc. Overlap	ENTR	L	LMAX
dialogue_txt	16.0	268.0	46.0	0.17164179104477612	0.3283582089552239	0.38333333333333336	1.1630314691427541	1.411214953271028	6.0
