ID	Num. utterances	Num. tokens	Expression Lexicon Size (ELS)	Expression Variety (EV)	Expression Repetition (ER)	Voc. Overlap	ENTR	L	LMAX
dialogue_txt	19.0	332.0	54.0	0.16265060240963855	0.3614457831325301	0.36538461538461536	0.826005377870349	1.2352941176470589	4.0
