ID	Num. utterances	Num. tokens	Expression Lexicon Size (ELS)	Expression Variety (EV)	Expression Repetition (ER)	Voc. Overlap	ENTR	L	LMAX
dialogue_txt	16.0	194.0	39.0	0.20103092783505155	0.4020618556701031	0.4578313253012048	1.0163158512850052	1.315217391304348	3.0
