ID	Num. utterances	Num. tokens	Expression Lexicon Size (ELS)	Expression Variety (EV)	Expression Repetition (ER)	Voc. Overlap	ENTR	L	LMAX
dialogue_txt	14.0	213.0	35.0	0.1643192488262911	0.323943661971831	0.3763440860215054	1.249363946973598	1.4390243902439024	4.0
