ID	Num. utterances	Num. tokens	Expression Lexicon Size (ELS)	Expression Variety (EV)	Expression Repetition (ER)	Voc. Overlap	ENTR	L	LMAX
dialogue_txt	15.0	276.0	38.0	0.13768115942028986	0.3079710144927536	0.2962962962962963	0.6175235405223874	1.1428571428571428	3.0
