ID	S1	S2	S1/Initiated Expression (IE_S1)	S1/Expression Repetition (ER_S1)	S1/tokens (%)	S2/Initiated Expression (IE_S2)	S2/Expression Repetition (ER_S2)	S2/tokens (%)	Voc. Overlap S1	Voc. Overlap S2	SR/S1/ELS	SR/S1/EV	SR/S1/ER	SR/S1/ENTR	SR/S1/L	SR/S1/LMAX	SR/S2/ELS	SR/S2/EV	SR/S2/ER	SR/S2/ENTR	SR/S2/L	SR/S2/LMAX
dialogue_txt	Human 1	Human 2	0.8297872340425532	0.11678832116788321	0.49280575539568344	0.1702127659574468	0.6028368794326241	0.5071942446043165	0.5340909090909091	0.5802469135802469	14.0	0.09655172413793103	0.296551724137931	0.8503259045049341	1.3214285714285714	4.0	27.0	0.18120805369127516	0.5436241610738255	0.8873068828532794	1.25	3.0
