ID	Num. utterances	Num. tokens	Expression Lexicon Size (ELS)	Expression Variety (EV)	Expression Repetition (ER)	Voc. Overlap	ENTR	L	LMAX
dialogue_txt	14.0	238.0	52.0	0.2184873949579832	0.4117647058823529	0.44554455445544555	1.0146413554748785	1.319327731092437	4.0
