ID	Num. utterances	Num. tokens	Expression Lexicon Size (ELS)	Expression Variety (EV)	Expression Repetition (ER)	Voc. Overlap	ENTR	L	LMAX
dialogue_txt	18.0	267.0	25.0	0.09363295880149813	0.22846441947565543	0.20833333333333334	0.6153030369294541	1.144736842105263	3.0
