ID	S1	S2	S1/Initiated Expression (IE_S1)	S1/Expression Repetition (ER_S1)	S1/tokens (%)	S2/Initiated Expression (IE_S2)	S2/Expression Repetition (ER_S2)	S2/tokens (%)	Voc. Overlap S1	Voc. Overlap S2	SR/S1/ELS	SR/S1/EV	SR/S1/ER	SR/S1/ENTR	SR/S1/L	SR/S1/LMAX	SR/S2/ELS	SR/S2/EV	SR/S2/ER	SR/S2/ENTR	SR/S2/L	SR/S2/LMAX
dialogue_txt	Human 1	Human 2	0.68	0.19387755102040816	0.36704119850187267	0.32	0.2485207100591716	0.6329588014981273	0.44776119402985076	0.2803738317757009	12.0	0.11214953271028037	0.2616822429906542	0.4021791902022728	1.08	2.0	27.0	0.15168539325842698	0.43258426966292135	1.3002578061834356	1.490909090909091	4.0
