ID	Num. utterances	Num. tokens	Expression Lexicon Size (ELS)	Expression Variety (EV)	Expression Repetition (ER)	Voc. Overlap	ENTR	L	LMAX
dialogue_txt	15.0	212.0	30.0	0.14150943396226415	0.2971698113207547	0.3302752293577982	1.122567933611626	1.36986301369863	4.0
