ID	Num. utterances	Num. tokens	Expression Lexicon Size (ELS)	Expression Variety (EV)	Expression Repetition (ER)	Voc. Overlap	ENTR	L	LMAX
dialogue_txt	19.0	209.0	30.0	0.14354066985645933	0.28708133971291866	0.2647058823529412	1.5310246518461184	1.6612903225806452	5.0
