ID	S1	S2	S1/Initiated Expression (IE_S1)	S1/Expression Repetition (ER_S1)	S1/tokens (%)	S2/Initiated Expression (IE_S2)	S2/Expression Repetition (ER_S2)	S2/tokens (%)	Voc. Overlap S1	Voc. Overlap S2	SR/S1/ELS	SR/S1/EV	SR/S1/ER	SR/S1/ENTR	SR/S1/L	SR/S1/LMAX	SR/S2/ELS	SR/S2/EV	SR/S2/ER	SR/S2/ENTR	SR/S2/L	SR/S2/LMAX
dialogue_txt	Human 1	Human 2	0.4838709677419355	0.27607361963190186	0.5046439628482973	0.5161290322580645	0.3	0.4953560371517028	0.34	0.3434343434343434	22.0	0.12941176470588237	0.40588235294117647	1.194545119186222	1.4893617021276595	3.0	25.0	0.1488095238095238	0.47619047619047616	0.9400730383538229	1.5098039215686274	9.0
