ID	Num. utterances	Num. tokens	Expression Lexicon Size (ELS)	Expression Variety (EV)	Expression Repetition (ER)	Voc. Overlap	ENTR	L	LMAX
dialogue_txt	13.0	165.0	17.0	0.10303030303030303	0.18787878787878787	0.2127659574468085	0.432750158788754	1.0888888888888888	2.0
