ID	S1	S2	S1/Initiated Expression (IE_S1)	S1/Expression Repetition (ER_S1)	S1/tokens (%)	S2/Initiated Expression (IE_S2)	S2/Expression Repetition (ER_S2)	S2/tokens (%)	Voc. Overlap S1	Voc. Overlap S2	SR/S1/ELS	SR/S1/EV	SR/S1/ER	SR/S1/ENTR	SR/S1/L	SR/S1/LMAX	SR/S2/ELS	SR/S2/EV	SR/S2/ER	SR/S2/ENTR	SR/S2/L	SR/S2/LMAX
dialogue_txt	Human 1	Human 2	0.75	0.16101694915254236	0.48360655737704916	0.25	0.5	0.5163934426229508	0.5324675324675324	0.5256410256410257	13.0	0.104	0.264	0.6051865766334206	1.1481481481481481	2.0	24.0	0.1791044776119403	0.5149253731343284	0.996118213778296	1.36	5.0
