ID	Num. utterances	Num. tokens	Expression Lexicon Size (ELS)	Expression Variety (EV)	Expression Repetition (ER)	Voc. Overlap	ENTR	L	LMAX
dialogue_txt	15.0	244.0	40.0	0.16393442622950818	0.3360655737704918	0.35964912280701755	1.32118413318928	1.5617977528089888	7.0
