ID	Num. utterances	Num. tokens	Expression Lexicon Size (ELS)	Expression Variety (EV)	Expression Repetition (ER)	Voc. Overlap	ENTR	L	LMAX
dialogue_txt	16.0	262.0	46.0	0.17557251908396945	0.3549618320610687	0.36363636363636365	0.6208700534181035	1.1735537190082646	5.0
