ID	Num. utterances	Num. tokens	Expression Lexicon Size (ELS)	Expression Variety (EV)	Expression Repetition (ER)	Voc. Overlap	ENTR	L	LMAX
dialogue_txt	16.0	198.0	12.0	0.06060606060606061	0.1111111111111111	0.1391304347826087	0.49418293484978865	1.1081081081081081	2.0
