ID	Num. utterances	Num. tokens	Expression Lexicon Size (ELS)	Expression Variety (EV)	Expression Repetition (ER)	Voc. Overlap	ENTR	L	LMAX
dialogue_txt	5.0	55.0	3.0	0.05454545454545454	0.07272727272727272	0.08888888888888889	0.9182958340544896	1.3333333333333333	2.0
