ID	Num. utterances	Num. tokens	Expression Lexicon Size (ELS)	Expression Variety (EV)	Expression Repetition (ER)	Voc. Overlap	ENTR	L	LMAX
dialogue_txt	16.0	188.0	12.0	0.06382978723404255	0.13297872340425532	0.1485148514851485	0.5328350630342233	1.121212121212121	2.0
