ID	S1	S2	S1/Initiated Expression (IE_S1)	S1/Expression Repetition (ER_S1)	S1/tokens (%)	S2/Initiated Expression (IE_S2)	S2/Expression Repetition (ER_S2)	S2/tokens (%)	Voc. Overlap S1	Voc. Overlap S2	SR/S1/ELS	SR/S1/EV	SR/S1/ER	SR/S1/ENTR	SR/S1/L	SR/S1/LMAX	SR/S2/ELS	SR/S2/EV	SR/S2/ER	SR/S2/ENTR	SR/S2/L	SR/S2/LMAX
dialogue_txt	Human 1	Human 2	0.5	0.21428571428571427	0.36363636363636365	0.5	0.23809523809523808	0.6363636363636364	0.47540983606557374	0.29591836734693877	9.0	0.0989010989010989	0.23076923076923078	-0.0	1.0	1.0	19.0	0.12258064516129032	0.3548387096774194	0.7495952572594798	1.2142857142857142	2.0
