ID	S1	S2	S1/Initiated Expression (IE_S1)	S1/Expression Repetition (ER_S1)	S1/tokens (%)	S2/Initiated Expression (IE_S2)	S2/Expression Repetition (ER_S2)	S2/tokens (%)	Voc. Overlap S1	Voc. Overlap S2	SR/S1/ELS	SR/S1/EV	SR/S1/ER	SR/S1/ENTR	SR/S1/L	SR/S1/LMAX	SR/S2/ELS	SR/S2/EV	SR/S2/ER	SR/S2/ENTR	SR/S2/L	SR/S2/LMAX
dialogue_txt	Human 1	Human 2	0.9130434782608695	0.044444444444444446	0.26785714285714285	0.08695652173913043	0.3252032520325203	0.7321428571428571	0.7714285714285715	0.34615384615384615	4.0	0.07547169811320754	0.16981132075471697	0.863120568566631	1.2857142857142858	2.0	25.0	0.19083969465648856	0.45038167938931295	0.9123163027543335	1.2608695652173914	3.0
