ID	S1	S2	S1/Initiated Expression (IE_S1)	S1/Expression Repetition (ER_S1)	S1/tokens (%)	S2/Initiated Expression (IE_S2)	S2/Expression Repetition (ER_S2)	S2/tokens (%)	Voc. Overlap S1	Voc. Overlap S2	SR/S1/ELS	SR/S1/EV	SR/S1/ER	SR/S1/ENTR	SR/S1/L	SR/S1/LMAX	SR/S2/ELS	SR/S2/EV	SR/S2/ER	SR/S2/ENTR	SR/S2/L	SR/S2/LMAX
dialogue_txt	Human 1	Human 2	0.8275862068965517	0.12903225806451613	0.4720812182741117	0.1724137931034483	0.4230769230769231	0.5279187817258884	0.463768115942029	0.5161290322580645	8.0	0.08	0.21	0.5225593745369408	1.1176470588235294	2.0	16.0	0.14414414414414414	0.44144144144144143	1.198192411043098	1.5	4.0
