ID	Num. utterances	Num. tokens	Expression Lexicon Size (ELS)	Expression Variety (EV)	Expression Repetition (ER)	Voc. Overlap	ENTR	L	LMAX
dialogue_txt	15.0	225.0	29.0	0.1288888888888889	0.3377777777777778	0.26956521739130435	0.7544642804270748	1.2409638554216869	5.0
