ID	Num. utterances	Num. tokens	Expression Lexicon Size (ELS)	Expression Variety (EV)	Expression Repetition (ER)	Voc. Overlap	ENTR	L	LMAX
dialogue_txt	17.0	270.0	38.0	0.14074074074074075	0.32592592592592595	0.3418803418803419	0.9228055321374455	1.2857142857142858	5.0
