ID	S1	S2	S1/Initiated Expression (IE_S1)	S1/Expression Repetition (ER_S1)	S1/tokens (%)	S2/Initiated Expression (IE_S2)	S2/Expression Repetition (ER_S2)	S2/tokens (%)	Voc. Overlap S1	Voc. Overlap S2	SR/S1/ELS	SR/S1/EV	SR/S1/ER	SR/S1/ENTR	SR/S1/L	SR/S1/LMAX	SR/S2/ELS	SR/S2/EV	SR/S2/ER	SR/S2/ENTR	SR/S2/L	SR/S2/LMAX
dialogue_txt	Human 1	Human 2	0.8214285714285714	0.16489361702127658	0.5222222222222223	0.17857142857142858	0.48255813953488375	0.4777777777777778	0.47115384615384615	0.494949494949495	22.0	0.1116751269035533	0.40609137055837563	0.9106559588025549	1.26	3.0	27.0	0.14917127071823205	0.4585635359116022	1.104246114513124	1.3709677419354838	3.0
