ID	Num. utterances	Num. tokens	Expression Lexicon Size (ELS)	Expression Variety (EV)	Expression Repetition (ER)	Voc. Overlap	ENTR	L	LMAX
dialogue_txt	15.0	203.0	16.0	0.07881773399014778	0.18226600985221675	0.19047619047619047	0.46816664055233254	1.1153846153846154	3.0
