ID	Num. utterances	Num. tokens	Expression Lexicon Size (ELS)	Expression Variety (EV)	Expression Repetition (ER)	Voc. Overlap	ENTR	L	LMAX
dialogue_txt	17.0	315.0	56.0	0.17777777777777778	0.37142857142857144	0.37748344370860926	0.7057099042408823	1.195945945945946	4.0
