ID	S1	S2	S1/Initiated Expression (IE_S1)	S1/Expression Repetition (ER_S1)	S1/tokens (%)	S2/Initiated Expression (IE_S2)	S2/Expression Repetition (ER_S2)	S2/tokens (%)	Voc. Overlap S1	Voc. Overlap S2	SR/S1/ELS	SR/S1/EV	SR/S1/ER	SR/S1/ENTR	SR/S1/L	SR/S1/LMAX	SR/S2/ELS	SR/S2/EV	SR/S2/ER	SR/S2/ENTR	SR/S2/L	SR/S2/LMAX
dialogue_txt	Human 1	Human 2	0.7857142857142857	0.21686746987951808	0.526984126984127	0.21428571428571427	0.5436241610738255	0.473015873015873	0.5229357798165137	0.5757575757575758	19.0	0.10919540229885058	0.3160919540229885	0.760658476840993	1.2564102564102564	4.0	23.0	0.14556962025316456	0.4240506329113924	0.6912898694057888	1.1851851851851851	2.0
