ID	S1	S2	S1/Initiated Expression (IE_S1)	S1/Expression Repetition (ER_S1)	S1/tokens (%)	S2/Initiated Expression (IE_S2)	S2/Expression Repetition (ER_S2)	S2/tokens (%)	Voc. Overlap S1	Voc. Overlap S2	SR/S1/ELS	SR/S1/EV	SR/S1/ER	SR/S1/ENTR	SR/S1/L	SR/S1/LMAX	SR/S2/ELS	SR/S2/EV	SR/S2/ER	SR/S2/ENTR	SR/S2/L	SR/S2/LMAX
dialogue_txt	Human 1	Human 2	0.8421052631578947	0.14736842105263157	0.48717948717948717	0.15789473684210525	0.3	0.5128205128205128	0.36923076923076925	0.34285714285714286	10.0	0.0970873786407767	0.27184466019417475	0.4021791902022728	1.08	2.0	18.0	0.16666666666666666	0.37962962962962965	0.672294817075638	1.1764705882352942	2.0
