ID	S1	S2	S1/Initiated Expression (IE_S1)	S1/Expression Repetition (ER_S1)	S1/tokens (%)	S2/Initiated Expression (IE_S2)	S2/Expression Repetition (ER_S2)	S2/tokens (%)	Voc. Overlap S1	Voc. Overlap S2	SR/S1/ELS	SR/S1/EV	SR/S1/ER	SR/S1/ENTR	SR/S1/L	SR/S1/LMAX	SR/S2/ELS	SR/S2/EV	SR/S2/ER	SR/S2/ENTR	SR/S2/L	SR/S2/LMAX
dialogue_txt	Human 1	Human 2	0.7741935483870968	0.125	0.4878048780487805	0.22580645161290322	0.6190476190476191	0.5121951219512195	0.6271186440677966	0.6851851851851852	6.0	0.06896551724137931	0.1724137931034483	-0.0	1.0	1.0	11.0	0.11956521739130435	0.40217391304347827	1.342019217819521	1.5909090909090908	3.0
