ID	Num. utterances	Num. tokens	Expression Lexicon Size (ELS)	Expression Variety (EV)	Expression Repetition (ER)	Voc. Overlap	ENTR	L	LMAX
dialogue_txt	15.0	194.0	28.0	0.14432989690721648	0.31443298969072164	0.297029702970297	1.365810898502716	1.5161290322580645	4.0
