ID	S1	S2	S1/Initiated Expression (IE_S1)	S1/Expression Repetition (ER_S1)	S1/tokens (%)	S2/Initiated Expression (IE_S2)	S2/Expression Repetition (ER_S2)	S2/tokens (%)	Voc. Overlap S1	Voc. Overlap S2	SR/S1/ELS	SR/S1/EV	SR/S1/ER	SR/S1/ENTR	SR/S1/L	SR/S1/LMAX	SR/S2/ELS	SR/S2/EV	SR/S2/ER	SR/S2/ENTR	SR/S2/L	SR/S2/LMAX
dialogue_txt	Human 1	Human 2	0.7142857142857143	0.15789473684210525	0.39915966386554624	0.2857142857142857	0.5594405594405595	0.6008403361344538	0.6	0.5131578947368421	10.0	0.0970873786407767	0.27184466019417475	0.4021791902022728	1.08	2.0	28.0	0.18543046357615894	0.5496688741721855	1.0910862444927811	1.3793103448275863	3.0
