ID	Num. utterances	Num. tokens	Expression Lexicon Size (ELS)	Expression Variety (EV)	Expression Repetition (ER)	Voc. Overlap	ENTR	L	LMAX
dialogue_txt	16.0	238.0	42.0	0.17647058823529413	0.39915966386554624	0.38235294117647056	1.4866490768455158	1.6483516483516483	8.0
