ID	Num. utterances	Num. tokens	Expression Lexicon Size (ELS)	Expression Variety (EV)	Expression Repetition (ER)	Voc. Overlap	ENTR	L	LMAX
dialogue_txt	15.0	197.0	24.0	0.1218274111675127	0.25380710659898476	0.25263157894736843	0.9210735853043475	1.2923076923076924	3.0
