ID	Num. utterances	Num. tokens	Expression Lexicon Size (ELS)	Expression Variety (EV)	Expression Repetition (ER)	Voc. Overlap	ENTR	L	LMAX
dialogue_txt	14.0	302.0	58.0	0.19205298013245034	0.40728476821192056	0.4435483870967742	1.0196864900996412	1.3154362416107384	4.0
