ID	S1	S2	S1/Initiated Expression (IE_S1)	S1/Expression Repetition (ER_S1)	S1/tokens (%)	S2/Initiated Expression (IE_S2)	S2/Expression Repetition (ER_S2)	S2/tokens (%)	Voc. Overlap S1	Voc. Overlap S2	SR/S1/ELS	SR/S1/EV	SR/S1/ER	SR/S1/ENTR	SR/S1/L	SR/S1/LMAX	SR/S2/ELS	SR/S2/EV	SR/S2/ER	SR/S2/ENTR	SR/S2/L	SR/S2/LMAX
dialogue_txt	Human 1	Human 2	0.6923076923076923	0.2085889570552147	0.5015384615384615	0.3076923076923077	0.35185185185185186	0.49846153846153846	0.4	0.38461538461538464	22.0	0.12941176470588237	0.40588235294117647	1.194545119186222	1.4893617021276595	3.0	24.0	0.1411764705882353	0.37058823529411766	0.5973454887674742	1.1454545454545455	3.0
