ID	S1	S2	S1/Initiated Expression (IE_S1)	S1/Expression Repetition (ER_S1)	S1/tokens (%)	S2/Initiated Expression (IE_S2)	S2/Expression Repetition (ER_S2)	S2/tokens (%)	Voc. Overlap S1	Voc. Overlap S2	SR/S1/ELS	SR/S1/EV	SR/S1/ER	SR/S1/ENTR	SR/S1/L	SR/S1/LMAX	SR/S2/ELS	SR/S2/EV	SR/S2/ER	SR/S2/ENTR	SR/S2/L	SR/S2/LMAX
dialogue_txt	Human 1	Human 2	0.8604651162790697	0.17985611510791366	0.5205992509363296	0.13953488372093023	0.5	0.4794007490636704	0.5113636363636364	0.5625	17.0	0.11643835616438356	0.3698630136986301	0.9707450578356165	1.394736842105263	5.0	23.0	0.17037037037037037	0.45185185185185184	1.233347544458767	1.475	3.0
