ID	Num. utterances	Num. tokens	Expression Lexicon Size (ELS)	Expression Variety (EV)	Expression Repetition (ER)	Voc. Overlap	ENTR	L	LMAX
dialogue_txt	15.0	282.0	38.0	0.1347517730496454	0.3191489361702128	0.2826086956521739	1.0406014912311536	1.3333333333333333	3.0
