ID	Num. utterances	Num. tokens	Expression Lexicon Size (ELS)	Expression Variety (EV)	Expression Repetition (ER)	Voc. Overlap	ENTR	L	LMAX
dialogue_txt	15.0	230.0	32.0	0.1391304347826087	0.27391304347826084	0.3252032520325203	0.9106953329238083	1.3670886075949367	8.0
