ID	Num. utterances	Num. tokens	Expression Lexicon Size (ELS)	Expression Variety (EV)	Expression Repetition (ER)	Voc. Overlap	ENTR	L	LMAX
dialogue_txt	21.0	255.0	37.0	0.1450980392156863	0.30196078431372547	0.2647058823529412	0.7254662052670875	1.1862745098039216	3.0
