ID	Num. utterances	Num. tokens	Expression Lexicon Size (ELS)	Expression Variety (EV)	Expression Repetition (ER)	Voc. Overlap	ENTR	L	LMAX
dialogue_txt	14.0	215.0	28.0	0.13023255813953488	0.26976744186046514	0.25471698113207547	0.9657284442785581	1.2923076923076924	3.0
