ID	Num. utterances	Num. tokens	Expression Lexicon Size (ELS)	Expression Variety (EV)	Expression Repetition (ER)	Voc. Overlap	ENTR	L	LMAX
dialogue_txt	14.0	284.0	50.0	0.176056338028169	0.40492957746478875	0.4067796610169492	0.8279576150400609	1.2246376811594204	4.0
