ID	S1	S2	S1/Initiated Expression (IE_S1)	S1/Expression Repetition (ER_S1)	S1/tokens (%)	S2/Initiated Expression (IE_S2)	S2/Expression Repetition (ER_S2)	S2/tokens (%)	Voc. Overlap S1	Voc. Overlap S2	SR/S1/ELS	SR/S1/EV	SR/S1/ER	SR/S1/ENTR	SR/S1/L	SR/S1/LMAX	SR/S2/ELS	SR/S2/EV	SR/S2/ER	SR/S2/ENTR	SR/S2/L	SR/S2/LMAX
dialogue_txt	Human 1	Human 2	0.7017543859649122	0.2328042328042328	0.5478260869565217	0.2982456140350877	0.4807692307692308	0.45217391304347826	0.40186915887850466	0.4942528735632184	28.0	0.14213197969543148	0.4517766497461929	1.0540157730728	1.35	3.0	30.0	0.18181818181818182	0.5272727272727272	1.4134166195662536	1.5593220338983051	4.0
