ID	Num. utterances	Num. tokens	Expression Lexicon Size (ELS)	Expression Variety (EV)	Expression Repetition (ER)	Voc. Overlap	ENTR	L	LMAX
dialogue_txt	17.0	345.0	57.0	0.16521739130434782	0.34492753623188405	0.2847682119205298	1.37401478476353	1.5072463768115942	5.0
