ID	Num. utterances	Num. tokens	Expression Lexicon Size (ELS)	Expression Variety (EV)	Expression Repetition (ER)	Voc. Overlap	ENTR	L	LMAX
dialogue_txt	13.0	232.0	42.0	0.1810344827586207	0.3232758620689655	0.3392857142857143	1.1037501243966625	1.3655913978494623	4.0
