ID	Num. utterances	Num. tokens	Expression Lexicon Size (ELS)	Expression Variety (EV)	Expression Repetition (ER)	Voc. Overlap	ENTR	L	LMAX
dialogue_txt	14.0	276.0	37.0	0.13405797101449277	0.27898550724637683	0.30303030303030304	0.7879021374017307	1.2135922330097086	4.0
