ID	Num. utterances	Num. tokens	Expression Lexicon Size (ELS)	Expression Variety (EV)	Expression Repetition (ER)	Voc. Overlap	ENTR	L	LMAX
dialogue_txt	15.0	286.0	26.0	0.09090909090909091	0.23776223776223776	0.17834394904458598	0.3650551896402848	1.069767441860465	2.0
