ID	S1	S2	S1/Initiated Expression (IE_S1)	S1/Expression Repetition (ER_S1)	S1/tokens (%)	S2/Initiated Expression (IE_S2)	S2/Expression Repetition (ER_S2)	S2/tokens (%)	Voc. Overlap S1	Voc. Overlap S2	SR/S1/ELS	SR/S1/EV	SR/S1/ER	SR/S1/ENTR	SR/S1/L	SR/S1/LMAX	SR/S2/ELS	SR/S2/EV	SR/S2/ER	SR/S2/ENTR	SR/S2/L	SR/S2/LMAX
dialogue_txt	Human 1	Human 2	0.7884615384615384	0.20105820105820105	0.5591715976331361	0.21153846153846154	0.5234899328859061	0.4408284023668639	0.38317757009345793	0.4880952380952381	28.0	0.14213197969543148	0.4517766497461929	1.0540157730728	1.35	3.0	27.0	0.17088607594936708	0.4936708860759494	0.5858732928619205	1.140625	2.0
