ID	Num. utterances	Num. tokens	Expression Lexicon Size (ELS)	Expression Variety (EV)	Expression Repetition (ER)	Voc. Overlap	ENTR	L	LMAX
dialogue_txt	18.0	279.0	45.0	0.16129032258064516	0.3333333333333333	0.3565217391304348	1.3412956559036875	1.4867256637168142	5.0
