ID	Num. utterances	Num. tokens	Expression Lexicon Size (ELS)	Expression Variety (EV)	Expression Repetition (ER)	Voc. Overlap	ENTR	L	LMAX
dialogue_txt	15.0	263.0	41.0	0.155893536121673	0.311787072243346	0.3114754098360656	0.9110601558074904	1.2727272727272727	3.0
