ID	S1	S2	S1/Initiated Expression (IE_S1)	S1/Expression Repetition (ER_S1)	S1/tokens (%)	S2/Initiated Expression (IE_S2)	S2/Expression Repetition (ER_S2)	S2/tokens (%)	Voc. Overlap S1	Voc. Overlap S2	SR/S1/ELS	SR/S1/EV	SR/S1/ER	SR/S1/ENTR	SR/S1/L	SR/S1/LMAX	SR/S2/ELS	SR/S2/EV	SR/S2/ER	SR/S2/ENTR	SR/S2/L	SR/S2/LMAX
dialogue_txt	Human 1	Human 2	0.8490566037735849	0.18699186991869918	0.45555555555555555	0.1509433962264151	0.6258503401360545	0.5444444444444444	0.625	0.6172839506172839	15.0	0.11450381679389313	0.3282442748091603	0.5225593745369408	1.1176470588235294	2.0	34.0	0.21935483870967742	0.6387096774193548	1.1078487498729035	1.3943661971830985	4.0
