ID	S1	S2	S1/Initiated Expression (IE_S1)	S1/Expression Repetition (ER_S1)	S1/tokens (%)	S2/Initiated Expression (IE_S2)	S2/Expression Repetition (ER_S2)	S2/tokens (%)	Voc. Overlap S1	Voc. Overlap S2	SR/S1/ELS	SR/S1/EV	SR/S1/ER	SR/S1/ENTR	SR/S1/L	SR/S1/LMAX	SR/S2/ELS	SR/S2/EV	SR/S2/ER	SR/S2/ENTR	SR/S2/L	SR/S2/LMAX
dialogue_txt	Human 1	Human 2	0.8636363636363636	0.13071895424836602	0.523972602739726	0.13636363636363635	0.5107913669064749	0.476027397260274	0.45714285714285713	0.5454545454545454	17.0	0.10625	0.33125	0.7742433029172697	1.263157894736842	4.0	25.0	0.17006802721088435	0.5102040816326531	1.0331748540697396	1.5510204081632653	8.0
