ID	S1	S2	S1/Initiated Expression (IE_S1)	S1/Expression Repetition (ER_S1)	S1/tokens (%)	S2/Initiated Expression (IE_S2)	S2/Expression Repetition (ER_S2)	S2/tokens (%)	Voc. Overlap S1	Voc. Overlap S2	SR/S1/ELS	SR/S1/EV	SR/S1/ER	SR/S1/ENTR	SR/S1/L	SR/S1/LMAX	SR/S2/ELS	SR/S2/EV	SR/S2/ER	SR/S2/ENTR	SR/S2/L	SR/S2/LMAX
dialogue_txt	Human 1	Human 2	0.7575757575757576	0.1794871794871795	0.37261146496815284	0.24242424242424243	0.3147208121827411	0.6273885350318471	0.4782608695652174	0.3333333333333333	19.0	0.15079365079365079	0.4126984126984127	1.242370874393215	1.457142857142857	3.0	33.0	0.16019417475728157	0.6067961165048543	1.771448864212838	1.855072463768116	5.0
