ID	Num. utterances	Num. tokens	Expression Lexicon Size (ELS)	Expression Variety (EV)	Expression Repetition (ER)	Voc. Overlap	ENTR	L	LMAX
dialogue_txt	19.0	454.0	50.0	0.11013215859030837	0.30616740088105726	0.22522522522522523	0.6432365482135814	1.152046783625731	3.0
