ID	S1	S2	S1/Initiated Expression (IE_S1)	S1/Expression Repetition (ER_S1)	S1/tokens (%)	S2/Initiated Expression (IE_S2)	S2/Expression Repetition (ER_S2)	S2/tokens (%)	Voc. Overlap S1	Voc. Overlap S2	SR/S1/ELS	SR/S1/EV	SR/S1/ER	SR/S1/ENTR	SR/S1/L	SR/S1/LMAX	SR/S2/ELS	SR/S2/EV	SR/S2/ER	SR/S2/ENTR	SR/S2/L	SR/S2/LMAX
dialogue_txt	Human 1	Human 2	0.8888888888888888	0.072992700729927	0.4840989399293286	0.1111111111111111	0.547945205479452	0.5159010600706714	0.5053763440860215	0.5662650602409639	11.0	0.07534246575342465	0.21232876712328766	0.4262286569981449	1.173913043478261	3.0	25.0	0.16129032258064516	0.5032258064516129	0.5009682592094553	1.152542372881356	4.0
