ID	Num. utterances	Num. tokens	Expression Lexicon Size (ELS)	Expression Variety (EV)	Expression Repetition (ER)	Voc. Overlap	ENTR	L	LMAX
dialogue_txt	14.0	272.0	45.0	0.16544117647058823	0.41544117647058826	0.3474576271186441	0.6883704448589433	1.1838235294117647	2.0
