ID	Num. utterances	Num. tokens	Expression Lexicon Size (ELS)	Expression Variety (EV)	Expression Repetition (ER)	Voc. Overlap	ENTR	L	LMAX
dialogue_txt	16.0	257.0	24.0	0.0933852140077821	0.2529182879377432	0.23809523809523808	0.570858458057401	1.263157894736842	8.0
