ID	Num. utterances	Num. tokens	Expression Lexicon Size (ELS)	Expression Variety (EV)	Expression Repetition (ER)	Voc. Overlap	ENTR	L	LMAX
dialogue_txt	13.0	162.0	20.0	0.12345679012345678	0.345679012345679	0.29333333333333333	1.6685242168920915	1.851063829787234	6.0
