ID	Num. utterances	Num. tokens	Expression Lexicon Size (ELS)	Expression Variety (EV)	Expression Repetition (ER)	Voc. Overlap	ENTR	L	LMAX
dialogue_txt	17.0	284.0	23.0	0.08098591549295775	0.21830985915492956	0.14906832298136646	0.43561337348743234	1.0897435897435896	2.0
