ID	S1	S2	S1/Initiated Expression (IE_S1)	S1/Expression Repetition (ER_S1)	S1/tokens (%)	S2/Initiated Expression (IE_S2)	S2/Expression Repetition (ER_S2)	S2/tokens (%)	Voc. Overlap S1	Voc. Overlap S2	SR/S1/ELS	SR/S1/EV	SR/S1/ER	SR/S1/ENTR	SR/S1/L	SR/S1/LMAX	SR/S2/ELS	SR/S2/EV	SR/S2/ER	SR/S2/ENTR	SR/S2/L	SR/S2/LMAX
dialogue_txt	Human 1	Human 2	0.5	0.20689655172413793	0.3799126637554585	0.5	0.2746478873239437	0.6200873362445415	0.3442622950819672	0.27631578947368424	10.0	0.10638297872340426	0.30851063829787234	0.8658566174572233	1.2727272727272727	3.0	22.0	0.14666666666666667	0.5466666666666666	1.5738597233648475	1.7291666666666667	4.0
