ID	S1	S2	S1/Initiated Expression (IE_S1)	S1/Expression Repetition (ER_S1)	S1/tokens (%)	S2/Initiated Expression (IE_S2)	S2/Expression Repetition (ER_S2)	S2/tokens (%)	Voc. Overlap S1	Voc. Overlap S2	SR/S1/ELS	SR/S1/EV	SR/S1/ER	SR/S1/ENTR	SR/S1/L	SR/S1/LMAX	SR/S2/ELS	SR/S2/EV	SR/S2/ER	SR/S2/ENTR	SR/S2/L	SR/S2/LMAX
dialogue_txt	Human 1	Human 2	0.5483870967741935	0.21428571428571427	0.398576512455516	0.45161290322580644	0.2781065088757396	0.6014234875444839	0.42105263157894735	0.32323232323232326	11.0	0.09166666666666666	0.225	-0.0	1.0	1.0	26.0	0.14689265536723164	0.4745762711864407	1.0932286250707244	1.4067796610169492	5.0
