ID	Num. utterances	Num. tokens	Expression Lexicon Size (ELS)	Expression Variety (EV)	Expression Repetition (ER)	Voc. Overlap	ENTR	L	LMAX
dialogue_txt	16.0	281.0	31.0	0.1103202846975089	0.2526690391459075	0.22377622377622378	0.41083783851692773	1.0824742268041236	2.0
