ID	S1	S2	S1/Initiated Expression (IE_S1)	S1/Expression Repetition (ER_S1)	S1/tokens (%)	S2/Initiated Expression (IE_S2)	S2/Expression Repetition (ER_S2)	S2/tokens (%)	Voc. Overlap S1	Voc. Overlap S2	SR/S1/ELS	SR/S1/EV	SR/S1/ER	SR/S1/ENTR	SR/S1/L	SR/S1/LMAX	SR/S2/ELS	SR/S2/EV	SR/S2/ER	SR/S2/ENTR	SR/S2/L	SR/S2/LMAX
dialogue_txt	Human 1	Human 2	0.6666666666666666	0.18333333333333332	0.234375	0.3333333333333333	0.20918367346938777	0.765625	0.5869565217391305	0.25	5.0	0.07246376811594203	0.17391304347826086	0.7219280948873623	1.2	2.0	29.0	0.14146341463414633	0.5219512195121951	1.657994304039395	1.894736842105263	8.0
