ID	Num. utterances	Num. tokens	Expression Lexicon Size (ELS)	Expression Variety (EV)	Expression Repetition (ER)	Voc. Overlap	ENTR	L	LMAX
dialogue_txt	16.0	234.0	44.0	0.18803418803418803	0.3803418803418803	0.44680851063829785	1.515705627856928	1.6853932584269662	6.0
