ID	S1	S2	S1/Initiated Expression (IE_S1)	S1/Expression Repetition (ER_S1)	S1/tokens (%)	S2/Initiated Expression (IE_S2)	S2/Expression Repetition (ER_S2)	S2/tokens (%)	Voc. Overlap S1	Voc. Overlap S2	SR/S1/ELS	SR/S1/EV	SR/S1/ER	SR/S1/ENTR	SR/S1/L	SR/S1/LMAX	SR/S2/ELS	SR/S2/EV	SR/S2/ER	SR/S2/ENTR	SR/S2/L	SR/S2/LMAX
dialogue_txt	Human 1	Human 2	0.7636363636363637	0.1744186046511628	0.4725274725274725	0.23636363636363636	0.5	0.5274725274725275	0.46153846153846156	0.48214285714285715	21.0	0.11602209944751381	0.30386740331491713	0.41381685030363374	1.0833333333333333	2.0	27.0	0.13366336633663367	0.4752475247524752	1.0768432162250887	1.3529411764705883	3.0
