ID	S1	S2	S1/Initiated Expression (IE_S1)	S1/Expression Repetition (ER_S1)	S1/tokens (%)	S2/Initiated Expression (IE_S2)	S2/Expression Repetition (ER_S2)	S2/tokens (%)	Voc. Overlap S1	Voc. Overlap S2	SR/S1/ELS	SR/S1/EV	SR/S1/ER	SR/S1/ENTR	SR/S1/L	SR/S1/LMAX	SR/S2/ELS	SR/S2/EV	SR/S2/ER	SR/S2/ENTR	SR/S2/L	SR/S2/LMAX
dialogue_txt	Human 1	Human 2	0.868421052631579	0.14285714285714285	0.3807531380753138	0.13157894736842105	0.4527027027027027	0.6192468619246861	0.6307692307692307	0.4659090909090909	12.0	0.12121212121212122	0.2828282828282828	-0.0	1.0	1.0	23.0	0.14743589743589744	0.46153846153846156	1.0749741020047752	1.3461538461538463	3.0
