ID	Num. utterances	Num. tokens	Expression Lexicon Size (ELS)	Expression Variety (EV)	Expression Repetition (ER)	Voc. Overlap	ENTR	L	LMAX
dialogue_txt	16.0	328.0	32.0	0.0975609756097561	0.2621951219512195	0.24503311258278146	0.9044338781298733	1.2653061224489797	3.0
