ID	S1	S2	S1/Initiated Expression (IE_S1)	S1/Expression Repetition (ER_S1)	S1/tokens (%)	S2/Initiated Expression (IE_S2)	S2/Expression Repetition (ER_S2)	S2/tokens (%)	Voc. Overlap S1	Voc. Overlap S2	SR/S1/ELS	SR/S1/EV	SR/S1/ER	SR/S1/ENTR	SR/S1/L	SR/S1/LMAX	SR/S2/ELS	SR/S2/EV	SR/S2/ER	SR/S2/ENTR	SR/S2/L	SR/S2/LMAX
dialogue_txt	Human 1	Human 2	0.7142857142857143	0.1111111111111111	0.2616279069767442	0.2857142857142857	0.1732283464566929	0.7383720930232558	0.5428571428571428	0.25675675675675674	4.0	0.07547169811320754	0.16981132075471697	0.863120568566631	1.2857142857142858	2.0	20.0	0.14814814814814814	0.45925925925925926	0.6219041416291193	1.1538461538461537	3.0
