ID	Num. utterances	Num. tokens	Expression Lexicon Size (ELS)	Expression Variety (EV)	Expression Repetition (ER)	Voc. Overlap	ENTR	L	LMAX
dialogue_txt	14.0	286.0	31.0	0.10839160839160839	0.2692307692307692	0.21014492753623187	0.7382848661434505	1.2083333333333333	2.0
