ID	Num. utterances	Num. tokens	Expression Lexicon Size (ELS)	Expression Variety (EV)	Expression Repetition (ER)	Voc. Overlap	ENTR	L	LMAX
dialogue_txt	17.0	322.0	58.0	0.18012422360248448	0.38509316770186336	0.3825503355704698	0.6087492343633921	1.1455696202531647	3.0
