ID	S1	S2	S1/Initiated Expression (IE_S1)	S1/Expression Repetition (ER_S1)	S1/tokens (%)	S2/Initiated Expression (IE_S2)	S2/Expression Repetition (ER_S2)	S2/tokens (%)	Voc. Overlap S1	Voc. Overlap S2	SR/S1/ELS	SR/S1/EV	SR/S1/ER	SR/S1/ENTR	SR/S1/L	SR/S1/LMAX	SR/S2/ELS	SR/S2/EV	SR/S2/ER	SR/S2/ENTR	SR/S2/L	SR/S2/LMAX
dialogue_txt	Human 1	Human 2	0.7407407407407407	0.16058394160583941	0.5018315018315018	0.25925925925925924	0.27941176470588236	0.4981684981684982	0.32954545454545453	0.3625	19.0	0.1310344827586207	0.36551724137931035	0.693127415328288	1.186046511627907	2.0	21.0	0.14482758620689656	0.4827586206896552	1.462147498311699	1.825	8.0
