ID	Num. utterances	Num. tokens	Expression Lexicon Size (ELS)	Expression Variety (EV)	Expression Repetition (ER)	Voc. Overlap	ENTR	L	LMAX
dialogue_txt	17.0	273.0	27.0	0.0989010989010989	0.21978021978021978	0.20863309352517986	0.9263460335650762	1.2727272727272727	4.0
