ID	Num. utterances	Num. tokens	Expression Lexicon Size (ELS)	Expression Variety (EV)	Expression Repetition (ER)	Voc. Overlap	ENTR	L	LMAX
dialogue_txt	19.0	445.0	54.0	0.12134831460674157	0.3146067415730337	0.26222222222222225	0.7770629797224377	1.216867469879518	4.0
