ID	Num. utterances	Num. tokens	Expression Lexicon Size (ELS)	Expression Variety (EV)	Expression Repetition (ER)	Voc. Overlap	ENTR	L	LMAX
dialogue_txt	16.0	347.0	57.0	0.1642651296829971	0.37175792507204614	0.34965034965034963	0.8871505005203512	1.2516556291390728	3.0
