ID	S1	S2	S1/Initiated Expression (IE_S1)	S1/Expression Repetition (ER_S1)	S1/tokens (%)	S2/Initiated Expression (IE_S2)	S2/Expression Repetition (ER_S2)	S2/tokens (%)	Voc. Overlap S1	Voc. Overlap S2	SR/S1/ELS	SR/S1/EV	SR/S1/ER	SR/S1/ENTR	SR/S1/L	SR/S1/LMAX	SR/S2/ELS	SR/S2/EV	SR/S2/ER	SR/S2/ENTR	SR/S2/L	SR/S2/LMAX
dialogue_txt	Human 1	Human 2	0.6	0.19672131147540983	0.26521739130434785	0.4	0.21893491124260356	0.7347826086956522	0.44680851063829785	0.2079207920792079	8.0	0.11594202898550725	0.2463768115942029	-0.0	1.0	1.0	27.0	0.15254237288135594	0.4576271186440678	1.0915643514441453	1.3571428571428572	4.0
