ID	S1	S2	S1/Initiated Expression (IE_S1)	S1/Expression Repetition (ER_S1)	S1/tokens (%)	S2/Initiated Expression (IE_S2)	S2/Expression Repetition (ER_S2)	S2/tokens (%)	Voc. Overlap S1	Voc. Overlap S2	SR/S1/ELS	SR/S1/EV	SR/S1/ER	SR/S1/ENTR	SR/S1/L	SR/S1/LMAX	SR/S2/ELS	SR/S2/EV	SR/S2/ER	SR/S2/ENTR	SR/S2/L	SR/S2/LMAX
dialogue_txt	Human 1	Human 2	0.7254901960784313	0.25949367088607594	0.49842271293375395	0.27450980392156865	0.5094339622641509	0.501577287066246	0.5760869565217391	0.5698924731182796	22.0	0.13253012048192772	0.4397590361445783	1.0783220795483648	1.44	5.0	24.0	0.14285714285714285	0.48214285714285715	0.9846704968820575	1.3157894736842106	4.0
