ID	S1	S2	S1/Initiated Expression (IE_S1)	S1/Expression Repetition (ER_S1)	S1/tokens (%)	S2/Initiated Expression (IE_S2)	S2/Expression Repetition (ER_S2)	S2/tokens (%)	Voc. Overlap S1	Voc. Overlap S2	SR/S1/ELS	SR/S1/EV	SR/S1/ER	SR/S1/ENTR	SR/S1/L	SR/S1/LMAX	SR/S2/ELS	SR/S2/EV	SR/S2/ER	SR/S2/ENTR	SR/S2/L	SR/S2/LMAX
dialogue_txt	Human 1	Human 2	0.7627118644067796	0.19879518072289157	0.5076452599388379	0.23728813559322035	0.577639751552795	0.4923547400611621	0.5321100917431193	0.6041666666666666	19.0	0.10919540229885058	0.3160919540229885	0.760658476840993	1.2564102564102564	4.0	32.0	0.18823529411764706	0.5294117647058824	0.7566185682731803	1.2162162162162162	4.0
