ID	S1	S2	S1/Initiated Expression (IE_S1)	S1/Expression Repetition (ER_S1)	S1/tokens (%)	S2/Initiated Expression (IE_S2)	S2/Expression Repetition (ER_S2)	S2/tokens (%)	Voc. Overlap S1	Voc. Overlap S2	SR/S1/ELS	SR/S1/EV	SR/S1/ER	SR/S1/ENTR	SR/S1/L	SR/S1/LMAX	SR/S2/ELS	SR/S2/EV	SR/S2/ER	SR/S2/ENTR	SR/S2/L	SR/S2/LMAX
dialogue_txt	Human 1	Human 2	0.8181818181818182	0.09722222222222222	0.3103448275862069	0.18181818181818182	0.3125	0.6896551724137931	0.4444444444444444	0.2823529411764706	9.0	0.1111111111111111	0.2716049382716049	0.4689955935892812	1.1	2.0	25.0	0.14792899408284024	0.5680473372781065	1.9326230514187754	2.2888888888888888	11.0
