ID	S1	S2	S1/Initiated Expression (IE_S1)	S1/Expression Repetition (ER_S1)	S1/tokens (%)	S2/Initiated Expression (IE_S2)	S2/Expression Repetition (ER_S2)	S2/tokens (%)	Voc. Overlap S1	Voc. Overlap S2	SR/S1/ELS	SR/S1/EV	SR/S1/ER	SR/S1/ENTR	SR/S1/L	SR/S1/LMAX	SR/S2/ELS	SR/S2/EV	SR/S2/ER	SR/S2/ENTR	SR/S2/L	SR/S2/LMAX
dialogue_txt	Human 1	Human 2	0.7567567567567568	0.14864864864864866	0.519298245614035	0.24324324324324326	0.48175182481751827	0.4807017543859649	0.3917525773195876	0.4691358024691358	16.0	0.1032258064516129	0.2838709677419355	0.512709142030877	1.1142857142857143	2.0	24.0	0.16551724137931034	0.5172413793103449	0.983101170829776	1.3103448275862069	3.0
