ID	Num. utterances	Num. tokens	Expression Lexicon Size (ELS)	Expression Variety (EV)	Expression Repetition (ER)	Voc. Overlap	ENTR	L	LMAX
dialogue_txt	15.0	136.0	16.0	0.11764705882352941	0.21323529411764705	0.28169014084507044	1.1915380699133888	1.5142857142857142	4.0
