ID	Num. utterances	Num. tokens	Expression Lexicon Size (ELS)	Expression Variety (EV)	Expression Repetition (ER)	Voc. Overlap	ENTR	L	LMAX
dialogue_txt	15.0	222.0	26.0	0.11711711711711711	0.23423423423423423	0.20149253731343283	0.5032583347756457	1.1111111111111112	2.0
