ID	Num. utterances	Num. tokens	Expression Lexicon Size (ELS)	Expression Variety (EV)	Expression Repetition (ER)	Voc. Overlap	ENTR	L	LMAX
dialogue_txt	15.0	289.0	37.0	0.12802768166089964	0.29411764705882354	0.26573426573426573	0.8221326909297136	1.2233009708737863	3.0
