ID	Num. utterances	Num. tokens	Expression Lexicon Size (ELS)	Expression Variety (EV)	Expression Repetition (ER)	Voc. Overlap	ENTR	L	LMAX
dialogue_txt	16.0	265.0	40.0	0.1509433962264151	0.3433962264150943	0.3709677419354839	1.39743712506418	1.5368421052631578	5.0
