ID	Num. utterances	Num. tokens	Expression Lexicon Size (ELS)	Expression Variety (EV)	Expression Repetition (ER)	Voc. Overlap	ENTR	L	LMAX
dialogue_txt	15.0	318.0	47.0	0.14779874213836477	0.3490566037735849	0.2953020134228188	1.0230438032556344	1.3255813953488371	5.0
