ID	S1	S2	S1/Initiated Expression (IE_S1)	S1/Expression Repetition (ER_S1)	S1/tokens (%)	S2/Initiated Expression (IE_S2)	S2/Expression Repetition (ER_S2)	S2/tokens (%)	Voc. Overlap S1	Voc. Overlap S2	SR/S1/ELS	SR/S1/EV	SR/S1/ER	SR/S1/ENTR	SR/S1/L	SR/S1/LMAX	SR/S2/ELS	SR/S2/EV	SR/S2/ER	SR/S2/ENTR	SR/S2/L	SR/S2/LMAX
dialogue_txt	Human 1	Human 2	0.9459459459459459	0.12048192771084337	0.70042194092827	0.05405405405405406	0.8028169014084507	0.29957805907172996	0.3669724770642202	0.8333333333333334	19.0	0.10919540229885058	0.3160919540229885	0.760658476840993	1.2564102564102564	4.0	12.0	0.15	0.4125	0.7533347247815687	1.2222222222222223	3.0
