ID	S1	S2	S1/Initiated Expression (IE_S1)	S1/Expression Repetition (ER_S1)	S1/tokens (%)	S2/Initiated Expression (IE_S2)	S2/Expression Repetition (ER_S2)	S2/tokens (%)	Voc. Overlap S1	Voc. Overlap S2	SR/S1/ELS	SR/S1/EV	SR/S1/ER	SR/S1/ENTR	SR/S1/L	SR/S1/LMAX	SR/S2/ELS	SR/S2/EV	SR/S2/ER	SR/S2/ENTR	SR/S2/L	SR/S2/LMAX
dialogue_txt	Human 1	Human 2	0.7857142857142857	0.16483516483516483	0.34600760456273766	0.21428571428571427	0.36046511627906974	0.6539923954372624	0.5230769230769231	0.34	12.0	0.12121212121212122	0.2828282828282828	-0.0	1.0	1.0	21.0	0.11666666666666667	0.4777777777777778	1.6435068433729345	2.075	10.0
