ID	Num. utterances	Num. tokens	Expression Lexicon Size (ELS)	Expression Variety (EV)	Expression Repetition (ER)	Voc. Overlap	ENTR	L	LMAX
dialogue_txt	16.0	263.0	28.0	0.10646387832699619	0.29277566539923955	0.2595419847328244	0.7365971568125294	1.2758620689655173	6.0
