ID	S1	S2	S1/Initiated Expression (IE_S1)	S1/Expression Repetition (ER_S1)	S1/tokens (%)	S2/Initiated Expression (IE_S2)	S2/Expression Repetition (ER_S2)	S2/tokens (%)	Voc. Overlap S1	Voc. Overlap S2	SR/S1/ELS	SR/S1/EV	SR/S1/ER	SR/S1/ENTR	SR/S1/L	SR/S1/LMAX	SR/S2/ELS	SR/S2/EV	SR/S2/ER	SR/S2/ENTR	SR/S2/L	SR/S2/LMAX
dialogue_txt	Human 1	Human 2	0.7307692307692307	0.18518518518518517	0.5149863760217984	0.2692307692307692	0.5955056179775281	0.48501362397820164	0.4392523364485981	0.5875	28.0	0.14213197969543148	0.4517766497461929	1.0540157730728	1.35	3.0	35.0	0.18716577540106952	0.7379679144385026	1.3835006288191254	2.2096774193548385	23.0
