ID	Num. utterances	Num. tokens	Expression Lexicon Size (ELS)	Expression Variety (EV)	Expression Repetition (ER)	Voc. Overlap	ENTR	L	LMAX
dialogue_txt	17.0	367.0	52.0	0.14168937329700274	0.38419618528610355	0.3357142857142857	1.21092867759305	1.4496644295302012	8.0
