ID	S1	S2	S1/Initiated Expression (IE_S1)	S1/Expression Repetition (ER_S1)	S1/tokens (%)	S2/Initiated Expression (IE_S2)	S2/Expression Repetition (ER_S2)	S2/tokens (%)	Voc. Overlap S1	Voc. Overlap S2	SR/S1/ELS	SR/S1/EV	SR/S1/ER	SR/S1/ENTR	SR/S1/L	SR/S1/LMAX	SR/S2/ELS	SR/S2/EV	SR/S2/ER	SR/S2/ENTR	SR/S2/L	SR/S2/LMAX
dialogue_txt	Human 1	Human 2	0.65	0.19387755102040816	0.40329218106995884	0.35	0.36551724137931035	0.5967078189300411	0.5735294117647058	0.4482758620689655	9.0	0.08490566037735849	0.25471698113207547	0.9530138853315971	1.3157894736842106	3.0	24.0	0.1568627450980392	0.43790849673202614	0.9400730383538229	1.3137254901960784	4.0
