ID	Num. utterances	Num. tokens	Expression Lexicon Size (ELS)	Expression Variety (EV)	Expression Repetition (ER)	Voc. Overlap	ENTR	L	LMAX
dialogue_txt	16.0	243.0	40.0	0.1646090534979424	0.2962962962962963	0.33620689655172414	1.0325031058592458	1.3695652173913044	5.0
