ID	S1	S2	S1/Initiated Expression (IE_S1)	S1/Expression Repetition (ER_S1)	S1/tokens (%)	S2/Initiated Expression (IE_S2)	S2/Expression Repetition (ER_S2)	S2/tokens (%)	Voc. Overlap S1	Voc. Overlap S2	SR/S1/ELS	SR/S1/EV	SR/S1/ER	SR/S1/ENTR	SR/S1/L	SR/S1/LMAX	SR/S2/ELS	SR/S2/EV	SR/S2/ER	SR/S2/ENTR	SR/S2/L	SR/S2/LMAX
dialogue_txt	Human 1	Human 2	0.6	0.26993865030674846	0.5141955835962145	0.4	0.3181818181818182	0.48580441640378547	0.38	0.35185185185185186	22.0	0.12941176470588237	0.40588235294117647	1.194545119186222	1.4893617021276595	3.0	21.0	0.12962962962962962	0.36419753086419754	0.735721526785482	1.1914893617021276	3.0
