ID	S1	S2	S1/Initiated Expression (IE_S1)	S1/Expression Repetition (ER_S1)	S1/tokens (%)	S2/Initiated Expression (IE_S2)	S2/Expression Repetition (ER_S2)	S2/tokens (%)	Voc. Overlap S1	Voc. Overlap S2	SR/S1/ELS	SR/S1/EV	SR/S1/ER	SR/S1/ENTR	SR/S1/L	SR/S1/LMAX	SR/S2/ELS	SR/S2/EV	SR/S2/ER	SR/S2/ENTR	SR/S2/L	SR/S2/LMAX
dialogue_txt	Human 1	Human 2	0.6428571428571429	0.3179190751445087	0.5226586102719033	0.35714285714285715	0.4873417721518987	0.4773413897280967	0.5208333333333334	0.5494505494505495	26.0	0.143646408839779	0.4419889502762431	0.849092165846601	1.2321428571428572	3.0	24.0	0.14457831325301204	0.5180722891566265	1.0137576782928113	1.4333333333333333	6.0
