ID	Num. utterances	Num. tokens	Expression Lexicon Size (ELS)	Expression Variety (EV)	Expression Repetition (ER)	Voc. Overlap	ENTR	L	LMAX
dialogue_txt	18.0	218.0	24.0	0.11009174311926606	0.21559633027522937	0.2457627118644068	1.2948482636662768	1.5535714285714286	3.0
