ID	Num. utterances	Num. tokens	Expression Lexicon Size (ELS)	Expression Variety (EV)	Expression Repetition (ER)	Voc. Overlap	ENTR	L	LMAX
dialogue_txt	15.0	246.0	33.0	0.13414634146341464	0.3048780487804878	0.288135593220339	0.819020247036545	1.2210526315789474	3.0
