ID	Num. utterances	Num. tokens	Expression Lexicon Size (ELS)	Expression Variety (EV)	Expression Repetition (ER)	Voc. Overlap	ENTR	L	LMAX
dialogue_txt	18.0	171.0	28.0	0.16374269005847952	0.32748538011695905	0.27472527472527475	0.9555554006799892	1.2857142857142858	3.0
