ID	S1	S2	S1/Initiated Expression (IE_S1)	S1/Expression Repetition (ER_S1)	S1/tokens (%)	S2/Initiated Expression (IE_S2)	S2/Expression Repetition (ER_S2)	S2/tokens (%)	Voc. Overlap S1	Voc. Overlap S2	SR/S1/ELS	SR/S1/EV	SR/S1/ER	SR/S1/ENTR	SR/S1/L	SR/S1/LMAX	SR/S2/ELS	SR/S2/EV	SR/S2/ER	SR/S2/ENTR	SR/S2/L	SR/S2/LMAX
dialogue_txt	Human 1	Human 2	0.64	0.17045454545454544	0.4055299539170507	0.36	0.2713178294573643	0.5944700460829493	0.46875	0.3614457831325301	12.0	0.12631578947368421	0.29473684210526313	0.4021791902022728	1.08	2.0	15.0	0.10948905109489052	0.4306569343065693	1.0594873517384964	1.75	9.0
