ID	Num. utterances	Num. tokens	Expression Lexicon Size (ELS)	Expression Variety (EV)	Expression Repetition (ER)	Voc. Overlap	ENTR	L	LMAX
dialogue_txt	15.0	260.0	28.0	0.1076923076923077	0.28076923076923077	0.2231404958677686	0.9591963191047146	1.3214285714285714	4.0
