ID	Num. utterances	Num. tokens	Expression Lexicon Size (ELS)	Expression Variety (EV)	Expression Repetition (ER)	Voc. Overlap	ENTR	L	LMAX
dialogue_txt	14.0	217.0	27.0	0.12442396313364056	0.28110599078341014	0.2872340425531915	0.9763556355266665	1.3026315789473684	3.0
