ID	S1	S2	S1/Initiated Expression (IE_S1)	S1/Expression Repetition (ER_S1)	S1/tokens (%)	S2/Initiated Expression (IE_S2)	S2/Expression Repetition (ER_S2)	S2/tokens (%)	Voc. Overlap S1	Voc. Overlap S2	SR/S1/ELS	SR/S1/EV	SR/S1/ER	SR/S1/ENTR	SR/S1/L	SR/S1/LMAX	SR/S2/ELS	SR/S2/EV	SR/S2/ER	SR/S2/ENTR	SR/S2/L	SR/S2/LMAX
dialogue_txt	Human 1	Human 2	0.8571428571428571	0.09259259259259259	0.4864864864864865	0.14285714285714285	0.45614035087719296	0.5135135135135135	0.5853658536585366	0.5333333333333333	4.0	0.06896551724137931	0.1724137931034483	-0.0	1.0	1.0	3.0	0.04918032786885246	0.16393442622950818	0.9182958340544896	1.6666666666666667	3.0
