ID	S1	S2	S1/Initiated Expression (IE_S1)	S1/Expression Repetition (ER_S1)	S1/tokens (%)	S2/Initiated Expression (IE_S2)	S2/Expression Repetition (ER_S2)	S2/tokens (%)	Voc. Overlap S1	Voc. Overlap S2	SR/S1/ELS	SR/S1/EV	SR/S1/ER	SR/S1/ENTR	SR/S1/L	SR/S1/LMAX	SR/S2/ELS	SR/S2/EV	SR/S2/ER	SR/S2/ENTR	SR/S2/L	SR/S2/LMAX
dialogue_txt	Human 1	Human 2	0.6923076923076923	0.13559322033898305	0.3259668508287293	0.3076923076923077	0.19672131147540983	0.6740331491712708	0.4	0.2191780821917808	6.0	0.09230769230769231	0.24615384615384617	0.8904916402194913	1.3076923076923077	2.0	18.0	0.13953488372093023	0.40310077519379844	0.9128148954723554	1.275	3.0
