ID	Num. utterances	Num. tokens	Expression Lexicon Size (ELS)	Expression Variety (EV)	Expression Repetition (ER)	Voc. Overlap	ENTR	L	LMAX
dialogue_txt	15.0	294.0	42.0	0.14285714285714285	0.3435374149659864	0.30612244897959184	0.6710829709813966	1.1615384615384616	3.0
