ID	Num. utterances	Num. tokens	Expression Lexicon Size (ELS)	Expression Variety (EV)	Expression Repetition (ER)	Voc. Overlap	ENTR	L	LMAX
dialogue_txt	16.0	273.0	36.0	0.13186813186813187	0.315018315018315	0.28888888888888886	0.8517890390276766	1.2380952380952381	3.0
