ID	S1	S2	S1/Initiated Expression (IE_S1)	S1/Expression Repetition (ER_S1)	S1/tokens (%)	S2/Initiated Expression (IE_S2)	S2/Expression Repetition (ER_S2)	S2/tokens (%)	Voc. Overlap S1	Voc. Overlap S2	SR/S1/ELS	SR/S1/EV	SR/S1/ER	SR/S1/ENTR	SR/S1/L	SR/S1/LMAX	SR/S2/ELS	SR/S2/EV	SR/S2/ER	SR/S2/ENTR	SR/S2/L	SR/S2/LMAX
dialogue_txt	Human 1	Human 2	0.75	0.15	0.3864734299516908	0.25	0.44881889763779526	0.6135265700483091	0.6101694915254238	0.4864864864864865	6.0	0.06896551724137931	0.1724137931034483	-0.0	1.0	1.0	21.0	0.15555555555555556	0.3925925925925926	1.0225265684903673	1.3170731707317074	3.0
