ID	S1	S2	S1/Initiated Expression (IE_S1)	S1/Expression Repetition (ER_S1)	S1/tokens (%)	S2/Initiated Expression (IE_S2)	S2/Expression Repetition (ER_S2)	S2/tokens (%)	Voc. Overlap S1	Voc. Overlap S2	SR/S1/ELS	SR/S1/EV	SR/S1/ER	SR/S1/ENTR	SR/S1/L	SR/S1/LMAX	SR/S2/ELS	SR/S2/EV	SR/S2/ER	SR/S2/ENTR	SR/S2/L	SR/S2/LMAX
dialogue_txt	Human 1	Human 2	0.775	0.1891891891891892	0.45867768595041325	0.225	0.4122137404580153	0.5413223140495868	0.45454545454545453	0.4268292682926829	12.0	0.10084033613445378	0.2857142857142857	-0.0	1.0	1.0	19.0	0.1366906474820144	0.381294964028777	0.7918583525674836	1.2380952380952381	2.0
