ID	S1	S2	S1/Initiated Expression (IE_S1)	S1/Expression Repetition (ER_S1)	S1/tokens (%)	S2/Initiated Expression (IE_S2)	S2/Expression Repetition (ER_S2)	S2/tokens (%)	Voc. Overlap S1	Voc. Overlap S2	SR/S1/ELS	SR/S1/EV	SR/S1/ER	SR/S1/ENTR	SR/S1/L	SR/S1/LMAX	SR/S2/ELS	SR/S2/EV	SR/S2/ER	SR/S2/ENTR	SR/S2/L	SR/S2/LMAX
dialogue_txt	Human 1	Human 2	0.8307692307692308	0.16334661354581673	0.5837209302325581	0.16923076923076924	0.7318435754189944	0.41627906976744183	0.5	0.74	33.0	0.12692307692307692	0.38076923076923075	1.0120119515886774	1.3142857142857143	3.0	31.0	0.164021164021164	0.544973544973545	1.165323319139273	1.4054054054054055	5.0
