ID	S1	S2	S1/Initiated Expression (IE_S1)	S1/Expression Repetition (ER_S1)	S1/tokens (%)	S2/Initiated Expression (IE_S2)	S2/Expression Repetition (ER_S2)	S2/tokens (%)	Voc. Overlap S1	Voc. Overlap S2	SR/S1/ELS	SR/S1/EV	SR/S1/ER	SR/S1/ENTR	SR/S1/L	SR/S1/LMAX	SR/S2/ELS	SR/S2/EV	SR/S2/ER	SR/S2/ENTR	SR/S2/L	SR/S2/LMAX
dialogue_txt	Human 1	Human 2	0.7307692307692307	0.13	0.40160642570281124	0.2692307692307692	0.2751677852348993	0.5983935742971888	0.358974358974359	0.2916666666666667	11.0	0.102803738317757	0.21495327102803738	-0.0	1.0	1.0	25.0	0.1592356687898089	0.43312101910828027	0.9691585931425967	1.3673469387755102	5.0
