ID	S1	S2	S1/Initiated Expression (IE_S1)	S1/Expression Repetition (ER_S1)	S1/tokens (%)	S2/Initiated Expression (IE_S2)	S2/Expression Repetition (ER_S2)	S2/tokens (%)	Voc. Overlap S1	Voc. Overlap S2	SR/S1/ELS	SR/S1/EV	SR/S1/ER	SR/S1/ENTR	SR/S1/L	SR/S1/LMAX	SR/S2/ELS	SR/S2/EV	SR/S2/ER	SR/S2/ENTR	SR/S2/L	SR/S2/LMAX
dialogue_txt	Human 1	Human 2	0.8333333333333334	0.1048951048951049	0.49825783972125437	0.16666666666666666	0.4027777777777778	0.5017421602787456	0.3173076923076923	0.36666666666666664	14.0	0.09333333333333334	0.26	0.32984607020714635	1.0606060606060606	2.0	24.0	0.15894039735099338	0.44370860927152317	0.7886418490803525	1.3265306122448979	4.0
