ID	Num. utterances	Num. tokens	Expression Lexicon Size (ELS)	Expression Variety (EV)	Expression Repetition (ER)	Voc. Overlap	ENTR	L	LMAX
dialogue_txt	16.0	317.0	35.0	0.11041009463722397	0.33753943217665616	0.2857142857142857	1.2099551003844318	1.4678899082568808	8.0
