ID	Num. utterances	Num. tokens	Expression Lexicon Size (ELS)	Expression Variety (EV)	Expression Repetition (ER)	Voc. Overlap	ENTR	L	LMAX
dialogue_txt	17.0	286.0	32.0	0.11188811188811189	0.2727272727272727	0.21084337349397592	0.6116256595976604	1.2222222222222223	7.0
