ID	Num. utterances	Num. tokens	Expression Lexicon Size (ELS)	Expression Variety (EV)	Expression Repetition (ER)	Voc. Overlap	ENTR	L	LMAX
dialogue_txt	18.0	195.0	42.0	0.2153846153846154	0.47692307692307695	0.5657894736842105	0.9639244235319222	1.3055555555555556	3.0
