ID	S1	S2	S1/Initiated Expression (IE_S1)	S1/Expression Repetition (ER_S1)	S1/tokens (%)	S2/Initiated Expression (IE_S2)	S2/Expression Repetition (ER_S2)	S2/tokens (%)	Voc. Overlap S1	Voc. Overlap S2	SR/S1/ELS	SR/S1/EV	SR/S1/ER	SR/S1/ENTR	SR/S1/L	SR/S1/LMAX	SR/S2/ELS	SR/S2/EV	SR/S2/ER	SR/S2/ENTR	SR/S2/L	SR/S2/LMAX
dialogue_txt	Human 1	Human 2	0.5555555555555556	0.175	0.47904191616766467	0.4444444444444444	0.3218390804597701	0.5209580838323353	0.4576271186440678	0.45	6.0	0.06896551724137931	0.1724137931034483	-0.0	1.0	1.0	14.0	0.14736842105263157	0.35789473684210527	0.4586858162005403	1.096774193548387	2.0
