ID	Num. utterances	Num. tokens	Expression Lexicon Size (ELS)	Expression Variety (EV)	Expression Repetition (ER)	Voc. Overlap	ENTR	L	LMAX
dialogue_txt	16.0	235.0	27.0	0.1148936170212766	0.2425531914893617	0.2222222222222222	0.5116397836311731	1.1139240506329113	2.0
