ID	Num. utterances	Num. tokens	Expression Lexicon Size (ELS)	Expression Variety (EV)	Expression Repetition (ER)	Voc. Overlap	ENTR	L	LMAX
dialogue_txt	18.0	260.0	30.0	0.11538461538461539	0.3038461538461538	0.28205128205128205	0.5095157180881823	1.1132075471698113	2.0
