ID	S1	S2	S1/Initiated Expression (IE_S1)	S1/Expression Repetition (ER_S1)	S1/tokens (%)	S2/Initiated Expression (IE_S2)	S2/Expression Repetition (ER_S2)	S2/tokens (%)	Voc. Overlap S1	Voc. Overlap S2	SR/S1/ELS	SR/S1/EV	SR/S1/ER	SR/S1/ENTR	SR/S1/L	SR/S1/LMAX	SR/S2/ELS	SR/S2/EV	SR/S2/ER	SR/S2/ENTR	SR/S2/L	SR/S2/LMAX
dialogue_txt	Human 1	Human 2	0.8292682926829268	0.19327731092436976	0.41901408450704225	0.17073170731707318	0.4484848484848485	0.5809859154929577	0.5595238095238095	0.44339622641509435	12.0	0.09448818897637795	0.3228346456692913	0.3372900666170139	1.125	3.0	26.0	0.14942528735632185	0.42528735632183906	0.8564052389131376	1.280701754385965	2.0
