ID	Num. utterances	Num. tokens	Expression Lexicon Size (ELS)	Expression Variety (EV)	Expression Repetition (ER)	Voc. Overlap	ENTR	L	LMAX
dialogue_txt	14.0	273.0	47.0	0.17216117216117216	0.37362637362637363	0.36065573770491804	0.8465736774331145	1.2388059701492538	4.0
