ID	Num. utterances	Num. tokens	Expression Lexicon Size (ELS)	Expression Variety (EV)	Expression Repetition (ER)	Voc. Overlap	ENTR	L	LMAX
dialogue_txt	17.0	363.0	68.0	0.18732782369146006	0.48484848484848486	0.49586776859504134	1.7146705719742754	1.8466666666666667	8.0
