ID	S1	S2	S1/Initiated Expression (IE_S1)	S1/Expression Repetition (ER_S1)	S1/tokens (%)	S2/Initiated Expression (IE_S2)	S2/Expression Repetition (ER_S2)	S2/tokens (%)	Voc. Overlap S1	Voc. Overlap S2	SR/S1/ELS	SR/S1/EV	SR/S1/ER	SR/S1/ENTR	SR/S1/L	SR/S1/LMAX	SR/S2/ELS	SR/S2/EV	SR/S2/ER	SR/S2/ENTR	SR/S2/L	SR/S2/LMAX
dialogue_txt	Human 1	Human 2	0.8382352941176471	0.19576719576719576	0.5206611570247934	0.16176470588235295	0.7988505747126436	0.4793388429752066	0.5607476635514018	0.8108108108108109	28.0	0.14213197969543148	0.4517766497461929	1.0540157730728	1.35	3.0	38.0	0.20765027322404372	0.73224043715847	1.8619678312264671	2.2	10.0
