ID	S1	S2	S1/Initiated Expression (IE_S1)	S1/Expression Repetition (ER_S1)	S1/tokens (%)	S2/Initiated Expression (IE_S2)	S2/Expression Repetition (ER_S2)	S2/tokens (%)	Voc. Overlap S1	Voc. Overlap S2	SR/S1/ELS	SR/S1/EV	SR/S1/ER	SR/S1/ENTR	SR/S1/L	SR/S1/LMAX	SR/S2/ELS	SR/S2/EV	SR/S2/ER	SR/S2/ENTR	SR/S2/L	SR/S2/LMAX
dialogue_txt	Human 1	Human 2	0.8536585365853658	0.15178571428571427	0.45714285714285713	0.14634146341463414	0.44360902255639095	0.5428571428571428	0.5454545454545454	0.4772727272727273	15.0	0.125	0.31666666666666665	0.43055186701043946	1.088235294117647	2.0	19.0	0.1347517730496454	0.3546099290780142	1.002329251086288	1.4166666666666667	5.0
