ID	Num. utterances	Num. tokens	Expression Lexicon Size (ELS)	Expression Variety (EV)	Expression Repetition (ER)	Voc. Overlap	ENTR	L	LMAX
dialogue_txt	16.0	258.0	25.0	0.09689922480620156	0.2248062015503876	0.25892857142857145	0.8093230889473713	1.2837837837837838	5.0
