ID	Num. utterances	Num. tokens	Expression Lexicon Size (ELS)	Expression Variety (EV)	Expression Repetition (ER)	Voc. Overlap	ENTR	L	LMAX
dialogue_txt	17.0	155.0	24.0	0.15483870967741936	0.32903225806451614	0.3424657534246575	0.739480936716638	1.208955223880597	2.0
