ID	Num. utterances	Num. tokens	Expression Lexicon Size (ELS)	Expression Variety (EV)	Expression Repetition (ER)	Voc. Overlap	ENTR	L	LMAX
dialogue_txt	14.0	186.0	25.0	0.13440860215053763	0.23655913978494625	0.26605504587155965	0.8028116417452926	1.2295081967213115	3.0
