ID	Num. utterances	Num. tokens	Expression Lexicon Size (ELS)	Expression Variety (EV)	Expression Repetition (ER)	Voc. Overlap	ENTR	L	LMAX
dialogue_txt	16.0	292.0	62.0	0.21232876712328766	0.4041095890410959	0.5081967213114754	1.0327575897051227	1.3310344827586207	5.0
