ID	S1	S2	S1/Initiated Expression (IE_S1)	S1/Expression Repetition (ER_S1)	S1/tokens (%)	S2/Initiated Expression (IE_S2)	S2/Expression Repetition (ER_S2)	S2/tokens (%)	Voc. Overlap S1	Voc. Overlap S2	SR/S1/ELS	SR/S1/EV	SR/S1/ER	SR/S1/ENTR	SR/S1/L	SR/S1/LMAX	SR/S2/ELS	SR/S2/EV	SR/S2/ER	SR/S2/ENTR	SR/S2/L	SR/S2/LMAX
dialogue_txt	Human 1	Human 2	0.7291666666666666	0.20710059171597633	0.5451612903225806	0.2708333333333333	0.40425531914893614	0.45483870967741935	0.5353535353535354	0.49074074074074076	26.0	0.14689265536723164	0.4067796610169492	0.83294582353614	1.2641509433962264	2.0	15.0	0.10067114093959731	0.26174496644295303	0.7578784625383954	1.21875	2.0
