ID	Num. utterances	Num. tokens	Expression Lexicon Size (ELS)	Expression Variety (EV)	Expression Repetition (ER)	Voc. Overlap	ENTR	L	LMAX
dialogue_txt	17.0	333.0	51.0	0.15315315315315314	0.36936936936936937	0.3597122302158273	1.1944348368145417	1.4172661870503598	6.0
