ID	Num. utterances	Num. tokens	Expression Lexicon Size (ELS)	Expression Variety (EV)	Expression Repetition (ER)	Voc. Overlap	ENTR	L	LMAX
dialogue_txt	15.0	294.0	28.0	0.09523809523809523	0.2619047619047619	0.2549019607843137	0.4291223408533888	1.3953488372093024	16.0
