ID	Num. utterances	Num. tokens	Expression Lexicon Size (ELS)	Expression Variety (EV)	Expression Repetition (ER)	Voc. Overlap	ENTR	L	LMAX
dialogue_txt	15.0	205.0	26.0	0.12682926829268293	0.22439024390243903	0.24347826086956523	0.7344461802527669	1.2063492063492063	2.0
