ID	S1	S2	S1/Initiated Expression (IE_S1)	S1/Expression Repetition (ER_S1)	S1/tokens (%)	S2/Initiated Expression (IE_S2)	S2/Expression Repetition (ER_S2)	S2/tokens (%)	Voc. Overlap S1	Voc. Overlap S2	SR/S1/ELS	SR/S1/EV	SR/S1/ER	SR/S1/ENTR	SR/S1/L	SR/S1/LMAX	SR/S2/ELS	SR/S2/EV	SR/S2/ER	SR/S2/ENTR	SR/S2/L	SR/S2/LMAX
dialogue_txt	Human 1	Human 2	0.8	0.1858974358974359	0.4921135646687697	0.2	0.4968944099378882	0.5078864353312302	0.4639175257731959	0.4838709677419355	22.0	0.13414634146341464	0.39634146341463417	0.5095157180881823	1.1132075471698113	2.0	26.0	0.15384615384615385	0.4911242603550296	0.678114052360606	1.1791044776119404	2.0
