ID	S1	S2	S1/Initiated Expression (IE_S1)	S1/Expression Repetition (ER_S1)	S1/tokens (%)	S2/Initiated Expression (IE_S2)	S2/Expression Repetition (ER_S2)	S2/tokens (%)	Voc. Overlap S1	Voc. Overlap S2	SR/S1/ELS	SR/S1/EV	SR/S1/ER	SR/S1/ENTR	SR/S1/L	SR/S1/LMAX	SR/S2/ELS	SR/S2/EV	SR/S2/ER	SR/S2/ENTR	SR/S2/L	SR/S2/LMAX
dialogue_txt	Human 1	Human 2	0.875	0.14173228346456693	0.6580310880829016	0.125	0.7121212121212122	0.34196891191709844	0.43902439024390244	0.8181818181818182	17.0	0.1259259259259259	0.34074074074074073	0.6394571324851641	1.162162162162162	2.0	12.0	0.16216216216216217	0.4594594594594595	0.7345299214394703	1.2142857142857142	3.0
