ID	S1	S2	S1/Initiated Expression (IE_S1)	S1/Expression Repetition (ER_S1)	S1/tokens (%)	S2/Initiated Expression (IE_S2)	S2/Expression Repetition (ER_S2)	S2/tokens (%)	Voc. Overlap S1	Voc. Overlap S2	SR/S1/ELS	SR/S1/EV	SR/S1/ER	SR/S1/ENTR	SR/S1/L	SR/S1/LMAX	SR/S2/ELS	SR/S2/EV	SR/S2/ER	SR/S2/ENTR	SR/S2/L	SR/S2/LMAX
dialogue_txt	Human 1	Human 2	0.8809523809523809	0.0979020979020979	0.5355805243445693	0.11904761904761904	0.5725806451612904	0.46441947565543074	0.38461538461538464	0.547945205479452	14.0	0.09333333333333334	0.26	0.32984607020714635	1.0606060606060606	2.0	25.0	0.19083969465648856	0.5572519083969466	0.6631968402398287	1.1724137931034482	2.0
