ID	Num. utterances	Num. tokens	Expression Lexicon Size (ELS)	Expression Variety (EV)	Expression Repetition (ER)	Voc. Overlap	ENTR	L	LMAX
dialogue_txt	13.0	195.0	23.0	0.11794871794871795	0.26153846153846155	0.22935779816513763	0.5175827525559071	1.1159420289855073	2.0
