ID	S1	S2	S1/Initiated Expression (IE_S1)	S1/Expression Repetition (ER_S1)	S1/tokens (%)	S2/Initiated Expression (IE_S2)	S2/Expression Repetition (ER_S2)	S2/tokens (%)	Voc. Overlap S1	Voc. Overlap S2	SR/S1/ELS	SR/S1/EV	SR/S1/ER	SR/S1/ENTR	SR/S1/L	SR/S1/LMAX	SR/S2/ELS	SR/S2/EV	SR/S2/ER	SR/S2/ENTR	SR/S2/L	SR/S2/LMAX
dialogue_txt	Human 1	Human 2	0.8260869565217391	0.11475409836065574	0.3128205128205128	0.17391304347826086	0.3283582089552239	0.6871794871794872	0.5208333333333334	0.29069767441860467	7.0	0.1044776119402985	0.23880597014925373	0.5916727785823274	1.1428571428571428	2.0	21.0	0.14893617021276595	0.40425531914893614	0.6583514224564075	1.1666666666666667	3.0
