ID	Num. utterances	Num. tokens	Expression Lexicon Size (ELS)	Expression Variety (EV)	Expression Repetition (ER)	Voc. Overlap	ENTR	L	LMAX
dialogue_txt	15.0	252.0	46.0	0.18253968253968253	0.3888888888888889	0.42201834862385323	1.1880403587899242	1.424778761061947	5.0
