ID	Num. utterances	Num. tokens	Expression Lexicon Size (ELS)	Expression Variety (EV)	Expression Repetition (ER)	Voc. Overlap	ENTR	L	LMAX
dialogue_txt	13.0	184.0	13.0	0.07065217391304347	0.14130434782608695	0.1485148514851485	0.2761954276479391	1.0476190476190477	2.0
