ID	Num. utterances	Num. tokens	Expression Lexicon Size (ELS)	Expression Variety (EV)	Expression Repetition (ER)	Voc. Overlap	ENTR	L	LMAX
dialogue_txt	16.0	282.0	35.0	0.12411347517730496	0.2978723404255319	0.2706766917293233	0.8059752007494908	1.2156862745098038	3.0
