ID	Num. utterances	Num. tokens	Expression Lexicon Size (ELS)	Expression Variety (EV)	Expression Repetition (ER)	Voc. Overlap	ENTR	L	LMAX
dialogue_txt	16.0	208.0	36.0	0.17307692307692307	0.38461538461538464	0.42045454545454547	1.5396921087506623	1.8194444444444444	6.0
