ID	Num. utterances	Num. tokens	Expression Lexicon Size (ELS)	Expression Variety (EV)	Expression Repetition (ER)	Voc. Overlap	ENTR	L	LMAX
dialogue_txt	18.0	228.0	17.0	0.07456140350877193	0.18859649122807018	0.16379310344827586	0.362051251733998	1.0689655172413792	2.0
