ID	Num. utterances	Num. tokens	Expression Lexicon Size (ELS)	Expression Variety (EV)	Expression Repetition (ER)	Voc. Overlap	ENTR	L	LMAX
dialogue_txt	15.0	290.0	40.0	0.13793103448275862	0.2827586206896552	0.2781456953642384	0.9595890492124831	1.2843137254901962	4.0
