ID	Num. utterances	Num. tokens	Expression Lexicon Size (ELS)	Expression Variety (EV)	Expression Repetition (ER)	Voc. Overlap	ENTR	L	LMAX
dialogue_txt	18.0	215.0	27.0	0.12558139534883722	0.33488372093023255	0.4895833333333333	1.8279838939678936	2.8333333333333335	12.0
