ID	S1	S2	S1/Initiated Expression (IE_S1)	S1/Expression Repetition (ER_S1)	S1/tokens (%)	S2/Initiated Expression (IE_S2)	S2/Expression Repetition (ER_S2)	S2/tokens (%)	Voc. Overlap S1	Voc. Overlap S2	SR/S1/ELS	SR/S1/EV	SR/S1/ER	SR/S1/ENTR	SR/S1/L	SR/S1/LMAX	SR/S2/ELS	SR/S2/EV	SR/S2/ER	SR/S2/ENTR	SR/S2/L	SR/S2/LMAX
dialogue_txt	Human 1	Human 2	0.5925925925925926	0.1568627450980392	0.5406360424028268	0.4074074074074074	0.27692307692307694	0.45936395759717313	0.26666666666666666	0.3684210526315789	17.0	0.10625	0.33125	0.7742433029172697	1.263157894736842	4.0	22.0	0.15942028985507245	0.5	1.3057379856153541	1.6904761904761905	6.0
