ID	Num. utterances	Num. tokens	Expression Lexicon Size (ELS)	Expression Variety (EV)	Expression Repetition (ER)	Voc. Overlap	ENTR	L	LMAX
dialogue_txt	16.0	274.0	37.0	0.13503649635036497	0.3102189781021898	0.291044776119403	0.5518298148988514	1.1415094339622642	4.0
