ID	Num. utterances	Num. tokens	Expression Lexicon Size (ELS)	Expression Variety (EV)	Expression Repetition (ER)	Voc. Overlap	ENTR	L	LMAX
dialogue_txt	16.0	346.0	60.0	0.17341040462427745	0.3670520231213873	0.34355828220858897	0.9751063315542688	1.2847682119205297	4.0
