ID	S1	S2	S1/Initiated Expression (IE_S1)	S1/Expression Repetition (ER_S1)	S1/tokens (%)	S2/Initiated Expression (IE_S2)	S2/Expression Repetition (ER_S2)	S2/tokens (%)	Voc. Overlap S1	Voc. Overlap S2	SR/S1/ELS	SR/S1/EV	SR/S1/ER	SR/S1/ENTR	SR/S1/L	SR/S1/LMAX	SR/S2/ELS	SR/S2/EV	SR/S2/ER	SR/S2/ENTR	SR/S2/L	SR/S2/LMAX
dialogue_txt	Human 1	Human 2	0.7843137254901961	0.15976331360946747	0.5451612903225806	0.21568627450980393	0.5035460992907801	0.45483870967741935	0.47474747474747475	0.5402298850574713	26.0	0.14689265536723164	0.4067796610169492	0.83294582353614	1.2641509433962264	2.0	25.0	0.16778523489932887	0.4697986577181208	0.7163515129214616	1.2545454545454546	5.0
