ID	Num. utterances	Num. tokens	Expression Lexicon Size (ELS)	Expression Variety (EV)	Expression Repetition (ER)	Voc. Overlap	ENTR	L	LMAX
dialogue_txt	16.0	319.0	41.0	0.12852664576802508	0.27586206896551724	0.3120567375886525	1.2518015023819864	1.4351851851851851	4.0
