ID	S1	S2	S1/Initiated Expression (IE_S1)	S1/Expression Repetition (ER_S1)	S1/tokens (%)	S2/Initiated Expression (IE_S2)	S2/Expression Repetition (ER_S2)	S2/tokens (%)	Voc. Overlap S1	Voc. Overlap S2	SR/S1/ELS	SR/S1/EV	SR/S1/ER	SR/S1/ENTR	SR/S1/L	SR/S1/LMAX	SR/S2/ELS	SR/S2/EV	SR/S2/ER	SR/S2/ENTR	SR/S2/L	SR/S2/LMAX
dialogue_txt	Human 1	Human 2	0.6470588235294118	0.22699386503067484	0.657258064516129	0.35294117647058826	0.4	0.34274193548387094	0.31	0.49206349206349204	22.0	0.12941176470588237	0.40588235294117647	1.194545119186222	1.4893617021276595	3.0	13.0	0.13978494623655913	0.3010752688172043	0.4021791902022728	1.08	2.0
