ID	S1	S2	S1/Initiated Expression (IE_S1)	S1/Expression Repetition (ER_S1)	S1/tokens (%)	S2/Initiated Expression (IE_S2)	S2/Expression Repetition (ER_S2)	S2/tokens (%)	Voc. Overlap S1	Voc. Overlap S2	SR/S1/ELS	SR/S1/EV	SR/S1/ER	SR/S1/ENTR	SR/S1/L	SR/S1/LMAX	SR/S2/ELS	SR/S2/EV	SR/S2/ER	SR/S2/ENTR	SR/S2/L	SR/S2/LMAX
dialogue_txt	Human 1	Human 2	0.8285714285714286	0.15315315315315314	0.5336538461538461	0.17142857142857143	0.5773195876288659	0.46634615384615385	0.5466666666666666	0.6212121212121212	15.0	0.1271186440677966	0.3644067796610169	1.014097655573916	1.3125	3.0	16.0	0.1523809523809524	0.41904761904761906	0.9780155566622415	1.2941176470588236	3.0
