ID	S1	S2	S1/Initiated Expression (IE_S1)	S1/Expression Repetition (ER_S1)	S1/tokens (%)	S2/Initiated Expression (IE_S2)	S2/Expression Repetition (ER_S2)	S2/tokens (%)	Voc. Overlap S1	Voc. Overlap S2	SR/S1/ELS	SR/S1/EV	SR/S1/ER	SR/S1/ENTR	SR/S1/L	SR/S1/LMAX	SR/S2/ELS	SR/S2/EV	SR/S2/ER	SR/S2/ENTR	SR/S2/L	SR/S2/LMAX
dialogue_txt	Human 1	Human 2	0.8529411764705882	0.1510791366906475	0.54296875	0.14705882352941177	0.4188034188034188	0.45703125	0.42045454545454547	0.49333333333333335	17.0	0.11643835616438356	0.3698630136986301	0.9707450578356165	1.394736842105263	5.0	20.0	0.16129032258064516	0.41935483870967744	0.7981943390667416	1.3421052631578947	3.0
