ID	S1	S2	S1/Initiated Expression (IE_S1)	S1/Expression Repetition (ER_S1)	S1/tokens (%)	S2/Initiated Expression (IE_S2)	S2/Expression Repetition (ER_S2)	S2/tokens (%)	Voc. Overlap S1	Voc. Overlap S2	SR/S1/ELS	SR/S1/EV	SR/S1/ER	SR/S1/ENTR	SR/S1/L	SR/S1/LMAX	SR/S2/ELS	SR/S2/EV	SR/S2/ER	SR/S2/ENTR	SR/S2/L	SR/S2/LMAX
dialogue_txt	Human 1	Human 2	0.75	0.14492753623188406	0.40588235294117647	0.25	0.46534653465346537	0.5941176470588235	0.49122807017543857	0.5	6.0	0.07894736842105263	0.18421052631578946	-0.0	1.0	1.0	20.0	0.1834862385321101	0.5137614678899083	0.8280557253795038	1.2608695652173914	2.0
