ID	Num. utterances	Num. tokens	Expression Lexicon Size (ELS)	Expression Variety (EV)	Expression Repetition (ER)	Voc. Overlap	ENTR	L	LMAX
dialogue_txt	15.0	170.0	28.0	0.16470588235294117	0.3352941176470588	0.32941176470588235	0.7595950107597029	1.1948051948051948	3.0
