ID	Num. utterances	Num. tokens	Expression Lexicon Size (ELS)	Expression Variety (EV)	Expression Repetition (ER)	Voc. Overlap	ENTR	L	LMAX
dialogue_txt	16.0	270.0	35.0	0.12962962962962962	0.26666666666666666	0.25735294117647056	0.7343625234839105	1.1979166666666667	4.0
