ID	Num. utterances	Num. tokens	Expression Lexicon Size (ELS)	Expression Variety (EV)	Expression Repetition (ER)	Voc. Overlap	ENTR	L	LMAX
dialogue_txt	15.0	228.0	35.0	0.15350877192982457	0.40350877192982454	0.41414141414141414	1.6250935852464645	1.7108433734939759	6.0
