ID	Num. utterances	Num. tokens	Expression Lexicon Size (ELS)	Expression Variety (EV)	Expression Repetition (ER)	Voc. Overlap	ENTR	L	LMAX
dialogue_txt	16.0	305.0	35.0	0.11475409836065574	0.3442622950819672	0.2755905511811024	0.7684605509263833	1.1984126984126984	3.0
