ID	S1	S2	S1/Initiated Expression (IE_S1)	S1/Expression Repetition (ER_S1)	S1/tokens (%)	S2/Initiated Expression (IE_S2)	S2/Expression Repetition (ER_S2)	S2/tokens (%)	Voc. Overlap S1	Voc. Overlap S2	SR/S1/ELS	SR/S1/EV	SR/S1/ER	SR/S1/ENTR	SR/S1/L	SR/S1/LMAX	SR/S2/ELS	SR/S2/EV	SR/S2/ER	SR/S2/ENTR	SR/S2/L	SR/S2/LMAX
dialogue_txt	Human 1	Human 2	0.9375	0.1527777777777778	0.43373493975903615	0.0625	0.5531914893617021	0.5662650602409639	0.6530612244897959	0.5245901639344263	6.0	0.0759493670886076	0.3037974683544304	1.1488348542809166	1.5714285714285714	4.0	16.0	0.1568627450980392	0.47058823529411764	1.2109084075058656	1.5161290322580645	5.0
