ID	S1	S2	S1/Initiated Expression (IE_S1)	S1/Expression Repetition (ER_S1)	S1/tokens (%)	S2/Initiated Expression (IE_S2)	S2/Expression Repetition (ER_S2)	S2/tokens (%)	Voc. Overlap S1	Voc. Overlap S2	SR/S1/ELS	SR/S1/EV	SR/S1/ER	SR/S1/ENTR	SR/S1/L	SR/S1/LMAX	SR/S2/ELS	SR/S2/EV	SR/S2/ER	SR/S2/ENTR	SR/S2/L	SR/S2/LMAX
dialogue_txt	Human 1	Human 2	0.875	0.10218978102189781	0.4875444839857651	0.125	0.7291666666666666	0.5124555160142349	0.48863636363636365	0.6323529411764706	19.0	0.1310344827586207	0.36551724137931035	0.693127415328288	1.186046511627907	2.0	28.0	0.1830065359477124	0.6470588235294118	1.4005911977155423	1.8275862068965518	6.0
