ID	Num. utterances	Num. tokens	Expression Lexicon Size (ELS)	Expression Variety (EV)	Expression Repetition (ER)	Voc. Overlap	ENTR	L	LMAX
dialogue_txt	15.0	289.0	40.0	0.1384083044982699	0.3044982698961938	0.28104575163398693	0.8058576010107721	1.2142857142857142	3.0
