ID	S1	S2	S1/Initiated Expression (IE_S1)	S1/Expression Repetition (ER_S1)	S1/tokens (%)	S2/Initiated Expression (IE_S2)	S2/Expression Repetition (ER_S2)	S2/tokens (%)	Voc. Overlap S1	Voc. Overlap S2	SR/S1/ELS	SR/S1/EV	SR/S1/ER	SR/S1/ENTR	SR/S1/L	SR/S1/LMAX	SR/S2/ELS	SR/S2/EV	SR/S2/ER	SR/S2/ENTR	SR/S2/L	SR/S2/LMAX
dialogue_txt	Human 1	Human 2	0.725	0.1895424836601307	0.5294117647058824	0.275	0.4338235294117647	0.47058823529411764	0.4095238095238095	0.4725274725274725	17.0	0.10625	0.33125	0.7742433029172697	1.263157894736842	4.0	20.0	0.1388888888888889	0.3958333333333333	0.47543164626872064	1.1020408163265305	2.0
