ID	S1	S2	S1/Initiated Expression (IE_S1)	S1/Expression Repetition (ER_S1)	S1/tokens (%)	S2/Initiated Expression (IE_S2)	S2/Expression Repetition (ER_S2)	S2/tokens (%)	Voc. Overlap S1	Voc. Overlap S2	SR/S1/ELS	SR/S1/EV	SR/S1/ER	SR/S1/ENTR	SR/S1/L	SR/S1/LMAX	SR/S2/ELS	SR/S2/EV	SR/S2/ER	SR/S2/ENTR	SR/S2/L	SR/S2/LMAX
dialogue_txt	Human 1	Human 2	0.6086956521739131	0.22033898305084745	0.28502415458937197	0.391304347826087	0.20945945945945946	0.714975845410628	0.5581395348837209	0.2553191489361702	8.0	0.11940298507462686	0.31343283582089554	-0.0	1.0	1.0	23.0	0.14743589743589744	0.4551282051282051	1.030141816908297	1.3269230769230769	3.0
