ID	Num. utterances	Num. tokens	Expression Lexicon Size (ELS)	Expression Variety (EV)	Expression Repetition (ER)	Voc. Overlap	ENTR	L	LMAX
dialogue_txt	15.0	258.0	46.0	0.17829457364341086	0.3953488372093023	0.42201834862385323	0.841466911540355	1.2644628099173554	5.0
