ID	Num. utterances	Num. tokens	Expression Lexicon Size (ELS)	Expression Variety (EV)	Expression Repetition (ER)	Voc. Overlap	ENTR	L	LMAX
dialogue_txt	16.0	316.0	39.0	0.12341772151898735	0.2689873417721519	0.24666666666666667	0.8349132007482896	1.2264150943396226	3.0
