ID	Num. utterances	Num. tokens	Expression Lexicon Size (ELS)	Expression Variety (EV)	Expression Repetition (ER)	Voc. Overlap	ENTR	L	LMAX
dialogue_txt	19.0	159.0	28.0	0.1761006289308176	0.3584905660377358	0.38028169014084506	1.1643357863490202	1.4242424242424243	5.0
