ID	Num. utterances	Num. tokens	Expression Lexicon Size (ELS)	Expression Variety (EV)	Expression Repetition (ER)	Voc. Overlap	ENTR	L	LMAX
dialogue_txt	16.0	313.0	42.0	0.134185303514377	0.28753993610223644	0.2611464968152866	0.9018510076242766	1.2743362831858407	4.0
