ID	Num. utterances	Num. tokens	Expression Lexicon Size (ELS)	Expression Variety (EV)	Expression Repetition (ER)	Voc. Overlap	ENTR	L	LMAX
dialogue_txt	18.0	368.0	44.0	0.11956521739130435	0.3179347826086957	0.2857142857142857	0.7179233370308783	1.1793103448275861	3.0
