ID	S1	S2	S1/Initiated Expression (IE_S1)	S1/Expression Repetition (ER_S1)	S1/tokens (%)	S2/Initiated Expression (IE_S2)	S2/Expression Repetition (ER_S2)	S2/tokens (%)	Voc. Overlap S1	Voc. Overlap S2	SR/S1/ELS	SR/S1/EV	SR/S1/ER	SR/S1/ENTR	SR/S1/L	SR/S1/LMAX	SR/S2/ELS	SR/S2/EV	SR/S2/ER	SR/S2/ENTR	SR/S2/L	SR/S2/LMAX
dialogue_txt	Human 1	Human 2	0.75	0.2393617021276596	0.5108695652173914	0.25	0.4	0.4891304347826087	0.4423076923076923	0.44660194174757284	22.0	0.1116751269035533	0.40609137055837563	0.9106559588025549	1.26	3.0	31.0	0.164021164021164	0.5238095238095238	1.3959327020237922	1.5846153846153845	6.0
