ID	Num. utterances	Num. tokens	Expression Lexicon Size (ELS)	Expression Variety (EV)	Expression Repetition (ER)	Voc. Overlap	ENTR	L	LMAX
dialogue_txt	14.0	206.0	33.0	0.16019417475728157	0.33980582524271846	0.3877551020408163	1.2025876020984991	1.481012658227848	6.0
