ID	S1	S2	S1/Initiated Expression (IE_S1)	S1/Expression Repetition (ER_S1)	S1/tokens (%)	S2/Initiated Expression (IE_S2)	S2/Expression Repetition (ER_S2)	S2/tokens (%)	Voc. Overlap S1	Voc. Overlap S2	SR/S1/ELS	SR/S1/EV	SR/S1/ER	SR/S1/ENTR	SR/S1/L	SR/S1/LMAX	SR/S2/ELS	SR/S2/EV	SR/S2/ER	SR/S2/ENTR	SR/S2/L	SR/S2/LMAX
dialogue_txt	Human 1	Human 2	0.6666666666666666	0.21495327102803738	0.34076433121019106	0.3333333333333333	0.3526570048309179	0.6592356687898089	0.6049382716049383	0.4016393442622951	13.0	0.1111111111111111	0.27350427350427353	0.362051251733998	1.0689655172413792	2.0	30.0	0.13761467889908258	0.463302752293578	0.8446660880585486	1.2972972972972974	6.0
