ID	S1	S2	S1/Initiated Expression (IE_S1)	S1/Expression Repetition (ER_S1)	S1/tokens (%)	S2/Initiated Expression (IE_S2)	S2/Expression Repetition (ER_S2)	S2/tokens (%)	Voc. Overlap S1	Voc. Overlap S2	SR/S1/ELS	SR/S1/EV	SR/S1/ER	SR/S1/ENTR	SR/S1/L	SR/S1/LMAX	SR/S2/ELS	SR/S2/EV	SR/S2/ER	SR/S2/ENTR	SR/S2/L	SR/S2/LMAX
dialogue_txt	Human 1	Human 2	0.8214285714285714	0.16326530612244897	0.5287769784172662	0.17857142857142858	0.4198473282442748	0.4712230215827338	0.34831460674157305	0.4246575342465753	19.0	0.12337662337662338	0.37012987012987014	1.0369678910772295	1.3243243243243243	3.0	21.0	0.15217391304347827	0.5072463768115942	1.7417841082289998	1.972972972972973	6.0
