ID	Num. utterances	Num. tokens	Expression Lexicon Size (ELS)	Expression Variety (EV)	Expression Repetition (ER)	Voc. Overlap	ENTR	L	LMAX
dialogue_txt	15.0	235.0	41.0	0.17446808510638298	0.3872340425531915	0.38095238095238093	0.9456909705786247	1.3148148148148149	6.0
