ID	Num. utterances	Num. tokens	Expression Lexicon Size (ELS)	Expression Variety (EV)	Expression Repetition (ER)	Voc. Overlap	ENTR	L	LMAX
dialogue_txt	16.0	264.0	34.0	0.12878787878787878	0.32196969696969696	0.2903225806451613	0.8326566157657227	1.2476190476190476	4.0
