ID	S1	S2	S1/Initiated Expression (IE_S1)	S1/Expression Repetition (ER_S1)	S1/tokens (%)	S2/Initiated Expression (IE_S2)	S2/Expression Repetition (ER_S2)	S2/tokens (%)	Voc. Overlap S1	Voc. Overlap S2	SR/S1/ELS	SR/S1/EV	SR/S1/ER	SR/S1/ENTR	SR/S1/L	SR/S1/LMAX	SR/S2/ELS	SR/S2/EV	SR/S2/ER	SR/S2/ENTR	SR/S2/L	SR/S2/LMAX
dialogue_txt	Human 1	Human 2	0.6470588235294118	0.23958333333333334	0.36363636363636365	0.35294117647058826	0.36904761904761907	0.6363636363636364	0.5806451612903226	0.3673469387755102	14.0	0.1346153846153846	0.33653846153846156	0.34511731494495296	1.064516129032258	2.0	29.0	0.16477272727272727	0.5056818181818182	0.742492770967362	1.2394366197183098	4.0
