ID	Num. utterances	Num. tokens	Expression Lexicon Size (ELS)	Expression Variety (EV)	Expression Repetition (ER)	Voc. Overlap	ENTR	L	LMAX
dialogue_txt	18.0	224.0	32.0	0.14285714285714285	0.24553571428571427	0.3217391304347826	1.5331840107881372	1.6507936507936507	5.0
