ID	Num. utterances	Num. tokens	Expression Lexicon Size (ELS)	Expression Variety (EV)	Expression Repetition (ER)	Voc. Overlap	ENTR	L	LMAX
dialogue_txt	16.0	314.0	40.0	0.12738853503184713	0.23885350318471338	0.2549019607843137	0.9181652209391331	1.2653061224489797	4.0
