ID	S1	S2	S1/Initiated Expression (IE_S1)	S1/Expression Repetition (ER_S1)	S1/tokens (%)	S2/Initiated Expression (IE_S2)	S2/Expression Repetition (ER_S2)	S2/tokens (%)	Voc. Overlap S1	Voc. Overlap S2	SR/S1/ELS	SR/S1/EV	SR/S1/ER	SR/S1/ENTR	SR/S1/L	SR/S1/LMAX	SR/S2/ELS	SR/S2/EV	SR/S2/ER	SR/S2/ENTR	SR/S2/L	SR/S2/LMAX
dialogue_txt	Human 1	Human 2	0.675	0.1834319526627219	0.5382165605095541	0.325	0.30344827586206896	0.46178343949044587	0.3939393939393939	0.41935483870967744	26.0	0.14689265536723164	0.4067796610169492	0.83294582353614	1.2641509433962264	2.0	18.0	0.11764705882352941	0.3464052287581699	1.1055872616982603	1.6666666666666667	7.0
