ID	Num. utterances	Num. tokens	Expression Lexicon Size (ELS)	Expression Variety (EV)	Expression Repetition (ER)	Voc. Overlap	ENTR	L	LMAX
dialogue_txt	18.0	367.0	81.0	0.22070844686648503	0.5149863760217984	0.6694915254237288	1.0149233364874288	1.311881188118812	5.0
