ID	S1	S2	S1/Initiated Expression (IE_S1)	S1/Expression Repetition (ER_S1)	S1/tokens (%)	S2/Initiated Expression (IE_S2)	S2/Expression Repetition (ER_S2)	S2/tokens (%)	Voc. Overlap S1	Voc. Overlap S2	SR/S1/ELS	SR/S1/EV	SR/S1/ER	SR/S1/ENTR	SR/S1/L	SR/S1/LMAX	SR/S2/ELS	SR/S2/EV	SR/S2/ER	SR/S2/ENTR	SR/S2/L	SR/S2/LMAX
dialogue_txt	Human 1	Human 2	0.7333333333333333	0.125	0.43010752688172044	0.26666666666666666	0.39622641509433965	0.5698924731182796	0.5932203389830508	0.5384615384615384	6.0	0.06896551724137931	0.1724137931034483	-0.0	1.0	1.0	16.0	0.14035087719298245	0.47368421052631576	0.9493380569167225	1.6363636363636365	8.0
