ID	Num. utterances	Num. tokens	Expression Lexicon Size (ELS)	Expression Variety (EV)	Expression Repetition (ER)	Voc. Overlap	ENTR	L	LMAX
dialogue_txt	15.0	167.0	25.0	0.1497005988023952	0.25149700598802394	0.36046511627906974	1.0017277215547198	1.3333333333333333	3.0
