ID	S1	S2	S1/Initiated Expression (IE_S1)	S1/Expression Repetition (ER_S1)	S1/tokens (%)	S2/Initiated Expression (IE_S2)	S2/Expression Repetition (ER_S2)	S2/tokens (%)	Voc. Overlap S1	Voc. Overlap S2	SR/S1/ELS	SR/S1/EV	SR/S1/ER	SR/S1/ENTR	SR/S1/L	SR/S1/LMAX	SR/S2/ELS	SR/S2/EV	SR/S2/ER	SR/S2/ENTR	SR/S2/L	SR/S2/LMAX
dialogue_txt	Human 1	Human 2	0.8181818181818182	0.2138728323699422	0.5440251572327044	0.18181818181818182	0.45517241379310347	0.4559748427672956	0.4583333333333333	0.4943820224719101	26.0	0.143646408839779	0.4419889502762431	0.849092165846601	1.2321428571428572	3.0	19.0	0.12418300653594772	0.43790849673202614	1.05720679389148	1.5476190476190477	8.0
