ID	Num. utterances	Num. tokens	Expression Lexicon Size (ELS)	Expression Variety (EV)	Expression Repetition (ER)	Voc. Overlap	ENTR	L	LMAX
dialogue_txt	14.0	179.0	28.0	0.1564245810055866	0.29608938547486036	0.31958762886597936	1.1059468469898261	1.3571428571428572	4.0
