ID	Num. utterances	Num. tokens	Expression Lexicon Size (ELS)	Expression Variety (EV)	Expression Repetition (ER)	Voc. Overlap	ENTR	L	LMAX
dialogue_txt	16.0	315.0	54.0	0.17142857142857143	0.35873015873015873	0.36231884057971014	1.0508477845280086	1.356060606060606	5.0
