ID	Num. utterances	Num. tokens	Expression Lexicon Size (ELS)	Expression Variety (EV)	Expression Repetition (ER)	Voc. Overlap	ENTR	L	LMAX
dialogue_txt	15.0	234.0	31.0	0.13247863247863248	0.2606837606837607	0.23015873015873015	0.9008294582743763	1.263157894736842	4.0
