ID	Num. utterances	Num. tokens	Expression Lexicon Size (ELS)	Expression Variety (EV)	Expression Repetition (ER)	Voc. Overlap	ENTR	L	LMAX
dialogue_txt	16.0	228.0	36.0	0.15789473684210525	0.32456140350877194	0.36792452830188677	1.352011235422714	1.5443037974683544	4.0
