ID	Num. utterances	Num. tokens	Expression Lexicon Size (ELS)	Expression Variety (EV)	Expression Repetition (ER)	Voc. Overlap	ENTR	L	LMAX
dialogue_txt	16.0	269.0	38.0	0.1412639405204461	0.3308550185873606	0.3178294573643411	0.4362151473389564	1.0901639344262295	3.0
