ID	S1	S2	S1/Initiated Expression (IE_S1)	S1/Expression Repetition (ER_S1)	S1/tokens (%)	S2/Initiated Expression (IE_S2)	S2/Expression Repetition (ER_S2)	S2/tokens (%)	Voc. Overlap S1	Voc. Overlap S2	SR/S1/ELS	SR/S1/EV	SR/S1/ER	SR/S1/ENTR	SR/S1/L	SR/S1/LMAX	SR/S2/ELS	SR/S2/EV	SR/S2/ER	SR/S2/ENTR	SR/S2/L	SR/S2/LMAX
dialogue_txt	Human 1	Human 2	0.8064516129032258	0.16058394160583941	0.44193548387096776	0.1935483870967742	0.24855491329479767	0.5580645161290323	0.3409090909090909	0.29411764705882354	19.0	0.1310344827586207	0.36551724137931035	0.693127415328288	1.186046511627907	2.0	27.0	0.14835164835164835	0.47802197802197804	0.970343770796248	1.4666666666666666	5.0
