ID	Num. utterances	Num. tokens	Expression Lexicon Size (ELS)	Expression Variety (EV)	Expression Repetition (ER)	Voc. Overlap	ENTR	L	LMAX
dialogue_txt	15.0	155.0	22.0	0.14193548387096774	0.25806451612903225	0.313953488372093	0.7836138821246287	1.3137254901960784	4.0
