ID	S1	S2	S1/Initiated Expression (IE_S1)	S1/Expression Repetition (ER_S1)	S1/tokens (%)	S2/Initiated Expression (IE_S2)	S2/Expression Repetition (ER_S2)	S2/tokens (%)	Voc. Overlap S1	Voc. Overlap S2	SR/S1/ELS	SR/S1/EV	SR/S1/ER	SR/S1/ENTR	SR/S1/L	SR/S1/LMAX	SR/S2/ELS	SR/S2/EV	SR/S2/ER	SR/S2/ENTR	SR/S2/L	SR/S2/LMAX
dialogue_txt	Human 1	Human 2	0.75	0.12121212121212122	0.4258064516129032	0.25	0.5168539325842697	0.5741935483870968	0.6140350877192983	0.603448275862069	3.0	0.0410958904109589	0.0821917808219178	-0.0	1.0	1.0	18.0	0.1875	0.46875	0.8630653023129399	1.2432432432432432	3.0
