ID	Num. utterances	Num. tokens	Expression Lexicon Size (ELS)	Expression Variety (EV)	Expression Repetition (ER)	Voc. Overlap	ENTR	L	LMAX
dialogue_txt	16.0	328.0	49.0	0.14939024390243902	0.34146341463414637	0.3448275862068966	0.8038347353933513	1.2158273381294964	3.0
