ID	Num. utterances	Num. tokens	Expression Lexicon Size (ELS)	Expression Variety (EV)	Expression Repetition (ER)	Voc. Overlap	ENTR	L	LMAX
dialogue_txt	16.0	119.0	28.0	0.23529411764705882	0.40336134453781514	0.46153846153846156	0.8710241897828372	1.2424242424242424	3.0
