ID	Num. utterances	Num. tokens	Expression Lexicon Size (ELS)	Expression Variety (EV)	Expression Repetition (ER)	Voc. Overlap	ENTR	L	LMAX
dialogue_txt	16.0	276.0	34.0	0.12318840579710146	0.29347826086956524	0.2605633802816901	0.7166154581922789	1.198019801980198	4.0
