ID	Num. utterances	Num. tokens	Expression Lexicon Size (ELS)	Expression Variety (EV)	Expression Repetition (ER)	Voc. Overlap	ENTR	L	LMAX
dialogue_txt	15.0	165.0	32.0	0.19393939393939394	0.3696969696969697	0.41975308641975306	0.9844664168060624	1.3066666666666666	3.0
