ID	S1	S2	S1/Initiated Expression (IE_S1)	S1/Expression Repetition (ER_S1)	S1/tokens (%)	S2/Initiated Expression (IE_S2)	S2/Expression Repetition (ER_S2)	S2/tokens (%)	Voc. Overlap S1	Voc. Overlap S2	SR/S1/ELS	SR/S1/EV	SR/S1/ER	SR/S1/ENTR	SR/S1/L	SR/S1/LMAX	SR/S2/ELS	SR/S2/EV	SR/S2/ER	SR/S2/ENTR	SR/S2/L	SR/S2/LMAX
dialogue_txt	Human 1	Human 2	0.6428571428571429	0.18120805369127516	0.5120274914089347	0.35714285714285715	0.4507042253521127	0.4879725085910653	0.4489795918367347	0.5301204819277109	14.0	0.08974358974358974	0.27564102564102566	0.7355085815538398	1.206896551724138	2.0	25.0	0.16778523489932887	0.5100671140939598	0.9217544759335055	1.3571428571428572	5.0
