ID	S1	S2	S1/Initiated Expression (IE_S1)	S1/Expression Repetition (ER_S1)	S1/tokens (%)	S2/Initiated Expression (IE_S2)	S2/Expression Repetition (ER_S2)	S2/tokens (%)	Voc. Overlap S1	Voc. Overlap S2	SR/S1/ELS	SR/S1/EV	SR/S1/ER	SR/S1/ENTR	SR/S1/L	SR/S1/LMAX	SR/S2/ELS	SR/S2/EV	SR/S2/ER	SR/S2/ENTR	SR/S2/L	SR/S2/LMAX
dialogue_txt	Human 1	Human 2	0.7777777777777778	0.18018018018018017	0.5068493150684932	0.2222222222222222	0.5740740740740741	0.4931506849315068	0.5333333333333333	0.6557377049180327	15.0	0.1271186440677966	0.3644067796610169	1.014097655573916	1.3125	3.0	12.0	0.10344827586206896	0.5517241379310345	1.667951197198645	3.210526315789474	13.0
