ID	S1	S2	S1/Initiated Expression (IE_S1)	S1/Expression Repetition (ER_S1)	S1/tokens (%)	S2/Initiated Expression (IE_S2)	S2/Expression Repetition (ER_S2)	S2/tokens (%)	Voc. Overlap S1	Voc. Overlap S2	SR/S1/ELS	SR/S1/EV	SR/S1/ER	SR/S1/ENTR	SR/S1/L	SR/S1/LMAX	SR/S2/ELS	SR/S2/EV	SR/S2/ER	SR/S2/ENTR	SR/S2/L	SR/S2/LMAX
dialogue_txt	Human 1	Human 2	0.92	0.06569343065693431	0.4875444839857651	0.08	0.5833333333333334	0.5124555160142349	0.5161290322580645	0.6075949367088608	11.0	0.07534246575342465	0.21232876712328766	0.4262286569981449	1.173913043478261	3.0	27.0	0.17647058823529413	0.5816993464052288	1.3838077354640825	1.5789473684210527	3.0
