ID	S1	S2	S1/Initiated Expression (IE_S1)	S1/Expression Repetition (ER_S1)	S1/tokens (%)	S2/Initiated Expression (IE_S2)	S2/Expression Repetition (ER_S2)	S2/tokens (%)	Voc. Overlap S1	Voc. Overlap S2	SR/S1/ELS	SR/S1/EV	SR/S1/ER	SR/S1/ENTR	SR/S1/L	SR/S1/LMAX	SR/S2/ELS	SR/S2/EV	SR/S2/ER	SR/S2/ENTR	SR/S2/L	SR/S2/LMAX
dialogue_txt	Human 1	Human 2	0.8888888888888888	0.09090909090909091	0.5125448028673835	0.1111111111111111	0.5808823529411765	0.4874551971326165	0.5096153846153846	0.6022727272727273	14.0	0.09333333333333334	0.26	0.32984607020714635	1.0606060606060606	2.0	25.0	0.17482517482517482	0.45454545454545453	0.8349132007482896	1.2264150943396226	3.0
