ID	Num. utterances	Num. tokens	Expression Lexicon Size (ELS)	Expression Variety (EV)	Expression Repetition (ER)	Voc. Overlap	ENTR	L	LMAX
dialogue_txt	14.0	279.0	54.0	0.1935483870967742	0.32974910394265233	0.381294964028777	0.91820085194927	1.3070866141732282	6.0
