ID	Num. utterances	Num. tokens	Expression Lexicon Size (ELS)	Expression Variety (EV)	Expression Repetition (ER)	Voc. Overlap	ENTR	L	LMAX
dialogue_txt	15.0	244.0	31.0	0.12704918032786885	0.22540983606557377	0.23404255319148937	0.448968499339056	1.0987654320987654	3.0
