ID	Num. utterances	Num. tokens	Expression Lexicon Size (ELS)	Expression Variety (EV)	Expression Repetition (ER)	Voc. Overlap	ENTR	L	LMAX
dialogue_txt	18.0	189.0	28.0	0.14814814814814814	0.31216931216931215	0.3118279569892473	0.9443980477884911	1.2816901408450705	3.0
