ID	Num. utterances	Num. tokens	Expression Lexicon Size (ELS)	Expression Variety (EV)	Expression Repetition (ER)	Voc. Overlap	ENTR	L	LMAX
dialogue_txt	15.0	219.0	31.0	0.1415525114155251	0.319634703196347	0.3238095238095238	0.6482566176177649	1.1538461538461537	3.0
