ID	S1	S2	S1/Initiated Expression (IE_S1)	S1/Expression Repetition (ER_S1)	S1/tokens (%)	S2/Initiated Expression (IE_S2)	S2/Expression Repetition (ER_S2)	S2/tokens (%)	Voc. Overlap S1	Voc. Overlap S2	SR/S1/ELS	SR/S1/EV	SR/S1/ER	SR/S1/ENTR	SR/S1/L	SR/S1/LMAX	SR/S2/ELS	SR/S2/EV	SR/S2/ER	SR/S2/ENTR	SR/S2/L	SR/S2/LMAX
dialogue_txt	Human 1	Human 2	0.8611111111111112	0.14084507042253522	0.3879781420765027	0.1388888888888889	0.49107142857142855	0.6120218579234973	0.6481481481481481	0.546875	7.0	0.08860759493670886	0.21518987341772153	0.5916727785823274	1.1428571428571428	2.0	23.0	0.19166666666666668	0.525	1.0766029385821068	1.3541666666666667	4.0
