ID	Num. utterances	Num. tokens	Expression Lexicon Size (ELS)	Expression Variety (EV)	Expression Repetition (ER)	Voc. Overlap	ENTR	L	LMAX
dialogue_txt	16.0	313.0	52.0	0.16613418530351437	0.3450479233226837	0.3288590604026846	0.832073470434714	1.2408759124087592	5.0
