ID	Num. utterances	Num. tokens	Expression Lexicon Size (ELS)	Expression Variety (EV)	Expression Repetition (ER)	Voc. Overlap	ENTR	L	LMAX
dialogue_txt	18.0	290.0	46.0	0.15862068965517243	0.4103448275862069	0.3474576271186441	1.0842344315041976	1.3571428571428572	5.0
