ID	Num. utterances	Num. tokens	Expression Lexicon Size (ELS)	Expression Variety (EV)	Expression Repetition (ER)	Voc. Overlap	ENTR	L	LMAX
dialogue_txt	19.0	456.0	56.0	0.12280701754385964	0.2982456140350877	0.24789915966386555	0.8073662750057431	1.2147239263803682	3.0
