ID	Num. utterances	Num. tokens	Expression Lexicon Size (ELS)	Expression Variety (EV)	Expression Repetition (ER)	Voc. Overlap	ENTR	L	LMAX
dialogue_txt	16.0	314.0	40.0	0.12738853503184713	0.3089171974522293	0.24528301886792453	0.9086539335415877	1.2592592592592593	3.0
