ID	S1	S2	S1/Initiated Expression (IE_S1)	S1/Expression Repetition (ER_S1)	S1/tokens (%)	S2/Initiated Expression (IE_S2)	S2/Expression Repetition (ER_S2)	S2/tokens (%)	Voc. Overlap S1	Voc. Overlap S2	SR/S1/ELS	SR/S1/EV	SR/S1/ER	SR/S1/ENTR	SR/S1/L	SR/S1/LMAX	SR/S2/ELS	SR/S2/EV	SR/S2/ER	SR/S2/ENTR	SR/S2/L	SR/S2/LMAX
dialogue_txt	Human 1	Human 2	0.625	0.22627737226277372	0.45514950166112955	0.375	0.3719512195121951	0.5448504983388704	0.375	0.39285714285714285	14.0	0.09655172413793103	0.296551724137931	0.8503259045049341	1.3214285714285714	4.0	27.0	0.1569767441860465	0.5755813953488372	2.158296640724761	2.297872340425532	7.0
