ID	Num. utterances	Num. tokens	Expression Lexicon Size (ELS)	Expression Variety (EV)	Expression Repetition (ER)	Voc. Overlap	ENTR	L	LMAX
dialogue_txt	18.0	198.0	21.0	0.10606060606060606	0.17676767676767677	0.21367521367521367	0.7441942138263226	1.1923076923076923	3.0
