ID	S1	S2	S1/Initiated Expression (IE_S1)	S1/Expression Repetition (ER_S1)	S1/tokens (%)	S2/Initiated Expression (IE_S2)	S2/Expression Repetition (ER_S2)	S2/tokens (%)	Voc. Overlap S1	Voc. Overlap S2	SR/S1/ELS	SR/S1/EV	SR/S1/ER	SR/S1/ENTR	SR/S1/L	SR/S1/LMAX	SR/S2/ELS	SR/S2/EV	SR/S2/ER	SR/S2/ENTR	SR/S2/L	SR/S2/LMAX
dialogue_txt	Human 1	Human 2	0.8333333333333334	0.1897810218978102	0.5756302521008403	0.16666666666666666	0.5445544554455446	0.42436974789915966	0.4659090909090909	0.6119402985074627	19.0	0.1310344827586207	0.36551724137931035	0.693127415328288	1.186046511627907	2.0	13.0	0.11818181818181818	0.32727272727272727	0.35335933502142136	1.0666666666666667	2.0
