ID	Num. utterances	Num. tokens	Expression Lexicon Size (ELS)	Expression Variety (EV)	Expression Repetition (ER)	Voc. Overlap	ENTR	L	LMAX
dialogue_txt	17.0	238.0	36.0	0.15126050420168066	0.3403361344537815	0.35964912280701755	0.7196874871236942	1.1904761904761905	4.0
