ID	Num. utterances	Num. tokens	Expression Lexicon Size (ELS)	Expression Variety (EV)	Expression Repetition (ER)	Voc. Overlap	ENTR	L	LMAX
dialogue_txt	16.0	273.0	41.0	0.15018315018315018	0.36996336996337	0.39814814814814814	1.1939632125686714	1.4054054054054055	4.0
