ID	Num. utterances	Num. tokens	Expression Lexicon Size (ELS)	Expression Variety (EV)	Expression Repetition (ER)	Voc. Overlap	ENTR	L	LMAX
dialogue_txt	16.0	305.0	44.0	0.14426229508196722	0.30491803278688523	0.31851851851851853	0.6452827360454324	1.1746031746031746	3.0
