ID	Num. utterances	Num. tokens	Expression Lexicon Size (ELS)	Expression Variety (EV)	Expression Repetition (ER)	Voc. Overlap	ENTR	L	LMAX
dialogue_txt	13.0	239.0	37.0	0.15481171548117154	0.28870292887029286	0.2777777777777778	0.8009453301700576	1.2127659574468086	3.0
