ID	Num. utterances	Num. tokens	Expression Lexicon Size (ELS)	Expression Variety (EV)	Expression Repetition (ER)	Voc. Overlap	ENTR	L	LMAX
dialogue_txt	13.0	255.0	39.0	0.15294117647058825	0.3764705882352941	0.46017699115044247	1.317682814736149	1.5154639175257731	7.0
