ID	Num. utterances	Num. tokens	Expression Lexicon Size (ELS)	Expression Variety (EV)	Expression Repetition (ER)	Voc. Overlap	ENTR	L	LMAX
dialogue_txt	15.0	231.0	20.0	0.08658008658008658	0.2857142857142857	0.20535714285714285	0.5440423858688908	1.1527777777777777	4.0
