ID	Num. utterances	Num. tokens	Expression Lexicon Size (ELS)	Expression Variety (EV)	Expression Repetition (ER)	Voc. Overlap	ENTR	L	LMAX
dialogue_txt	16.0	271.0	34.0	0.12546125461254612	0.2952029520295203	0.3162393162393162	0.7633336071150318	1.2061855670103092	3.0
