ID	S1	S2	S1/Initiated Expression (IE_S1)	S1/Expression Repetition (ER_S1)	S1/tokens (%)	S2/Initiated Expression (IE_S2)	S2/Expression Repetition (ER_S2)	S2/tokens (%)	Voc. Overlap S1	Voc. Overlap S2	SR/S1/ELS	SR/S1/EV	SR/S1/ER	SR/S1/ENTR	SR/S1/L	SR/S1/LMAX	SR/S2/ELS	SR/S2/EV	SR/S2/ER	SR/S2/ENTR	SR/S2/L	SR/S2/LMAX
dialogue_txt	Human 1	Human 2	0.8260869565217391	0.19327731092436976	0.4375	0.17391304347826086	0.6143790849673203	0.5625	0.5238095238095238	0.5432098765432098	12.0	0.09448818897637795	0.3228346456692913	0.3372900666170139	1.125	3.0	33.0	0.2037037037037037	0.6111111111111112	0.7916153044721921	1.2077922077922079	3.0
