ID	S1	S2	S1/Initiated Expression (IE_S1)	S1/Expression Repetition (ER_S1)	S1/tokens (%)	S2/Initiated Expression (IE_S2)	S2/Expression Repetition (ER_S2)	S2/tokens (%)	Voc. Overlap S1	Voc. Overlap S2	SR/S1/ELS	SR/S1/EV	SR/S1/ER	SR/S1/ENTR	SR/S1/L	SR/S1/LMAX	SR/S2/ELS	SR/S2/EV	SR/S2/ER	SR/S2/ENTR	SR/S2/L	SR/S2/LMAX
dialogue_txt	Human 1	Human 2	0.6363636363636364	0.06060606060606061	0.39520958083832336	0.36363636363636365	0.39603960396039606	0.6047904191616766	0.5087719298245614	0.48333333333333334	3.0	0.0410958904109589	0.0821917808219178	-0.0	1.0	1.0	15.0	0.1388888888888889	0.4351851851851852	1.40407541345106	1.6129032258064515	3.0
