ID	S1	S2	S1/Initiated Expression (IE_S1)	S1/Expression Repetition (ER_S1)	S1/tokens (%)	S2/Initiated Expression (IE_S2)	S2/Expression Repetition (ER_S2)	S2/tokens (%)	Voc. Overlap S1	Voc. Overlap S2	SR/S1/ELS	SR/S1/EV	SR/S1/ER	SR/S1/ENTR	SR/S1/L	SR/S1/LMAX	SR/S2/ELS	SR/S2/EV	SR/S2/ER	SR/S2/ENTR	SR/S2/L	SR/S2/LMAX
dialogue_txt	Human 1	Human 2	0.8909090909090909	0.1568627450980392	0.5368421052631579	0.10909090909090909	0.6893939393939394	0.4631578947368421	0.5238095238095238	0.7142857142857143	17.0	0.10625	0.33125	0.7742433029172697	1.263157894736842	4.0	25.0	0.17857142857142858	0.4928571428571429	0.5851569902762292	1.1403508771929824	2.0
