ID	Num. utterances	Num. tokens	Expression Lexicon Size (ELS)	Expression Variety (EV)	Expression Repetition (ER)	Voc. Overlap	ENTR	L	LMAX
dialogue_txt	18.0	249.0	17.0	0.06827309236947791	0.1606425702811245	0.17647058823529413	0.4912373418243331	1.1071428571428572	2.0
