ID	S1	S2	S1/Initiated Expression (IE_S1)	S1/Expression Repetition (ER_S1)	S1/tokens (%)	S2/Initiated Expression (IE_S2)	S2/Expression Repetition (ER_S2)	S2/tokens (%)	Voc. Overlap S1	Voc. Overlap S2	SR/S1/ELS	SR/S1/EV	SR/S1/ER	SR/S1/ENTR	SR/S1/L	SR/S1/LMAX	SR/S2/ELS	SR/S2/EV	SR/S2/ER	SR/S2/ENTR	SR/S2/L	SR/S2/LMAX
dialogue_txt	Human 1	Human 2	0.65625	0.1935483870967742	0.42660550458715596	0.34375	0.336	0.573394495412844	0.43478260869565216	0.410958904109589	8.0	0.08	0.21	0.5225593745369408	1.1176470588235294	2.0	21.0	0.1590909090909091	0.5378787878787878	1.7870428120319044	1.9189189189189189	4.0
