ID	Num. utterances	Num. tokens	Expression Lexicon Size (ELS)	Expression Variety (EV)	Expression Repetition (ER)	Voc. Overlap	ENTR	L	LMAX
dialogue_txt	18.0	198.0	25.0	0.12626262626262627	0.25252525252525254	0.24271844660194175	0.8100745047096363	1.2153846153846153	3.0
