ID	Num. utterances	Num. tokens	Expression Lexicon Size (ELS)	Expression Variety (EV)	Expression Repetition (ER)	Voc. Overlap	ENTR	L	LMAX
dialogue_txt	15.0	293.0	31.0	0.10580204778156997	0.32081911262798635	0.2462686567164179	0.3576467062456332	1.0677966101694916	2.0
