ID	Num. utterances	Num. tokens	Expression Lexicon Size (ELS)	Expression Variety (EV)	Expression Repetition (ER)	Voc. Overlap	ENTR	L	LMAX
dialogue_txt	16.0	321.0	49.0	0.1526479750778816	0.3115264797507788	0.30128205128205127	0.9055706785055477	1.2748091603053435	5.0
