ID	S1	S2	S1/Initiated Expression (IE_S1)	S1/Expression Repetition (ER_S1)	S1/tokens (%)	S2/Initiated Expression (IE_S2)	S2/Expression Repetition (ER_S2)	S2/tokens (%)	Voc. Overlap S1	Voc. Overlap S2	SR/S1/ELS	SR/S1/EV	SR/S1/ER	SR/S1/ENTR	SR/S1/L	SR/S1/LMAX	SR/S2/ELS	SR/S2/EV	SR/S2/ER	SR/S2/ENTR	SR/S2/L	SR/S2/LMAX
dialogue_txt	Human 1	Human 2	0.9411764705882353	0.061224489795918366	0.460093896713615	0.058823529411764705	0.5652173913043478	0.539906103286385	0.5373134328358209	0.5294117647058824	12.0	0.11214953271028037	0.2616822429906542	0.4021791902022728	1.08	2.0	15.0	0.12096774193548387	0.5080645161290323	1.6030242373675732	1.9375	7.0
