ID	Num. utterances	Num. tokens	Expression Lexicon Size (ELS)	Expression Variety (EV)	Expression Repetition (ER)	Voc. Overlap	ENTR	L	LMAX
dialogue_txt	16.0	209.0	34.0	0.16267942583732056	0.3923444976076555	0.37777777777777777	1.2093725408935472	1.411764705882353	4.0
