ID	Num. utterances	Num. tokens	Expression Lexicon Size (ELS)	Expression Variety (EV)	Expression Repetition (ER)	Voc. Overlap	ENTR	L	LMAX
dialogue_txt	16.0	272.0	29.0	0.10661764705882353	0.29411764705882354	0.208955223880597	0.5032583347756457	1.1111111111111112	2.0
