ID	S1	S2	S1/Initiated Expression (IE_S1)	S1/Expression Repetition (ER_S1)	S1/tokens (%)	S2/Initiated Expression (IE_S2)	S2/Expression Repetition (ER_S2)	S2/tokens (%)	Voc. Overlap S1	Voc. Overlap S2	SR/S1/ELS	SR/S1/EV	SR/S1/ER	SR/S1/ENTR	SR/S1/L	SR/S1/LMAX	SR/S2/ELS	SR/S2/EV	SR/S2/ER	SR/S2/ENTR	SR/S2/L	SR/S2/LMAX
dialogue_txt	Human 1	Human 2	0.6129032258064516	0.23846153846153847	0.5138339920948617	0.3870967741935484	0.3008130081300813	0.48616600790513836	0.38372093023255816	0.4177215189873418	14.0	0.10218978102189781	0.3357664233576642	0.4854607607459134	1.105263157894737	2.0	19.0	0.1450381679389313	0.4580152671755725	1.5936132774397977	1.7428571428571429	4.0
