ID	Num. utterances	Num. tokens	Expression Lexicon Size (ELS)	Expression Variety (EV)	Expression Repetition (ER)	Voc. Overlap	ENTR	L	LMAX
dialogue_txt	19.0	358.0	49.0	0.13687150837988826	0.3324022346368715	0.31176470588235294	0.9384033804402747	1.3076923076923077	5.0
