ID	Num. utterances	Num. tokens	Expression Lexicon Size (ELS)	Expression Variety (EV)	Expression Repetition (ER)	Voc. Overlap	ENTR	L	LMAX
dialogue_txt	16.0	270.0	39.0	0.14444444444444443	0.31851851851851853	0.30578512396694213	0.8333454735591797	1.2293577981651376	3.0
