ID	S1	S2	S1/Initiated Expression (IE_S1)	S1/Expression Repetition (ER_S1)	S1/tokens (%)	S2/Initiated Expression (IE_S2)	S2/Expression Repetition (ER_S2)	S2/tokens (%)	Voc. Overlap S1	Voc. Overlap S2	SR/S1/ELS	SR/S1/EV	SR/S1/ER	SR/S1/ENTR	SR/S1/L	SR/S1/LMAX	SR/S2/ELS	SR/S2/EV	SR/S2/ER	SR/S2/ENTR	SR/S2/L	SR/S2/LMAX
dialogue_txt	Human 1	Human 2	0.7142857142857143	0.21839080459770116	0.3359073359073359	0.2857142857142857	0.18023255813953487	0.6640926640926641	0.42592592592592593	0.22330097087378642	12.0	0.125	0.3645833333333333	1.0676111603502403	1.434782608695652	4.0	26.0	0.14285714285714285	0.46703296703296704	1.4061518545101988	1.5769230769230769	4.0
