ID	Num. utterances	Num. tokens	Expression Lexicon Size (ELS)	Expression Variety (EV)	Expression Repetition (ER)	Voc. Overlap	ENTR	L	LMAX
dialogue_txt	15.0	243.0	26.0	0.10699588477366255	0.2222222222222222	0.22388059701492538	0.6609253742986911	1.178082191780822	3.0
