ID	Num. utterances	Num. tokens	Expression Lexicon Size (ELS)	Expression Variety (EV)	Expression Repetition (ER)	Voc. Overlap	ENTR	L	LMAX
dialogue_txt	21.0	273.0	34.0	0.12454212454212454	0.2454212454212454	0.27611940298507465	0.39124356362925566	1.0769230769230769	2.0
