ID	S1	S2	S1/Initiated Expression (IE_S1)	S1/Expression Repetition (ER_S1)	S1/tokens (%)	S2/Initiated Expression (IE_S2)	S2/Expression Repetition (ER_S2)	S2/tokens (%)	Voc. Overlap S1	Voc. Overlap S2	SR/S1/ELS	SR/S1/EV	SR/S1/ER	SR/S1/ENTR	SR/S1/L	SR/S1/LMAX	SR/S2/ELS	SR/S2/EV	SR/S2/ER	SR/S2/ENTR	SR/S2/L	SR/S2/LMAX
dialogue_txt	Human 1	Human 2	0.8292682926829268	0.1794871794871795	0.5	0.17073170731707318	0.5128205128205128	0.5	0.5507246376811594	0.5428571428571428	19.0	0.15079365079365079	0.4126984126984127	1.242370874393215	1.457142857142857	3.0	24.0	0.19047619047619047	0.4603174603174603	0.5225593745369408	1.1176470588235294	2.0
