ID	Num. utterances	Num. tokens	Expression Lexicon Size (ELS)	Expression Variety (EV)	Expression Repetition (ER)	Voc. Overlap	ENTR	L	LMAX
dialogue_txt	8.0	107.0	17.0	0.1588785046728972	0.2523364485981308	0.3114754098360656	1.2112938253354983	1.4545454545454546	3.0
