ID	Num. utterances	Num. tokens	Expression Lexicon Size (ELS)	Expression Variety (EV)	Expression Repetition (ER)	Voc. Overlap	ENTR	L	LMAX
dialogue_txt	16.0	249.0	30.0	0.12048192771084337	0.28112449799196787	0.2920353982300885	1.1621620994767428	1.4556962025316456	6.0
