ID	Num. utterances	Num. tokens	Expression Lexicon Size (ELS)	Expression Variety (EV)	Expression Repetition (ER)	Voc. Overlap	ENTR	L	LMAX
dialogue_txt	16.0	319.0	48.0	0.15047021943573669	0.3730407523510972	0.3695652173913043	1.03523271819526	1.3587786259541985	6.0
