ID	Num. utterances	Num. tokens	Expression Lexicon Size (ELS)	Expression Variety (EV)	Expression Repetition (ER)	Voc. Overlap	ENTR	L	LMAX
dialogue_txt	17.0	279.0	44.0	0.15770609318996415	0.3655913978494624	0.36507936507936506	1.0668038082827647	1.3620689655172413	4.0
