ID	Num. utterances	Num. tokens	Expression Lexicon Size (ELS)	Expression Variety (EV)	Expression Repetition (ER)	Voc. Overlap	ENTR	L	LMAX
dialogue_txt	15.0	252.0	37.0	0.14682539682539683	0.2698412698412698	0.3106060606060606	1.3744198792034383	1.518987341772152	4.0
