ID	S1	S2	S1/Initiated Expression (IE_S1)	S1/Expression Repetition (ER_S1)	S1/tokens (%)	S2/Initiated Expression (IE_S2)	S2/Expression Repetition (ER_S2)	S2/tokens (%)	Voc. Overlap S1	Voc. Overlap S2	SR/S1/ELS	SR/S1/EV	SR/S1/ER	SR/S1/ENTR	SR/S1/L	SR/S1/LMAX	SR/S2/ELS	SR/S2/EV	SR/S2/ER	SR/S2/ENTR	SR/S2/L	SR/S2/LMAX
dialogue_txt	Human 1	Human 2	0.8	0.22988505747126436	0.32706766917293234	0.2	0.2849162011173184	0.6729323308270677	0.42592592592592593	0.27710843373493976	12.0	0.125	0.3645833333333333	1.0676111603502403	1.434782608695652	4.0	35.0	0.18518518518518517	0.6666666666666666	1.5710233348780567	1.7397260273972603	6.0
