ID	S1	S2	S1/Initiated Expression (IE_S1)	S1/Expression Repetition (ER_S1)	S1/tokens (%)	S2/Initiated Expression (IE_S2)	S2/Expression Repetition (ER_S2)	S2/tokens (%)	Voc. Overlap S1	Voc. Overlap S2	SR/S1/ELS	SR/S1/EV	SR/S1/ER	SR/S1/ENTR	SR/S1/L	SR/S1/LMAX	SR/S2/ELS	SR/S2/EV	SR/S2/ER	SR/S2/ENTR	SR/S2/L	SR/S2/LMAX
dialogue_txt	Human 1	Human 2	0.6956521739130435	0.1320754716981132	0.26903553299492383	0.30434782608695654	0.2638888888888889	0.7309644670050761	0.6666666666666666	0.28888888888888886	5.0	0.08064516129032258	0.16129032258064516	-0.0	1.0	1.0	24.0	0.1568627450980392	0.5294117647058824	1.1222468535921943	1.6122448979591837	7.0
