ID	S1	S2	S1/Initiated Expression (IE_S1)	S1/Expression Repetition (ER_S1)	S1/tokens (%)	S2/Initiated Expression (IE_S2)	S2/Expression Repetition (ER_S2)	S2/tokens (%)	Voc. Overlap S1	Voc. Overlap S2	SR/S1/ELS	SR/S1/EV	SR/S1/ER	SR/S1/ENTR	SR/S1/L	SR/S1/LMAX	SR/S2/ELS	SR/S2/EV	SR/S2/ER	SR/S2/ENTR	SR/S2/L	SR/S2/LMAX
dialogue_txt	Human 1	Human 2	0.7931034482758621	0.14285714285714285	0.5	0.20689655172413793	0.37815126050420167	0.5	0.32142857142857145	0.36486486486486486	12.0	0.09448818897637795	0.3228346456692913	0.3372900666170139	1.125	3.0	18.0	0.140625	0.40625	0.6098403047164004	1.15	2.0
