ID	Num. utterances	Num. tokens	Expression Lexicon Size (ELS)	Expression Variety (EV)	Expression Repetition (ER)	Voc. Overlap	ENTR	L	LMAX
dialogue_txt	17.0	238.0	29.0	0.12184873949579832	0.2605042016806723	0.20610687022900764	0.7564041945982505	1.2179487179487178	2.0
