ID	S1	S2	S1/Initiated Expression (IE_S1)	S1/Expression Repetition (ER_S1)	S1/tokens (%)	S2/Initiated Expression (IE_S2)	S2/Expression Repetition (ER_S2)	S2/tokens (%)	Voc. Overlap S1	Voc. Overlap S2	SR/S1/ELS	SR/S1/EV	SR/S1/ER	SR/S1/ENTR	SR/S1/L	SR/S1/LMAX	SR/S2/ELS	SR/S2/EV	SR/S2/ER	SR/S2/ENTR	SR/S2/L	SR/S2/LMAX
dialogue_txt	Human 1	Human 2	0.813953488372093	0.15436241610738255	0.6081632653061224	0.18604651162790697	0.7083333333333334	0.39183673469387753	0.45918367346938777	0.8181818181818182	14.0	0.08974358974358974	0.27564102564102566	0.7355085815538398	1.206896551724138	2.0	18.0	0.17475728155339806	0.46601941747572817	0.7531979910695014	1.2162162162162162	2.0
