ID	S1	S2	S1/Initiated Expression (IE_S1)	S1/Expression Repetition (ER_S1)	S1/tokens (%)	S2/Initiated Expression (IE_S2)	S2/Expression Repetition (ER_S2)	S2/tokens (%)	Voc. Overlap S1	Voc. Overlap S2	SR/S1/ELS	SR/S1/EV	SR/S1/ER	SR/S1/ENTR	SR/S1/L	SR/S1/LMAX	SR/S2/ELS	SR/S2/EV	SR/S2/ER	SR/S2/ENTR	SR/S2/L	SR/S2/LMAX
dialogue_txt	Human 1	Human 2	0.696969696969697	0.15476190476190477	0.4117647058823529	0.30303030303030304	0.375	0.5882352941176471	0.5573770491803278	0.44155844155844154	9.0	0.0989010989010989	0.23076923076923078	-0.0	1.0	1.0	19.0	0.1484375	0.375	0.9444885341662053	1.2777777777777777	3.0
