ID	Num. utterances	Num. tokens	Expression Lexicon Size (ELS)	Expression Variety (EV)	Expression Repetition (ER)	Voc. Overlap	ENTR	L	LMAX
dialogue_txt	18.0	223.0	29.0	0.13004484304932734	0.27802690582959644	0.30275229357798167	1.0789227244502235	1.3661971830985915	5.0
