ID	S1	S2	S1/Initiated Expression (IE_S1)	S1/Expression Repetition (ER_S1)	S1/tokens (%)	S2/Initiated Expression (IE_S2)	S2/Expression Repetition (ER_S2)	S2/tokens (%)	Voc. Overlap S1	Voc. Overlap S2	SR/S1/ELS	SR/S1/EV	SR/S1/ER	SR/S1/ENTR	SR/S1/L	SR/S1/LMAX	SR/S2/ELS	SR/S2/EV	SR/S2/ER	SR/S2/ENTR	SR/S2/L	SR/S2/LMAX
dialogue_txt	Human 1	Human 2	0.8275862068965517	0.16326530612244897	0.43946188340807174	0.1724137931034483	0.368	0.5605381165919282	0.4925373134328358	0.44	12.0	0.11214953271028037	0.2616822429906542	0.4021791902022728	1.08	2.0	24.0	0.1791044776119403	0.4701492537313433	1.0238995733215066	1.3333333333333333	4.0
