ID	Num. utterances	Num. tokens	Expression Lexicon Size (ELS)	Expression Variety (EV)	Expression Repetition (ER)	Voc. Overlap	ENTR	L	LMAX
dialogue_txt	19.0	290.0	43.0	0.1482758620689655	0.33448275862068966	0.3333333333333333	0.9979756540173111	1.3217391304347825	5.0
