ID	S1	S2	S1/Initiated Expression (IE_S1)	S1/Expression Repetition (ER_S1)	S1/tokens (%)	S2/Initiated Expression (IE_S2)	S2/Expression Repetition (ER_S2)	S2/tokens (%)	Voc. Overlap S1	Voc. Overlap S2	SR/S1/ELS	SR/S1/EV	SR/S1/ER	SR/S1/ENTR	SR/S1/L	SR/S1/LMAX	SR/S2/ELS	SR/S2/EV	SR/S2/ER	SR/S2/ENTR	SR/S2/L	SR/S2/LMAX
dialogue_txt	Human 1	Human 2	0.6046511627906976	0.20689655172413793	0.4	0.3953488372093023	0.41954022988505746	0.6	0.55	0.4583333333333333	11.0	0.088	0.24	-0.0	1.0	1.0	34.0	0.18478260869565216	0.5380434782608695	0.9089420171620173	1.263157894736842	3.0
