ID	Num. utterances	Num. tokens	Expression Lexicon Size (ELS)	Expression Variety (EV)	Expression Repetition (ER)	Voc. Overlap	ENTR	L	LMAX
dialogue_txt	16.0	244.0	31.0	0.12704918032786885	0.21311475409836064	0.2556390977443609	0.5602793189843689	1.1282051282051282	3.0
