ID	Num. utterances	Num. tokens	Expression Lexicon Size (ELS)	Expression Variety (EV)	Expression Repetition (ER)	Voc. Overlap	ENTR	L	LMAX
dialogue_txt	16.0	322.0	56.0	0.17391304347826086	0.484472049689441	0.49166666666666664	1.227638427817351	1.4528301886792452	5.0
