ID	S1	S2	S1/Initiated Expression (IE_S1)	S1/Expression Repetition (ER_S1)	S1/tokens (%)	S2/Initiated Expression (IE_S2)	S2/Expression Repetition (ER_S2)	S2/tokens (%)	Voc. Overlap S1	Voc. Overlap S2	SR/S1/ELS	SR/S1/EV	SR/S1/ER	SR/S1/ENTR	SR/S1/L	SR/S1/LMAX	SR/S2/ELS	SR/S2/EV	SR/S2/ER	SR/S2/ENTR	SR/S2/L	SR/S2/LMAX
dialogue_txt	Human 1	Human 2	0.6470588235294118	0.21551724137931033	0.3706070287539936	0.35294117647058826	0.3197969543147208	0.6293929712460063	0.4125	0.32673267326732675	11.0	0.088	0.24	-0.0	1.0	1.0	36.0	0.17391304347826086	0.5797101449275363	1.7136665097808694	1.8235294117647058	5.0
