ID	Num. utterances	Num. tokens	Expression Lexicon Size (ELS)	Expression Variety (EV)	Expression Repetition (ER)	Voc. Overlap	ENTR	L	LMAX
dialogue_txt	15.0	151.0	20.0	0.13245033112582782	0.24503311258278146	0.2631578947368421	0.9246329720391453	1.3111111111111111	4.0
