ID	Num. utterances	Num. tokens	Expression Lexicon Size (ELS)	Expression Variety (EV)	Expression Repetition (ER)	Voc. Overlap	ENTR	L	LMAX
dialogue_txt	15.0	187.0	19.0	0.10160427807486631	0.19786096256684493	0.2169811320754717	0.6500224216483541	1.1666666666666667	2.0
