ID	S1	S2	S1/Initiated Expression (IE_S1)	S1/Expression Repetition (ER_S1)	S1/tokens (%)	S2/Initiated Expression (IE_S2)	S2/Expression Repetition (ER_S2)	S2/tokens (%)	Voc. Overlap S1	Voc. Overlap S2	SR/S1/ELS	SR/S1/EV	SR/S1/ER	SR/S1/ENTR	SR/S1/L	SR/S1/LMAX	SR/S2/ELS	SR/S2/EV	SR/S2/ER	SR/S2/ENTR	SR/S2/L	SR/S2/LMAX
dialogue_txt	Human 1	Human 2	0.7894736842105263	0.11188811188811189	0.5053003533568905	0.21052631578947367	0.38571428571428573	0.49469964664310956	0.40384615384615385	0.4158415841584158	14.0	0.09333333333333334	0.26	0.32984607020714635	1.0606060606060606	2.0	16.0	0.10884353741496598	0.3197278911564626	0.7883699704399463	1.2162162162162162	3.0
