ID	Num. utterances	Num. tokens	Expression Lexicon Size (ELS)	Expression Variety (EV)	Expression Repetition (ER)	Voc. Overlap	ENTR	L	LMAX
dialogue_txt	16.0	278.0	39.0	0.14028776978417265	0.32014388489208634	0.33587786259541985	0.7434738099672143	1.2072072072072073	4.0
