ID	Num. utterances	Num. tokens	Expression Lexicon Size (ELS)	Expression Variety (EV)	Expression Repetition (ER)	Voc. Overlap	ENTR	L	LMAX
dialogue_txt	16.0	321.0	59.0	0.1838006230529595	0.3613707165109034	0.3939393939393939	1.1401357740612077	1.381294964028777	4.0
