ID	Num. utterances	Num. tokens	Expression Lexicon Size (ELS)	Expression Variety (EV)	Expression Repetition (ER)	Voc. Overlap	ENTR	L	LMAX
dialogue_txt	18.0	217.0	35.0	0.16129032258064516	0.3317972350230415	0.36363636363636365	0.8932383016179274	1.2580645161290323	3.0
