ID	Num. utterances	Num. tokens	Expression Lexicon Size (ELS)	Expression Variety (EV)	Expression Repetition (ER)	Voc. Overlap	ENTR	L	LMAX
dialogue_txt	18.0	287.0	25.0	0.08710801393728224	0.20905923344947736	0.22535211267605634	0.8935102347087456	1.2638888888888888	3.0
