ID	S1	S2	S1/Initiated Expression (IE_S1)	S1/Expression Repetition (ER_S1)	S1/tokens (%)	S2/Initiated Expression (IE_S2)	S2/Expression Repetition (ER_S2)	S2/tokens (%)	Voc. Overlap S1	Voc. Overlap S2	SR/S1/ELS	SR/S1/EV	SR/S1/ER	SR/S1/ENTR	SR/S1/L	SR/S1/LMAX	SR/S2/ELS	SR/S2/EV	SR/S2/ER	SR/S2/ENTR	SR/S2/L	SR/S2/LMAX
dialogue_txt	Human 1	Human 2	0.8857142857142857	0.12087912087912088	0.4527363184079602	0.11428571428571428	0.5454545454545454	0.5472636815920398	0.5384615384615384	0.5147058823529411	12.0	0.12121212121212122	0.2828282828282828	-0.0	1.0	1.0	19.0	0.16101694915254236	0.4576271186440678	1.1249554939387574	1.3846153846153846	3.0
