ID	Num. utterances	Num. tokens	Expression Lexicon Size (ELS)	Expression Variety (EV)	Expression Repetition (ER)	Voc. Overlap	ENTR	L	LMAX
dialogue_txt	16.0	247.0	33.0	0.13360323886639677	0.2591093117408907	0.27419354838709675	1.3867259302571082	1.527027027027027	4.0
