ID	Num. utterances	Num. tokens	Expression Lexicon Size (ELS)	Expression Variety (EV)	Expression Repetition (ER)	Voc. Overlap	ENTR	L	LMAX
dialogue_txt	16.0	145.0	20.0	0.13793103448275862	0.35172413793103446	0.39705882352941174	2.0384811453813843	2.2857142857142856	8.0
