ID	Num. utterances	Num. tokens	Expression Lexicon Size (ELS)	Expression Variety (EV)	Expression Repetition (ER)	Voc. Overlap	ENTR	L	LMAX
dialogue_txt	16.0	210.0	38.0	0.18095238095238095	0.5142857142857142	0.4594594594594595	1.563156794134311	1.819277108433735	10.0
