ID	S1	S2	S1/Initiated Expression (IE_S1)	S1/Expression Repetition (ER_S1)	S1/tokens (%)	S2/Initiated Expression (IE_S2)	S2/Expression Repetition (ER_S2)	S2/tokens (%)	Voc. Overlap S1	Voc. Overlap S2	SR/S1/ELS	SR/S1/EV	SR/S1/ER	SR/S1/ENTR	SR/S1/L	SR/S1/LMAX	SR/S2/ELS	SR/S2/EV	SR/S2/ER	SR/S2/ENTR	SR/S2/L	SR/S2/LMAX
dialogue_txt	Human 1	Human 2	0.7894736842105263	0.09836065573770492	0.2904761904761905	0.21052631578947367	0.6845637583892618	0.7095238095238096	0.723404255319149	0.5573770491803278	8.0	0.11594202898550725	0.2463768115942029	-0.0	1.0	1.0	30.0	0.1910828025477707	0.7261146496815286	1.9938069622751202	2.3076923076923075	9.0
