ID	Num. utterances	Num. tokens	Expression Lexicon Size (ELS)	Expression Variety (EV)	Expression Repetition (ER)	Voc. Overlap	ENTR	L	LMAX
dialogue_txt	16.0	221.0	32.0	0.14479638009049775	0.3031674208144796	0.2782608695652174	0.5069923067544343	1.1123595505617978	2.0
