ID	S1	S2	S1/Initiated Expression (IE_S1)	S1/Expression Repetition (ER_S1)	S1/tokens (%)	S2/Initiated Expression (IE_S2)	S2/Expression Repetition (ER_S2)	S2/tokens (%)	Voc. Overlap S1	Voc. Overlap S2	SR/S1/ELS	SR/S1/EV	SR/S1/ER	SR/S1/ENTR	SR/S1/L	SR/S1/LMAX	SR/S2/ELS	SR/S2/EV	SR/S2/ER	SR/S2/ENTR	SR/S2/L	SR/S2/LMAX
dialogue_txt	Human 1	Human 2	0.8372093023255814	0.16546762589928057	0.4633333333333333	0.16279069767441862	0.5341614906832298	0.5366666666666666	0.4772727272727273	0.5915492957746479	17.0	0.11643835616438356	0.3698630136986301	0.9707450578356165	1.394736842105263	5.0	24.0	0.14285714285714285	0.6785714285714286	2.128962782264158	3.268292682926829	13.0
