ID	S1	S2	S1/Initiated Expression (IE_S1)	S1/Expression Repetition (ER_S1)	S1/tokens (%)	S2/Initiated Expression (IE_S2)	S2/Expression Repetition (ER_S2)	S2/tokens (%)	Voc. Overlap S1	Voc. Overlap S2	SR/S1/ELS	SR/S1/EV	SR/S1/ER	SR/S1/ENTR	SR/S1/L	SR/S1/LMAX	SR/S2/ELS	SR/S2/EV	SR/S2/ER	SR/S2/ENTR	SR/S2/L	SR/S2/LMAX
dialogue_txt	Human 1	Human 2	0.7916666666666666	0.18110236220472442	0.5019762845849802	0.20833333333333334	0.6111111111111112	0.4980237154150198	0.5679012345679012	0.647887323943662	16.0	0.11940298507462686	0.34328358208955223	0.6394571324851641	1.162162162162162	2.0	26.0	0.19402985074626866	0.582089552238806	0.9144941957746344	1.3389830508474576	4.0
