ID	S1	S2	S1/Initiated Expression (IE_S1)	S1/Expression Repetition (ER_S1)	S1/tokens (%)	S2/Initiated Expression (IE_S2)	S2/Expression Repetition (ER_S2)	S2/tokens (%)	Voc. Overlap S1	Voc. Overlap S2	SR/S1/ELS	SR/S1/EV	SR/S1/ER	SR/S1/ENTR	SR/S1/L	SR/S1/LMAX	SR/S2/ELS	SR/S2/EV	SR/S2/ER	SR/S2/ENTR	SR/S2/L	SR/S2/LMAX
dialogue_txt	Human 1	Human 2	0.6538461538461539	0.19444444444444445	0.29508196721311475	0.34615384615384615	0.28488372093023256	0.7049180327868853	0.5555555555555556	0.2830188679245283	9.0	0.1111111111111111	0.2716049382716049	0.4689955935892812	1.1	2.0	31.0	0.1712707182320442	0.5027624309392266	1.079439161649138	1.40625	4.0
