ID	S1	S2	S1/Initiated Expression (IE_S1)	S1/Expression Repetition (ER_S1)	S1/tokens (%)	S2/Initiated Expression (IE_S2)	S2/Expression Repetition (ER_S2)	S2/tokens (%)	Voc. Overlap S1	Voc. Overlap S2	SR/S1/ELS	SR/S1/EV	SR/S1/ER	SR/S1/ENTR	SR/S1/L	SR/S1/LMAX	SR/S2/ELS	SR/S2/EV	SR/S2/ER	SR/S2/ENTR	SR/S2/L	SR/S2/LMAX
dialogue_txt	Human 1	Human 2	0.6666666666666666	0.17857142857142858	0.448	0.3333333333333333	0.39855072463768115	0.552	0.4473684210526316	0.4533333333333333	11.0	0.09166666666666666	0.225	-0.0	1.0	1.0	17.0	0.11643835616438356	0.5616438356164384	1.791532589309066	2.025	6.0
