ID	S1	S2	S1/Initiated Expression (IE_S1)	S1/Expression Repetition (ER_S1)	S1/tokens (%)	S2/Initiated Expression (IE_S2)	S2/Expression Repetition (ER_S2)	S2/tokens (%)	Voc. Overlap S1	Voc. Overlap S2	SR/S1/ELS	SR/S1/EV	SR/S1/ER	SR/S1/ENTR	SR/S1/L	SR/S1/LMAX	SR/S2/ELS	SR/S2/EV	SR/S2/ER	SR/S2/ENTR	SR/S2/L	SR/S2/LMAX
dialogue_txt	Human 1	Human 2	0.8148148148148148	0.09523809523809523	0.4970414201183432	0.18518518518518517	0.5647058823529412	0.5029585798816568	0.5081967213114754	0.5636363636363636	9.0	0.0989010989010989	0.23076923076923078	-0.0	1.0	1.0	14.0	0.15053763440860216	0.3763440860215054	0.863120568566631	1.2857142857142858	2.0
