ID	Num. utterances	Num. tokens	Expression Lexicon Size (ELS)	Expression Variety (EV)	Expression Repetition (ER)	Voc. Overlap	ENTR	L	LMAX
dialogue_txt	14.0	298.0	40.0	0.1342281879194631	0.27181208053691275	0.3103448275862069	1.3146409945632522	1.6421052631578947	12.0
