ID	Num. utterances	Num. tokens	Expression Lexicon Size (ELS)	Expression Variety (EV)	Expression Repetition (ER)	Voc. Overlap	ENTR	L	LMAX
dialogue_txt	19.0	436.0	68.0	0.1559633027522936	0.38073394495412843	0.3489583333333333	0.7063421491516939	1.1979166666666667	6.0
