ID	S1	S2	S1/Initiated Expression (IE_S1)	S1/Expression Repetition (ER_S1)	S1/tokens (%)	S2/Initiated Expression (IE_S2)	S2/Expression Repetition (ER_S2)	S2/tokens (%)	Voc. Overlap S1	Voc. Overlap S2	SR/S1/ELS	SR/S1/EV	SR/S1/ER	SR/S1/ENTR	SR/S1/L	SR/S1/LMAX	SR/S2/ELS	SR/S2/EV	SR/S2/ER	SR/S2/ENTR	SR/S2/L	SR/S2/LMAX
dialogue_txt	Human 1	Human 2	0.7727272727272727	0.08333333333333333	0.4158415841584158	0.22727272727272727	0.3389830508474576	0.5841584158415841	0.47540983606557374	0.4142857142857143	9.0	0.0989010989010989	0.23076923076923078	-0.0	1.0	1.0	15.0	0.11904761904761904	0.5158730158730159	1.4135819199522097	2.7083333333333335	17.0
