ID	S1	S2	S1/Initiated Expression (IE_S1)	S1/Expression Repetition (ER_S1)	S1/tokens (%)	S2/Initiated Expression (IE_S2)	S2/Expression Repetition (ER_S2)	S2/tokens (%)	Voc. Overlap S1	Voc. Overlap S2	SR/S1/ELS	SR/S1/EV	SR/S1/ER	SR/S1/ENTR	SR/S1/L	SR/S1/LMAX	SR/S2/ELS	SR/S2/EV	SR/S2/ER	SR/S2/ENTR	SR/S2/L	SR/S2/LMAX
dialogue_txt	Human 1	Human 2	0.65625	0.19631901840490798	0.5207667731629393	0.34375	0.3466666666666667	0.4792332268370607	0.37	0.3978494623655914	22.0	0.12941176470588237	0.40588235294117647	1.194545119186222	1.4893617021276595	3.0	27.0	0.17088607594936708	0.5063291139240507	1.198117421130403	1.4285714285714286	3.0
