ID	Num. utterances	Num. tokens	Expression Lexicon Size (ELS)	Expression Variety (EV)	Expression Repetition (ER)	Voc. Overlap	ENTR	L	LMAX
dialogue_txt	15.0	195.0	23.0	0.11794871794871795	0.2358974358974359	0.25742574257425743	0.5491087450260073	1.126984126984127	2.0
