ID	Num. utterances	Num. tokens	Expression Lexicon Size (ELS)	Expression Variety (EV)	Expression Repetition (ER)	Voc. Overlap	ENTR	L	LMAX
dialogue_txt	14.0	282.0	28.0	0.09929078014184398	0.2198581560283688	0.2152777777777778	0.5916727785823274	1.1428571428571428	2.0
