ID	Num. utterances	Num. tokens	Expression Lexicon Size (ELS)	Expression Variety (EV)	Expression Repetition (ER)	Voc. Overlap	ENTR	L	LMAX
dialogue_txt	18.0	298.0	40.0	0.1342281879194631	0.2785234899328859	0.28346456692913385	0.7522759607993073	1.1929824561403508	3.0
