ID	S1	S2	S1/Initiated Expression (IE_S1)	S1/Expression Repetition (ER_S1)	S1/tokens (%)	S2/Initiated Expression (IE_S2)	S2/Expression Repetition (ER_S2)	S2/tokens (%)	Voc. Overlap S1	Voc. Overlap S2	SR/S1/ELS	SR/S1/EV	SR/S1/ER	SR/S1/ENTR	SR/S1/L	SR/S1/LMAX	SR/S2/ELS	SR/S2/EV	SR/S2/ER	SR/S2/ENTR	SR/S2/L	SR/S2/LMAX
dialogue_txt	Human 1	Human 2	0.775	0.17094017094017094	0.3926174496644295	0.225	0.34806629834254144	0.6073825503355704	0.5217391304347826	0.3829787234042553	19.0	0.15079365079365079	0.4126984126984127	1.242370874393215	1.457142857142857	3.0	34.0	0.17894736842105263	0.5263157894736842	1.2076184210450343	1.4305555555555556	3.0
