ID	S1	S2	S1/Initiated Expression (IE_S1)	S1/Expression Repetition (ER_S1)	S1/tokens (%)	S2/Initiated Expression (IE_S2)	S2/Expression Repetition (ER_S2)	S2/tokens (%)	Voc. Overlap S1	Voc. Overlap S2	SR/S1/ELS	SR/S1/EV	SR/S1/ER	SR/S1/ENTR	SR/S1/L	SR/S1/LMAX	SR/S2/ELS	SR/S2/EV	SR/S2/ER	SR/S2/ENTR	SR/S2/L	SR/S2/LMAX
dialogue_txt	Human 1	Human 2	0.8823529411764706	0.038461538461538464	0.4148936170212766	0.11764705882352941	0.6636363636363637	0.5851063829787234	0.631578947368421	0.6	7.0	0.08333333333333333	0.2261904761904762	0.5435644431995964	1.125	2.0	21.0	0.1794871794871795	0.5641025641025641	1.4213116517091984	1.7297297297297298	7.0
