ID	Num. utterances	Num. tokens	Expression Lexicon Size (ELS)	Expression Variety (EV)	Expression Repetition (ER)	Voc. Overlap	ENTR	L	LMAX
dialogue_txt	15.0	265.0	35.0	0.1320754716981132	0.27169811320754716	0.2589928057553957	0.4820661480830931	1.1041666666666667	2.0
