ID	S1	S2	S1/Initiated Expression (IE_S1)	S1/Expression Repetition (ER_S1)	S1/tokens (%)	S2/Initiated Expression (IE_S2)	S2/Expression Repetition (ER_S2)	S2/tokens (%)	Voc. Overlap S1	Voc. Overlap S2	SR/S1/ELS	SR/S1/EV	SR/S1/ER	SR/S1/ENTR	SR/S1/L	SR/S1/LMAX	SR/S2/ELS	SR/S2/EV	SR/S2/ER	SR/S2/ENTR	SR/S2/L	SR/S2/LMAX
dialogue_txt	Human 1	Human 2	0.7272727272727273	0.18705035971223022	0.5346153846153846	0.2727272727272727	0.38016528925619836	0.4653846153846154	0.4090909090909091	0.4444444444444444	17.0	0.11643835616438356	0.3698630136986301	0.9707450578356165	1.394736842105263	5.0	16.0	0.125	0.40625	1.2772018112022603	1.588235294117647	4.0
