ID	S1	S2	S1/Initiated Expression (IE_S1)	S1/Expression Repetition (ER_S1)	S1/tokens (%)	S2/Initiated Expression (IE_S2)	S2/Expression Repetition (ER_S2)	S2/tokens (%)	Voc. Overlap S1	Voc. Overlap S2	SR/S1/ELS	SR/S1/EV	SR/S1/ER	SR/S1/ENTR	SR/S1/L	SR/S1/LMAX	SR/S2/ELS	SR/S2/EV	SR/S2/ER	SR/S2/ENTR	SR/S2/L	SR/S2/LMAX
dialogue_txt	Human 1	Human 2	0.5294117647058824	0.21212121212121213	0.4074074074074074	0.47058823529411764	0.15625	0.5925925925925926	0.42857142857142855	0.25	8.0	0.1111111111111111	0.3611111111111111	1.4294732983598408	1.7333333333333334	3.0	11.0	0.10679611650485436	0.3300970873786408	1.0408520829727552	1.3333333333333333	3.0
