ID	S1	S2	S1/Initiated Expression (IE_S1)	S1/Expression Repetition (ER_S1)	S1/tokens (%)	S2/Initiated Expression (IE_S2)	S2/Expression Repetition (ER_S2)	S2/tokens (%)	Voc. Overlap S1	Voc. Overlap S2	SR/S1/ELS	SR/S1/EV	SR/S1/ER	SR/S1/ENTR	SR/S1/L	SR/S1/LMAX	SR/S2/ELS	SR/S2/EV	SR/S2/ER	SR/S2/ENTR	SR/S2/L	SR/S2/LMAX
dialogue_txt	Human 1	Human 2	0.631578947368421	0.125	0.41450777202072536	0.3684210526315789	0.20353982300884957	0.5854922279792746	0.4576271186440678	0.4153846153846154	6.0	0.06896551724137931	0.1724137931034483	-0.0	1.0	1.0	14.0	0.11570247933884298	0.512396694214876	1.6784124677945969	2.5833333333333335	14.0
