ID	S1	S2	S1/Initiated Expression (IE_S1)	S1/Expression Repetition (ER_S1)	S1/tokens (%)	S2/Initiated Expression (IE_S2)	S2/Expression Repetition (ER_S2)	S2/tokens (%)	Voc. Overlap S1	Voc. Overlap S2	SR/S1/ELS	SR/S1/EV	SR/S1/ER	SR/S1/ENTR	SR/S1/L	SR/S1/LMAX	SR/S2/ELS	SR/S2/EV	SR/S2/ER	SR/S2/ENTR	SR/S2/L	SR/S2/LMAX
dialogue_txt	Human 1	Human 2	0.7142857142857143	0.2318840579710145	0.33658536585365856	0.2857142857142857	0.4117647058823529	0.6634146341463415	0.5614035087719298	0.4155844155844156	6.0	0.07894736842105263	0.18421052631578946	-0.0	1.0	1.0	22.0	0.1527777777777778	0.4791666666666667	0.9788541494868961	1.32	3.0
