ID	S1	S2	S1/Initiated Expression (IE_S1)	S1/Expression Repetition (ER_S1)	S1/tokens (%)	S2/Initiated Expression (IE_S2)	S2/Expression Repetition (ER_S2)	S2/tokens (%)	Voc. Overlap S1	Voc. Overlap S2	SR/S1/ELS	SR/S1/EV	SR/S1/ER	SR/S1/ENTR	SR/S1/L	SR/S1/LMAX	SR/S2/ELS	SR/S2/EV	SR/S2/ER	SR/S2/ENTR	SR/S2/L	SR/S2/LMAX
dialogue_txt	Human 1	Human 2	0.5555555555555556	0.24210526315789474	0.475	0.4444444444444444	0.3619047619047619	0.525	0.46153846153846156	0.4838709677419355	10.0	0.0970873786407767	0.27184466019417475	0.4021791902022728	1.08	2.0	15.0	0.13274336283185842	0.4424778761061947	1.158938532350277	1.6	6.0
