ID	S1	S2	S1/Initiated Expression (IE_S1)	S1/Expression Repetition (ER_S1)	S1/tokens (%)	S2/Initiated Expression (IE_S2)	S2/Expression Repetition (ER_S2)	S2/tokens (%)	Voc. Overlap S1	Voc. Overlap S2	SR/S1/ELS	SR/S1/EV	SR/S1/ER	SR/S1/ENTR	SR/S1/L	SR/S1/LMAX	SR/S2/ELS	SR/S2/EV	SR/S2/ER	SR/S2/ENTR	SR/S2/L	SR/S2/LMAX
dialogue_txt	Human 1	Human 2	0.7446808510638298	0.20134228187919462	0.4983277591973244	0.2553191489361702	0.49333333333333335	0.5016722408026756	0.47959183673469385	0.4895833333333333	14.0	0.08974358974358974	0.27564102564102566	0.7355085815538398	1.206896551724138	2.0	28.0	0.17834394904458598	0.4968152866242038	1.0478713584554935	1.3392857142857142	4.0
