ID	Num. utterances	Num. tokens	Expression Lexicon Size (ELS)	Expression Variety (EV)	Expression Repetition (ER)	Voc. Overlap	ENTR	L	LMAX
dialogue_txt	16.0	311.0	50.0	0.1607717041800643	0.35691318327974275	0.3680555555555556	1.0336690924645073	1.3257575757575757	4.0
