ID	Num. utterances	Num. tokens	Expression Lexicon Size (ELS)	Expression Variety (EV)	Expression Repetition (ER)	Voc. Overlap	ENTR	L	LMAX
dialogue_txt	17.0	236.0	24.0	0.1016949152542373	0.2669491525423729	0.24770642201834864	0.8760757136247174	1.2702702702702702	4.0
