ID	Num. utterances	Num. tokens	Expression Lexicon Size (ELS)	Expression Variety (EV)	Expression Repetition (ER)	Voc. Overlap	ENTR	L	LMAX
dialogue_txt	15.0	295.0	39.0	0.13220338983050847	0.2847457627118644	0.26582278481012656	0.587976578915225	1.1504424778761062	4.0
