ID	S1	S2	S1/Initiated Expression (IE_S1)	S1/Expression Repetition (ER_S1)	S1/tokens (%)	S2/Initiated Expression (IE_S2)	S2/Expression Repetition (ER_S2)	S2/tokens (%)	Voc. Overlap S1	Voc. Overlap S2	SR/S1/ELS	SR/S1/EV	SR/S1/ER	SR/S1/ENTR	SR/S1/L	SR/S1/LMAX	SR/S2/ELS	SR/S2/EV	SR/S2/ER	SR/S2/ENTR	SR/S2/L	SR/S2/LMAX
dialogue_txt	Human 1	Human 2	0.7435897435897436	0.17647058823529413	0.5186440677966102	0.2564102564102564	0.4014084507042254	0.48135593220338985	0.4	0.4421052631578947	17.0	0.10625	0.33125	0.7742433029172697	1.263157894736842	4.0	18.0	0.12	0.42	1.0775580551360833	1.5238095238095237	7.0
