ID	S1	S2	S1/Initiated Expression (IE_S1)	S1/Expression Repetition (ER_S1)	S1/tokens (%)	S2/Initiated Expression (IE_S2)	S2/Expression Repetition (ER_S2)	S2/tokens (%)	Voc. Overlap S1	Voc. Overlap S2	SR/S1/ELS	SR/S1/EV	SR/S1/ER	SR/S1/ENTR	SR/S1/L	SR/S1/LMAX	SR/S2/ELS	SR/S2/EV	SR/S2/ER	SR/S2/ENTR	SR/S2/L	SR/S2/LMAX
dialogue_txt	Human 1	Human 2	0.7647058823529411	0.12631578947368421	0.4567307692307692	0.23529411764705882	0.6371681415929203	0.5432692307692307	0.6	0.65	10.0	0.0970873786407767	0.27184466019417475	0.4021791902022728	1.08	2.0	23.0	0.19008264462809918	0.5454545454545454	1.2014051148553606	1.425531914893617	3.0
