ID	Num. utterances	Num. tokens	Expression Lexicon Size (ELS)	Expression Variety (EV)	Expression Repetition (ER)	Voc. Overlap	ENTR	L	LMAX
dialogue_txt	13.0	253.0	33.0	0.13043478260869565	0.2608695652173913	0.2714285714285714	1.122501746089635	1.381578947368421	3.0
