ID	Num. utterances	Num. tokens	Expression Lexicon Size (ELS)	Expression Variety (EV)	Expression Repetition (ER)	Voc. Overlap	ENTR	L	LMAX
dialogue_txt	16.0	262.0	40.0	0.15267175572519084	0.3282442748091603	0.31666666666666665	0.7944173046346301	1.2110091743119267	3.0
