ID	S1	S2	S1/Initiated Expression (IE_S1)	S1/Expression Repetition (ER_S1)	S1/tokens (%)	S2/Initiated Expression (IE_S2)	S2/Expression Repetition (ER_S2)	S2/tokens (%)	Voc. Overlap S1	Voc. Overlap S2	SR/S1/ELS	SR/S1/EV	SR/S1/ER	SR/S1/ENTR	SR/S1/L	SR/S1/LMAX	SR/S2/ELS	SR/S2/EV	SR/S2/ER	SR/S2/ENTR	SR/S2/L	SR/S2/LMAX
dialogue_txt	Human 1	Human 2	0.775	0.21138211382113822	0.46946564885496184	0.225	0.4316546762589928	0.5305343511450382	0.4935064935064935	0.4691358024691358	22.0	0.16793893129770993	0.42748091603053434	0.6581912658132185	1.1702127659574468	2.0	24.0	0.16326530612244897	0.4897959183673469	1.2720552088742005	1.4583333333333333	4.0
