ID	Num. utterances	Num. tokens	Expression Lexicon Size (ELS)	Expression Variety (EV)	Expression Repetition (ER)	Voc. Overlap	ENTR	L	LMAX
dialogue_txt	21.0	269.0	52.0	0.19330855018587362	0.4200743494423792	0.4049586776859504	0.7788243837454218	1.2340425531914894	6.0
