ID	Num. utterances	Num. tokens	Expression Lexicon Size (ELS)	Expression Variety (EV)	Expression Repetition (ER)	Voc. Overlap	ENTR	L	LMAX
dialogue_txt	19.0	326.0	53.0	0.16257668711656442	0.34049079754601225	0.34591194968553457	1.0134463123039608	1.3157894736842106	4.0
