ID	Num. utterances	Num. tokens	Expression Lexicon Size (ELS)	Expression Variety (EV)	Expression Repetition (ER)	Voc. Overlap	ENTR	L	LMAX
dialogue_txt	15.0	285.0	41.0	0.14385964912280702	0.3684210526315789	0.33070866141732286	0.9751408592597753	1.3017241379310345	4.0
