ID	Num. utterances	Num. tokens	Expression Lexicon Size (ELS)	Expression Variety (EV)	Expression Repetition (ER)	Voc. Overlap	ENTR	L	LMAX
dialogue_txt	13.0	244.0	38.0	0.1557377049180328	0.3114754098360656	0.31451612903225806	0.6609623351442084	1.1714285714285715	2.0
