ID	Num. utterances	Num. tokens	Expression Lexicon Size (ELS)	Expression Variety (EV)	Expression Repetition (ER)	Voc. Overlap	ENTR	L	LMAX
dialogue_txt	16.0	204.0	9.0	0.04411764705882353	0.11274509803921569	0.1346153846153846	0.37123232664087563	1.2857142857142858	5.0
