ID	S1	S2	S1/Initiated Expression (IE_S1)	S1/Expression Repetition (ER_S1)	S1/tokens (%)	S2/Initiated Expression (IE_S2)	S2/Expression Repetition (ER_S2)	S2/tokens (%)	Voc. Overlap S1	Voc. Overlap S2	SR/S1/ELS	SR/S1/EV	SR/S1/ER	SR/S1/ENTR	SR/S1/L	SR/S1/LMAX	SR/S2/ELS	SR/S2/EV	SR/S2/ER	SR/S2/ENTR	SR/S2/L	SR/S2/LMAX
dialogue_txt	Human 1	Human 2	0.5555555555555556	0.25	0.24096385542168675	0.4444444444444444	0.2328042328042328	0.7590361445783133	0.6086956521739131	0.2916666666666667	5.0	0.07246376811594203	0.17391304347826086	0.7219280948873623	1.2	2.0	33.0	0.16666666666666666	0.601010101010101	1.7029136242521765	1.9523809523809523	6.0
