ID	Num. utterances	Num. tokens	Expression Lexicon Size (ELS)	Expression Variety (EV)	Expression Repetition (ER)	Voc. Overlap	ENTR	L	LMAX
dialogue_txt	18.0	249.0	27.0	0.10843373493975904	0.23694779116465864	0.24561403508771928	0.38334639172930074	1.0833333333333333	3.0
