ID	Num. utterances	Num. tokens	Expression Lexicon Size (ELS)	Expression Variety (EV)	Expression Repetition (ER)	Voc. Overlap	ENTR	L	LMAX
dialogue_txt	13.0	161.0	25.0	0.15527950310559005	0.32919254658385094	0.28378378378378377	1.4387740924195707	1.5714285714285714	5.0
