ID	Num. utterances	Num. tokens	Expression Lexicon Size (ELS)	Expression Variety (EV)	Expression Repetition (ER)	Voc. Overlap	ENTR	L	LMAX
dialogue_txt	8.0	124.0	19.0	0.1532258064516129	0.24193548387096775	0.3333333333333333	0.8569957178540346	1.2380952380952381	3.0
