ID	Num. utterances	Num. tokens	Expression Lexicon Size (ELS)	Expression Variety (EV)	Expression Repetition (ER)	Voc. Overlap	ENTR	L	LMAX
dialogue_txt	15.0	295.0	28.0	0.09491525423728814	0.2135593220338983	0.17791411042944785	0.7544642804270748	1.1927710843373494	3.0
