ID	Num. utterances	Num. tokens	Expression Lexicon Size (ELS)	Expression Variety (EV)	Expression Repetition (ER)	Voc. Overlap	ENTR	L	LMAX
dialogue_txt	15.0	241.0	34.0	0.14107883817427386	0.3029045643153527	0.2923076923076923	0.5711213472799973	1.1287128712871286	3.0
