ID	Num. utterances	Num. tokens	Expression Lexicon Size (ELS)	Expression Variety (EV)	Expression Repetition (ER)	Voc. Overlap	ENTR	L	LMAX
dialogue_txt	15.0	281.0	32.0	0.11387900355871886	0.35231316725978645	0.2366412213740458	0.6614467366902077	1.1578947368421053	3.0
