ID	Num. utterances	Num. tokens	Expression Lexicon Size (ELS)	Expression Variety (EV)	Expression Repetition (ER)	Voc. Overlap	ENTR	L	LMAX
dialogue_txt	19.0	449.0	77.0	0.1714922048997773	0.44543429844098	0.5511363636363636	1.4684302978435628	1.601063829787234	4.0
