ID	S1	S2	S1/Initiated Expression (IE_S1)	S1/Expression Repetition (ER_S1)	S1/tokens (%)	S2/Initiated Expression (IE_S2)	S2/Expression Repetition (ER_S2)	S2/tokens (%)	Voc. Overlap S1	Voc. Overlap S2	SR/S1/ELS	SR/S1/EV	SR/S1/ER	SR/S1/ENTR	SR/S1/L	SR/S1/LMAX	SR/S2/ELS	SR/S2/EV	SR/S2/ER	SR/S2/ENTR	SR/S2/L	SR/S2/LMAX
dialogue_txt	Human 1	Human 2	0.7142857142857143	0.25984251968503935	0.4409722222222222	0.2857142857142857	0.5031055900621118	0.5590277777777778	0.6219512195121951	0.5795454545454546	17.0	0.1259259259259259	0.34074074074074073	0.6394571324851641	1.162162162162162	2.0	30.0	0.17751479289940827	0.5976331360946746	1.4735958170526893	1.625	4.0
