ID	S1	S2	S1/Initiated Expression (IE_S1)	S1/Expression Repetition (ER_S1)	S1/tokens (%)	S2/Initiated Expression (IE_S2)	S2/Expression Repetition (ER_S2)	S2/tokens (%)	Voc. Overlap S1	Voc. Overlap S2	SR/S1/ELS	SR/S1/EV	SR/S1/ER	SR/S1/ENTR	SR/S1/L	SR/S1/LMAX	SR/S2/ELS	SR/S2/EV	SR/S2/ER	SR/S2/ENTR	SR/S2/L	SR/S2/LMAX
dialogue_txt	Human 1	Human 2	0.75	0.13043478260869565	0.359375	0.25	0.5528455284552846	0.640625	0.6842105263157895	0.527027027027027	6.0	0.07894736842105263	0.18421052631578946	-0.0	1.0	1.0	23.0	0.17557251908396945	0.5038167938931297	0.9533218403457633	1.297872340425532	3.0
