ID	S1	S2	S1/Initiated Expression (IE_S1)	S1/Expression Repetition (ER_S1)	S1/tokens (%)	S2/Initiated Expression (IE_S2)	S2/Expression Repetition (ER_S2)	S2/tokens (%)	Voc. Overlap S1	Voc. Overlap S2	SR/S1/ELS	SR/S1/EV	SR/S1/ER	SR/S1/ENTR	SR/S1/L	SR/S1/LMAX	SR/S2/ELS	SR/S2/EV	SR/S2/ER	SR/S2/ENTR	SR/S2/L	SR/S2/LMAX
dialogue_txt	Human 1	Human 2	0.7254901960784313	0.24855491329479767	0.5372670807453416	0.27450980392156865	0.5033557046979866	0.46273291925465837	0.53125	0.5257731958762887	26.0	0.143646408839779	0.4419889502762431	0.849092165846601	1.2321428571428572	3.0	24.0	0.15286624203821655	0.45222929936305734	1.010281723600417	1.3137254901960784	3.0
