ID	Num. utterances	Num. tokens	Expression Lexicon Size (ELS)	Expression Variety (EV)	Expression Repetition (ER)	Voc. Overlap	ENTR	L	LMAX
dialogue_txt	16.0	322.0	51.0	0.15838509316770186	0.36645962732919257	0.3591549295774648	0.9759394308987416	1.3381294964028776	5.0
