ID	S1	S2	S1/Initiated Expression (IE_S1)	S1/Expression Repetition (ER_S1)	S1/tokens (%)	S2/Initiated Expression (IE_S2)	S2/Expression Repetition (ER_S2)	S2/tokens (%)	Voc. Overlap S1	Voc. Overlap S2	SR/S1/ELS	SR/S1/EV	SR/S1/ER	SR/S1/ENTR	SR/S1/L	SR/S1/LMAX	SR/S2/ELS	SR/S2/EV	SR/S2/ER	SR/S2/ENTR	SR/S2/L	SR/S2/LMAX
dialogue_txt	Human 1	Human 2	0.6756756756756757	0.1951219512195122	0.44086021505376344	0.32432432432432434	0.42948717948717946	0.5591397849462365	0.45	0.5070422535211268	15.0	0.11450381679389313	0.3282442748091603	0.5225593745369408	1.1176470588235294	2.0	28.0	0.17073170731707318	0.6280487804878049	1.5291639229222187	1.8392857142857142	9.0
