ID	Num. utterances	Num. tokens	Expression Lexicon Size (ELS)	Expression Variety (EV)	Expression Repetition (ER)	Voc. Overlap	ENTR	L	LMAX
dialogue_txt	16.0	352.0	52.0	0.14772727272727273	0.3352272727272727	0.40875912408759124	1.3317888739853696	2.073394495412844	26.0
