ID	Num. utterances	Num. tokens	Expression Lexicon Size (ELS)	Expression Variety (EV)	Expression Repetition (ER)	Voc. Overlap	ENTR	L	LMAX
dialogue_txt	18.0	252.0	21.0	0.08333333333333333	0.23809523809523808	0.21774193548387097	0.5007115883735379	1.2571428571428571	5.0
