ID	S1	S2	S1/Initiated Expression (IE_S1)	S1/Expression Repetition (ER_S1)	S1/tokens (%)	S2/Initiated Expression (IE_S2)	S2/Expression Repetition (ER_S2)	S2/tokens (%)	Voc. Overlap S1	Voc. Overlap S2	SR/S1/ELS	SR/S1/EV	SR/S1/ER	SR/S1/ENTR	SR/S1/L	SR/S1/LMAX	SR/S2/ELS	SR/S2/EV	SR/S2/ER	SR/S2/ENTR	SR/S2/L	SR/S2/LMAX
dialogue_txt	Human 1	Human 2	0.7169811320754716	0.23493975903614459	0.49700598802395207	0.2830188679245283	0.5238095238095238	0.5029940119760479	0.5229357798165137	0.5327102803738317	19.0	0.10919540229885058	0.3160919540229885	0.760658476840993	1.2564102564102564	4.0	16.0	0.0903954802259887	0.480225988700565	0.6269948563165912	2.2	21.0
