ID	S1	S2	S1/Initiated Expression (IE_S1)	S1/Expression Repetition (ER_S1)	S1/tokens (%)	S2/Initiated Expression (IE_S2)	S2/Expression Repetition (ER_S2)	S2/tokens (%)	Voc. Overlap S1	Voc. Overlap S2	SR/S1/ELS	SR/S1/EV	SR/S1/ER	SR/S1/ENTR	SR/S1/L	SR/S1/LMAX	SR/S2/ELS	SR/S2/EV	SR/S2/ER	SR/S2/ENTR	SR/S2/L	SR/S2/LMAX
dialogue_txt	Human 1	Human 2	0.8125	0.05555555555555555	0.4426229508196721	0.1875	0.3088235294117647	0.5573770491803278	0.43902439024390244	0.4090909090909091	4.0	0.06896551724137931	0.1724137931034483	-0.0	1.0	1.0	12.0	0.16666666666666666	0.4722222222222222	1.417949373944421	1.5909090909090908	4.0
