ID	S1	S2	S1/Initiated Expression (IE_S1)	S1/Expression Repetition (ER_S1)	S1/tokens (%)	S2/Initiated Expression (IE_S2)	S2/Expression Repetition (ER_S2)	S2/tokens (%)	Voc. Overlap S1	Voc. Overlap S2	SR/S1/ELS	SR/S1/EV	SR/S1/ER	SR/S1/ENTR	SR/S1/L	SR/S1/LMAX	SR/S2/ELS	SR/S2/EV	SR/S2/ER	SR/S2/ENTR	SR/S2/L	SR/S2/LMAX
dialogue_txt	Human 1	Human 2	0.6363636363636364	0.192	0.44642857142857145	0.36363636363636365	0.2967741935483871	0.5535714285714286	0.4268292682926829	0.3645833333333333	16.0	0.12030075187969924	0.3684210526315789	0.9780155566622415	1.2941176470588236	3.0	21.0	0.12883435582822086	0.3987730061349693	0.9737837298712213	1.2916666666666667	3.0
