ID	S1	S2	S1/Initiated Expression (IE_S1)	S1/Expression Repetition (ER_S1)	S1/tokens (%)	S2/Initiated Expression (IE_S2)	S2/Expression Repetition (ER_S2)	S2/tokens (%)	Voc. Overlap S1	Voc. Overlap S2	SR/S1/ELS	SR/S1/EV	SR/S1/ER	SR/S1/ENTR	SR/S1/L	SR/S1/LMAX	SR/S2/ELS	SR/S2/EV	SR/S2/ER	SR/S2/ENTR	SR/S2/L	SR/S2/LMAX
dialogue_txt	Human 1	Human 2	0.8823529411764706	0.1048951048951049	0.49310344827586206	0.11764705882352941	0.6258503401360545	0.506896551724138	0.46153846153846156	0.5853658536585366	14.0	0.09333333333333334	0.26	0.32984607020714635	1.0606060606060606	2.0	29.0	0.18831168831168832	0.5714285714285714	0.6385146263620961	1.161764705882353	2.0
