ID	Num. utterances	Num. tokens	Expression Lexicon Size (ELS)	Expression Variety (EV)	Expression Repetition (ER)	Voc. Overlap	ENTR	L	LMAX
dialogue_txt	16.0	323.0	55.0	0.17027863777089783	0.4055727554179567	0.4028776978417266	1.165702873750457	1.4338235294117647	5.0
