ID	Num. utterances	Num. tokens	Expression Lexicon Size (ELS)	Expression Variety (EV)	Expression Repetition (ER)	Voc. Overlap	ENTR	L	LMAX
dialogue_txt	18.0	286.0	24.0	0.08391608391608392	0.23776223776223776	0.1780821917808219	0.5479900080939727	1.1265822784810127	2.0
