ID	Num. utterances	Num. tokens	Expression Lexicon Size (ELS)	Expression Variety (EV)	Expression Repetition (ER)	Voc. Overlap	ENTR	L	LMAX
dialogue_txt	15.0	244.0	31.0	0.12704918032786885	0.29918032786885246	0.29508196721311475	0.48516235419235526	1.105263157894737	3.0
