ID	Num. utterances	Num. tokens	Expression Lexicon Size (ELS)	Expression Variety (EV)	Expression Repetition (ER)	Voc. Overlap	ENTR	L	LMAX
dialogue_txt	15.0	255.0	34.0	0.13333333333333333	0.30196078431372547	0.2542372881355932	1.041454808019696	1.3191489361702127	4.0
