ID	Num. utterances	Num. tokens	Expression Lexicon Size (ELS)	Expression Variety (EV)	Expression Repetition (ER)	Voc. Overlap	ENTR	L	LMAX
dialogue_txt	16.0	243.0	38.0	0.15637860082304528	0.32098765432098764	0.3508771929824561	0.6267511370265895	1.1568627450980393	2.0
