ID	Num. utterances	Num. tokens	Expression Lexicon Size (ELS)	Expression Variety (EV)	Expression Repetition (ER)	Voc. Overlap	ENTR	L	LMAX
dialogue_txt	19.0	260.0	34.0	0.13076923076923078	0.2846153846153846	0.2672413793103448	0.8171890204749501	1.2244897959183674	3.0
