ID	S1	S2	S1/Initiated Expression (IE_S1)	S1/Expression Repetition (ER_S1)	S1/tokens (%)	S2/Initiated Expression (IE_S2)	S2/Expression Repetition (ER_S2)	S2/tokens (%)	Voc. Overlap S1	Voc. Overlap S2	SR/S1/ELS	SR/S1/EV	SR/S1/ER	SR/S1/ENTR	SR/S1/L	SR/S1/LMAX	SR/S2/ELS	SR/S2/EV	SR/S2/ER	SR/S2/ENTR	SR/S2/L	SR/S2/LMAX
dialogue_txt	Human 1	Human 2	0.926829268292683	0.09933774834437085	0.611336032388664	0.07317073170731707	0.6875	0.38866396761133604	0.42857142857142855	0.6190476190476191	21.0	0.13291139240506328	0.3924050632911392	0.39662777277837885	1.0784313725490196	2.0	17.0	0.16346153846153846	0.49038461538461536	0.446481346896803	1.0930232558139534	2.0
