ID	Num. utterances	Num. tokens	Expression Lexicon Size (ELS)	Expression Variety (EV)	Expression Repetition (ER)	Voc. Overlap	ENTR	L	LMAX
dialogue_txt	15.0	247.0	41.0	0.1659919028340081	0.32793522267206476	0.3391304347826087	0.9310071928375033	1.2830188679245282	3.0
