ID	Num. utterances	Num. tokens	Expression Lexicon Size (ELS)	Expression Variety (EV)	Expression Repetition (ER)	Voc. Overlap	ENTR	L	LMAX
dialogue_txt	15.0	132.0	22.0	0.16666666666666666	0.3106060606060606	0.3188405797101449	1.3162753437218198	1.488888888888889	4.0
