ID	Num. utterances	Num. tokens	Expression Lexicon Size (ELS)	Expression Variety (EV)	Expression Repetition (ER)	Voc. Overlap	ENTR	L	LMAX
dialogue_txt	16.0	244.0	39.0	0.1598360655737705	0.3319672131147541	0.3490566037735849	0.7711916366538464	1.2019230769230769	3.0
