ID	S1	S2	S1/Initiated Expression (IE_S1)	S1/Expression Repetition (ER_S1)	S1/tokens (%)	S2/Initiated Expression (IE_S2)	S2/Expression Repetition (ER_S2)	S2/tokens (%)	Voc. Overlap S1	Voc. Overlap S2	SR/S1/ELS	SR/S1/EV	SR/S1/ER	SR/S1/ENTR	SR/S1/L	SR/S1/LMAX	SR/S2/ELS	SR/S2/EV	SR/S2/ER	SR/S2/ENTR	SR/S2/L	SR/S2/LMAX
dialogue_txt	Human 1	Human 2	0.7692307692307693	0.12408759124087591	0.5614754098360656	0.23076923076923078	0.5981308411214953	0.4385245901639344	0.42045454545454547	0.6727272727272727	14.0	0.09655172413793103	0.296551724137931	0.8503259045049341	1.3214285714285714	4.0	24.0	0.20869565217391303	0.5739130434782609	1.0434356963218767	1.3333333333333333	3.0
