ID	Num. utterances	Num. tokens	Expression Lexicon Size (ELS)	Expression Variety (EV)	Expression Repetition (ER)	Voc. Overlap	ENTR	L	LMAX
dialogue_txt	16.0	223.0	28.0	0.12556053811659193	0.2242152466367713	0.2608695652173913	0.41381685030363374	1.0833333333333333	2.0
