ID	S1	S2	S1/Initiated Expression (IE_S1)	S1/Expression Repetition (ER_S1)	S1/tokens (%)	S2/Initiated Expression (IE_S2)	S2/Expression Repetition (ER_S2)	S2/tokens (%)	Voc. Overlap S1	Voc. Overlap S2	SR/S1/ELS	SR/S1/EV	SR/S1/ER	SR/S1/ENTR	SR/S1/L	SR/S1/LMAX	SR/S2/ELS	SR/S2/EV	SR/S2/ER	SR/S2/ENTR	SR/S2/L	SR/S2/LMAX
dialogue_txt	Human 1	Human 2	0.35714285714285715	0.23333333333333334	0.242914979757085	0.6428571428571429	0.12299465240641712	0.757085020242915	0.391304347826087	0.17475728155339806	5.0	0.07246376811594203	0.17391304347826086	0.7219280948873623	1.2	2.0	25.0	0.12755102040816327	0.5051020408163265	1.5073724893224718	1.6507936507936507	5.0
