ID	Num. utterances	Num. tokens	Expression Lexicon Size (ELS)	Expression Variety (EV)	Expression Repetition (ER)	Voc. Overlap	ENTR	L	LMAX
dialogue_txt	18.0	247.0	14.0	0.05668016194331984	0.14979757085020243	0.13740458015267176	0.46274905857817383	1.0980392156862746	2.0
