ID	Num. utterances	Num. tokens	Expression Lexicon Size (ELS)	Expression Variety (EV)	Expression Repetition (ER)	Voc. Overlap	ENTR	L	LMAX
dialogue_txt	15.0	291.0	38.0	0.13058419243986255	0.3230240549828179	0.27611940298507465	0.5756693370369834	1.1367521367521367	2.0
