ID	S1	S2	S1/Initiated Expression (IE_S1)	S1/Expression Repetition (ER_S1)	S1/tokens (%)	S2/Initiated Expression (IE_S2)	S2/Expression Repetition (ER_S2)	S2/tokens (%)	Voc. Overlap S1	Voc. Overlap S2	SR/S1/ELS	SR/S1/EV	SR/S1/ER	SR/S1/ENTR	SR/S1/L	SR/S1/LMAX	SR/S2/ELS	SR/S2/EV	SR/S2/ER	SR/S2/ENTR	SR/S2/L	SR/S2/LMAX
dialogue_txt	Human 1	Human 2	0.625	0.2604166666666667	0.3622641509433962	0.375	0.3254437869822485	0.6377358490566037	0.5645161290322581	0.3333333333333333	14.0	0.1346153846153846	0.33653846153846156	0.34511731494495296	1.064516129032258	2.0	28.0	0.15819209039548024	0.4632768361581921	0.6840384356390417	1.1818181818181819	2.0
