ID	Num. utterances	Num. tokens	Expression Lexicon Size (ELS)	Expression Variety (EV)	Expression Repetition (ER)	Voc. Overlap	ENTR	L	LMAX
dialogue_txt	18.0	282.0	47.0	0.16666666666666666	0.48226950354609927	0.47058823529411764	1.2034045676979015	1.4233576642335766	4.0
