ID	Num. utterances	Num. tokens	Expression Lexicon Size (ELS)	Expression Variety (EV)	Expression Repetition (ER)	Voc. Overlap	ENTR	L	LMAX
dialogue_txt	16.0	298.0	51.0	0.17114093959731544	0.35570469798657717	0.39552238805970147	1.0650995487540502	1.3622047244094488	5.0
