ID	Num. utterances	Num. tokens	Expression Lexicon Size (ELS)	Expression Variety (EV)	Expression Repetition (ER)	Voc. Overlap	ENTR	L	LMAX
dialogue_txt	15.0	194.0	18.0	0.09278350515463918	0.21649484536082475	0.21839080459770116	0.362051251733998	1.0689655172413792	2.0
