ID	S1	S2	S1/Initiated Expression (IE_S1)	S1/Expression Repetition (ER_S1)	S1/tokens (%)	S2/Initiated Expression (IE_S2)	S2/Expression Repetition (ER_S2)	S2/tokens (%)	Voc. Overlap S1	Voc. Overlap S2	SR/S1/ELS	SR/S1/EV	SR/S1/ER	SR/S1/ENTR	SR/S1/L	SR/S1/LMAX	SR/S2/ELS	SR/S2/EV	SR/S2/ER	SR/S2/ENTR	SR/S2/L	SR/S2/LMAX
dialogue_txt	Human 1	Human 2	0.8	0.1891891891891892	0.4475806451612903	0.2	0.32116788321167883	0.5524193548387096	0.4	0.375	15.0	0.1271186440677966	0.3644067796610169	1.014097655573916	1.3125	3.0	24.0	0.16551724137931034	0.496551724137931	1.1567796494470395	1.9	5.0
