ID	Num. utterances	Num. tokens	Expression Lexicon Size (ELS)	Expression Variety (EV)	Expression Repetition (ER)	Voc. Overlap	ENTR	L	LMAX
dialogue_txt	16.0	280.0	34.0	0.12142857142857143	0.29285714285714287	0.2631578947368421	0.5813214987637028	1.1388888888888888	2.0
