ID	S1	S2	S1/Initiated Expression (IE_S1)	S1/Expression Repetition (ER_S1)	S1/tokens (%)	S2/Initiated Expression (IE_S2)	S2/Expression Repetition (ER_S2)	S2/tokens (%)	Voc. Overlap S1	Voc. Overlap S2	SR/S1/ELS	SR/S1/EV	SR/S1/ER	SR/S1/ENTR	SR/S1/L	SR/S1/LMAX	SR/S2/ELS	SR/S2/EV	SR/S2/ER	SR/S2/ENTR	SR/S2/L	SR/S2/LMAX
dialogue_txt	Human 1	Human 2	0.7758620689655172	0.20481927710843373	0.4911242603550296	0.22413793103448276	0.6511627906976745	0.5088757396449705	0.5688073394495413	0.6595744680851063	19.0	0.10919540229885058	0.3160919540229885	0.760658476840993	1.2564102564102564	4.0	32.0	0.17679558011049723	0.574585635359116	1.2020285437453544	1.4109589041095891	4.0
