ID	Num. utterances	Num. tokens	Expression Lexicon Size (ELS)	Expression Variety (EV)	Expression Repetition (ER)	Voc. Overlap	ENTR	L	LMAX
dialogue_txt	13.0	180.0	32.0	0.17777777777777778	0.3888888888888889	0.4444444444444444	1.8837364273440043	1.9206349206349207	6.0
