ID	S1	S2	S1/Initiated Expression (IE_S1)	S1/Expression Repetition (ER_S1)	S1/tokens (%)	S2/Initiated Expression (IE_S2)	S2/Expression Repetition (ER_S2)	S2/tokens (%)	Voc. Overlap S1	Voc. Overlap S2	SR/S1/ELS	SR/S1/EV	SR/S1/ER	SR/S1/ENTR	SR/S1/L	SR/S1/LMAX	SR/S2/ELS	SR/S2/EV	SR/S2/ER	SR/S2/ENTR	SR/S2/L	SR/S2/LMAX
dialogue_txt	Human 1	Human 2	0.6363636363636364	0.2125984251968504	0.4847328244274809	0.36363636363636365	0.37037037037037035	0.5152671755725191	0.43209876543209874	0.4268292682926829	16.0	0.11940298507462686	0.34328358208955223	0.6394571324851641	1.162162162162162	2.0	23.0	0.16083916083916083	0.4965034965034965	1.4320062125405804	1.5909090909090908	5.0
