ID	Num. utterances	Num. tokens	Expression Lexicon Size (ELS)	Expression Variety (EV)	Expression Repetition (ER)	Voc. Overlap	ENTR	L	LMAX
dialogue_txt	15.0	170.0	28.0	0.16470588235294117	0.2823529411764706	0.3076923076923077	0.911074952074769	1.2727272727272727	4.0
