ID	Num. utterances	Num. tokens	Expression Lexicon Size (ELS)	Expression Variety (EV)	Expression Repetition (ER)	Voc. Overlap	ENTR	L	LMAX
dialogue_txt	15.0	262.0	41.0	0.15648854961832062	0.3435114503816794	0.32786885245901637	0.8244280436614921	1.2252252252252251	3.0
