ID	Num. utterances	Num. tokens	Expression Lexicon Size (ELS)	Expression Variety (EV)	Expression Repetition (ER)	Voc. Overlap	ENTR	L	LMAX
dialogue_txt	16.0	214.0	38.0	0.17757009345794392	0.37383177570093457	0.4673913043478261	1.149293099046653	1.5056179775280898	10.0
