ID	S1	S2	S1/Initiated Expression (IE_S1)	S1/Expression Repetition (ER_S1)	S1/tokens (%)	S2/Initiated Expression (IE_S2)	S2/Expression Repetition (ER_S2)	S2/tokens (%)	Voc. Overlap S1	Voc. Overlap S2	SR/S1/ELS	SR/S1/EV	SR/S1/ER	SR/S1/ENTR	SR/S1/L	SR/S1/LMAX	SR/S2/ELS	SR/S2/EV	SR/S2/ER	SR/S2/ENTR	SR/S2/L	SR/S2/LMAX
dialogue_txt	Human 1	Human 2	0.7297297297297297	0.17518248175182483	0.5189393939393939	0.2702702702702703	0.5118110236220472	0.4810606060606061	0.4318181818181818	0.5205479452054794	14.0	0.09655172413793103	0.296551724137931	0.8503259045049341	1.3214285714285714	4.0	24.0	0.17777777777777778	0.5185185185185185	0.9561550236844027	1.3773584905660377	2.0
