ID	Num. utterances	Num. tokens	Expression Lexicon Size (ELS)	Expression Variety (EV)	Expression Repetition (ER)	Voc. Overlap	ENTR	L	LMAX
dialogue_txt	16.0	252.0	34.0	0.1349206349206349	0.32142857142857145	0.27350427350427353	0.615954233367718	1.1428571428571428	3.0
