ID	Num. utterances	Num. tokens	Expression Lexicon Size (ELS)	Expression Variety (EV)	Expression Repetition (ER)	Voc. Overlap	ENTR	L	LMAX
dialogue_txt	15.0	238.0	31.0	0.13025210084033614	0.23109243697478993	0.25757575757575757	0.7289918177558405	1.1829268292682926	3.0
