ID	S1	S2	S1/Initiated Expression (IE_S1)	S1/Expression Repetition (ER_S1)	S1/tokens (%)	S2/Initiated Expression (IE_S2)	S2/Expression Repetition (ER_S2)	S2/tokens (%)	Voc. Overlap S1	Voc. Overlap S2	SR/S1/ELS	SR/S1/EV	SR/S1/ER	SR/S1/ENTR	SR/S1/L	SR/S1/LMAX	SR/S2/ELS	SR/S2/EV	SR/S2/ER	SR/S2/ENTR	SR/S2/L	SR/S2/LMAX
dialogue_txt	Human 1	Human 2	0.8421052631578947	0.11834319526627218	0.6814516129032258	0.15789473684210525	0.5569620253164557	0.3185483870967742	0.3838383838383838	0.6551724137931034	26.0	0.14689265536723164	0.4067796610169492	0.83294582353614	1.2641509433962264	2.0	13.0	0.14942528735632185	0.3448275862068966	0.6193821946787638	1.1538461538461537	2.0
