ID	Num. utterances	Num. tokens	Expression Lexicon Size (ELS)	Expression Variety (EV)	Expression Repetition (ER)	Voc. Overlap	ENTR	L	LMAX
dialogue_txt	16.0	190.0	25.0	0.13157894736842105	0.3736842105263158	0.27906976744186046	1.4261379189845278	1.5689655172413792	4.0
