ID	S1	S2	S1/Initiated Expression (IE_S1)	S1/Expression Repetition (ER_S1)	S1/tokens (%)	S2/Initiated Expression (IE_S2)	S2/Expression Repetition (ER_S2)	S2/tokens (%)	Voc. Overlap S1	Voc. Overlap S2	SR/S1/ELS	SR/S1/EV	SR/S1/ER	SR/S1/ENTR	SR/S1/L	SR/S1/LMAX	SR/S2/ELS	SR/S2/EV	SR/S2/ER	SR/S2/ENTR	SR/S2/L	SR/S2/LMAX
dialogue_txt	Human 1	Human 2	0.6785714285714286	0.13	0.398406374501992	0.32142857142857145	0.2781456953642384	0.601593625498008	0.38461538461538464	0.32967032967032966	11.0	0.102803738317757	0.21495327102803738	-0.0	1.0	1.0	22.0	0.13836477987421383	0.46540880503144655	1.741848483686326	1.875	6.0
