ID	Num. utterances	Num. tokens	Expression Lexicon Size (ELS)	Expression Variety (EV)	Expression Repetition (ER)	Voc. Overlap	ENTR	L	LMAX
dialogue_txt	14.0	227.0	28.0	0.12334801762114538	0.27312775330396477	0.2786885245901639	1.482855100730768	1.7258064516129032	9.0
