ID	S1	S2	S1/Initiated Expression (IE_S1)	S1/Expression Repetition (ER_S1)	S1/tokens (%)	S2/Initiated Expression (IE_S2)	S2/Expression Repetition (ER_S2)	S2/tokens (%)	Voc. Overlap S1	Voc. Overlap S2	SR/S1/ELS	SR/S1/EV	SR/S1/ER	SR/S1/ENTR	SR/S1/L	SR/S1/LMAX	SR/S2/ELS	SR/S2/EV	SR/S2/ER	SR/S2/ENTR	SR/S2/L	SR/S2/LMAX
dialogue_txt	Human 1	Human 2	0.723404255319149	0.19653179190751446	0.5242424242424243	0.2765957446808511	0.46496815286624205	0.47575757575757577	0.4583333333333333	0.5057471264367817	26.0	0.143646408839779	0.4419889502762431	0.849092165846601	1.2321428571428572	3.0	30.0	0.18181818181818182	0.5636363636363636	0.969403672712902	1.289855072463768	3.0
