ID	Num. utterances	Num. tokens	Expression Lexicon Size (ELS)	Expression Variety (EV)	Expression Repetition (ER)	Voc. Overlap	ENTR	L	LMAX
dialogue_txt	15.0	148.0	19.0	0.12837837837837837	0.22972972972972974	0.3333333333333333	0.9637459942073318	1.380952380952381	5.0
