ID	Num. utterances	Num. tokens	Expression Lexicon Size (ELS)	Expression Variety (EV)	Expression Repetition (ER)	Voc. Overlap	ENTR	L	LMAX
dialogue_txt	18.0	184.0	32.0	0.17391304347826086	0.34782608695652173	0.4069767441860465	1.3830464107312683	1.537313432835821	4.0
