ID	S1	S2	S1/Initiated Expression (IE_S1)	S1/Expression Repetition (ER_S1)	S1/tokens (%)	S2/Initiated Expression (IE_S2)	S2/Expression Repetition (ER_S2)	S2/tokens (%)	Voc. Overlap S1	Voc. Overlap S2	SR/S1/ELS	SR/S1/EV	SR/S1/ER	SR/S1/ENTR	SR/S1/L	SR/S1/LMAX	SR/S2/ELS	SR/S2/EV	SR/S2/ER	SR/S2/ENTR	SR/S2/L	SR/S2/LMAX
dialogue_txt	Human 1	Human 2	0.9375	0.06944444444444445	0.391304347826087	0.0625	0.5267857142857143	0.6086956521739131	0.6481481481481481	0.5223880597014925	9.0	0.1111111111111111	0.2716049382716049	0.4689955935892812	1.1	2.0	17.0	0.14049586776859505	0.4462809917355372	1.198192411043098	1.5625	5.0
