ID	Num. utterances	Num. tokens	Expression Lexicon Size (ELS)	Expression Variety (EV)	Expression Repetition (ER)	Voc. Overlap	ENTR	L	LMAX
dialogue_txt	15.0	248.0	28.0	0.11290322580645161	0.2862903225806452	0.24390243902439024	0.6852274136794784	1.1666666666666667	3.0
