ID	Num. utterances	Num. tokens	Expression Lexicon Size (ELS)	Expression Variety (EV)	Expression Repetition (ER)	Voc. Overlap	ENTR	L	LMAX
dialogue_txt	16.0	203.0	30.0	0.1477832512315271	0.29064039408866993	0.27450980392156865	1.0143033034776843	1.3142857142857143	3.0
