ID	S1	S2	S1/Initiated Expression (IE_S1)	S1/Expression Repetition (ER_S1)	S1/tokens (%)	S2/Initiated Expression (IE_S2)	S2/Expression Repetition (ER_S2)	S2/tokens (%)	Voc. Overlap S1	Voc. Overlap S2	SR/S1/ELS	SR/S1/EV	SR/S1/ER	SR/S1/ENTR	SR/S1/L	SR/S1/LMAX	SR/S2/ELS	SR/S2/EV	SR/S2/ER	SR/S2/ENTR	SR/S2/L	SR/S2/LMAX
dialogue_txt	Human 1	Human 2	0.84375	0.13138686131386862	0.5879828326180258	0.15625	0.65625	0.41201716738197425	0.42045454545454547	0.6851851851851852	19.0	0.1310344827586207	0.36551724137931035	0.693127415328288	1.186046511627907	2.0	14.0	0.13333333333333333	0.5619047619047619	1.6391183950780281	2.1785714285714284	7.0
