ID	S1	S2	S1/Initiated Expression (IE_S1)	S1/Expression Repetition (ER_S1)	S1/tokens (%)	S2/Initiated Expression (IE_S2)	S2/Expression Repetition (ER_S2)	S2/tokens (%)	Voc. Overlap S1	Voc. Overlap S2	SR/S1/ELS	SR/S1/EV	SR/S1/ER	SR/S1/ENTR	SR/S1/L	SR/S1/LMAX	SR/S2/ELS	SR/S2/EV	SR/S2/ER	SR/S2/ENTR	SR/S2/L	SR/S2/LMAX
dialogue_txt	Human 1	Human 2	0.7209302325581395	0.1896551724137931	0.46774193548387094	0.27906976744186046	0.5	0.532258064516129	0.5185185185185185	0.56	14.0	0.11475409836065574	0.26229508196721313	0.6051865766334206	1.1481481481481481	2.0	26.0	0.18705035971223022	0.5107913669064749	1.0476800123541878	1.3396226415094339	3.0
