ID	Num. utterances	Num. tokens	Expression Lexicon Size (ELS)	Expression Variety (EV)	Expression Repetition (ER)	Voc. Overlap	ENTR	L	LMAX
dialogue_txt	13.0	204.0	33.0	0.16176470588235295	0.37745098039215685	0.32608695652173914	1.2608275691558353	1.5066666666666666	4.0
