ID	Num. utterances	Num. tokens	Expression Lexicon Size (ELS)	Expression Variety (EV)	Expression Repetition (ER)	Voc. Overlap	ENTR	L	LMAX
dialogue_txt	16.0	331.0	37.0	0.11178247734138973	0.29003021148036257	0.2585034013605442	1.0748029830109365	1.3737373737373737	6.0
