ID	Num. utterances	Num. tokens	Expression Lexicon Size (ELS)	Expression Variety (EV)	Expression Repetition (ER)	Voc. Overlap	ENTR	L	LMAX
dialogue_txt	17.0	326.0	52.0	0.15950920245398773	0.36809815950920244	0.3269230769230769	0.892863113536974	1.2551724137931035	4.0
