ID	Num. utterances	Num. tokens	Expression Lexicon Size (ELS)	Expression Variety (EV)	Expression Repetition (ER)	Voc. Overlap	ENTR	L	LMAX
dialogue_txt	15.0	222.0	27.0	0.12162162162162163	0.1981981981981982	0.23529411764705882	0.678845403270673	1.1666666666666667	3.0
