ID	Num. utterances	Num. tokens	Expression Lexicon Size (ELS)	Expression Variety (EV)	Expression Repetition (ER)	Voc. Overlap	ENTR	L	LMAX
dialogue_txt	14.0	251.0	27.0	0.10756972111553785	0.2589641434262948	0.25196850393700787	0.8497197463003205	1.294871794871795	6.0
