ID	Num. utterances	Num. tokens	Expression Lexicon Size (ELS)	Expression Variety (EV)	Expression Repetition (ER)	Voc. Overlap	ENTR	L	LMAX
dialogue_txt	17.0	323.0	56.0	0.17337461300309598	0.3560371517027864	0.39473684210526316	0.9895595410806016	1.2916666666666667	4.0
