ID	S1	S2	S1/Initiated Expression (IE_S1)	S1/Expression Repetition (ER_S1)	S1/tokens (%)	S2/Initiated Expression (IE_S2)	S2/Expression Repetition (ER_S2)	S2/tokens (%)	Voc. Overlap S1	Voc. Overlap S2	SR/S1/ELS	SR/S1/EV	SR/S1/ER	SR/S1/ENTR	SR/S1/L	SR/S1/LMAX	SR/S2/ELS	SR/S2/EV	SR/S2/ER	SR/S2/ENTR	SR/S2/L	SR/S2/LMAX
dialogue_txt	Human 1	Human 2	0.8	0.10204081632653061	0.4117647058823529	0.2	0.42142857142857143	0.5882352941176471	0.5373134328358209	0.41379310344827586	12.0	0.11214953271028037	0.2616822429906542	0.4021791902022728	1.08	2.0	20.0	0.1342281879194631	0.436241610738255	0.988180837004676	1.4761904761904763	7.0
