ID	Num. utterances	Num. tokens	Expression Lexicon Size (ELS)	Expression Variety (EV)	Expression Repetition (ER)	Voc. Overlap	ENTR	L	LMAX
dialogue_txt	16.0	203.0	27.0	0.1330049261083744	0.2955665024630542	0.29411764705882354	0.9467276522961974	1.295774647887324	4.0
