ID	Num. utterances	Num. tokens	Expression Lexicon Size (ELS)	Expression Variety (EV)	Expression Repetition (ER)	Voc. Overlap	ENTR	L	LMAX
dialogue_txt	16.0	363.0	46.0	0.12672176308539945	0.3168044077134986	0.32051282051282054	1.2078878926783596	2.210526315789474	26.0
