ID	S1	S2	S1/Initiated Expression (IE_S1)	S1/Expression Repetition (ER_S1)	S1/tokens (%)	S2/Initiated Expression (IE_S2)	S2/Expression Repetition (ER_S2)	S2/tokens (%)	Voc. Overlap S1	Voc. Overlap S2	SR/S1/ELS	SR/S1/EV	SR/S1/ER	SR/S1/ENTR	SR/S1/L	SR/S1/LMAX	SR/S2/ELS	SR/S2/EV	SR/S2/ER	SR/S2/ENTR	SR/S2/L	SR/S2/LMAX
dialogue_txt	Human 1	Human 2	0.5909090909090909	0.2361111111111111	0.2868525896414343	0.4090909090909091	0.20670391061452514	0.7131474103585658	0.4444444444444444	0.27586206896551724	9.0	0.1111111111111111	0.2716049382716049	0.4689955935892812	1.1	2.0	37.0	0.19680851063829788	0.6329787234042553	1.6968805138015854	1.8970588235294117	5.0
