ID	Num. utterances	Num. tokens	Expression Lexicon Size (ELS)	Expression Variety (EV)	Expression Repetition (ER)	Voc. Overlap	ENTR	L	LMAX
dialogue_txt	14.0	193.0	21.0	0.10880829015544041	0.19689119170984457	0.24770642201834864	1.0377724203178627	1.3333333333333333	3.0
