ID	Num. utterances	Num. tokens	Expression Lexicon Size (ELS)	Expression Variety (EV)	Expression Repetition (ER)	Voc. Overlap	ENTR	L	LMAX
dialogue_txt	16.0	338.0	53.0	0.15680473372781065	0.35502958579881655	0.34532374100719426	0.9026034476223824	1.300751879699248	5.0
