ID	Num. utterances	Num. tokens	Expression Lexicon Size (ELS)	Expression Variety (EV)	Expression Repetition (ER)	Voc. Overlap	ENTR	L	LMAX
dialogue_txt	15.0	219.0	28.0	0.1278538812785388	0.3059360730593607	0.3055555555555556	1.4146358652643427	1.5522388059701493	5.0
