ID	S1	S2	S1/Initiated Expression (IE_S1)	S1/Expression Repetition (ER_S1)	S1/tokens (%)	S2/Initiated Expression (IE_S2)	S2/Expression Repetition (ER_S2)	S2/tokens (%)	Voc. Overlap S1	Voc. Overlap S2	SR/S1/ELS	SR/S1/EV	SR/S1/ER	SR/S1/ENTR	SR/S1/L	SR/S1/LMAX	SR/S2/ELS	SR/S2/EV	SR/S2/ER	SR/S2/ENTR	SR/S2/L	SR/S2/LMAX
dialogue_txt	Human 1	Human 2	0.6785714285714286	0.10714285714285714	0.3835616438356164	0.32142857142857145	0.42962962962962964	0.6164383561643836	0.5409836065573771	0.4125	9.0	0.0989010989010989	0.23076923076923078	-0.0	1.0	1.0	24.0	0.16783216783216784	0.48951048951048953	1.1975982397133222	1.4130434782608696	4.0
