ID	Num. utterances	Num. tokens	Expression Lexicon Size (ELS)	Expression Variety (EV)	Expression Repetition (ER)	Voc. Overlap	ENTR	L	LMAX
dialogue_txt	16.0	274.0	37.0	0.13503649635036497	0.29927007299270075	0.3007518796992481	0.6450125607690296	1.2058823529411764	6.0
