ID	Num. utterances	Num. tokens	Expression Lexicon Size (ELS)	Expression Variety (EV)	Expression Repetition (ER)	Voc. Overlap	ENTR	L	LMAX
dialogue_txt	13.0	204.0	21.0	0.10294117647058823	0.23529411764705882	0.20175438596491227	0.32984607020714635	1.0606060606060606	2.0
