ID	S1	S2	S1/Initiated Expression (IE_S1)	S1/Expression Repetition (ER_S1)	S1/tokens (%)	S2/Initiated Expression (IE_S2)	S2/Expression Repetition (ER_S2)	S2/tokens (%)	Voc. Overlap S1	Voc. Overlap S2	SR/S1/ELS	SR/S1/EV	SR/S1/ER	SR/S1/ENTR	SR/S1/L	SR/S1/LMAX	SR/S2/ELS	SR/S2/EV	SR/S2/ER	SR/S2/ENTR	SR/S2/L	SR/S2/LMAX
dialogue_txt	Human 1	Human 2	0.8571428571428571	0.15517241379310345	0.5065502183406113	0.14285714285714285	0.6283185840707964	0.49344978165938863	0.5783132530120482	0.6575342465753424	12.0	0.0975609756097561	0.2845528455284553	0.7495952572594798	1.2142857142857142	2.0	21.0	0.175	0.5166666666666667	1.0099800543807285	1.3555555555555556	4.0
