ID	S1	S2	S1/Initiated Expression (IE_S1)	S1/Expression Repetition (ER_S1)	S1/tokens (%)	S2/Initiated Expression (IE_S2)	S2/Expression Repetition (ER_S2)	S2/tokens (%)	Voc. Overlap S1	Voc. Overlap S2	SR/S1/ELS	SR/S1/EV	SR/S1/ER	SR/S1/ENTR	SR/S1/L	SR/S1/LMAX	SR/S2/ELS	SR/S2/EV	SR/S2/ER	SR/S2/ENTR	SR/S2/L	SR/S2/LMAX
dialogue_txt	Human 1	Human 2	0.6176470588235294	0.1891891891891892	0.4188679245283019	0.38235294117647056	0.33766233766233766	0.5811320754716981	0.45454545454545453	0.38461538461538464	12.0	0.10084033613445378	0.2857142857142857	-0.0	1.0	1.0	23.0	0.1419753086419753	0.5185185185185185	1.323927152793321	1.5576923076923077	6.0
