ID	Num. utterances	Num. tokens	Expression Lexicon Size (ELS)	Expression Variety (EV)	Expression Repetition (ER)	Voc. Overlap	ENTR	L	LMAX
dialogue_txt	15.0	242.0	46.0	0.19008264462809918	0.3925619834710744	0.43564356435643564	1.0929804041913473	1.3644067796610169	4.0
