ID	S1	S2	S1/Initiated Expression (IE_S1)	S1/Expression Repetition (ER_S1)	S1/tokens (%)	S2/Initiated Expression (IE_S2)	S2/Expression Repetition (ER_S2)	S2/tokens (%)	Voc. Overlap S1	Voc. Overlap S2	SR/S1/ELS	SR/S1/EV	SR/S1/ER	SR/S1/ENTR	SR/S1/L	SR/S1/LMAX	SR/S2/ELS	SR/S2/EV	SR/S2/ER	SR/S2/ENTR	SR/S2/L	SR/S2/LMAX
dialogue_txt	Human 1	Human 2	0.868421052631579	0.2074468085106383	0.5371428571428571	0.13157894736842105	0.7839506172839507	0.46285714285714286	0.6538461538461539	0.7906976744186046	22.0	0.1116751269035533	0.40609137055837563	0.9106559588025549	1.26	3.0	35.0	0.2046783625730994	0.5964912280701754	1.4227492629180993	1.71875	8.0
