ID	Num. utterances	Num. tokens	Expression Lexicon Size (ELS)	Expression Variety (EV)	Expression Repetition (ER)	Voc. Overlap	ENTR	L	LMAX
dialogue_txt	14.0	232.0	20.0	0.08620689655172414	0.21982758620689655	0.17857142857142858	1.158879458818321	1.3888888888888888	4.0
