ID	S1	S2	S1/Initiated Expression (IE_S1)	S1/Expression Repetition (ER_S1)	S1/tokens (%)	S2/Initiated Expression (IE_S2)	S2/Expression Repetition (ER_S2)	S2/tokens (%)	Voc. Overlap S1	Voc. Overlap S2	SR/S1/ELS	SR/S1/EV	SR/S1/ER	SR/S1/ENTR	SR/S1/L	SR/S1/LMAX	SR/S2/ELS	SR/S2/EV	SR/S2/ER	SR/S2/ENTR	SR/S2/L	SR/S2/LMAX
dialogue_txt	Human 1	Human 2	0.5555555555555556	0.12195121951219512	0.6119402985074627	0.4444444444444444	0.2692307692307692	0.3880597014925373	0.2702702702702703	0.47619047619047616	0.0	0.0	0.0	-0.0	NaN	0.0	1.0	0.034482758620689655	0.06896551724137931	-0.0	1.0	1.0
