ID	S1	S2	S1/Initiated Expression (IE_S1)	S1/Expression Repetition (ER_S1)	S1/tokens (%)	S2/Initiated Expression (IE_S2)	S2/Expression Repetition (ER_S2)	S2/tokens (%)	Voc. Overlap S1	Voc. Overlap S2	SR/S1/ELS	SR/S1/EV	SR/S1/ER	SR/S1/ENTR	SR/S1/L	SR/S1/LMAX	SR/S2/ELS	SR/S2/EV	SR/S2/ER	SR/S2/ENTR	SR/S2/L	SR/S2/LMAX
dialogue_txt	Human 1	Human 2	0.9487179487179487	0.08035714285714286	0.5137614678899083	0.05128205128205128	0.7264150943396226	0.48623853211009177	0.5324675324675324	0.7321428571428571	15.0	0.125	0.31666666666666665	0.43055186701043946	1.088235294117647	2.0	19.0	0.16666666666666666	0.5175438596491229	0.45318373168058373	1.425	9.0
