ID	Num. utterances	Num. tokens	Expression Lexicon Size (ELS)	Expression Variety (EV)	Expression Repetition (ER)	Voc. Overlap	ENTR	L	LMAX
dialogue_txt	16.0	299.0	60.0	0.20066889632107024	0.42474916387959866	0.4322033898305085	1.1303434313132825	1.3793103448275863	3.0
