ID	S1	S2	S1/Initiated Expression (IE_S1)	S1/Expression Repetition (ER_S1)	S1/tokens (%)	S2/Initiated Expression (IE_S2)	S2/Expression Repetition (ER_S2)	S2/tokens (%)	Voc. Overlap S1	Voc. Overlap S2	SR/S1/ELS	SR/S1/EV	SR/S1/ER	SR/S1/ENTR	SR/S1/L	SR/S1/LMAX	SR/S2/ELS	SR/S2/EV	SR/S2/ER	SR/S2/ENTR	SR/S2/L	SR/S2/LMAX
dialogue_txt	Human 1	Human 2	0.8333333333333334	0.22151898734177214	0.49221183800623053	0.16666666666666666	0.5153374233128835	0.5077881619937694	0.5108695652173914	0.5164835164835165	22.0	0.13253012048192772	0.4397590361445783	1.0783220795483648	1.44	5.0	33.0	0.19186046511627908	0.5406976744186046	0.5776539033535631	1.1375	2.0
