ID	S1	S2	S1/Initiated Expression (IE_S1)	S1/Expression Repetition (ER_S1)	S1/tokens (%)	S2/Initiated Expression (IE_S2)	S2/Expression Repetition (ER_S2)	S2/tokens (%)	Voc. Overlap S1	Voc. Overlap S2	SR/S1/ELS	SR/S1/EV	SR/S1/ER	SR/S1/ENTR	SR/S1/L	SR/S1/LMAX	SR/S2/ELS	SR/S2/EV	SR/S2/ER	SR/S2/ENTR	SR/S2/L	SR/S2/LMAX
dialogue_txt	Human 1	Human 2	0.7959183673469388	0.19879518072289157	0.5107692307692308	0.20408163265306123	0.5094339622641509	0.48923076923076925	0.5137614678899083	0.5	19.0	0.10919540229885058	0.3160919540229885	0.760658476840993	1.2564102564102564	4.0	23.0	0.13690476190476192	0.36904761904761907	0.7300166301457938	1.2040816326530612	2.0
