ID	Num. utterances	Num. tokens	Expression Lexicon Size (ELS)	Expression Variety (EV)	Expression Repetition (ER)	Voc. Overlap	ENTR	L	LMAX
dialogue_txt	17.0	325.0	49.0	0.15076923076923077	0.3507692307692308	0.3393939393939394	0.5854367087048621	1.1458333333333333	4.0
