ID	Num. utterances	Num. tokens	Expression Lexicon Size (ELS)	Expression Variety (EV)	Expression Repetition (ER)	Voc. Overlap	ENTR	L	LMAX
dialogue_txt	16.0	202.0	12.0	0.0594059405940594	0.15346534653465346	0.1651376146788991	0.2623112196143366	1.1777777777777778	5.0
