ID	S1	S2	S1/Initiated Expression (IE_S1)	S1/Expression Repetition (ER_S1)	S1/tokens (%)	S2/Initiated Expression (IE_S2)	S2/Expression Repetition (ER_S2)	S2/tokens (%)	Voc. Overlap S1	Voc. Overlap S2	SR/S1/ELS	SR/S1/EV	SR/S1/ER	SR/S1/ENTR	SR/S1/L	SR/S1/LMAX	SR/S2/ELS	SR/S2/EV	SR/S2/ER	SR/S2/ENTR	SR/S2/L	SR/S2/LMAX
dialogue_txt	Human 1	Human 2	0.6666666666666666	0.13333333333333333	0.22277227722772278	0.3333333333333333	0.1592356687898089	0.7772277227722773	0.5142857142857142	0.1956521739130435	4.0	0.07547169811320754	0.16981132075471697	0.863120568566631	1.2857142857142858	2.0	26.0	0.15757575757575756	0.47878787878787876	1.0498662709893614	1.368421052631579	3.0
