ID	Num. utterances	Num. tokens	Expression Lexicon Size (ELS)	Expression Variety (EV)	Expression Repetition (ER)	Voc. Overlap	ENTR	L	LMAX
dialogue_txt	16.0	227.0	34.0	0.14977973568281938	0.31277533039647576	0.3333333333333333	0.8703767702147671	1.247191011235955	4.0
