ID	Num. utterances	Num. tokens	Expression Lexicon Size (ELS)	Expression Variety (EV)	Expression Repetition (ER)	Voc. Overlap	ENTR	L	LMAX
dialogue_txt	19.0	451.0	58.0	0.1286031042128603	0.3370288248337029	0.273542600896861	0.7222153243413286	1.2134831460674158	5.0
