ID	Num. utterances	Num. tokens	Expression Lexicon Size (ELS)	Expression Variety (EV)	Expression Repetition (ER)	Voc. Overlap	ENTR	L	LMAX
dialogue_txt	18.0	222.0	21.0	0.0945945945945946	0.16216216216216217	0.18604651162790697	1.0549174485397046	1.3829787234042554	4.0
