ID	S1	S2	S1/Initiated Expression (IE_S1)	S1/Expression Repetition (ER_S1)	S1/tokens (%)	S2/Initiated Expression (IE_S2)	S2/Expression Repetition (ER_S2)	S2/tokens (%)	Voc. Overlap S1	Voc. Overlap S2	SR/S1/ELS	SR/S1/EV	SR/S1/ER	SR/S1/ENTR	SR/S1/L	SR/S1/LMAX	SR/S2/ELS	SR/S2/EV	SR/S2/ER	SR/S2/ENTR	SR/S2/L	SR/S2/LMAX
dialogue_txt	Human 1	Human 2	0.8253968253968254	0.17751479289940827	0.52	0.1746031746031746	0.5961538461538461	0.48	0.6161616161616161	0.6421052631578947	26.0	0.14689265536723164	0.4067796610169492	0.83294582353614	1.2641509433962264	2.0	30.0	0.18292682926829268	0.524390243902439	0.972253928364927	1.4333333333333333	6.0
