ID	S1	S2	S1/Initiated Expression (IE_S1)	S1/Expression Repetition (ER_S1)	S1/tokens (%)	S2/Initiated Expression (IE_S2)	S2/Expression Repetition (ER_S2)	S2/tokens (%)	Voc. Overlap S1	Voc. Overlap S2	SR/S1/ELS	SR/S1/EV	SR/S1/ER	SR/S1/ENTR	SR/S1/L	SR/S1/LMAX	SR/S2/ELS	SR/S2/EV	SR/S2/ER	SR/S2/ENTR	SR/S2/L	SR/S2/LMAX
dialogue_txt	Human 1	Human 2	0.5714285714285714	0.2833333333333333	0.25	0.42857142857142855	0.25555555555555554	0.75	0.6086956521739131	0.2978723404255319	5.0	0.07246376811594203	0.17391304347826086	0.7219280948873623	1.2	2.0	25.0	0.13227513227513227	0.5978835978835979	1.7287610116527046	2.1607142857142856	11.0
