ID	S1	S2	S1/Initiated Expression (IE_S1)	S1/Expression Repetition (ER_S1)	S1/tokens (%)	S2/Initiated Expression (IE_S2)	S2/Expression Repetition (ER_S2)	S2/tokens (%)	Voc. Overlap S1	Voc. Overlap S2	SR/S1/ELS	SR/S1/EV	SR/S1/ER	SR/S1/ENTR	SR/S1/L	SR/S1/LMAX	SR/S2/ELS	SR/S2/EV	SR/S2/ER	SR/S2/ENTR	SR/S2/L	SR/S2/LMAX
dialogue_txt	Human 1	Human 2	0.7804878048780488	0.1678832116788321	0.4740484429065744	0.21951219512195122	0.4144736842105263	0.5259515570934256	0.4772727272727273	0.4329896907216495	19.0	0.1310344827586207	0.36551724137931035	0.693127415328288	1.186046511627907	2.0	27.0	0.16770186335403728	0.42857142857142855	0.8524051786494785	1.2777777777777777	2.0
