ID	Num. utterances	Num. tokens	Expression Lexicon Size (ELS)	Expression Variety (EV)	Expression Repetition (ER)	Voc. Overlap	ENTR	L	LMAX
dialogue_txt	16.0	272.0	53.0	0.1948529411764706	0.41911764705882354	0.47706422018348627	1.1444495031839859	1.4015151515151516	4.0
