ID	S1	S2	S1/Initiated Expression (IE_S1)	S1/Expression Repetition (ER_S1)	S1/tokens (%)	S2/Initiated Expression (IE_S2)	S2/Expression Repetition (ER_S2)	S2/tokens (%)	Voc. Overlap S1	Voc. Overlap S2	SR/S1/ELS	SR/S1/EV	SR/S1/ER	SR/S1/ENTR	SR/S1/L	SR/S1/LMAX	SR/S2/ELS	SR/S2/EV	SR/S2/ER	SR/S2/ENTR	SR/S2/L	SR/S2/LMAX
dialogue_txt	Human 1	Human 2	0.7931034482758621	0.24817518248175183	0.45364238410596025	0.20689655172413793	0.6909090909090909	0.5463576158940397	0.6363636363636364	0.6666666666666666	14.0	0.09655172413793103	0.296551724137931	0.8503259045049341	1.3214285714285714	4.0	38.0	0.21965317919075145	0.6416184971098265	0.9980571263304278	1.3214285714285714	3.0
