ID	S1	S2	S1/Initiated Expression (IE_S1)	S1/Expression Repetition (ER_S1)	S1/tokens (%)	S2/Initiated Expression (IE_S2)	S2/Expression Repetition (ER_S2)	S2/tokens (%)	Voc. Overlap S1	Voc. Overlap S2	SR/S1/ELS	SR/S1/EV	SR/S1/ER	SR/S1/ENTR	SR/S1/L	SR/S1/LMAX	SR/S2/ELS	SR/S2/EV	SR/S2/ER	SR/S2/ENTR	SR/S2/L	SR/S2/LMAX
dialogue_txt	Human 1	Human 2	0.6896551724137931	0.17857142857142858	0.42105263157894735	0.3103448275862069	0.35064935064935066	0.5789473684210527	0.4230769230769231	0.336734693877551	16.0	0.13333333333333333	0.35833333333333334	0.5032583347756457	1.1111111111111112	2.0	20.0	0.12345679012345678	0.4012345679012346	0.9218410579144519	1.2653061224489797	3.0
