ID	S1	S2	S1/Initiated Expression (IE_S1)	S1/Expression Repetition (ER_S1)	S1/tokens (%)	S2/Initiated Expression (IE_S2)	S2/Expression Repetition (ER_S2)	S2/tokens (%)	Voc. Overlap S1	Voc. Overlap S2	SR/S1/ELS	SR/S1/EV	SR/S1/ER	SR/S1/ENTR	SR/S1/L	SR/S1/LMAX	SR/S2/ELS	SR/S2/EV	SR/S2/ER	SR/S2/ENTR	SR/S2/L	SR/S2/LMAX
dialogue_txt	Human 1	Human 2	0.6842105263157895	0.1830065359477124	0.523972602739726	0.3157894736842105	0.34532374100719426	0.476027397260274	0.38095238095238093	0.425531914893617	17.0	0.10625	0.33125	0.7742433029172697	1.263157894736842	4.0	17.0	0.11564625850340136	0.35374149659863946	0.760658476840993	1.2564102564102564	4.0
