ID	S1	S2	S1/Initiated Expression (IE_S1)	S1/Expression Repetition (ER_S1)	S1/tokens (%)	S2/Initiated Expression (IE_S2)	S2/Expression Repetition (ER_S2)	S2/tokens (%)	Voc. Overlap S1	Voc. Overlap S2	SR/S1/ELS	SR/S1/EV	SR/S1/ER	SR/S1/ENTR	SR/S1/L	SR/S1/LMAX	SR/S2/ELS	SR/S2/EV	SR/S2/ER	SR/S2/ENTR	SR/S2/L	SR/S2/LMAX
dialogue_txt	Human 1	Human 2	0.5833333333333334	0.1875	0.42105263157894735	0.4166666666666667	0.2857142857142857	0.5789473684210527	0.32894736842105265	0.31645569620253167	11.0	0.09166666666666666	0.225	-0.0	1.0	1.0	21.0	0.12962962962962962	0.5555555555555556	1.5078861997980464	2.119047619047619	9.0
