ID	S1	S2	S1/Initiated Expression (IE_S1)	S1/Expression Repetition (ER_S1)	S1/tokens (%)	S2/Initiated Expression (IE_S2)	S2/Expression Repetition (ER_S2)	S2/tokens (%)	Voc. Overlap S1	Voc. Overlap S2	SR/S1/ELS	SR/S1/EV	SR/S1/ER	SR/S1/ENTR	SR/S1/L	SR/S1/LMAX	SR/S2/ELS	SR/S2/EV	SR/S2/ER	SR/S2/ENTR	SR/S2/L	SR/S2/LMAX
dialogue_txt	Human 1	Human 2	0.782608695652174	0.18681318681318682	0.3684210526315789	0.21739130434782608	0.5576923076923077	0.631578947368421	0.7384615384615385	0.5333333333333333	12.0	0.12121212121212122	0.2828282828282828	-0.0	1.0	1.0	29.0	0.17682926829268292	0.5487804878048781	1.5159069539841994	1.679245283018868	5.0
