ID	Num. utterances	Num. tokens	Expression Lexicon Size (ELS)	Expression Variety (EV)	Expression Repetition (ER)	Voc. Overlap	ENTR	L	LMAX
dialogue_txt	16.0	247.0	46.0	0.1862348178137652	0.42105263157894735	0.4485981308411215	1.152875718099453	1.4188034188034189	4.0
