ID	S1	S2	S1/Initiated Expression (IE_S1)	S1/Expression Repetition (ER_S1)	S1/tokens (%)	S2/Initiated Expression (IE_S2)	S2/Expression Repetition (ER_S2)	S2/tokens (%)	Voc. Overlap S1	Voc. Overlap S2	SR/S1/ELS	SR/S1/EV	SR/S1/ER	SR/S1/ENTR	SR/S1/L	SR/S1/LMAX	SR/S2/ELS	SR/S2/EV	SR/S2/ER	SR/S2/ENTR	SR/S2/L	SR/S2/LMAX
dialogue_txt	Human 1	Human 2	0.7906976744186046	0.1503267973856209	0.5275862068965518	0.20930232558139536	0.5547445255474452	0.4724137931034483	0.49523809523809526	0.6046511627906976	17.0	0.10625	0.33125	0.7742433029172697	1.263157894736842	4.0	25.0	0.1724137931034483	0.4689655172413793	1.1024888923155898	1.38	3.0
