ID	Num. utterances	Num. tokens	Expression Lexicon Size (ELS)	Expression Variety (EV)	Expression Repetition (ER)	Voc. Overlap	ENTR	L	LMAX
dialogue_txt	13.0	188.0	27.0	0.14361702127659576	0.26595744680851063	0.2897196261682243	0.7085966983474103	1.1764705882352942	3.0
