ID	Num. utterances	Num. tokens	Expression Lexicon Size (ELS)	Expression Variety (EV)	Expression Repetition (ER)	Voc. Overlap	ENTR	L	LMAX
dialogue_txt	16.0	336.0	41.0	0.12202380952380952	0.31547619047619047	0.24503311258278146	0.9134853951751389	1.2622950819672132	3.0
