ID	Num. utterances	Num. tokens	Expression Lexicon Size (ELS)	Expression Variety (EV)	Expression Repetition (ER)	Voc. Overlap	ENTR	L	LMAX
dialogue_txt	17.0	246.0	38.0	0.15447154471544716	0.3252032520325203	0.33884297520661155	1.061211299004636	1.3595505617977528	5.0
