ID	Num. utterances	Num. tokens	Expression Lexicon Size (ELS)	Expression Variety (EV)	Expression Repetition (ER)	Voc. Overlap	ENTR	L	LMAX
dialogue_txt	16.0	269.0	37.0	0.137546468401487	0.26765799256505574	0.2805755395683453	1.033940443023881	1.3229166666666667	3.0
