ID	S1	S2	S1/Initiated Expression (IE_S1)	S1/Expression Repetition (ER_S1)	S1/tokens (%)	S2/Initiated Expression (IE_S2)	S2/Expression Repetition (ER_S2)	S2/tokens (%)	Voc. Overlap S1	Voc. Overlap S2	SR/S1/ELS	SR/S1/EV	SR/S1/ER	SR/S1/ENTR	SR/S1/L	SR/S1/LMAX	SR/S2/ELS	SR/S2/EV	SR/S2/ER	SR/S2/ENTR	SR/S2/L	SR/S2/LMAX
dialogue_txt	Human 1	Human 2	0.6363636363636364	0.15476190476190477	0.37668161434977576	0.36363636363636365	0.2446043165467626	0.6233183856502242	0.45901639344262296	0.34146341463414637	9.0	0.0989010989010989	0.23076923076923078	-0.0	1.0	1.0	21.0	0.14285714285714285	0.5034013605442177	1.5598130739575364	1.7906976744186047	6.0
