ID	Num. utterances	Num. tokens	Expression Lexicon Size (ELS)	Expression Variety (EV)	Expression Repetition (ER)	Voc. Overlap	ENTR	L	LMAX
dialogue_txt	16.0	338.0	54.0	0.15976331360946747	0.378698224852071	0.37142857142857144	0.7470242964977586	1.2151898734177216	4.0
