ID	Num. utterances	Num. tokens	Expression Lexicon Size (ELS)	Expression Variety (EV)	Expression Repetition (ER)	Voc. Overlap	ENTR	L	LMAX
dialogue_txt	19.0	220.0	34.0	0.15454545454545454	0.32727272727272727	0.3333333333333333	1.3157326854644258	1.4878048780487805	4.0
