ID	Num. utterances	Num. tokens	Expression Lexicon Size (ELS)	Expression Variety (EV)	Expression Repetition (ER)	Voc. Overlap	ENTR	L	LMAX
dialogue_txt	14.0	210.0	40.0	0.19047619047619047	0.3238095238095238	0.36633663366336633	1.1638096901467678	1.4069767441860466	4.0
