ID	Num. utterances	Num. tokens	Expression Lexicon Size (ELS)	Expression Variety (EV)	Expression Repetition (ER)	Voc. Overlap	ENTR	L	LMAX
dialogue_txt	15.0	288.0	57.0	0.19791666666666666	0.3958333333333333	0.41935483870967744	0.9493971291026057	1.2740740740740741	4.0
