ID	Num. utterances	Num. tokens	Expression Lexicon Size (ELS)	Expression Variety (EV)	Expression Repetition (ER)	Voc. Overlap	ENTR	L	LMAX
dialogue_txt	18.0	234.0	23.0	0.09829059829059829	0.2948717948717949	0.26804123711340205	0.6738996435215506	1.1910112359550562	4.0
