ID	S1	S2	S1/Initiated Expression (IE_S1)	S1/Expression Repetition (ER_S1)	S1/tokens (%)	S2/Initiated Expression (IE_S2)	S2/Expression Repetition (ER_S2)	S2/tokens (%)	Voc. Overlap S1	Voc. Overlap S2	SR/S1/ELS	SR/S1/EV	SR/S1/ER	SR/S1/ENTR	SR/S1/L	SR/S1/LMAX	SR/S2/ELS	SR/S2/EV	SR/S2/ER	SR/S2/ENTR	SR/S2/L	SR/S2/LMAX
dialogue_txt	Human 1	Human 2	0.7441860465116279	0.1656441717791411	0.5344262295081967	0.2558139534883721	0.5845070422535211	0.46557377049180326	0.42	0.6086956521739131	22.0	0.12941176470588237	0.40588235294117647	1.194545119186222	1.4893617021276595	3.0	34.0	0.22666666666666666	0.6666666666666666	1.04961882225355	1.3380281690140845	3.0
