ID	S1	S2	S1/Initiated Expression (IE_S1)	S1/Expression Repetition (ER_S1)	S1/tokens (%)	S2/Initiated Expression (IE_S2)	S2/Expression Repetition (ER_S2)	S2/tokens (%)	Voc. Overlap S1	Voc. Overlap S2	SR/S1/ELS	SR/S1/EV	SR/S1/ER	SR/S1/ENTR	SR/S1/L	SR/S1/LMAX	SR/S2/ELS	SR/S2/EV	SR/S2/ER	SR/S2/ENTR	SR/S2/L	SR/S2/LMAX
dialogue_txt	Human 1	Human 2	0.8292682926829268	0.13138686131386862	0.4840989399293286	0.17073170731707318	0.4246575342465753	0.5159010600706714	0.4659090909090909	0.47126436781609193	19.0	0.1310344827586207	0.36551724137931035	0.693127415328288	1.186046511627907	2.0	34.0	0.21935483870967742	0.535483870967742	0.9181984234726618	1.2698412698412698	3.0
