ID	Num. utterances	Num. tokens	Expression Lexicon Size (ELS)	Expression Variety (EV)	Expression Repetition (ER)	Voc. Overlap	ENTR	L	LMAX
dialogue_txt	17.0	283.0	41.0	0.14487632508833923	0.2826855123674912	0.30597014925373134	0.831919148482059	1.2254901960784315	3.0
