ID	Num. utterances	Num. tokens	Expression Lexicon Size (ELS)	Expression Variety (EV)	Expression Repetition (ER)	Voc. Overlap	ENTR	L	LMAX
dialogue_txt	16.0	292.0	37.0	0.1267123287671233	0.2842465753424658	0.23448275862068965	0.8421664288200936	1.233009708737864	3.0
