ID	S1	S2	S1/Initiated Expression (IE_S1)	S1/Expression Repetition (ER_S1)	S1/tokens (%)	S2/Initiated Expression (IE_S2)	S2/Expression Repetition (ER_S2)	S2/tokens (%)	Voc. Overlap S1	Voc. Overlap S2	SR/S1/ELS	SR/S1/EV	SR/S1/ER	SR/S1/ENTR	SR/S1/L	SR/S1/LMAX	SR/S2/ELS	SR/S2/EV	SR/S2/ER	SR/S2/ENTR	SR/S2/L	SR/S2/LMAX
dialogue_txt	Human 1	Human 2	0.625	0.2147239263803681	0.5275080906148867	0.375	0.3356164383561644	0.47249190938511326	0.37	0.37755102040816324	22.0	0.12941176470588237	0.40588235294117647	1.194545119186222	1.4893617021276595	3.0	25.0	0.16233766233766234	0.43506493506493504	0.5725804656237687	1.1355932203389831	2.0
