ID	Num. utterances	Num. tokens	Expression Lexicon Size (ELS)	Expression Variety (EV)	Expression Repetition (ER)	Voc. Overlap	ENTR	L	LMAX
dialogue_txt	13.0	173.0	24.0	0.13872832369942195	0.2947976878612717	0.33707865168539325	1.5044201498452239	1.6538461538461537	6.0
