ID	S1	S2	S1/Initiated Expression (IE_S1)	S1/Expression Repetition (ER_S1)	S1/tokens (%)	S2/Initiated Expression (IE_S2)	S2/Expression Repetition (ER_S2)	S2/tokens (%)	Voc. Overlap S1	Voc. Overlap S2	SR/S1/ELS	SR/S1/EV	SR/S1/ER	SR/S1/ENTR	SR/S1/L	SR/S1/LMAX	SR/S2/ELS	SR/S2/EV	SR/S2/ER	SR/S2/ENTR	SR/S2/L	SR/S2/LMAX
dialogue_txt	Human 1	Human 2	0.9583333333333334	0.038461538461538464	0.4508670520231214	0.041666666666666664	0.5052631578947369	0.5491329479768786	0.5263157894736842	0.4838709677419355	7.0	0.08333333333333333	0.2261904761904762	0.5435644431995964	1.125	2.0	14.0	0.13725490196078433	0.4215686274509804	0.9055872616982603	1.4	5.0
