ID	S1	S2	S1/Initiated Expression (IE_S1)	S1/Expression Repetition (ER_S1)	S1/tokens (%)	S2/Initiated Expression (IE_S2)	S2/Expression Repetition (ER_S2)	S2/tokens (%)	Voc. Overlap S1	Voc. Overlap S2	SR/S1/ELS	SR/S1/EV	SR/S1/ER	SR/S1/ENTR	SR/S1/L	SR/S1/LMAX	SR/S2/ELS	SR/S2/EV	SR/S2/ER	SR/S2/ENTR	SR/S2/L	SR/S2/LMAX
dialogue_txt	Human 1	Human 2	0.7777777777777778	0.13559322033898305	0.4097222222222222	0.2222222222222222	0.43529411764705883	0.5902777777777778	0.6511627906976745	0.4827586206896552	8.0	0.11940298507462686	0.31343283582089554	-0.0	1.0	1.0	17.0	0.1827956989247312	0.43010752688172044	0.512709142030877	1.1142857142857143	2.0
