ID	Num. utterances	Num. tokens	Expression Lexicon Size (ELS)	Expression Variety (EV)	Expression Repetition (ER)	Voc. Overlap	ENTR	L	LMAX
dialogue_txt	14.0	138.0	20.0	0.14492753623188406	0.2898550724637681	0.3116883116883117	0.9003383297995279	1.3829787234042554	6.0
