ID	S1	S2	S1/Initiated Expression (IE_S1)	S1/Expression Repetition (ER_S1)	S1/tokens (%)	S2/Initiated Expression (IE_S2)	S2/Expression Repetition (ER_S2)	S2/tokens (%)	Voc. Overlap S1	Voc. Overlap S2	SR/S1/ELS	SR/S1/EV	SR/S1/ER	SR/S1/ENTR	SR/S1/L	SR/S1/LMAX	SR/S2/ELS	SR/S2/EV	SR/S2/ER	SR/S2/ENTR	SR/S2/L	SR/S2/LMAX
dialogue_txt	Human 1	Human 2	0.78125	0.14	0.4032258064516129	0.21875	0.32432432432432434	0.5967741935483871	0.4230769230769231	0.36666666666666664	11.0	0.102803738317757	0.21495327102803738	-0.0	1.0	1.0	26.0	0.16666666666666666	0.4935897435897436	1.1020825829845506	1.4150943396226414	4.0
