ID	S1	S2	S1/Initiated Expression (IE_S1)	S1/Expression Repetition (ER_S1)	S1/tokens (%)	S2/Initiated Expression (IE_S2)	S2/Expression Repetition (ER_S2)	S2/tokens (%)	Voc. Overlap S1	Voc. Overlap S2	SR/S1/ELS	SR/S1/EV	SR/S1/ER	SR/S1/ENTR	SR/S1/L	SR/S1/LMAX	SR/S2/ELS	SR/S2/EV	SR/S2/ER	SR/S2/ENTR	SR/S2/L	SR/S2/LMAX
dialogue_txt	Human 1	Human 2	0.8888888888888888	0.072992700729927	0.5982532751091703	0.1111111111111111	0.6304347826086957	0.4017467248908297	0.3548387096774194	0.7021276595744681	11.0	0.07534246575342465	0.21232876712328766	0.4262286569981449	1.173913043478261	3.0	14.0	0.13861386138613863	0.5643564356435643	1.8048956511448035	2.4782608695652173	8.0
