ID	Num. utterances	Num. tokens	Expression Lexicon Size (ELS)	Expression Variety (EV)	Expression Repetition (ER)	Voc. Overlap	ENTR	L	LMAX
dialogue_txt	14.0	266.0	50.0	0.18796992481203006	0.39097744360902253	0.4247787610619469	1.1092728721273921	1.3697478991596639	5.0
