ID	Num. utterances	Num. tokens	Expression Lexicon Size (ELS)	Expression Variety (EV)	Expression Repetition (ER)	Voc. Overlap	ENTR	L	LMAX
dialogue_txt	15.0	238.0	28.0	0.11764705882352941	0.24369747899159663	0.26495726495726496	0.635489638182683	1.1604938271604939	2.0
