ID	Num. utterances	Num. tokens	Expression Lexicon Size (ELS)	Expression Variety (EV)	Expression Repetition (ER)	Voc. Overlap	ENTR	L	LMAX
dialogue_txt	16.0	314.0	39.0	0.12420382165605096	0.32802547770700635	0.2905405405405405	1.0324873677723303	1.3362068965517242	5.0
