ID	Num. utterances	Num. tokens	Expression Lexicon Size (ELS)	Expression Variety (EV)	Expression Repetition (ER)	Voc. Overlap	ENTR	L	LMAX
dialogue_txt	16.0	289.0	56.0	0.19377162629757785	0.40484429065743943	0.4426229508196721	0.6015524190155453	1.1372549019607843	3.0
