ID	Num. utterances	Num. tokens	Expression Lexicon Size (ELS)	Expression Variety (EV)	Expression Repetition (ER)	Voc. Overlap	ENTR	L	LMAX
dialogue_txt	15.0	190.0	28.0	0.14736842105263157	0.2789473684210526	0.2708333333333333	1.0964614073292285	1.353846153846154	4.0
