ID	Num. utterances	Num. tokens	Expression Lexicon Size (ELS)	Expression Variety (EV)	Expression Repetition (ER)	Voc. Overlap	ENTR	L	LMAX
dialogue_txt	19.0	173.0	25.0	0.14450867052023122	0.3063583815028902	0.3253012048192771	1.186823234052762	1.5357142857142858	7.0
