ID	Num. utterances	Num. tokens	Expression Lexicon Size (ELS)	Expression Variety (EV)	Expression Repetition (ER)	Voc. Overlap	ENTR	L	LMAX
dialogue_txt	16.0	253.0	48.0	0.18972332015810275	0.4189723320158103	0.42592592592592593	1.0860183851249265	1.3524590163934427	3.0
