ID	S1	S2	S1/Initiated Expression (IE_S1)	S1/Expression Repetition (ER_S1)	S1/tokens (%)	S2/Initiated Expression (IE_S2)	S2/Expression Repetition (ER_S2)	S2/tokens (%)	Voc. Overlap S1	Voc. Overlap S2	SR/S1/ELS	SR/S1/EV	SR/S1/ER	SR/S1/ENTR	SR/S1/L	SR/S1/LMAX	SR/S2/ELS	SR/S2/EV	SR/S2/ER	SR/S2/ENTR	SR/S2/L	SR/S2/LMAX
dialogue_txt	Human 1	Human 2	0.8620689655172413	0.09183673469387756	0.547486033519553	0.13793103448275862	0.5308641975308642	0.45251396648044695	0.44776119402985076	0.5660377358490566	12.0	0.11214953271028037	0.2616822429906542	0.4021791902022728	1.08	2.0	10.0	0.1111111111111111	0.35555555555555557	1.5229571181374095	1.6842105263157894	4.0
