ID	S1	S2	S1/Initiated Expression (IE_S1)	S1/Expression Repetition (ER_S1)	S1/tokens (%)	S2/Initiated Expression (IE_S2)	S2/Expression Repetition (ER_S2)	S2/tokens (%)	Voc. Overlap S1	Voc. Overlap S2	SR/S1/ELS	SR/S1/EV	SR/S1/ER	SR/S1/ENTR	SR/S1/L	SR/S1/LMAX	SR/S2/ELS	SR/S2/EV	SR/S2/ER	SR/S2/ENTR	SR/S2/L	SR/S2/LMAX
dialogue_txt	Human 1	Human 2	0.6190476190476191	0.21818181818181817	0.28205128205128205	0.38095238095238093	0.2357142857142857	0.717948717948718	0.5714285714285714	0.3116883116883117	5.0	0.08064516129032258	0.1935483870967742	0.8112781244591328	1.5	3.0	24.0	0.16216216216216217	0.5472972972972973	1.8194672485701526	2.073170731707317	6.0
