ID	Num. utterances	Num. tokens	Expression Lexicon Size (ELS)	Expression Variety (EV)	Expression Repetition (ER)	Voc. Overlap	ENTR	L	LMAX
dialogue_txt	14.0	211.0	33.0	0.15639810426540285	0.36018957345971564	0.32989690721649484	1.5159550765039325	1.6363636363636365	4.0
