ID	S1	S2	S1/Initiated Expression (IE_S1)	S1/Expression Repetition (ER_S1)	S1/tokens (%)	S2/Initiated Expression (IE_S2)	S2/Expression Repetition (ER_S2)	S2/tokens (%)	Voc. Overlap S1	Voc. Overlap S2	SR/S1/ELS	SR/S1/EV	SR/S1/ER	SR/S1/ENTR	SR/S1/L	SR/S1/LMAX	SR/S2/ELS	SR/S2/EV	SR/S2/ER	SR/S2/ENTR	SR/S2/L	SR/S2/LMAX
dialogue_txt	Human 1	Human 2	0.7954545454545454	0.17985611510791366	0.5072992700729927	0.20454545454545456	0.5111111111111111	0.4927007299270073	0.5454545454545454	0.5217391304347826	17.0	0.11643835616438356	0.3698630136986301	0.9707450578356165	1.394736842105263	5.0	18.0	0.1267605633802817	0.38028169014084506	1.0775223153938258	1.4324324324324325	5.0
