ID	Num. utterances	Num. tokens	Expression Lexicon Size (ELS)	Expression Variety (EV)	Expression Repetition (ER)	Voc. Overlap	ENTR	L	LMAX
dialogue_txt	16.0	321.0	40.0	0.12461059190031153	0.3052959501557632	0.24489795918367346	1.037823059617938	1.3214285714285714	4.0
