ID	S1	S2	S1/Initiated Expression (IE_S1)	S1/Expression Repetition (ER_S1)	S1/tokens (%)	S2/Initiated Expression (IE_S2)	S2/Expression Repetition (ER_S2)	S2/tokens (%)	Voc. Overlap S1	Voc. Overlap S2	SR/S1/ELS	SR/S1/EV	SR/S1/ER	SR/S1/ENTR	SR/S1/L	SR/S1/LMAX	SR/S2/ELS	SR/S2/EV	SR/S2/ER	SR/S2/ENTR	SR/S2/L	SR/S2/LMAX
dialogue_txt	Human 1	Human 2	0.6744186046511628	0.23622047244094488	0.4828897338403042	0.32558139534883723	0.47058823529411764	0.5171102661596958	0.5679012345679012	0.6052631578947368	16.0	0.11940298507462686	0.34328358208955223	0.6394571324851641	1.162162162162162	2.0	20.0	0.1388888888888889	0.5763888888888888	1.878674446754966	2.230769230769231	9.0
