ID	S1	S2	S1/Initiated Expression (IE_S1)	S1/Expression Repetition (ER_S1)	S1/tokens (%)	S2/Initiated Expression (IE_S2)	S2/Expression Repetition (ER_S2)	S2/tokens (%)	Voc. Overlap S1	Voc. Overlap S2	SR/S1/ELS	SR/S1/EV	SR/S1/ER	SR/S1/ENTR	SR/S1/L	SR/S1/LMAX	SR/S2/ELS	SR/S2/EV	SR/S2/ER	SR/S2/ENTR	SR/S2/L	SR/S2/LMAX
dialogue_txt	Human 1	Human 2	0.8181818181818182	0.1388888888888889	0.2823529411764706	0.18181818181818182	0.18579234972677597	0.7176470588235294	0.4444444444444444	0.21428571428571427	9.0	0.1111111111111111	0.2716049382716049	0.4689955935892812	1.1	2.0	23.0	0.11979166666666667	0.4375	0.9333021800853452	1.4	7.0
