ID	S1	S2	S1/Initiated Expression (IE_S1)	S1/Expression Repetition (ER_S1)	S1/tokens (%)	S2/Initiated Expression (IE_S2)	S2/Expression Repetition (ER_S2)	S2/tokens (%)	Voc. Overlap S1	Voc. Overlap S2	SR/S1/ELS	SR/S1/EV	SR/S1/ER	SR/S1/ENTR	SR/S1/L	SR/S1/LMAX	SR/S2/ELS	SR/S2/EV	SR/S2/ER	SR/S2/ENTR	SR/S2/L	SR/S2/LMAX
dialogue_txt	Human 1	Human 2	0.47619047619047616	0.15151515151515152	0.38823529411764707	0.5238095238095238	0.27884615384615385	0.611764705882353	0.45614035087719296	0.38235294117647056	3.0	0.0410958904109589	0.0821917808219178	-0.0	1.0	1.0	15.0	0.13513513513513514	0.42342342342342343	0.8865703508911296	1.5161290322580645	7.0
