ID	Num. utterances	Num. tokens	Expression Lexicon Size (ELS)	Expression Variety (EV)	Expression Repetition (ER)	Voc. Overlap	ENTR	L	LMAX
dialogue_txt	16.0	208.0	33.0	0.15865384615384615	0.30288461538461536	0.3627450980392157	1.4148183803433612	1.5753424657534247	4.0
