ID	S1	S2	S1/Initiated Expression (IE_S1)	S1/Expression Repetition (ER_S1)	S1/tokens (%)	S2/Initiated Expression (IE_S2)	S2/Expression Repetition (ER_S2)	S2/tokens (%)	Voc. Overlap S1	Voc. Overlap S2	SR/S1/ELS	SR/S1/EV	SR/S1/ER	SR/S1/ENTR	SR/S1/L	SR/S1/LMAX	SR/S2/ELS	SR/S2/EV	SR/S2/ER	SR/S2/ENTR	SR/S2/L	SR/S2/LMAX
dialogue_txt	Human 1	Human 2	0.6923076923076923	0.13636363636363635	0.3173076923076923	0.3076923076923077	0.4507042253521127	0.6826923076923077	0.6491228070175439	0.4625	3.0	0.0410958904109589	0.0821917808219178	-0.0	1.0	1.0	28.0	0.18791946308724833	0.5570469798657718	1.201681991620676	1.4262295081967213	3.0
