ID	S1	S2	S1/Initiated Expression (IE_S1)	S1/Expression Repetition (ER_S1)	S1/tokens (%)	S2/Initiated Expression (IE_S2)	S2/Expression Repetition (ER_S2)	S2/tokens (%)	Voc. Overlap S1	Voc. Overlap S2	SR/S1/ELS	SR/S1/EV	SR/S1/ER	SR/S1/ENTR	SR/S1/L	SR/S1/LMAX	SR/S2/ELS	SR/S2/EV	SR/S2/ER	SR/S2/ENTR	SR/S2/L	SR/S2/LMAX
dialogue_txt	Human 1	Human 2	0.9259259259259259	0.06557377049180328	0.3719512195121951	0.07407407407407407	0.6019417475728155	0.6280487804878049	0.7021276595744681	0.5789473684210527	8.0	0.11594202898550725	0.2463768115942029	-0.0	1.0	1.0	20.0	0.18018018018018017	0.5405405405405406	0.9498560638037995	1.4047619047619047	6.0
