ID	S1	S2	S1/Initiated Expression (IE_S1)	S1/Expression Repetition (ER_S1)	S1/tokens (%)	S2/Initiated Expression (IE_S2)	S2/Expression Repetition (ER_S2)	S2/tokens (%)	Voc. Overlap S1	Voc. Overlap S2	SR/S1/ELS	SR/S1/EV	SR/S1/ER	SR/S1/ENTR	SR/S1/L	SR/S1/LMAX	SR/S2/ELS	SR/S2/EV	SR/S2/ER	SR/S2/ENTR	SR/S2/L	SR/S2/LMAX
dialogue_txt	Human 1	Human 2	0.7407407407407407	0.1125	0.37383177570093457	0.25925925925925924	0.26119402985074625	0.6261682242990654	0.4406779661016949	0.3291139240506329	6.0	0.06896551724137931	0.1724137931034483	-0.0	1.0	1.0	19.0	0.13380281690140844	0.5070422535211268	1.5177199029496027	1.868421052631579	9.0
