ID	Num. utterances	Num. tokens	Expression Lexicon Size (ELS)	Expression Variety (EV)	Expression Repetition (ER)	Voc. Overlap	ENTR	L	LMAX
dialogue_txt	15.0	199.0	27.0	0.135678391959799	0.31155778894472363	0.2616822429906542	0.9550558042658067	1.2876712328767124	3.0
