ID	Num. utterances	Num. tokens	Expression Lexicon Size (ELS)	Expression Variety (EV)	Expression Repetition (ER)	Voc. Overlap	ENTR	L	LMAX
dialogue_txt	16.0	253.0	34.0	0.13438735177865613	0.28063241106719367	0.2905982905982906	1.0892316480308393	1.3764705882352941	5.0
