ID	Num. utterances	Num. tokens	Expression Lexicon Size (ELS)	Expression Variety (EV)	Expression Repetition (ER)	Voc. Overlap	ENTR	L	LMAX
dialogue_txt	14.0	284.0	39.0	0.13732394366197184	0.2746478873239437	0.2468354430379747	0.3834641323087979	1.074766355140187	2.0
