ID	Num. utterances	Num. tokens	Expression Lexicon Size (ELS)	Expression Variety (EV)	Expression Repetition (ER)	Voc. Overlap	ENTR	L	LMAX
dialogue_txt	15.0	254.0	31.0	0.1220472440944882	0.3543307086614173	0.2542372881355932	1.2046029519642993	1.4395604395604396	3.0
