ID	Num. utterances	Num. tokens	Expression Lexicon Size (ELS)	Expression Variety (EV)	Expression Repetition (ER)	Voc. Overlap	ENTR	L	LMAX
dialogue_txt	16.0	340.0	37.0	0.10882352941176471	0.28823529411764703	0.23809523809523808	0.985408848774174	1.3047619047619048	3.0
