ID	Num. utterances	Num. tokens	Expression Lexicon Size (ELS)	Expression Variety (EV)	Expression Repetition (ER)	Voc. Overlap	ENTR	L	LMAX
dialogue_txt	16.0	239.0	32.0	0.13389121338912133	0.36401673640167365	0.308411214953271	0.8048640182234656	1.2475247524752475	5.0
