ID	S1	S2	S1/Initiated Expression (IE_S1)	S1/Expression Repetition (ER_S1)	S1/tokens (%)	S2/Initiated Expression (IE_S2)	S2/Expression Repetition (ER_S2)	S2/tokens (%)	Voc. Overlap S1	Voc. Overlap S2	SR/S1/ELS	SR/S1/EV	SR/S1/ER	SR/S1/ENTR	SR/S1/L	SR/S1/LMAX	SR/S2/ELS	SR/S2/EV	SR/S2/ER	SR/S2/ENTR	SR/S2/L	SR/S2/LMAX
dialogue_txt	Human 1	Human 2	0.8260869565217391	0.13043478260869565	0.3317307692307692	0.17391304347826086	0.30935251798561153	0.6682692307692307	0.43859649122807015	0.33783783783783783	6.0	0.07894736842105263	0.18421052631578946	-0.0	1.0	1.0	22.0	0.14965986394557823	0.5374149659863946	1.7583714761752145	1.9285714285714286	7.0
