ID	Num. utterances	Num. tokens	Expression Lexicon Size (ELS)	Expression Variety (EV)	Expression Repetition (ER)	Voc. Overlap	ENTR	L	LMAX
dialogue_txt	15.0	187.0	35.0	0.18716577540106952	0.42780748663101603	0.43023255813953487	0.9260189656758945	1.2688172043010753	4.0
