ID	S1	S2	S1/Initiated Expression (IE_S1)	S1/Expression Repetition (ER_S1)	S1/tokens (%)	S2/Initiated Expression (IE_S2)	S2/Expression Repetition (ER_S2)	S2/tokens (%)	Voc. Overlap S1	Voc. Overlap S2	SR/S1/ELS	SR/S1/EV	SR/S1/ER	SR/S1/ENTR	SR/S1/L	SR/S1/LMAX	SR/S2/ELS	SR/S2/EV	SR/S2/ER	SR/S2/ENTR	SR/S2/L	SR/S2/LMAX
dialogue_txt	Human 1	Human 2	0.8571428571428571	0.08974358974358974	0.42162162162162165	0.14285714285714285	0.5233644859813084	0.5783783783783784	0.6666666666666666	0.5352112676056338	7.0	0.08333333333333333	0.2261904761904762	0.5435644431995964	1.125	2.0	17.0	0.14912280701754385	0.38596491228070173	0.8112781244591328	1.25	2.0
