ID	Num. utterances	Num. tokens	Expression Lexicon Size (ELS)	Expression Variety (EV)	Expression Repetition (ER)	Voc. Overlap	ENTR	L	LMAX
dialogue_txt	14.0	268.0	32.0	0.11940298507462686	0.23507462686567165	0.2283464566929134	1.029546423399313	1.3209876543209877	3.0
