ID	S1	S2	S1/Initiated Expression (IE_S1)	S1/Expression Repetition (ER_S1)	S1/tokens (%)	S2/Initiated Expression (IE_S2)	S2/Expression Repetition (ER_S2)	S2/tokens (%)	Voc. Overlap S1	Voc. Overlap S2	SR/S1/ELS	SR/S1/EV	SR/S1/ER	SR/S1/ENTR	SR/S1/L	SR/S1/LMAX	SR/S2/ELS	SR/S2/EV	SR/S2/ER	SR/S2/ENTR	SR/S2/L	SR/S2/LMAX
dialogue_txt	Human 1	Human 2	0.6984126984126984	0.20348837209302326	0.49283667621776506	0.30158730158730157	0.615819209039548	0.5071633237822349	0.5641025641025641	0.66	21.0	0.11602209944751381	0.30386740331491713	0.41381685030363374	1.0833333333333333	2.0	40.0	0.21390374331550802	0.5935828877005348	0.8148994594848438	1.25	5.0
