ID	Num. utterances	Num. tokens	Expression Lexicon Size (ELS)	Expression Variety (EV)	Expression Repetition (ER)	Voc. Overlap	ENTR	L	LMAX
dialogue_txt	19.0	349.0	63.0	0.18051575931232092	0.41260744985673353	0.4370860927152318	1.2584974271888716	1.4736842105263157	7.0
