ID	S1	S2	S1/Initiated Expression (IE_S1)	S1/Expression Repetition (ER_S1)	S1/tokens (%)	S2/Initiated Expression (IE_S2)	S2/Expression Repetition (ER_S2)	S2/tokens (%)	Voc. Overlap S1	Voc. Overlap S2	SR/S1/ELS	SR/S1/EV	SR/S1/ER	SR/S1/ENTR	SR/S1/L	SR/S1/LMAX	SR/S2/ELS	SR/S2/EV	SR/S2/ER	SR/S2/ENTR	SR/S2/L	SR/S2/LMAX
dialogue_txt	Human 1	Human 2	0.6060606060606061	0.16993464052287582	0.5221843003412969	0.3939393939393939	0.37857142857142856	0.4778156996587031	0.3238095238095238	0.41975308641975306	17.0	0.10625	0.33125	0.7742433029172697	1.263157894736842	4.0	21.0	0.14189189189189189	0.5067567567567568	0.9517146549329367	1.530612244897959	8.0
