ID	Num. utterances	Num. tokens	Expression Lexicon Size (ELS)	Expression Variety (EV)	Expression Repetition (ER)	Voc. Overlap	ENTR	L	LMAX
dialogue_txt	16.0	316.0	40.0	0.12658227848101267	0.28164556962025317	0.27380952380952384	0.7081932519570492	1.1779661016949152	3.0
