ID	S1	S2	S1/Initiated Expression (IE_S1)	S1/Expression Repetition (ER_S1)	S1/tokens (%)	S2/Initiated Expression (IE_S2)	S2/Expression Repetition (ER_S2)	S2/tokens (%)	Voc. Overlap S1	Voc. Overlap S2	SR/S1/ELS	SR/S1/EV	SR/S1/ER	SR/S1/ENTR	SR/S1/L	SR/S1/LMAX	SR/S2/ELS	SR/S2/EV	SR/S2/ER	SR/S2/ENTR	SR/S2/L	SR/S2/LMAX
dialogue_txt	Human 1	Human 2	0.7872340425531915	0.14655172413793102	0.4218181818181818	0.2127659574468085	0.5408805031446541	0.5781818181818181	0.5625	0.5172413793103449	11.0	0.088	0.24	-0.0	1.0	1.0	31.0	0.1834319526627219	0.5384615384615384	0.907325137928082	1.289855072463768	4.0
