ID	Num. utterances	Num. tokens	Expression Lexicon Size (ELS)	Expression Variety (EV)	Expression Repetition (ER)	Voc. Overlap	ENTR	L	LMAX
dialogue_txt	19.0	275.0	47.0	0.1709090909090909	0.37454545454545457	0.36885245901639346	1.236137903582547	1.4608695652173913	6.0
