ID	S1	S2	S1/Initiated Expression (IE_S1)	S1/Expression Repetition (ER_S1)	S1/tokens (%)	S2/Initiated Expression (IE_S2)	S2/Expression Repetition (ER_S2)	S2/tokens (%)	Voc. Overlap S1	Voc. Overlap S2	SR/S1/ELS	SR/S1/EV	SR/S1/ER	SR/S1/ENTR	SR/S1/L	SR/S1/LMAX	SR/S2/ELS	SR/S2/EV	SR/S2/ER	SR/S2/ENTR	SR/S2/L	SR/S2/LMAX
dialogue_txt	Human 1	Human 2	0.6666666666666666	0.21311475409836064	0.2584745762711864	0.3333333333333333	0.24571428571428572	0.7415254237288136	0.48936170212765956	0.26744186046511625	8.0	0.11594202898550725	0.2463768115942029	-0.0	1.0	1.0	26.0	0.14207650273224043	0.5628415300546448	1.6787275123325025	1.981818181818182	9.0
