ID	Num. utterances	Num. tokens	Expression Lexicon Size (ELS)	Expression Variety (EV)	Expression Repetition (ER)	Voc. Overlap	ENTR	L	LMAX
dialogue_txt	14.0	277.0	31.0	0.11191335740072202	0.26353790613718414	0.25806451612903225	0.8138306386191803	1.2386363636363635	4.0
