ID	S1	S2	S1/Initiated Expression (IE_S1)	S1/Expression Repetition (ER_S1)	S1/tokens (%)	S2/Initiated Expression (IE_S2)	S2/Expression Repetition (ER_S2)	S2/tokens (%)	Voc. Overlap S1	Voc. Overlap S2	SR/S1/ELS	SR/S1/EV	SR/S1/ER	SR/S1/ENTR	SR/S1/L	SR/S1/LMAX	SR/S2/ELS	SR/S2/EV	SR/S2/ER	SR/S2/ENTR	SR/S2/L	SR/S2/LMAX
dialogue_txt	Human 1	Human 2	0.6	0.18032786885245902	0.33152173913043476	0.4	0.2601626016260163	0.6684782608695652	0.5416666666666666	0.3132530120481928	7.0	0.1044776119402985	0.23880597014925373	0.5916727785823274	1.1428571428571428	2.0	17.0	0.13076923076923078	0.4	1.2548207384108219	1.457142857142857	4.0
