ID	S1	S2	S1/Initiated Expression (IE_S1)	S1/Expression Repetition (ER_S1)	S1/tokens (%)	S2/Initiated Expression (IE_S2)	S2/Expression Repetition (ER_S2)	S2/tokens (%)	Voc. Overlap S1	Voc. Overlap S2	SR/S1/ELS	SR/S1/EV	SR/S1/ER	SR/S1/ENTR	SR/S1/L	SR/S1/LMAX	SR/S2/ELS	SR/S2/EV	SR/S2/ER	SR/S2/ENTR	SR/S2/L	SR/S2/LMAX
dialogue_txt	Human 1	Human 2	0.9333333333333333	0.07407407407407407	0.5567010309278351	0.06666666666666667	0.5813953488372093	0.44329896907216493	0.5121951219512195	0.65625	4.0	0.06896551724137931	0.1724137931034483	-0.0	1.0	1.0	4.0	0.0851063829787234	0.2978723404255319	1.3787834934861753	2.142857142857143	3.0
