ID	S1	S2	S1/Initiated Expression (IE_S1)	S1/Expression Repetition (ER_S1)	S1/tokens (%)	S2/Initiated Expression (IE_S2)	S2/Expression Repetition (ER_S2)	S2/tokens (%)	Voc. Overlap S1	Voc. Overlap S2	SR/S1/ELS	SR/S1/EV	SR/S1/ER	SR/S1/ENTR	SR/S1/L	SR/S1/LMAX	SR/S2/ELS	SR/S2/EV	SR/S2/ER	SR/S2/ENTR	SR/S2/L	SR/S2/LMAX
dialogue_txt	Human 1	Human 2	0.8409090909090909	0.13675213675213677	0.43014705882352944	0.1590909090909091	0.49032258064516127	0.5698529411764706	0.5942028985507246	0.4659090909090909	19.0	0.15079365079365079	0.4126984126984127	1.242370874393215	1.457142857142857	3.0	31.0	0.18902439024390244	0.5548780487804879	0.9615441840932928	1.4262295081967213	8.0
