ID	S1	S2	S1/Initiated Expression (IE_S1)	S1/Expression Repetition (ER_S1)	S1/tokens (%)	S2/Initiated Expression (IE_S2)	S2/Expression Repetition (ER_S2)	S2/tokens (%)	Voc. Overlap S1	Voc. Overlap S2	SR/S1/ELS	SR/S1/EV	SR/S1/ER	SR/S1/ENTR	SR/S1/L	SR/S1/LMAX	SR/S2/ELS	SR/S2/EV	SR/S2/ER	SR/S2/ENTR	SR/S2/L	SR/S2/LMAX
dialogue_txt	Human 1	Human 2	0.5882352941176471	0.2261904761904762	0.45652173913043476	0.4117647058823529	0.45	0.5434782608695652	0.5737704918032787	0.546875	9.0	0.0989010989010989	0.23076923076923078	-0.0	1.0	1.0	16.0	0.14814814814814814	0.4351851851851852	0.8945522086006884	1.2571428571428571	3.0
