ID	Num. utterances	Num. tokens	Expression Lexicon Size (ELS)	Expression Variety (EV)	Expression Repetition (ER)	Voc. Overlap	ENTR	L	LMAX
dialogue_txt	15.0	226.0	42.0	0.18584070796460178	0.38495575221238937	0.40860215053763443	1.062830786382778	1.3495145631067962	3.0
