ID	Num. utterances	Num. tokens	Expression Lexicon Size (ELS)	Expression Variety (EV)	Expression Repetition (ER)	Voc. Overlap	ENTR	L	LMAX
dialogue_txt	15.0	213.0	29.0	0.13615023474178403	0.27230046948356806	0.26605504587155965	1.043233026456561	1.3513513513513513	3.0
