ID	Num. utterances	Num. tokens	Expression Lexicon Size (ELS)	Expression Variety (EV)	Expression Repetition (ER)	Voc. Overlap	ENTR	L	LMAX
dialogue_txt	15.0	241.0	29.0	0.12033195020746888	0.2572614107883817	0.23529411764705882	0.7318843430636693	1.1842105263157894	3.0
