ID	Num. utterances	Num. tokens	Expression Lexicon Size (ELS)	Expression Variety (EV)	Expression Repetition (ER)	Voc. Overlap	ENTR	L	LMAX
dialogue_txt	15.0	169.0	29.0	0.17159763313609466	0.33727810650887574	0.410958904109589	1.2322611953168128	1.4477611940298507	3.0
