ID	Num. utterances	Num. tokens	Expression Lexicon Size (ELS)	Expression Variety (EV)	Expression Repetition (ER)	Voc. Overlap	ENTR	L	LMAX
dialogue_txt	16.0	281.0	46.0	0.16370106761565836	0.3487544483985765	0.3333333333333333	1.27989326662674	1.456896551724138	5.0
