ID	Num. utterances	Num. tokens	Expression Lexicon Size (ELS)	Expression Variety (EV)	Expression Repetition (ER)	Voc. Overlap	ENTR	L	LMAX
dialogue_txt	15.0	198.0	31.0	0.15656565656565657	0.36363636363636365	0.3626373626373626	1.1668031550989593	1.4074074074074074	5.0
