ID	S1	S2	S1/Initiated Expression (IE_S1)	S1/Expression Repetition (ER_S1)	S1/tokens (%)	S2/Initiated Expression (IE_S2)	S2/Expression Repetition (ER_S2)	S2/tokens (%)	Voc. Overlap S1	Voc. Overlap S2	SR/S1/ELS	SR/S1/EV	SR/S1/ER	SR/S1/ENTR	SR/S1/L	SR/S1/LMAX	SR/S2/ELS	SR/S2/EV	SR/S2/ER	SR/S2/ENTR	SR/S2/L	SR/S2/LMAX
dialogue_txt	Human 1	Human 2	0.7368421052631579	0.1746031746031746	0.5206611570247934	0.2631578947368421	0.5574712643678161	0.4793388429752066	0.4485981308411215	0.5274725274725275	28.0	0.14213197969543148	0.4517766497461929	1.0540157730728	1.35	3.0	31.0	0.16939890710382513	0.546448087431694	1.2887087282738037	1.4923076923076923	5.0
