ID	S1	S2	S1/Initiated Expression (IE_S1)	S1/Expression Repetition (ER_S1)	S1/tokens (%)	S2/Initiated Expression (IE_S2)	S2/Expression Repetition (ER_S2)	S2/tokens (%)	Voc. Overlap S1	Voc. Overlap S2	SR/S1/ELS	SR/S1/EV	SR/S1/ER	SR/S1/ENTR	SR/S1/L	SR/S1/LMAX	SR/S2/ELS	SR/S2/EV	SR/S2/ER	SR/S2/ENTR	SR/S2/L	SR/S2/LMAX
dialogue_txt	Human 1	Human 2	0.8076923076923077	0.125	0.43373493975903615	0.19230769230769232	0.4574468085106383	0.5662650602409639	0.5555555555555556	0.4918032786885246	9.0	0.1111111111111111	0.2716049382716049	0.4689955935892812	1.1	2.0	18.0	0.17475728155339806	0.44660194174757284	0.7424875695421236	1.2105263157894737	2.0
