ID	Num. utterances	Num. tokens	Expression Lexicon Size (ELS)	Expression Variety (EV)	Expression Repetition (ER)	Voc. Overlap	ENTR	L	LMAX
dialogue_txt	19.0	462.0	54.0	0.11688311688311688	0.3051948051948052	0.2777777777777778	0.870147053749707	1.254335260115607	5.0
