ID	Num. utterances	Num. tokens	Expression Lexicon Size (ELS)	Expression Variety (EV)	Expression Repetition (ER)	Voc. Overlap	ENTR	L	LMAX
dialogue_txt	14.0	273.0	55.0	0.20146520146520147	0.4065934065934066	0.46956521739130436	0.7357219540606694	1.2291666666666667	6.0
