ID	Num. utterances	Num. tokens	Expression Lexicon Size (ELS)	Expression Variety (EV)	Expression Repetition (ER)	Voc. Overlap	ENTR	L	LMAX
dialogue_txt	13.0	184.0	29.0	0.15760869565217392	0.31521739130434784	0.3617021276595745	0.6751857207910482	1.273972602739726	7.0
