ID	Num. utterances	Num. tokens	Expression Lexicon Size (ELS)	Expression Variety (EV)	Expression Repetition (ER)	Voc. Overlap	ENTR	L	LMAX
dialogue_txt	19.0	453.0	55.0	0.12141280353200883	0.33112582781456956	0.2535211267605634	0.8205499012825033	1.2339181286549707	5.0
