ID	S1	S2	S1/Initiated Expression (IE_S1)	S1/Expression Repetition (ER_S1)	S1/tokens (%)	S2/Initiated Expression (IE_S2)	S2/Expression Repetition (ER_S2)	S2/tokens (%)	Voc. Overlap S1	Voc. Overlap S2	SR/S1/ELS	SR/S1/EV	SR/S1/ER	SR/S1/ENTR	SR/S1/L	SR/S1/LMAX	SR/S2/ELS	SR/S2/EV	SR/S2/ER	SR/S2/ENTR	SR/S2/L	SR/S2/LMAX
dialogue_txt	Human 1	Human 2	0.5294117647058824	0.24087591240875914	0.5	0.47058823529411764	0.35036496350364965	0.5	0.4090909090909091	0.42857142857142855	14.0	0.09655172413793103	0.296551724137931	0.8503259045049341	1.3214285714285714	4.0	24.0	0.16551724137931034	0.45517241379310347	1.1313146886497212	1.44	3.0
