ID	Num. utterances	Num. tokens	Expression Lexicon Size (ELS)	Expression Variety (EV)	Expression Repetition (ER)	Voc. Overlap	ENTR	L	LMAX
dialogue_txt	16.0	263.0	28.0	0.10646387832699619	0.30798479087452474	0.2962962962962963	0.7962811593381773	1.2127659574468086	3.0
