ID	Num. utterances	Num. tokens	Expression Lexicon Size (ELS)	Expression Variety (EV)	Expression Repetition (ER)	Voc. Overlap	ENTR	L	LMAX
dialogue_txt	14.0	211.0	21.0	0.0995260663507109	0.23222748815165878	0.23728813559322035	0.4903415031415078	1.1388888888888888	4.0
