ID	Num. utterances	Num. tokens	Expression Lexicon Size (ELS)	Expression Variety (EV)	Expression Repetition (ER)	Voc. Overlap	ENTR	L	LMAX
dialogue_txt	18.0	384.0	34.0	0.08854166666666667	0.2786458333333333	0.23270440251572327	0.7523624063439223	1.1932773109243697	3.0
