ID	S1	S2	S1/Initiated Expression (IE_S1)	S1/Expression Repetition (ER_S1)	S1/tokens (%)	S2/Initiated Expression (IE_S2)	S2/Expression Repetition (ER_S2)	S2/tokens (%)	Voc. Overlap S1	Voc. Overlap S2	SR/S1/ELS	SR/S1/EV	SR/S1/ER	SR/S1/ENTR	SR/S1/L	SR/S1/LMAX	SR/S2/ELS	SR/S2/EV	SR/S2/ER	SR/S2/ENTR	SR/S2/L	SR/S2/LMAX
dialogue_txt	Human 1	Human 2	0.7714285714285715	0.14960629921259844	0.6512820512820513	0.22857142857142856	0.7058823529411765	0.3487179487179487	0.4268292682926829	0.7777777777777778	17.0	0.1259259259259259	0.34074074074074073	0.6394571324851641	1.162162162162162	2.0	13.0	0.17105263157894737	0.4605263157894737	1.0676111603502403	1.608695652173913	4.0
