ID	S1	S2	S1/Initiated Expression (IE_S1)	S1/Expression Repetition (ER_S1)	S1/tokens (%)	S2/Initiated Expression (IE_S2)	S2/Expression Repetition (ER_S2)	S2/tokens (%)	Voc. Overlap S1	Voc. Overlap S2	SR/S1/ELS	SR/S1/EV	SR/S1/ER	SR/S1/ENTR	SR/S1/L	SR/S1/LMAX	SR/S2/ELS	SR/S2/EV	SR/S2/ER	SR/S2/ENTR	SR/S2/L	SR/S2/LMAX
dialogue_txt	Human 1	Human 2	0.775	0.1896551724137931	0.3778501628664495	0.225	0.4293193717277487	0.6221498371335505	0.4625	0.3978494623655914	11.0	0.088	0.24	-0.0	1.0	1.0	35.0	0.17412935323383086	0.5771144278606966	1.5014745813898747	1.605263157894737	5.0
