ID	Num. utterances	Num. tokens	Expression Lexicon Size (ELS)	Expression Variety (EV)	Expression Repetition (ER)	Voc. Overlap	ENTR	L	LMAX
dialogue_txt	19.0	307.0	40.0	0.13029315960912052	0.33876221498371334	0.27205882352941174	0.924236382157721	1.2644628099173554	4.0
