ID	S1	S2	S1/Initiated Expression (IE_S1)	S1/Expression Repetition (ER_S1)	S1/tokens (%)	S2/Initiated Expression (IE_S2)	S2/Expression Repetition (ER_S2)	S2/tokens (%)	Voc. Overlap S1	Voc. Overlap S2	SR/S1/ELS	SR/S1/EV	SR/S1/ER	SR/S1/ENTR	SR/S1/L	SR/S1/LMAX	SR/S2/ELS	SR/S2/EV	SR/S2/ER	SR/S2/ENTR	SR/S2/L	SR/S2/LMAX
dialogue_txt	Human 1	Human 2	0.7586206896551724	0.22033898305084745	0.29064039408866993	0.2413793103448276	0.3680555555555556	0.7093596059113301	0.627906976744186	0.3103448275862069	8.0	0.11940298507462686	0.31343283582089554	-0.0	1.0	1.0	24.0	0.15789473684210525	0.4473684210526316	0.8152980892549258	1.2181818181818183	3.0
