ID	Num. utterances	Num. tokens	Expression Lexicon Size (ELS)	Expression Variety (EV)	Expression Repetition (ER)	Voc. Overlap	ENTR	L	LMAX
dialogue_txt	16.0	203.0	29.0	0.14285714285714285	0.3251231527093596	0.2621359223300971	0.9617545392018334	1.2894736842105263	4.0
