ID	Num. utterances	Num. tokens	Expression Lexicon Size (ELS)	Expression Variety (EV)	Expression Repetition (ER)	Voc. Overlap	ENTR	L	LMAX
dialogue_txt	18.0	221.0	32.0	0.14479638009049775	0.3665158371040724	0.3269230769230769	0.9539992567385457	1.2808988764044944	3.0
