ID	Num. utterances	Num. tokens	Expression Lexicon Size (ELS)	Expression Variety (EV)	Expression Repetition (ER)	Voc. Overlap	ENTR	L	LMAX
dialogue_txt	16.0	227.0	30.0	0.13215859030837004	0.2643171806167401	0.2644628099173554	1.140227069800682	1.3857142857142857	3.0
