ID	Num. utterances	Num. tokens	Expression Lexicon Size (ELS)	Expression Variety (EV)	Expression Repetition (ER)	Voc. Overlap	ENTR	L	LMAX
dialogue_txt	8.0	123.0	12.0	0.0975609756097561	0.1951219512195122	0.19230769230769232	0.35335933502142136	1.0666666666666667	2.0
