ID	Num. utterances	Num. tokens	Expression Lexicon Size (ELS)	Expression Variety (EV)	Expression Repetition (ER)	Voc. Overlap	ENTR	L	LMAX
dialogue_txt	16.0	173.0	22.0	0.12716763005780346	0.2832369942196532	0.30864197530864196	1.234204837336745	1.4285714285714286	4.0
