ID	S1	S2	S1/Initiated Expression (IE_S1)	S1/Expression Repetition (ER_S1)	S1/tokens (%)	S2/Initiated Expression (IE_S2)	S2/Expression Repetition (ER_S2)	S2/tokens (%)	Voc. Overlap S1	Voc. Overlap S2	SR/S1/ELS	SR/S1/EV	SR/S1/ER	SR/S1/ENTR	SR/S1/L	SR/S1/LMAX	SR/S2/ELS	SR/S2/EV	SR/S2/ER	SR/S2/ENTR	SR/S2/L	SR/S2/LMAX
dialogue_txt	Human 1	Human 2	0.717948717948718	0.17751479289940827	0.5029761904761905	0.28205128205128205	0.32934131736526945	0.49702380952380953	0.3838383838383838	0.3877551020408163	26.0	0.14689265536723164	0.4067796610169492	0.83294582353614	1.2641509433962264	2.0	26.0	0.14857142857142858	0.4514285714285714	0.7793498372920851	1.2307692307692308	2.0
