ID	Num. utterances	Num. tokens	Expression Lexicon Size (ELS)	Expression Variety (EV)	Expression Repetition (ER)	Voc. Overlap	ENTR	L	LMAX
dialogue_txt	15.0	218.0	22.0	0.10091743119266056	0.23394495412844038	0.20967741935483872	0.19590927087360493	1.0606060606060606	3.0
