ID	Num. utterances	Num. tokens	Expression Lexicon Size (ELS)	Expression Variety (EV)	Expression Repetition (ER)	Voc. Overlap	ENTR	L	LMAX
dialogue_txt	15.0	249.0	30.0	0.12048192771084337	0.26907630522088355	0.22900763358778625	0.8671665395609021	1.2435897435897436	3.0
