ID	Num. utterances	Num. tokens	Expression Lexicon Size (ELS)	Expression Variety (EV)	Expression Repetition (ER)	Voc. Overlap	ENTR	L	LMAX
dialogue_txt	16.0	287.0	42.0	0.14634146341463414	0.3554006968641115	0.34814814814814815	0.9562034223874797	1.3304347826086957	7.0
