ID	Num. utterances	Num. tokens	Expression Lexicon Size (ELS)	Expression Variety (EV)	Expression Repetition (ER)	Voc. Overlap	ENTR	L	LMAX
dialogue_txt	15.0	196.0	33.0	0.1683673469387755	0.30612244897959184	0.36082474226804123	1.0996616828607015	1.3506493506493507	4.0
