ID	Num. utterances	Num. tokens	Expression Lexicon Size (ELS)	Expression Variety (EV)	Expression Repetition (ER)	Voc. Overlap	ENTR	L	LMAX
dialogue_txt	19.0	282.0	26.0	0.09219858156028368	0.24822695035460993	0.20588235294117646	0.5475844288749033	1.1264367816091954	2.0
