ID	S1	S2	S1/Initiated Expression (IE_S1)	S1/Expression Repetition (ER_S1)	S1/tokens (%)	S2/Initiated Expression (IE_S2)	S2/Expression Repetition (ER_S2)	S2/tokens (%)	Voc. Overlap S1	Voc. Overlap S2	SR/S1/ELS	SR/S1/EV	SR/S1/ER	SR/S1/ENTR	SR/S1/L	SR/S1/LMAX	SR/S2/ELS	SR/S2/EV	SR/S2/ER	SR/S2/ENTR	SR/S2/L	SR/S2/LMAX
dialogue_txt	Human 1	Human 2	0.8387096774193549	0.12931034482758622	0.5523809523809524	0.16129032258064516	0.5851063829787234	0.44761904761904764	0.5060240963855421	0.6666666666666666	12.0	0.0975609756097561	0.2845528455284553	0.7495952572594798	1.2142857142857142	2.0	14.0	0.13861386138613863	0.42574257425742573	0.5608251769947301	1.4333333333333333	7.0
