ID	Num. utterances	Num. tokens	Expression Lexicon Size (ELS)	Expression Variety (EV)	Expression Repetition (ER)	Voc. Overlap	ENTR	L	LMAX
dialogue_txt	16.0	255.0	41.0	0.1607843137254902	0.2784313725490196	0.3228346456692913	0.6352115521361692	1.1603773584905661	2.0
