ID	S1	S2	S1/Initiated Expression (IE_S1)	S1/Expression Repetition (ER_S1)	S1/tokens (%)	S2/Initiated Expression (IE_S2)	S2/Expression Repetition (ER_S2)	S2/tokens (%)	Voc. Overlap S1	Voc. Overlap S2	SR/S1/ELS	SR/S1/EV	SR/S1/ER	SR/S1/ENTR	SR/S1/L	SR/S1/LMAX	SR/S2/ELS	SR/S2/EV	SR/S2/ER	SR/S2/ENTR	SR/S2/L	SR/S2/LMAX
dialogue_txt	Human 1	Human 2	0.7741935483870968	0.19230769230769232	0.5306122448979592	0.22580645161290322	0.4608695652173913	0.46938775510204084	0.38372093023255816	0.4647887323943662	14.0	0.10218978102189781	0.3357664233576642	0.4854607607459134	1.105263157894737	2.0	15.0	0.12195121951219512	0.4715447154471545	1.8306484887112577	2.074074074074074	6.0
