ID	S1	S2	S1/Initiated Expression (IE_S1)	S1/Expression Repetition (ER_S1)	S1/tokens (%)	S2/Initiated Expression (IE_S2)	S2/Expression Repetition (ER_S2)	S2/tokens (%)	Voc. Overlap S1	Voc. Overlap S2	SR/S1/ELS	SR/S1/EV	SR/S1/ER	SR/S1/ENTR	SR/S1/L	SR/S1/LMAX	SR/S2/ELS	SR/S2/EV	SR/S2/ER	SR/S2/ENTR	SR/S2/L	SR/S2/LMAX
dialogue_txt	Human 1	Human 2	0.7735849056603774	0.1901840490797546	0.5292207792207793	0.22641509433962265	0.5655172413793104	0.4707792207792208	0.46	0.5679012345679012	22.0	0.12941176470588237	0.40588235294117647	1.194545119186222	1.4893617021276595	3.0	26.0	0.16993464052287582	0.5032679738562091	0.7703437707962479	1.2333333333333334	4.0
