ID	S1	S2	S1/Initiated Expression (IE_S1)	S1/Expression Repetition (ER_S1)	S1/tokens (%)	S2/Initiated Expression (IE_S2)	S2/Expression Repetition (ER_S2)	S2/tokens (%)	Voc. Overlap S1	Voc. Overlap S2	SR/S1/ELS	SR/S1/EV	SR/S1/ER	SR/S1/ENTR	SR/S1/L	SR/S1/LMAX	SR/S2/ELS	SR/S2/EV	SR/S2/ER	SR/S2/ENTR	SR/S2/L	SR/S2/LMAX
dialogue_txt	Human 1	Human 2	0.9111111111111111	0.0989010989010989	0.3872340425531915	0.08888888888888889	0.6805555555555556	0.6127659574468085	0.7846153846153846	0.6455696202531646	12.0	0.12121212121212122	0.2828282828282828	-0.0	1.0	1.0	27.0	0.17763157894736842	0.5723684210526315	1.1518126364122896	1.7115384615384615	9.0
