ID	Num. utterances	Num. tokens	Expression Lexicon Size (ELS)	Expression Variety (EV)	Expression Repetition (ER)	Voc. Overlap	ENTR	L	LMAX
dialogue_txt	14.0	203.0	23.0	0.11330049261083744	0.27586206896551724	0.25263157894736843	1.2159258889708082	1.435483870967742	3.0
