ID	S1	S2	S1/Initiated Expression (IE_S1)	S1/Expression Repetition (ER_S1)	S1/tokens (%)	S2/Initiated Expression (IE_S2)	S2/Expression Repetition (ER_S2)	S2/tokens (%)	Voc. Overlap S1	Voc. Overlap S2	SR/S1/ELS	SR/S1/EV	SR/S1/ER	SR/S1/ENTR	SR/S1/L	SR/S1/LMAX	SR/S2/ELS	SR/S2/EV	SR/S2/ER	SR/S2/ENTR	SR/S2/L	SR/S2/LMAX
dialogue_txt	Human 1	Human 2	0.8285714285714286	0.17708333333333334	0.38866396761133604	0.17142857142857143	0.4105960264900662	0.611336032388664	0.6612903225806451	0.41414141414141414	14.0	0.1346153846153846	0.33653846153846156	0.34511731494495296	1.064516129032258	2.0	21.0	0.1320754716981132	0.37735849056603776	0.3809465857053901	1.0740740740740742	2.0
