ID	Num. utterances	Num. tokens	Expression Lexicon Size (ELS)	Expression Variety (EV)	Expression Repetition (ER)	Voc. Overlap	ENTR	L	LMAX
dialogue_txt	16.0	247.0	35.0	0.1417004048582996	0.31983805668016196	0.3416666666666667	0.8343669252353705	1.2604166666666667	4.0
