ID	S1	S2	S1/Initiated Expression (IE_S1)	S1/Expression Repetition (ER_S1)	S1/tokens (%)	S2/Initiated Expression (IE_S2)	S2/Expression Repetition (ER_S2)	S2/tokens (%)	Voc. Overlap S1	Voc. Overlap S2	SR/S1/ELS	SR/S1/EV	SR/S1/ER	SR/S1/ENTR	SR/S1/L	SR/S1/LMAX	SR/S2/ELS	SR/S2/EV	SR/S2/ER	SR/S2/ENTR	SR/S2/L	SR/S2/LMAX
dialogue_txt	Human 1	Human 2	0.7333333333333333	0.22522522522522523	0.43700787401574803	0.26666666666666666	0.2867132867132867	0.562992125984252	0.4166666666666667	0.32967032967032966	16.0	0.13559322033898305	0.3644067796610169	1.1400457981819085	1.3870967741935485	3.0	22.0	0.1456953642384106	0.44370860927152317	0.9828291224878021	1.3137254901960784	4.0
