ID	Num. utterances	Num. tokens	Expression Lexicon Size (ELS)	Expression Variety (EV)	Expression Repetition (ER)	Voc. Overlap	ENTR	L	LMAX
dialogue_txt	16.0	279.0	35.0	0.12544802867383512	0.3118279569892473	0.2975206611570248	0.9057957357647743	1.2989690721649485	4.0
