ID	S1	S2	S1/Initiated Expression (IE_S1)	S1/Expression Repetition (ER_S1)	S1/tokens (%)	S2/Initiated Expression (IE_S2)	S2/Expression Repetition (ER_S2)	S2/tokens (%)	Voc. Overlap S1	Voc. Overlap S2	SR/S1/ELS	SR/S1/EV	SR/S1/ER	SR/S1/ENTR	SR/S1/L	SR/S1/LMAX	SR/S2/ELS	SR/S2/EV	SR/S2/ER	SR/S2/ENTR	SR/S2/L	SR/S2/LMAX
dialogue_txt	Human 1	Human 2	0.8076923076923077	0.10909090909090909	0.3548387096774194	0.19230769230769232	0.36	0.6451612903225806	0.6190476190476191	0.4	5.0	0.08064516129032258	0.1935483870967742	0.8112781244591328	1.5	3.0	13.0	0.12037037037037036	0.37962962962962965	0.9055872616982603	1.2666666666666666	3.0
