ID	S1	S2	S1/Initiated Expression (IE_S1)	S1/Expression Repetition (ER_S1)	S1/tokens (%)	S2/Initiated Expression (IE_S2)	S2/Expression Repetition (ER_S2)	S2/tokens (%)	Voc. Overlap S1	Voc. Overlap S2	SR/S1/ELS	SR/S1/EV	SR/S1/ER	SR/S1/ENTR	SR/S1/L	SR/S1/LMAX	SR/S2/ELS	SR/S2/EV	SR/S2/ER	SR/S2/ENTR	SR/S2/L	SR/S2/LMAX
dialogue_txt	Human 1	Human 2	0.9583333333333334	0.05128205128205128	0.42857142857142855	0.041666666666666664	0.5096153846153846	0.5714285714285714	0.5789473684210527	0.559322033898305	7.0	0.08333333333333333	0.2261904761904762	0.5435644431995964	1.125	2.0	17.0	0.15315315315315314	0.5675675675675675	2.040657409009977	2.5925925925925926	5.0
