ID	Num. utterances	Num. tokens	Expression Lexicon Size (ELS)	Expression Variety (EV)	Expression Repetition (ER)	Voc. Overlap	ENTR	L	LMAX
dialogue_txt	14.0	281.0	45.0	0.1601423487544484	0.42704626334519574	0.37606837606837606	1.0223316708319816	1.3636363636363635	6.0
