ID	S1	S2	S1/Initiated Expression (IE_S1)	S1/Expression Repetition (ER_S1)	S1/tokens (%)	S2/Initiated Expression (IE_S2)	S2/Expression Repetition (ER_S2)	S2/tokens (%)	Voc. Overlap S1	Voc. Overlap S2	SR/S1/ELS	SR/S1/EV	SR/S1/ER	SR/S1/ENTR	SR/S1/L	SR/S1/LMAX	SR/S2/ELS	SR/S2/EV	SR/S2/ER	SR/S2/ENTR	SR/S2/L	SR/S2/LMAX
dialogue_txt	Human 1	Human 2	0.8888888888888888	0.06666666666666667	0.23195876288659795	0.1111111111111111	0.087248322147651	0.7680412371134021	0.3142857142857143	0.14666666666666667	4.0	0.07547169811320754	0.16981132075471697	0.863120568566631	1.2857142857142858	2.0	27.0	0.17197452229299362	0.5923566878980892	1.9458236810946505	2.0869565217391304	8.0
