ID	S1	S2	S1/Initiated Expression (IE_S1)	S1/Expression Repetition (ER_S1)	S1/tokens (%)	S2/Initiated Expression (IE_S2)	S2/Expression Repetition (ER_S2)	S2/tokens (%)	Voc. Overlap S1	Voc. Overlap S2	SR/S1/ELS	SR/S1/EV	SR/S1/ER	SR/S1/ENTR	SR/S1/L	SR/S1/LMAX	SR/S2/ELS	SR/S2/EV	SR/S2/ER	SR/S2/ENTR	SR/S2/L	SR/S2/LMAX
dialogue_txt	Human 1	Human 2	0.7209302325581395	0.1968503937007874	0.5100401606425703	0.27906976744186046	0.5327868852459017	0.4899598393574297	0.5308641975308642	0.6615384615384615	16.0	0.11940298507462686	0.34328358208955223	0.6394571324851641	1.162162162162162	2.0	24.0	0.18461538461538463	0.6230769230769231	1.089246428509158	1.7333333333333334	9.0
