ID	Num. utterances	Num. tokens	Expression Lexicon Size (ELS)	Expression Variety (EV)	Expression Repetition (ER)	Voc. Overlap	ENTR	L	LMAX
dialogue_txt	15.0	186.0	34.0	0.1827956989247312	0.44623655913978494	0.5194805194805194	1.7785414181666814	1.911764705882353	8.0
