ID	S1	S2	S1/Initiated Expression (IE_S1)	S1/Expression Repetition (ER_S1)	S1/tokens (%)	S2/Initiated Expression (IE_S2)	S2/Expression Repetition (ER_S2)	S2/tokens (%)	Voc. Overlap S1	Voc. Overlap S2	SR/S1/ELS	SR/S1/EV	SR/S1/ER	SR/S1/ENTR	SR/S1/L	SR/S1/LMAX	SR/S2/ELS	SR/S2/EV	SR/S2/ER	SR/S2/ENTR	SR/S2/L	SR/S2/LMAX
dialogue_txt	Human 1	Human 2	0.8409090909090909	0.17692307692307693	0.47619047619047616	0.1590909090909091	0.4965034965034965	0.5238095238095238	0.5116279069767442	0.5057471264367817	14.0	0.10218978102189781	0.3357664233576642	0.4854607607459134	1.105263157894737	2.0	25.0	0.16556291390728478	0.45695364238410596	0.5677314545847301	1.1355932203389831	3.0
