ID	S1	S2	S1/Initiated Expression (IE_S1)	S1/Expression Repetition (ER_S1)	S1/tokens (%)	S2/Initiated Expression (IE_S2)	S2/Expression Repetition (ER_S2)	S2/tokens (%)	Voc. Overlap S1	Voc. Overlap S2	SR/S1/ELS	SR/S1/EV	SR/S1/ER	SR/S1/ENTR	SR/S1/L	SR/S1/LMAX	SR/S2/ELS	SR/S2/EV	SR/S2/ER	SR/S2/ENTR	SR/S2/L	SR/S2/LMAX
dialogue_txt	Human 1	Human 2	0.8222222222222222	0.1732283464566929	0.5120967741935484	0.17777777777777778	0.6942148760330579	0.4879032258064516	0.5802469135802469	0.7121212121212122	16.0	0.11940298507462686	0.34328358208955223	0.6394571324851641	1.162162162162162	2.0	29.0	0.2248062015503876	0.6046511627906976	1.3817719820898775	1.5192307692307692	4.0
