ID	Num. utterances	Num. tokens	Expression Lexicon Size (ELS)	Expression Variety (EV)	Expression Repetition (ER)	Voc. Overlap	ENTR	L	LMAX
dialogue_txt	17.0	231.0	17.0	0.0735930735930736	0.21212121212121213	0.14754098360655737	0.7588341991423865	1.1964285714285714	3.0
