ID	S1	S2	S1/Initiated Expression (IE_S1)	S1/Expression Repetition (ER_S1)	S1/tokens (%)	S2/Initiated Expression (IE_S2)	S2/Expression Repetition (ER_S2)	S2/tokens (%)	Voc. Overlap S1	Voc. Overlap S2	SR/S1/ELS	SR/S1/EV	SR/S1/ER	SR/S1/ENTR	SR/S1/L	SR/S1/LMAX	SR/S2/ELS	SR/S2/EV	SR/S2/ER	SR/S2/ENTR	SR/S2/L	SR/S2/LMAX
dialogue_txt	Human 1	Human 2	0.6666666666666666	0.14685314685314685	0.6559633027522935	0.3333333333333333	0.38666666666666666	0.3440366972477064	0.28846153846153844	0.5555555555555556	14.0	0.09333333333333334	0.26	0.32984607020714635	1.0606060606060606	2.0	5.0	0.06097560975609756	0.18292682926829268	-0.0	1.0	1.0
