ID	Num. utterances	Num. tokens	Expression Lexicon Size (ELS)	Expression Variety (EV)	Expression Repetition (ER)	Voc. Overlap	ENTR	L	LMAX
dialogue_txt	14.0	262.0	45.0	0.1717557251908397	0.36259541984732824	0.39090909090909093	1.278457356914221	1.4519230769230769	5.0
