ID	Num. utterances	Num. tokens	Expression Lexicon Size (ELS)	Expression Variety (EV)	Expression Repetition (ER)	Voc. Overlap	ENTR	L	LMAX
dialogue_txt	15.0	218.0	29.0	0.13302752293577982	0.28440366972477066	0.2727272727272727	1.250771896980071	1.4857142857142858	6.0
