ID	Num. utterances	Num. tokens	Expression Lexicon Size (ELS)	Expression Variety (EV)	Expression Repetition (ER)	Voc. Overlap	ENTR	L	LMAX
dialogue_txt	16.0	294.0	44.0	0.14965986394557823	0.3401360544217687	0.32592592592592595	0.6058406201346143	1.1532846715328466	4.0
