ID	Num. utterances	Num. tokens	Expression Lexicon Size (ELS)	Expression Variety (EV)	Expression Repetition (ER)	Voc. Overlap	ENTR	L	LMAX
dialogue_txt	14.0	276.0	43.0	0.15579710144927536	0.322463768115942	0.3284671532846715	0.6699924965933809	1.1724137931034482	4.0
