ID	Num. utterances	Num. tokens	Expression Lexicon Size (ELS)	Expression Variety (EV)	Expression Repetition (ER)	Voc. Overlap	ENTR	L	LMAX
dialogue_txt	19.0	272.0	26.0	0.09558823529411764	0.2647058823529412	0.19444444444444445	0.5281098034628293	1.1195652173913044	2.0
