ID	Num. utterances	Num. tokens	Expression Lexicon Size (ELS)	Expression Variety (EV)	Expression Repetition (ER)	Voc. Overlap	ENTR	L	LMAX
dialogue_txt	16.0	164.0	25.0	0.1524390243902439	0.3048780487804878	0.29069767441860467	0.8125891037157245	1.2388059701492538	4.0
