ID	S1	S2	S1/Initiated Expression (IE_S1)	S1/Expression Repetition (ER_S1)	S1/tokens (%)	S2/Initiated Expression (IE_S2)	S2/Expression Repetition (ER_S2)	S2/tokens (%)	Voc. Overlap S1	Voc. Overlap S2	SR/S1/ELS	SR/S1/EV	SR/S1/ER	SR/S1/ENTR	SR/S1/L	SR/S1/LMAX	SR/S2/ELS	SR/S2/EV	SR/S2/ER	SR/S2/ENTR	SR/S2/L	SR/S2/LMAX
dialogue_txt	Human 1	Human 2	0.76	0.20118343195266272	0.49560117302052786	0.24	0.46511627906976744	0.5043988269794721	0.494949494949495	0.49	26.0	0.14689265536723164	0.4067796610169492	0.83294582353614	1.2641509433962264	2.0	34.0	0.18888888888888888	0.5111111111111111	0.8829589691462252	1.3013698630136987	2.0
