ID	Num. utterances	Num. tokens	Expression Lexicon Size (ELS)	Expression Variety (EV)	Expression Repetition (ER)	Voc. Overlap	ENTR	L	LMAX
dialogue_txt	15.0	159.0	27.0	0.16981132075471697	0.3584905660377358	0.35135135135135137	1.2249678859838322	1.631578947368421	7.0
