ID	Num. utterances	Num. tokens	Expression Lexicon Size (ELS)	Expression Variety (EV)	Expression Repetition (ER)	Voc. Overlap	ENTR	L	LMAX
dialogue_txt	14.0	190.0	26.0	0.1368421052631579	0.3263157894736842	0.30434782608695654	1.3589518762806723	1.5245901639344261	4.0
