ID	Num. utterances	Num. tokens	Expression Lexicon Size (ELS)	Expression Variety (EV)	Expression Repetition (ER)	Voc. Overlap	ENTR	L	LMAX
dialogue_txt	16.0	231.0	28.0	0.12121212121212122	0.2727272727272727	0.25862068965517243	0.9742121582158475	1.2933333333333332	4.0
