ID	Num. utterances	Num. tokens	Expression Lexicon Size (ELS)	Expression Variety (EV)	Expression Repetition (ER)	Voc. Overlap	ENTR	L	LMAX
dialogue_txt	17.0	323.0	47.0	0.14551083591331268	0.3622291021671827	0.3142857142857143	0.7863049706355469	1.20863309352518	4.0
