ID	S1	S2	S1/Initiated Expression (IE_S1)	S1/Expression Repetition (ER_S1)	S1/tokens (%)	S2/Initiated Expression (IE_S2)	S2/Expression Repetition (ER_S2)	S2/tokens (%)	Voc. Overlap S1	Voc. Overlap S2	SR/S1/ELS	SR/S1/EV	SR/S1/ER	SR/S1/ENTR	SR/S1/L	SR/S1/LMAX	SR/S2/ELS	SR/S2/EV	SR/S2/ER	SR/S2/ENTR	SR/S2/L	SR/S2/LMAX
dialogue_txt	Human 1	Human 2	0.5853658536585366	0.29133858267716534	0.46691176470588236	0.4146341463414634	0.3931034482758621	0.5330882352941176	0.5555555555555556	0.4891304347826087	16.0	0.11940298507462686	0.34328358208955223	0.6394571324851641	1.162162162162162	2.0	22.0	0.1437908496732026	0.42483660130718953	0.6219041416291193	1.1538461538461537	3.0
