ID	Num. utterances	Num. tokens	Expression Lexicon Size (ELS)	Expression Variety (EV)	Expression Repetition (ER)	Voc. Overlap	ENTR	L	LMAX
dialogue_txt	14.0	295.0	41.0	0.13898305084745763	0.3389830508474576	0.3181818181818182	0.772434770071089	1.221311475409836	5.0
