ID	Num. utterances	Num. tokens	Expression Lexicon Size (ELS)	Expression Variety (EV)	Expression Repetition (ER)	Voc. Overlap	ENTR	L	LMAX
dialogue_txt	19.0	333.0	44.0	0.13213213213213212	0.33633633633633636	0.3057324840764331	1.1231597481117357	1.4462809917355373	7.0
