ID	Num. utterances	Num. tokens	Expression Lexicon Size (ELS)	Expression Variety (EV)	Expression Repetition (ER)	Voc. Overlap	ENTR	L	LMAX
dialogue_txt	16.0	278.0	40.0	0.14388489208633093	0.3057553956834532	0.2971014492753623	0.9250650221999813	1.2980769230769231	4.0
