ID	Num. utterances	Num. tokens	Expression Lexicon Size (ELS)	Expression Variety (EV)	Expression Repetition (ER)	Voc. Overlap	ENTR	L	LMAX
dialogue_txt	15.0	221.0	23.0	0.10407239819004525	0.248868778280543	0.21739130434782608	0.6715738726903027	1.1714285714285715	3.0
