ID	Num. utterances	Num. tokens	Expression Lexicon Size (ELS)	Expression Variety (EV)	Expression Repetition (ER)	Voc. Overlap	ENTR	L	LMAX
dialogue_txt	16.0	287.0	40.0	0.13937282229965156	0.30662020905923343	0.3409090909090909	1.0283649232954795	1.3518518518518519	6.0
