ID	Num. utterances	Num. tokens	Expression Lexicon Size (ELS)	Expression Variety (EV)	Expression Repetition (ER)	Voc. Overlap	ENTR	L	LMAX
dialogue_txt	14.0	282.0	37.0	0.13120567375886524	0.30851063829787234	0.2785714285714286	0.5018090216840584	1.1261261261261262	4.0
