ID	Num. utterances	Num. tokens	Expression Lexicon Size (ELS)	Expression Variety (EV)	Expression Repetition (ER)	Voc. Overlap	ENTR	L	LMAX
dialogue_txt	15.0	144.0	19.0	0.13194444444444445	0.2569444444444444	0.32051282051282054	0.9580540683392956	1.2857142857142858	3.0
