ID	Num. utterances	Num. tokens	Expression Lexicon Size (ELS)	Expression Variety (EV)	Expression Repetition (ER)	Voc. Overlap	ENTR	L	LMAX
dialogue_txt	19.0	284.0	44.0	0.15492957746478872	0.352112676056338	0.2857142857142857	1.049017136572876	1.3425925925925926	3.0
