ID	Num. utterances	Num. tokens	Expression Lexicon Size (ELS)	Expression Variety (EV)	Expression Repetition (ER)	Voc. Overlap	ENTR	L	LMAX
dialogue_txt	15.0	257.0	29.0	0.11284046692607004	0.2723735408560311	0.2153846153846154	0.8872458373558914	1.2530120481927711	3.0
