ID	S1	S2	S1/Initiated Expression (IE_S1)	S1/Expression Repetition (ER_S1)	S1/tokens (%)	S2/Initiated Expression (IE_S2)	S2/Expression Repetition (ER_S2)	S2/tokens (%)	Voc. Overlap S1	Voc. Overlap S2	SR/S1/ELS	SR/S1/EV	SR/S1/ER	SR/S1/ENTR	SR/S1/L	SR/S1/LMAX	SR/S2/ELS	SR/S2/EV	SR/S2/ER	SR/S2/ENTR	SR/S2/L	SR/S2/LMAX
dialogue_txt	Human 1	Human 2	0.7931034482758621	0.11242603550295859	0.7012448132780082	0.20689655172413793	0.4722222222222222	0.2987551867219917	0.3333333333333333	0.6470588235294118	26.0	0.14689265536723164	0.4067796610169492	0.83294582353614	1.2641509433962264	2.0	10.0	0.125	0.3	0.4537163391869448	1.0952380952380953	2.0
