ID	Num. utterances	Num. tokens	Expression Lexicon Size (ELS)	Expression Variety (EV)	Expression Repetition (ER)	Voc. Overlap	ENTR	L	LMAX
dialogue_txt	15.0	266.0	35.0	0.13157894736842105	0.2894736842105263	0.25384615384615383	1.0102755951577407	1.3118279569892473	3.0
