ID	Num. utterances	Num. tokens	Expression Lexicon Size (ELS)	Expression Variety (EV)	Expression Repetition (ER)	Voc. Overlap	ENTR	L	LMAX
dialogue_txt	15.0	238.0	34.0	0.14285714285714285	0.3445378151260504	0.33962264150943394	0.6168983961208325	1.1428571428571428	3.0
