ID	S1	S2	S1/Initiated Expression (IE_S1)	S1/Expression Repetition (ER_S1)	S1/tokens (%)	S2/Initiated Expression (IE_S2)	S2/Expression Repetition (ER_S2)	S2/tokens (%)	Voc. Overlap S1	Voc. Overlap S2	SR/S1/ELS	SR/S1/EV	SR/S1/ER	SR/S1/ENTR	SR/S1/L	SR/S1/LMAX	SR/S2/ELS	SR/S2/EV	SR/S2/ER	SR/S2/ENTR	SR/S2/L	SR/S2/LMAX
dialogue_txt	Human 1	Human 2	0.7	0.2085889570552147	0.5077881619937694	0.3	0.46835443037974683	0.49221183800623053	0.51	0.5257731958762887	22.0	0.12941176470588237	0.40588235294117647	1.194545119186222	1.4893617021276595	3.0	26.0	0.1566265060240964	0.463855421686747	0.6522989187165614	1.280701754385965	5.0
