ID	Num. utterances	Num. tokens	Expression Lexicon Size (ELS)	Expression Variety (EV)	Expression Repetition (ER)	Voc. Overlap	ENTR	L	LMAX
dialogue_txt	16.0	294.0	34.0	0.11564625850340136	0.23129251700680273	0.2534246575342466	0.4220005168831531	1.0857142857142856	2.0
