ID	Num. utterances	Num. tokens	Expression Lexicon Size (ELS)	Expression Variety (EV)	Expression Repetition (ER)	Voc. Overlap	ENTR	L	LMAX
dialogue_txt	15.0	220.0	29.0	0.1318181818181818	0.22272727272727272	0.23140495867768596	0.672294817075638	1.1764705882352942	2.0
