ID	S1	S2	S1/Initiated Expression (IE_S1)	S1/Expression Repetition (ER_S1)	S1/tokens (%)	S2/Initiated Expression (IE_S2)	S2/Expression Repetition (ER_S2)	S2/tokens (%)	Voc. Overlap S1	Voc. Overlap S2	SR/S1/ELS	SR/S1/EV	SR/S1/ER	SR/S1/ENTR	SR/S1/L	SR/S1/LMAX	SR/S2/ELS	SR/S2/EV	SR/S2/ER	SR/S2/ENTR	SR/S2/L	SR/S2/LMAX
dialogue_txt	Human 1	Human 2	0.8301886792452831	0.17857142857142858	0.4426877470355731	0.16981132075471697	0.6312056737588653	0.5573122529644269	0.631578947368421	0.631578947368421	11.0	0.09166666666666666	0.225	-0.0	1.0	1.0	32.0	0.21476510067114093	0.6040268456375839	1.3851859733533447	1.5423728813559323	4.0
