ID	Num. utterances	Num. tokens	Expression Lexicon Size (ELS)	Expression Variety (EV)	Expression Repetition (ER)	Voc. Overlap	ENTR	L	LMAX
dialogue_txt	21.0	299.0	41.0	0.13712374581939799	0.2842809364548495	0.31724137931034485	0.5853382988152837	1.1487603305785123	4.0
