ID	Num. utterances	Num. tokens	Expression Lexicon Size (ELS)	Expression Variety (EV)	Expression Repetition (ER)	Voc. Overlap	ENTR	L	LMAX
dialogue_txt	16.0	312.0	28.0	0.08974358974358974	0.23397435897435898	0.20261437908496732	0.7287600002791113	1.3333333333333333	10.0
