ID	S1	S2	S1/Initiated Expression (IE_S1)	S1/Expression Repetition (ER_S1)	S1/tokens (%)	S2/Initiated Expression (IE_S2)	S2/Expression Repetition (ER_S2)	S2/tokens (%)	Voc. Overlap S1	Voc. Overlap S2	SR/S1/ELS	SR/S1/EV	SR/S1/ER	SR/S1/ENTR	SR/S1/L	SR/S1/LMAX	SR/S2/ELS	SR/S2/EV	SR/S2/ER	SR/S2/ENTR	SR/S2/L	SR/S2/LMAX
dialogue_txt	Human 1	Human 2	0.6428571428571429	0.1048951048951049	0.4583333333333333	0.35714285714285715	0.3431952662721893	0.5416666666666666	0.3563218390804598	0.31958762886597936	20.0	0.13245033112582782	0.3973509933774834	0.8315435491770659	1.2272727272727273	3.0	26.0	0.14689265536723164	0.4971751412429379	0.8416881644189554	1.3650793650793651	4.0
