ID	Num. utterances	Num. tokens	Expression Lexicon Size (ELS)	Expression Variety (EV)	Expression Repetition (ER)	Voc. Overlap	ENTR	L	LMAX
dialogue_txt	15.0	137.0	14.0	0.10218978102189781	0.22627737226277372	0.31343283582089554	1.363188881071688	1.5128205128205128	4.0
