ID	Num. utterances	Num. tokens	Expression Lexicon Size (ELS)	Expression Variety (EV)	Expression Repetition (ER)	Voc. Overlap	ENTR	L	LMAX
dialogue_txt	19.0	360.0	56.0	0.15555555555555556	0.33055555555555555	0.3372093023255814	0.9014795894325046	1.2551724137931035	4.0
