ID	Num. utterances	Num. tokens	Expression Lexicon Size (ELS)	Expression Variety (EV)	Expression Repetition (ER)	Voc. Overlap	ENTR	L	LMAX
dialogue_txt	17.0	378.0	42.0	0.1111111111111111	0.2830687830687831	0.2229299363057325	1.2378891104083944	1.4462809917355373	6.0
