ID	Num. utterances	Num. tokens	Expression Lexicon Size (ELS)	Expression Variety (EV)	Expression Repetition (ER)	Voc. Overlap	ENTR	L	LMAX
dialogue_txt	16.0	285.0	34.0	0.11929824561403508	0.28421052631578947	0.2785714285714286	0.8512325561930891	1.2407407407407407	4.0
