ID	S1	S2	S1/Initiated Expression (IE_S1)	S1/Expression Repetition (ER_S1)	S1/tokens (%)	S2/Initiated Expression (IE_S2)	S2/Expression Repetition (ER_S2)	S2/tokens (%)	Voc. Overlap S1	Voc. Overlap S2	SR/S1/ELS	SR/S1/EV	SR/S1/ER	SR/S1/ENTR	SR/S1/L	SR/S1/LMAX	SR/S2/ELS	SR/S2/EV	SR/S2/ER	SR/S2/ENTR	SR/S2/L	SR/S2/LMAX
dialogue_txt	Human 1	Human 2	0.8627450980392157	0.12949640287769784	0.47766323024054985	0.13725490196078433	0.7368421052631579	0.5223367697594502	0.6022727272727273	0.7794117647058824	17.0	0.11643835616438356	0.3698630136986301	0.9707450578356165	1.394736842105263	5.0	29.0	0.18238993710691823	0.7547169811320755	1.9223230458780098	2.6595744680851063	11.0
