ID	Num. utterances	Num. tokens	Expression Lexicon Size (ELS)	Expression Variety (EV)	Expression Repetition (ER)	Voc. Overlap	ENTR	L	LMAX
dialogue_txt	14.0	291.0	51.0	0.17525773195876287	0.44673539518900346	0.5145631067961165	0.9813350600062007	1.3445945945945945	4.0
