ID	S1	S2	S1/Initiated Expression (IE_S1)	S1/Expression Repetition (ER_S1)	S1/tokens (%)	S2/Initiated Expression (IE_S2)	S2/Expression Repetition (ER_S2)	S2/tokens (%)	Voc. Overlap S1	Voc. Overlap S2	SR/S1/ELS	SR/S1/EV	SR/S1/ER	SR/S1/ENTR	SR/S1/L	SR/S1/LMAX	SR/S2/ELS	SR/S2/EV	SR/S2/ER	SR/S2/ENTR	SR/S2/L	SR/S2/LMAX
dialogue_txt	Human 1	Human 2	0.7755102040816326	0.1554054054054054	0.49498327759197325	0.22448979591836735	0.6357615894039735	0.5050167224080268	0.4948453608247423	0.6666666666666666	16.0	0.1032258064516129	0.2838709677419355	0.512709142030877	1.1142857142857143	2.0	29.0	0.18238993710691823	0.6352201257861635	1.248778124459133	1.53125	5.0
