ID	Num. utterances	Num. tokens	Expression Lexicon Size (ELS)	Expression Variety (EV)	Expression Repetition (ER)	Voc. Overlap	ENTR	L	LMAX
dialogue_txt	14.0	211.0	28.0	0.13270142180094788	0.27014218009478674	0.27884615384615385	1.6525267438350597	1.7547169811320755	4.0
