ID	Num. utterances	Num. tokens	Expression Lexicon Size (ELS)	Expression Variety (EV)	Expression Repetition (ER)	Voc. Overlap	ENTR	L	LMAX
dialogue_txt	19.0	234.0	45.0	0.19230769230769232	0.4230769230769231	0.45544554455445546	0.7484161944142729	1.1916666666666667	3.0
