ID	Num. utterances	Num. tokens	Expression Lexicon Size (ELS)	Expression Variety (EV)	Expression Repetition (ER)	Voc. Overlap	ENTR	L	LMAX
dialogue_txt	16.0	322.0	53.0	0.16459627329192547	0.40062111801242234	0.3902439024390244	0.935071568543898	1.2945205479452055	5.0
