ID	S1	S2	S1/Initiated Expression (IE_S1)	S1/Expression Repetition (ER_S1)	S1/tokens (%)	S2/Initiated Expression (IE_S2)	S2/Expression Repetition (ER_S2)	S2/tokens (%)	Voc. Overlap S1	Voc. Overlap S2	SR/S1/ELS	SR/S1/EV	SR/S1/ER	SR/S1/ENTR	SR/S1/L	SR/S1/LMAX	SR/S2/ELS	SR/S2/EV	SR/S2/ER	SR/S2/ENTR	SR/S2/L	SR/S2/LMAX
dialogue_txt	Human 1	Human 2	0.6764705882352942	0.18243243243243243	0.5522388059701493	0.3235294117647059	0.43333333333333335	0.44776119402985076	0.38144329896907214	0.45121951219512196	16.0	0.1032258064516129	0.2838709677419355	0.512709142030877	1.1142857142857143	2.0	14.0	0.109375	0.3203125	0.6962122601251458	1.1875	2.0
