ID	Num. utterances	Num. tokens	Expression Lexicon Size (ELS)	Expression Variety (EV)	Expression Repetition (ER)	Voc. Overlap	ENTR	L	LMAX
dialogue_txt	16.0	322.0	46.0	0.14285714285714285	0.2950310559006211	0.28846153846153844	0.8093006930079215	1.2377049180327868	5.0
