ID	S1	S2	S1/Initiated Expression (IE_S1)	S1/Expression Repetition (ER_S1)	S1/tokens (%)	S2/Initiated Expression (IE_S2)	S2/Expression Repetition (ER_S2)	S2/tokens (%)	Voc. Overlap S1	Voc. Overlap S2	SR/S1/ELS	SR/S1/EV	SR/S1/ER	SR/S1/ENTR	SR/S1/L	SR/S1/LMAX	SR/S2/ELS	SR/S2/EV	SR/S2/ER	SR/S2/ENTR	SR/S2/L	SR/S2/LMAX
dialogue_txt	Human 1	Human 2	0.7666666666666667	0.125	0.3669724770642202	0.23333333333333334	0.2753623188405797	0.6330275229357798	0.5084745762711864	0.3225806451612903	6.0	0.06896551724137931	0.1724137931034483	-0.0	1.0	1.0	23.0	0.15753424657534246	0.3767123287671233	0.6751914401458716	1.1777777777777778	2.0
