ID	Num. utterances	Num. tokens	Expression Lexicon Size (ELS)	Expression Variety (EV)	Expression Repetition (ER)	Voc. Overlap	ENTR	L	LMAX
dialogue_txt	18.0	356.0	42.0	0.11797752808988764	0.31741573033707865	0.2709677419354839	1.1657768210218493	1.4017094017094016	5.0
