ID	S1	S2	S1/Initiated Expression (IE_S1)	S1/Expression Repetition (ER_S1)	S1/tokens (%)	S2/Initiated Expression (IE_S2)	S2/Expression Repetition (ER_S2)	S2/tokens (%)	Voc. Overlap S1	Voc. Overlap S2	SR/S1/ELS	SR/S1/EV	SR/S1/ER	SR/S1/ENTR	SR/S1/L	SR/S1/LMAX	SR/S2/ELS	SR/S2/EV	SR/S2/ER	SR/S2/ENTR	SR/S2/L	SR/S2/LMAX
dialogue_txt	Human 1	Human 2	0.8333333333333334	0.06666666666666667	0.21226415094339623	0.16666666666666666	0.059880239520958084	0.7877358490566038	0.22857142857142856	0.10256410256410256	4.0	0.07547169811320754	0.16981132075471697	0.863120568566631	1.2857142857142858	2.0	32.0	0.18285714285714286	0.6457142857142857	1.8603984217321987	2.0	8.0
