ID	Num. utterances	Num. tokens	Expression Lexicon Size (ELS)	Expression Variety (EV)	Expression Repetition (ER)	Voc. Overlap	ENTR	L	LMAX
dialogue_txt	15.0	257.0	48.0	0.1867704280155642	0.38910505836575876	0.42342342342342343	1.2530303505076332	1.4537037037037037	4.0
