ID	Num. utterances	Num. tokens	Expression Lexicon Size (ELS)	Expression Variety (EV)	Expression Repetition (ER)	Voc. Overlap	ENTR	L	LMAX
dialogue_txt	13.0	183.0	13.0	0.07103825136612021	0.18032786885245902	0.14563106796116504	0.3591016256485496	1.0681818181818181	2.0
