ID	S1	S2	S1/Initiated Expression (IE_S1)	S1/Expression Repetition (ER_S1)	S1/tokens (%)	S2/Initiated Expression (IE_S2)	S2/Expression Repetition (ER_S2)	S2/tokens (%)	Voc. Overlap S1	Voc. Overlap S2	SR/S1/ELS	SR/S1/EV	SR/S1/ER	SR/S1/ENTR	SR/S1/L	SR/S1/LMAX	SR/S2/ELS	SR/S2/EV	SR/S2/ER	SR/S2/ENTR	SR/S2/L	SR/S2/LMAX
dialogue_txt	Human 1	Human 2	0.6206896551724138	0.14285714285714285	0.39622641509433965	0.3793103448275862	0.390625	0.6037735849056604	0.5573770491803278	0.44155844155844154	9.0	0.0989010989010989	0.23076923076923078	-0.0	1.0	1.0	23.0	0.16911764705882354	0.4632352941176471	0.8886865525783176	1.2916666666666667	4.0
