ID	S1	S2	S1/Initiated Expression (IE_S1)	S1/Expression Repetition (ER_S1)	S1/tokens (%)	S2/Initiated Expression (IE_S2)	S2/Expression Repetition (ER_S2)	S2/tokens (%)	Voc. Overlap S1	Voc. Overlap S2	SR/S1/ELS	SR/S1/EV	SR/S1/ER	SR/S1/ENTR	SR/S1/L	SR/S1/LMAX	SR/S2/ELS	SR/S2/EV	SR/S2/ER	SR/S2/ENTR	SR/S2/L	SR/S2/LMAX
dialogue_txt	Human 1	Human 2	0.8135593220338984	0.2393617021276596	0.4973544973544973	0.1864406779661017	0.531578947368421	0.5026455026455027	0.5576923076923077	0.5043478260869565	22.0	0.1116751269035533	0.40609137055837563	0.9106559588025549	1.26	3.0	30.0	0.1507537688442211	0.49246231155778897	0.5225593745369408	1.1176470588235294	2.0
