ID	S1	S2	S1/Initiated Expression (IE_S1)	S1/Expression Repetition (ER_S1)	S1/tokens (%)	S2/Initiated Expression (IE_S2)	S2/Expression Repetition (ER_S2)	S2/tokens (%)	Voc. Overlap S1	Voc. Overlap S2	SR/S1/ELS	SR/S1/EV	SR/S1/ER	SR/S1/ENTR	SR/S1/L	SR/S1/LMAX	SR/S2/ELS	SR/S2/EV	SR/S2/ER	SR/S2/ENTR	SR/S2/L	SR/S2/LMAX
dialogue_txt	Human 1	Human 2	0.8863636363636364	0.1	0.49261083743842365	0.11363636363636363	0.7184466019417476	0.5073891625615764	0.5641025641025641	0.7213114754098361	11.0	0.102803738317757	0.21495327102803738	-0.0	1.0	1.0	18.0	0.16216216216216217	0.4864864864864865	0.9133533657970413	1.2619047619047619	3.0
