ID	S1	S2	S1/Initiated Expression (IE_S1)	S1/Expression Repetition (ER_S1)	S1/tokens (%)	S2/Initiated Expression (IE_S2)	S2/Expression Repetition (ER_S2)	S2/tokens (%)	Voc. Overlap S1	Voc. Overlap S2	SR/S1/ELS	SR/S1/EV	SR/S1/ER	SR/S1/ENTR	SR/S1/L	SR/S1/LMAX	SR/S2/ELS	SR/S2/EV	SR/S2/ER	SR/S2/ENTR	SR/S2/L	SR/S2/LMAX
dialogue_txt	Human 1	Human 2	0.627906976744186	0.18791946308724833	0.4885245901639344	0.37209302325581395	0.4358974358974359	0.5114754098360655	0.4489795918367347	0.5	14.0	0.08974358974358974	0.27564102564102566	0.7355085815538398	1.206896551724138	2.0	27.0	0.1656441717791411	0.5276073619631901	1.2009913171508735	1.4166666666666667	4.0
