ID	S1	S2	S1/Initiated Expression (IE_S1)	S1/Expression Repetition (ER_S1)	S1/tokens (%)	S2/Initiated Expression (IE_S2)	S2/Expression Repetition (ER_S2)	S2/tokens (%)	Voc. Overlap S1	Voc. Overlap S2	SR/S1/ELS	SR/S1/EV	SR/S1/ER	SR/S1/ENTR	SR/S1/L	SR/S1/LMAX	SR/S2/ELS	SR/S2/EV	SR/S2/ER	SR/S2/ENTR	SR/S2/L	SR/S2/LMAX
dialogue_txt	Human 1	Human 2	0.8333333333333334	0.08053691275167785	0.6506550218340611	0.16666666666666666	0.6875	0.34934497816593885	0.3673469387755102	0.8	14.0	0.08974358974358974	0.27564102564102566	0.7355085815538398	1.206896551724138	2.0	12.0	0.13793103448275862	0.4367816091954023	0.7732283485249176	1.3076923076923077	4.0
