ID	Num. utterances	Num. tokens	Expression Lexicon Size (ELS)	Expression Variety (EV)	Expression Repetition (ER)	Voc. Overlap	ENTR	L	LMAX
dialogue_txt	17.0	244.0	35.0	0.14344262295081966	0.3524590163934426	0.33653846153846156	1.2668317940105471	1.441860465116279	4.0
