ID	Num. utterances	Num. tokens	Expression Lexicon Size (ELS)	Expression Variety (EV)	Expression Repetition (ER)	Voc. Overlap	ENTR	L	LMAX
dialogue_txt	16.0	220.0	38.0	0.17272727272727273	0.33636363636363636	0.3238095238095238	0.9269380964855468	1.3448275862068966	6.0
