ID	S1	S2	S1/Initiated Expression (IE_S1)	S1/Expression Repetition (ER_S1)	S1/tokens (%)	S2/Initiated Expression (IE_S2)	S2/Expression Repetition (ER_S2)	S2/tokens (%)	Voc. Overlap S1	Voc. Overlap S2	SR/S1/ELS	SR/S1/EV	SR/S1/ER	SR/S1/ENTR	SR/S1/L	SR/S1/LMAX	SR/S2/ELS	SR/S2/EV	SR/S2/ER	SR/S2/ENTR	SR/S2/L	SR/S2/LMAX
dialogue_txt	Human 1	Human 2	1.0	0.044444444444444446	0.3125	0.0	0.24242424242424243	0.6875	0.5142857142857142	0.29508196721311475	4.0	0.07547169811320754	0.16981132075471697	0.863120568566631	1.2857142857142858	2.0	20.0	0.18691588785046728	0.48598130841121495	0.7111537191609086	1.186046511627907	3.0
