ID	Num. utterances	Num. tokens	Expression Lexicon Size (ELS)	Expression Variety (EV)	Expression Repetition (ER)	Voc. Overlap	ENTR	L	LMAX
dialogue_txt	16.0	144.0	12.0	0.08333333333333333	0.18055555555555555	0.23076923076923078	0.6143694458867568	1.2222222222222223	4.0
