ID	Num. utterances	Num. tokens	Expression Lexicon Size (ELS)	Expression Variety (EV)	Expression Repetition (ER)	Voc. Overlap	ENTR	L	LMAX
dialogue_txt	15.0	209.0	24.0	0.11483253588516747	0.2583732057416268	0.25217391304347825	0.9198344883574264	1.2686567164179106	3.0
