ID	Num. utterances	Num. tokens	Expression Lexicon Size (ELS)	Expression Variety (EV)	Expression Repetition (ER)	Voc. Overlap	ENTR	L	LMAX
dialogue_txt	17.0	352.0	52.0	0.14772727272727273	0.35795454545454547	0.32432432432432434	1.558762611994665	1.6694214876033058	6.0
