ID	Num. utterances	Num. tokens	Expression Lexicon Size (ELS)	Expression Variety (EV)	Expression Repetition (ER)	Voc. Overlap	ENTR	L	LMAX
dialogue_txt	13.0	173.0	17.0	0.09826589595375723	0.1791907514450867	0.18478260869565216	0.8296071030882032	1.2619047619047619	2.0
