ID	S1	S2	S1/Initiated Expression (IE_S1)	S1/Expression Repetition (ER_S1)	S1/tokens (%)	S2/Initiated Expression (IE_S2)	S2/Expression Repetition (ER_S2)	S2/tokens (%)	Voc. Overlap S1	Voc. Overlap S2	SR/S1/ELS	SR/S1/EV	SR/S1/ER	SR/S1/ENTR	SR/S1/L	SR/S1/LMAX	SR/S2/ELS	SR/S2/EV	SR/S2/ER	SR/S2/ENTR	SR/S2/L	SR/S2/LMAX
dialogue_txt	Human 1	Human 2	0.6666666666666666	0.17777777777777778	0.25862068965517243	0.3333333333333333	0.14728682170542637	0.7413793103448276	0.5428571428571428	0.24358974358974358	4.0	0.07547169811320754	0.16981132075471697	0.863120568566631	1.2857142857142858	2.0	22.0	0.16058394160583941	0.45985401459854014	0.8346482851813828	1.2653061224489797	2.0
