ID	S1	S2	S1/Initiated Expression (IE_S1)	S1/Expression Repetition (ER_S1)	S1/tokens (%)	S2/Initiated Expression (IE_S2)	S2/Expression Repetition (ER_S2)	S2/tokens (%)	Voc. Overlap S1	Voc. Overlap S2	SR/S1/ELS	SR/S1/EV	SR/S1/ER	SR/S1/ENTR	SR/S1/L	SR/S1/LMAX	SR/S2/ELS	SR/S2/EV	SR/S2/ER	SR/S2/ENTR	SR/S2/L	SR/S2/LMAX
dialogue_txt	Human 1	Human 2	0.9090909090909091	0.07246376811594203	0.38764044943820225	0.09090909090909091	0.5688073394495413	0.6123595505617978	0.6491228070175439	0.5522388059701493	6.0	0.07894736842105263	0.18421052631578946	-0.0	1.0	1.0	17.0	0.1452991452991453	0.42735042735042733	0.8779620013943912	1.2972972972972974	2.0
