ID	Num. utterances	Num. tokens	Expression Lexicon Size (ELS)	Expression Variety (EV)	Expression Repetition (ER)	Voc. Overlap	ENTR	L	LMAX
dialogue_txt	16.0	244.0	35.0	0.14344262295081966	0.3524590163934426	0.3025210084033613	0.7119308861690796	1.1801801801801801	3.0
