ID	Num. utterances	Num. tokens	Expression Lexicon Size (ELS)	Expression Variety (EV)	Expression Repetition (ER)	Voc. Overlap	ENTR	L	LMAX
dialogue_txt	15.0	199.0	26.0	0.1306532663316583	0.2663316582914573	0.2857142857142857	0.5818886780345598	1.1891891891891893	3.0
