ID	Num. utterances	Num. tokens	Expression Lexicon Size (ELS)	Expression Variety (EV)	Expression Repetition (ER)	Voc. Overlap	ENTR	L	LMAX
dialogue_txt	21.0	270.0	34.0	0.1259259259259259	0.21851851851851853	0.22818791946308725	0.9127237011872413	1.2674418604651163	3.0
