ID	Num. utterances	Num. tokens	Expression Lexicon Size (ELS)	Expression Variety (EV)	Expression Repetition (ER)	Voc. Overlap	ENTR	L	LMAX
dialogue_txt	16.0	362.0	69.0	0.19060773480662985	0.4281767955801105	0.4233576642335766	0.9589722242672698	1.2905027932960893	3.0
