ID	Num. utterances	Num. tokens	Expression Lexicon Size (ELS)	Expression Variety (EV)	Expression Repetition (ER)	Voc. Overlap	ENTR	L	LMAX
dialogue_txt	14.0	251.0	29.0	0.11553784860557768	0.2788844621513944	0.2446043165467626	0.7063700965247547	1.2209302325581395	5.0
