ID	Num. utterances	Num. tokens	Expression Lexicon Size (ELS)	Expression Variety (EV)	Expression Repetition (ER)	Voc. Overlap	ENTR	L	LMAX
dialogue_txt	15.0	234.0	34.0	0.1452991452991453	0.37606837606837606	0.3106796116504854	0.9110870580333235	1.2710280373831775	3.0
