ID	S1	S2	S1/Initiated Expression (IE_S1)	S1/Expression Repetition (ER_S1)	S1/tokens (%)	S2/Initiated Expression (IE_S2)	S2/Expression Repetition (ER_S2)	S2/tokens (%)	Voc. Overlap S1	Voc. Overlap S2	SR/S1/ELS	SR/S1/EV	SR/S1/ER	SR/S1/ENTR	SR/S1/L	SR/S1/LMAX	SR/S2/ELS	SR/S2/EV	SR/S2/ER	SR/S2/ENTR	SR/S2/L	SR/S2/LMAX
dialogue_txt	Human 1	Human 2	0.8636363636363636	0.1016949152542373	0.4338235294117647	0.13636363636363635	0.4675324675324675	0.5661764705882353	0.5	0.45454545454545453	6.0	0.09230769230769231	0.24615384615384617	0.8904916402194913	1.3076923076923077	2.0	15.0	0.17857142857142858	0.47619047619047616	0.6685644431995964	1.1875	3.0
