ID	Num. utterances	Num. tokens	Expression Lexicon Size (ELS)	Expression Variety (EV)	Expression Repetition (ER)	Voc. Overlap	ENTR	L	LMAX
dialogue_txt	16.0	265.0	45.0	0.16981132075471697	0.39245283018867927	0.3826086956521739	1.0124232470057568	1.319327731092437	3.0
