ID	Num. utterances	Num. tokens	Expression Lexicon Size (ELS)	Expression Variety (EV)	Expression Repetition (ER)	Voc. Overlap	ENTR	L	LMAX
dialogue_txt	8.0	113.0	14.0	0.12389380530973451	0.18584070796460178	0.22535211267605634	0.7167256591148785	1.206896551724138	3.0
