ID	S1	S2	S1/Initiated Expression (IE_S1)	S1/Expression Repetition (ER_S1)	S1/tokens (%)	S2/Initiated Expression (IE_S2)	S2/Expression Repetition (ER_S2)	S2/tokens (%)	Voc. Overlap S1	Voc. Overlap S2	SR/S1/ELS	SR/S1/EV	SR/S1/ER	SR/S1/ENTR	SR/S1/L	SR/S1/LMAX	SR/S2/ELS	SR/S2/EV	SR/S2/ER	SR/S2/ENTR	SR/S2/L	SR/S2/LMAX
dialogue_txt	Human 1	Human 2	0.6538461538461539	0.22033898305084745	0.2757009345794392	0.34615384615384615	0.3032258064516129	0.7242990654205608	0.627906976744186	0.3	8.0	0.11940298507462686	0.31343283582089554	-0.0	1.0	1.0	26.0	0.15950920245398773	0.49693251533742333	0.9912513992084369	1.3225806451612903	4.0
