ID	S1	S2	S1/Initiated Expression (IE_S1)	S1/Expression Repetition (ER_S1)	S1/tokens (%)	S2/Initiated Expression (IE_S2)	S2/Expression Repetition (ER_S2)	S2/tokens (%)	Voc. Overlap S1	Voc. Overlap S2	SR/S1/ELS	SR/S1/EV	SR/S1/ER	SR/S1/ENTR	SR/S1/L	SR/S1/LMAX	SR/S2/ELS	SR/S2/EV	SR/S2/ER	SR/S2/ENTR	SR/S2/L	SR/S2/LMAX
dialogue_txt	Human 1	Human 2	0.78	0.15953307392996108	0.5550755939524838	0.22	0.48058252427184467	0.4449244060475162	0.33540372670807456	0.42857142857142855	32.0	0.12030075187969924	0.38345864661654133	0.6900836911817917	1.1686746987951808	3.0	30.0	0.1388888888888889	0.4537037037037037	0.5266170655714281	1.119047619047619	2.0
