ID	S1	S2	S1/Initiated Expression (IE_S1)	S1/Expression Repetition (ER_S1)	S1/tokens (%)	S2/Initiated Expression (IE_S2)	S2/Expression Repetition (ER_S2)	S2/tokens (%)	Voc. Overlap S1	Voc. Overlap S2	SR/S1/ELS	SR/S1/EV	SR/S1/ER	SR/S1/ENTR	SR/S1/L	SR/S1/LMAX	SR/S2/ELS	SR/S2/EV	SR/S2/ER	SR/S2/ENTR	SR/S2/L	SR/S2/LMAX
dialogue_txt	Human 1	Human 2	0.7446808510638298	0.1746987951807229	0.5015105740181269	0.2553191489361702	0.40606060606060607	0.4984894259818731	0.4036697247706422	0.41509433962264153	19.0	0.10919540229885058	0.3160919540229885	0.760658476840993	1.2564102564102564	4.0	22.0	0.12643678160919541	0.40804597701149425	0.7444131797881748	1.2115384615384615	2.0
