ID	S1	S2	S1/Initiated Expression (IE_S1)	S1/Expression Repetition (ER_S1)	S1/tokens (%)	S2/Initiated Expression (IE_S2)	S2/Expression Repetition (ER_S2)	S2/tokens (%)	Voc. Overlap S1	Voc. Overlap S2	SR/S1/ELS	SR/S1/EV	SR/S1/ER	SR/S1/ENTR	SR/S1/L	SR/S1/LMAX	SR/S2/ELS	SR/S2/EV	SR/S2/ER	SR/S2/ENTR	SR/S2/L	SR/S2/LMAX
dialogue_txt	Human 1	Human 2	0.9148936170212766	0.06293706293706294	0.5107142857142857	0.0851063829787234	0.656934306569343	0.48928571428571427	0.41346153846153844	0.5972222222222222	14.0	0.09333333333333334	0.26	0.32984607020714635	1.0606060606060606	2.0	27.0	0.1875	0.5763888888888888	0.9129467467841514	1.2622950819672132	3.0
