ID	Num. utterances	Num. tokens	Expression Lexicon Size (ELS)	Expression Variety (EV)	Expression Repetition (ER)	Voc. Overlap	ENTR	L	LMAX
dialogue_txt	19.0	354.0	48.0	0.13559322033898305	0.3107344632768362	0.30357142857142855	0.7825724485592984	1.223021582733813	4.0
