ID	Num. utterances	Num. tokens	Expression Lexicon Size (ELS)	Expression Variety (EV)	Expression Repetition (ER)	Voc. Overlap	ENTR	L	LMAX
dialogue_txt	17.0	291.0	35.0	0.12027491408934708	0.30584192439862545	0.2569444444444444	0.6746503928632754	1.1759259259259258	4.0
