ID	Num. utterances	Num. tokens	Expression Lexicon Size (ELS)	Expression Variety (EV)	Expression Repetition (ER)	Voc. Overlap	ENTR	L	LMAX
dialogue_txt	16.0	234.0	26.0	0.1111111111111111	0.23076923076923078	0.21666666666666667	0.8785296531164081	1.2463768115942029	3.0
