ID	Num. utterances	Num. tokens	Expression Lexicon Size (ELS)	Expression Variety (EV)	Expression Repetition (ER)	Voc. Overlap	ENTR	L	LMAX
dialogue_txt	21.0	238.0	50.0	0.21008403361344538	0.46638655462184875	0.5247524752475248	1.2911680320424	1.4621848739495797	5.0
