ID	S1	S2	S1/Initiated Expression (IE_S1)	S1/Expression Repetition (ER_S1)	S1/tokens (%)	S2/Initiated Expression (IE_S2)	S2/Expression Repetition (ER_S2)	S2/tokens (%)	Voc. Overlap S1	Voc. Overlap S2	SR/S1/ELS	SR/S1/EV	SR/S1/ER	SR/S1/ENTR	SR/S1/L	SR/S1/LMAX	SR/S2/ELS	SR/S2/EV	SR/S2/ER	SR/S2/ENTR	SR/S2/L	SR/S2/LMAX
dialogue_txt	Human 1	Human 2	0.6111111111111112	0.2072072072072072	0.502262443438914	0.3888888888888889	0.44545454545454544	0.497737556561086	0.45454545454545453	0.5223880597014925	12.0	0.10084033613445378	0.2857142857142857	-0.0	1.0	1.0	15.0	0.1271186440677966	0.4491525423728814	0.7883699704399463	1.3783783783783783	4.0
