ID	Num. utterances	Num. tokens	Expression Lexicon Size (ELS)	Expression Variety (EV)	Expression Repetition (ER)	Voc. Overlap	ENTR	L	LMAX
dialogue_txt	15.0	184.0	28.0	0.15217391304347827	0.34782608695652173	0.3548387096774194	0.8121248444090883	1.216867469879518	3.0
