ID	S1	S2	S1/Initiated Expression (IE_S1)	S1/Expression Repetition (ER_S1)	S1/tokens (%)	S2/Initiated Expression (IE_S2)	S2/Expression Repetition (ER_S2)	S2/tokens (%)	Voc. Overlap S1	Voc. Overlap S2	SR/S1/ELS	SR/S1/EV	SR/S1/ER	SR/S1/ENTR	SR/S1/L	SR/S1/LMAX	SR/S2/ELS	SR/S2/EV	SR/S2/ER	SR/S2/ENTR	SR/S2/L	SR/S2/LMAX
dialogue_txt	Human 1	Human 2	0.7567567567567568	0.17857142857142858	0.41025641025641024	0.24324324324324326	0.36024844720496896	0.5897435897435898	0.4675324675324675	0.3956043956043956	15.0	0.125	0.31666666666666665	0.43055186701043946	1.088235294117647	2.0	31.0	0.1834319526627219	0.5325443786982249	1.1578693192298966	1.3823529411764706	4.0
