ID	S1	S2	S1/Initiated Expression (IE_S1)	S1/Expression Repetition (ER_S1)	S1/tokens (%)	S2/Initiated Expression (IE_S2)	S2/Expression Repetition (ER_S2)	S2/tokens (%)	Voc. Overlap S1	Voc. Overlap S2	SR/S1/ELS	SR/S1/EV	SR/S1/ER	SR/S1/ENTR	SR/S1/L	SR/S1/LMAX	SR/S2/ELS	SR/S2/EV	SR/S2/ER	SR/S2/ENTR	SR/S2/L	SR/S2/LMAX
dialogue_txt	Human 1	Human 2	0.8064516129032258	0.13725490196078433	0.6740088105726872	0.1935483870967742	0.6486486486486487	0.32599118942731276	0.3904761904761905	0.7454545454545455	17.0	0.10625	0.33125	0.7742433029172697	1.263157894736842	4.0	9.0	0.10975609756097561	0.34146341463414637	0.9530138853315971	1.3157894736842106	3.0
