ID	S1	S2	S1/Initiated Expression (IE_S1)	S1/Expression Repetition (ER_S1)	S1/tokens (%)	S2/Initiated Expression (IE_S2)	S2/Expression Repetition (ER_S2)	S2/tokens (%)	Voc. Overlap S1	Voc. Overlap S2	SR/S1/ELS	SR/S1/EV	SR/S1/ER	SR/S1/ENTR	SR/S1/L	SR/S1/LMAX	SR/S2/ELS	SR/S2/EV	SR/S2/ER	SR/S2/ENTR	SR/S2/L	SR/S2/LMAX
dialogue_txt	Human 1	Human 2	0.7391304347826086	0.22340425531914893	0.5136612021857924	0.2608695652173913	0.42696629213483145	0.48633879781420764	0.46153846153846156	0.42857142857142855	22.0	0.1116751269035533	0.40609137055837563	0.9106559588025549	1.26	3.0	29.0	0.15508021390374332	0.45454545454545453	0.8148197692385153	1.2173913043478262	3.0
