ID	Num. utterances	Num. tokens	Expression Lexicon Size (ELS)	Expression Variety (EV)	Expression Repetition (ER)	Voc. Overlap	ENTR	L	LMAX
dialogue_txt	16.0	319.0	38.0	0.11912225705329153	0.3103448275862069	0.2534246575342466	0.7872630498285548	1.2363636363636363	5.0
