ID	S1	S2	S1/Initiated Expression (IE_S1)	S1/Expression Repetition (ER_S1)	S1/tokens (%)	S2/Initiated Expression (IE_S2)	S2/Expression Repetition (ER_S2)	S2/tokens (%)	Voc. Overlap S1	Voc. Overlap S2	SR/S1/ELS	SR/S1/EV	SR/S1/ER	SR/S1/ENTR	SR/S1/L	SR/S1/LMAX	SR/S2/ELS	SR/S2/EV	SR/S2/ER	SR/S2/ENTR	SR/S2/L	SR/S2/LMAX
dialogue_txt	Human 1	Human 2	0.7321428571428571	0.22972972972972974	0.4868421052631579	0.26785714285714285	0.6025641025641025	0.5131578947368421	0.6666666666666666	0.6373626373626373	22.0	0.14102564102564102	0.4230769230769231	0.8176338568998316	1.22	3.0	30.0	0.18292682926829268	0.5182926829268293	0.6665783579949205	1.173913043478261	2.0
