ID	S1	S2	S1/Initiated Expression (IE_S1)	S1/Expression Repetition (ER_S1)	S1/tokens (%)	S2/Initiated Expression (IE_S2)	S2/Expression Repetition (ER_S2)	S2/tokens (%)	Voc. Overlap S1	Voc. Overlap S2	SR/S1/ELS	SR/S1/EV	SR/S1/ER	SR/S1/ENTR	SR/S1/L	SR/S1/LMAX	SR/S2/ELS	SR/S2/EV	SR/S2/ER	SR/S2/ENTR	SR/S2/L	SR/S2/LMAX
dialogue_txt	Human 1	Human 2	0.8	0.1796875	0.5311203319502075	0.2	0.5398230088495575	0.46887966804979253	0.4588235294117647	0.5492957746478874	19.0	0.14074074074074075	0.37777777777777777	0.5916727785823274	1.1428571428571428	2.0	18.0	0.15	0.45	0.9022489914183385	1.4444444444444444	5.0
