ID	Num. utterances	Num. tokens	Expression Lexicon Size (ELS)	Expression Variety (EV)	Expression Repetition (ER)	Voc. Overlap	ENTR	L	LMAX
dialogue_txt	15.0	166.0	26.0	0.1566265060240964	0.40963855421686746	0.4084507042253521	1.2612193416988675	1.5671641791044777	5.0
