ID	Num. utterances	Num. tokens	Expression Lexicon Size (ELS)	Expression Variety (EV)	Expression Repetition (ER)	Voc. Overlap	ENTR	L	LMAX
dialogue_txt	19.0	435.0	59.0	0.135632183908046	0.3448275862068966	0.3112244897959184	0.8154502391450626	1.2166666666666666	4.0
