ID	S1	S2	S1/Initiated Expression (IE_S1)	S1/Expression Repetition (ER_S1)	S1/tokens (%)	S2/Initiated Expression (IE_S2)	S2/Expression Repetition (ER_S2)	S2/tokens (%)	Voc. Overlap S1	Voc. Overlap S2	SR/S1/ELS	SR/S1/EV	SR/S1/ER	SR/S1/ENTR	SR/S1/L	SR/S1/LMAX	SR/S2/ELS	SR/S2/EV	SR/S2/ER	SR/S2/ENTR	SR/S2/L	SR/S2/LMAX
dialogue_txt	Human 1	Human 2	0.46	0.379746835443038	0.48024316109422494	0.54	0.3742690058479532	0.5197568389057751	0.4891304347826087	0.4639175257731959	22.0	0.13253012048192772	0.4397590361445783	1.0783220795483648	1.44	5.0	30.0	0.16666666666666666	0.5	0.926666688002433	1.2714285714285714	3.0
