ID	S1	S2	S1/Initiated Expression (IE_S1)	S1/Expression Repetition (ER_S1)	S1/tokens (%)	S2/Initiated Expression (IE_S2)	S2/Expression Repetition (ER_S2)	S2/tokens (%)	Voc. Overlap S1	Voc. Overlap S2	SR/S1/ELS	SR/S1/EV	SR/S1/ER	SR/S1/ENTR	SR/S1/L	SR/S1/LMAX	SR/S2/ELS	SR/S2/EV	SR/S2/ER	SR/S2/ENTR	SR/S2/L	SR/S2/LMAX
dialogue_txt	Human 1	Human 2	0.76	0.18055555555555555	0.43636363636363634	0.24	0.45161290322580644	0.5636363636363636	0.5	0.47368421052631576	9.0	0.1111111111111111	0.2716049382716049	0.4689955935892812	1.1	2.0	17.0	0.16666666666666666	0.47058823529411764	1.4476406844437248	1.6451612903225807	5.0
