ID	S1	S2	S1/Initiated Expression (IE_S1)	S1/Expression Repetition (ER_S1)	S1/tokens (%)	S2/Initiated Expression (IE_S2)	S2/Expression Repetition (ER_S2)	S2/tokens (%)	Voc. Overlap S1	Voc. Overlap S2	SR/S1/ELS	SR/S1/EV	SR/S1/ER	SR/S1/ENTR	SR/S1/L	SR/S1/LMAX	SR/S2/ELS	SR/S2/EV	SR/S2/ER	SR/S2/ENTR	SR/S2/L	SR/S2/LMAX
dialogue_txt	Human 1	Human 2	0.9555555555555556	0.04895104895104895	0.5478927203065134	0.044444444444444446	0.6694915254237288	0.4521072796934866	0.41346153846153844	0.6142857142857143	14.0	0.09333333333333334	0.26	0.32984607020714635	1.0606060606060606	2.0	22.0	0.176	0.504	0.5564215672884281	1.1296296296296295	2.0
