ID	S1	S2	S1/Initiated Expression (IE_S1)	S1/Expression Repetition (ER_S1)	S1/tokens (%)	S2/Initiated Expression (IE_S2)	S2/Expression Repetition (ER_S2)	S2/tokens (%)	Voc. Overlap S1	Voc. Overlap S2	SR/S1/ELS	SR/S1/EV	SR/S1/ER	SR/S1/ENTR	SR/S1/L	SR/S1/LMAX	SR/S2/ELS	SR/S2/EV	SR/S2/ER	SR/S2/ENTR	SR/S2/L	SR/S2/LMAX
dialogue_txt	Human 1	Human 2	0.7333333333333333	0.1746987951807229	0.5045592705167173	0.26666666666666666	0.44785276073619634	0.49544072948328266	0.3944954128440367	0.4673913043478261	19.0	0.10919540229885058	0.3160919540229885	0.760658476840993	1.2564102564102564	4.0	26.0	0.1511627906976744	0.47674418604651164	1.0257613567646178	1.3275862068965518	4.0
