ID	Num. utterances	Num. tokens	Expression Lexicon Size (ELS)	Expression Variety (EV)	Expression Repetition (ER)	Voc. Overlap	ENTR	L	LMAX
dialogue_txt	17.0	329.0	45.0	0.13677811550151975	0.3100303951367781	0.2721518987341772	0.8398447883054725	1.2307692307692308	3.0
