ID	S1	S2	S1/Initiated Expression (IE_S1)	S1/Expression Repetition (ER_S1)	S1/tokens (%)	S2/Initiated Expression (IE_S2)	S2/Expression Repetition (ER_S2)	S2/tokens (%)	Voc. Overlap S1	Voc. Overlap S2	SR/S1/ELS	SR/S1/EV	SR/S1/ER	SR/S1/ENTR	SR/S1/L	SR/S1/LMAX	SR/S2/ELS	SR/S2/EV	SR/S2/ER	SR/S2/ENTR	SR/S2/L	SR/S2/LMAX
dialogue_txt	Human 1	Human 2	0.8125	0.1564625850340136	0.4651898734177215	0.1875	0.6094674556213018	0.5348101265822784	0.4845360824742268	0.5402298850574713	21.0	0.13548387096774195	0.36774193548387096	0.5586293734521992	1.1304347826086956	2.0	35.0	0.1977401129943503	0.5875706214689266	1.2318179140505472	1.4305555555555556	4.0
