ID	Num. utterances	Num. tokens	Expression Lexicon Size (ELS)	Expression Variety (EV)	Expression Repetition (ER)	Voc. Overlap	ENTR	L	LMAX
dialogue_txt	16.0	332.0	51.0	0.1536144578313253	0.35240963855421686	0.30985915492957744	0.880201013893889	1.2587412587412588	3.0
