ID	S1	S2	S1/Initiated Expression (IE_S1)	S1/Expression Repetition (ER_S1)	S1/tokens (%)	S2/Initiated Expression (IE_S2)	S2/Expression Repetition (ER_S2)	S2/tokens (%)	Voc. Overlap S1	Voc. Overlap S2	SR/S1/ELS	SR/S1/EV	SR/S1/ER	SR/S1/ENTR	SR/S1/L	SR/S1/LMAX	SR/S2/ELS	SR/S2/EV	SR/S2/ER	SR/S2/ENTR	SR/S2/L	SR/S2/LMAX
dialogue_txt	Human 1	Human 2	0.6785714285714286	0.19047619047619047	0.4166666666666667	0.32142857142857145	0.2585034013605442	0.5833333333333334	0.3924050632911392	0.29245283018867924	8.0	0.07142857142857142	0.17857142857142858	-0.0	1.0	1.0	17.0	0.1111111111111111	0.3333333333333333	0.6321302781219706	1.1590909090909092	2.0
