ID	Num. utterances	Num. tokens	Expression Lexicon Size (ELS)	Expression Variety (EV)	Expression Repetition (ER)	Voc. Overlap	ENTR	L	LMAX
dialogue_txt	13.0	252.0	28.0	0.1111111111111111	0.23015873015873015	0.2012987012987013	0.7793354548675128	1.2027027027027026	3.0
