ID	S1	S2	S1/Initiated Expression (IE_S1)	S1/Expression Repetition (ER_S1)	S1/tokens (%)	S2/Initiated Expression (IE_S2)	S2/Expression Repetition (ER_S2)	S2/tokens (%)	Voc. Overlap S1	Voc. Overlap S2	SR/S1/ELS	SR/S1/EV	SR/S1/ER	SR/S1/ENTR	SR/S1/L	SR/S1/LMAX	SR/S2/ELS	SR/S2/EV	SR/S2/ER	SR/S2/ENTR	SR/S2/L	SR/S2/LMAX
dialogue_txt	Human 1	Human 2	0.6818181818181818	0.18181818181818182	0.28061224489795916	0.3181818181818182	0.2127659574468085	0.7193877551020408	0.6190476190476191	0.30952380952380953	5.0	0.08064516129032258	0.1935483870967742	0.8112781244591328	1.5	3.0	23.0	0.15436241610738255	0.4966442953020134	1.6550730473758	1.8372093023255813	4.0
