ID	Num. utterances	Num. tokens	Expression Lexicon Size (ELS)	Expression Variety (EV)	Expression Repetition (ER)	Voc. Overlap	ENTR	L	LMAX
dialogue_txt	15.0	227.0	28.0	0.12334801762114538	0.22466960352422907	0.26126126126126126	0.45748716845253	1.1012658227848102	3.0
