ID	S1	S2	S1/Initiated Expression (IE_S1)	S1/Expression Repetition (ER_S1)	S1/tokens (%)	S2/Initiated Expression (IE_S2)	S2/Expression Repetition (ER_S2)	S2/tokens (%)	Voc. Overlap S1	Voc. Overlap S2	SR/S1/ELS	SR/S1/EV	SR/S1/ER	SR/S1/ENTR	SR/S1/L	SR/S1/LMAX	SR/S2/ELS	SR/S2/EV	SR/S2/ER	SR/S2/ENTR	SR/S2/L	SR/S2/LMAX
dialogue_txt	Human 1	Human 2	0.75	0.15	0.3524229074889868	0.25	0.2653061224489796	0.6475770925110133	0.4915254237288136	0.35802469135802467	6.0	0.06896551724137931	0.1724137931034483	-0.0	1.0	1.0	29.0	0.1870967741935484	0.5870967741935483	1.5575799140975193	1.9795918367346939	8.0
