ID	S1	S2	S1/Initiated Expression (IE_S1)	S1/Expression Repetition (ER_S1)	S1/tokens (%)	S2/Initiated Expression (IE_S2)	S2/Expression Repetition (ER_S2)	S2/tokens (%)	Voc. Overlap S1	Voc. Overlap S2	SR/S1/ELS	SR/S1/EV	SR/S1/ER	SR/S1/ENTR	SR/S1/L	SR/S1/LMAX	SR/S2/ELS	SR/S2/EV	SR/S2/ER	SR/S2/ENTR	SR/S2/L	SR/S2/LMAX
dialogue_txt	Human 1	Human 2	0.7948717948717948	0.1891891891891892	0.5266903914590747	0.20512820512820512	0.518796992481203	0.47330960854092524	0.3917525773195876	0.5428571428571428	16.0	0.1032258064516129	0.2838709677419355	0.512709142030877	1.1142857142857143	2.0	19.0	0.1347517730496454	0.5673758865248227	1.522138019066101	2.075	8.0
