ID	Num. utterances	Num. tokens	Expression Lexicon Size (ELS)	Expression Variety (EV)	Expression Repetition (ER)	Voc. Overlap	ENTR	L	LMAX
dialogue_txt	16.0	282.0	24.0	0.0851063829787234	0.24113475177304963	0.1984126984126984	0.8658566174572233	1.2727272727272727	3.0
