ID	Num. utterances	Num. tokens	Expression Lexicon Size (ELS)	Expression Variety (EV)	Expression Repetition (ER)	Voc. Overlap	ENTR	L	LMAX
dialogue_txt	15.0	208.0	32.0	0.15384615384615385	0.4326923076923077	0.37209302325581395	1.5346511973033712	1.6708860759493671	7.0
