ID	S1	S2	S1/Initiated Expression (IE_S1)	S1/Expression Repetition (ER_S1)	S1/tokens (%)	S2/Initiated Expression (IE_S2)	S2/Expression Repetition (ER_S2)	S2/tokens (%)	Voc. Overlap S1	Voc. Overlap S2	SR/S1/ELS	SR/S1/EV	SR/S1/ER	SR/S1/ENTR	SR/S1/L	SR/S1/LMAX	SR/S2/ELS	SR/S2/EV	SR/S2/ER	SR/S2/ENTR	SR/S2/L	SR/S2/LMAX
dialogue_txt	Human 1	Human 2	0.8620689655172413	0.1554054054054054	0.6115702479338843	0.13793103448275862	0.6170212765957447	0.3884297520661157	0.39080459770114945	0.6071428571428571	22.0	0.14102564102564102	0.4230769230769231	0.8176338568998316	1.22	3.0	16.0	0.1568627450980392	0.49019607843137253	0.5796354087834323	1.2564102564102564	5.0
