ID	S1	S2	S1/Initiated Expression (IE_S1)	S1/Expression Repetition (ER_S1)	S1/tokens (%)	S2/Initiated Expression (IE_S2)	S2/Expression Repetition (ER_S2)	S2/tokens (%)	Voc. Overlap S1	Voc. Overlap S2	SR/S1/ELS	SR/S1/EV	SR/S1/ER	SR/S1/ENTR	SR/S1/L	SR/S1/LMAX	SR/S2/ELS	SR/S2/EV	SR/S2/ER	SR/S2/ENTR	SR/S2/L	SR/S2/LMAX
dialogue_txt	Human 1	Human 2	0.8333333333333334	0.1694915254237288	0.3089005235602094	0.16666666666666666	0.4772727272727273	0.6910994764397905	0.627906976744186	0.38028169014084506	8.0	0.11940298507462686	0.31343283582089554	-0.0	1.0	1.0	26.0	0.18571428571428572	0.5214285714285715	0.6346460690416349	1.1833333333333333	3.0
