ID	S1	S2	S1/Initiated Expression (IE_S1)	S1/Expression Repetition (ER_S1)	S1/tokens (%)	S2/Initiated Expression (IE_S2)	S2/Expression Repetition (ER_S2)	S2/tokens (%)	Voc. Overlap S1	Voc. Overlap S2	SR/S1/ELS	SR/S1/EV	SR/S1/ER	SR/S1/ENTR	SR/S1/L	SR/S1/LMAX	SR/S2/ELS	SR/S2/EV	SR/S2/ER	SR/S2/ENTR	SR/S2/L	SR/S2/LMAX
dialogue_txt	Human 1	Human 2	0.6216216216216216	0.17482517482517482	0.4750830564784053	0.3783783783783784	0.33544303797468356	0.5249169435215947	0.367816091954023	0.36363636363636365	20.0	0.13245033112582782	0.3973509933774834	0.8315435491770659	1.2272727272727273	3.0	27.0	0.16265060240963855	0.5180722891566265	1.0366947114068386	1.5087719298245614	9.0
