ID	Num. utterances	Num. tokens	Expression Lexicon Size (ELS)	Expression Variety (EV)	Expression Repetition (ER)	Voc. Overlap	ENTR	L	LMAX
dialogue_txt	16.0	309.0	39.0	0.1262135922330097	0.3333333333333333	0.291970802919708	0.8709108418170344	1.2605042016806722	5.0
