ID	S1	S2	S1/Initiated Expression (IE_S1)	S1/Expression Repetition (ER_S1)	S1/tokens (%)	S2/Initiated Expression (IE_S2)	S2/Expression Repetition (ER_S2)	S2/tokens (%)	Voc. Overlap S1	Voc. Overlap S2	SR/S1/ELS	SR/S1/EV	SR/S1/ER	SR/S1/ENTR	SR/S1/L	SR/S1/LMAX	SR/S2/ELS	SR/S2/EV	SR/S2/ER	SR/S2/ENTR	SR/S2/L	SR/S2/LMAX
dialogue_txt	Human 1	Human 2	0.6341463414634146	0.21495327102803738	0.39776951672862454	0.36585365853658536	0.30246913580246915	0.6022304832713755	0.5555555555555556	0.4326923076923077	13.0	0.1111111111111111	0.27350427350427353	0.362051251733998	1.0689655172413792	2.0	23.0	0.1329479768786127	0.42196531791907516	0.9731284054960412	1.3333333333333333	4.0
