ID	S1	S2	S1/Initiated Expression (IE_S1)	S1/Expression Repetition (ER_S1)	S1/tokens (%)	S2/Initiated Expression (IE_S2)	S2/Expression Repetition (ER_S2)	S2/tokens (%)	Voc. Overlap S1	Voc. Overlap S2	SR/S1/ELS	SR/S1/EV	SR/S1/ER	SR/S1/ENTR	SR/S1/L	SR/S1/LMAX	SR/S2/ELS	SR/S2/EV	SR/S2/ER	SR/S2/ENTR	SR/S2/L	SR/S2/LMAX
dialogue_txt	Human 1	Human 2	0.8214285714285714	0.12631578947368421	0.39748953974895396	0.17857142857142858	0.4166666666666667	0.602510460251046	0.4461538461538462	0.3918918918918919	10.0	0.0970873786407767	0.27184466019417475	0.4021791902022728	1.08	2.0	24.0	0.15789473684210525	0.5460526315789473	1.4518641480301797	1.75	8.0
