ID	Num. utterances	Num. tokens	Expression Lexicon Size (ELS)	Expression Variety (EV)	Expression Repetition (ER)	Voc. Overlap	ENTR	L	LMAX
dialogue_txt	16.0	277.0	38.0	0.1371841155234657	0.24548736462093862	0.2653061224489796	0.39124356362925566	1.0769230769230769	2.0
