ID	Num. utterances	Num. tokens	Expression Lexicon Size (ELS)	Expression Variety (EV)	Expression Repetition (ER)	Voc. Overlap	ENTR	L	LMAX
dialogue_txt	15.0	246.0	36.0	0.14634146341463414	0.34959349593495936	0.29914529914529914	1.0218949596601548	1.316326530612245	4.0
