ID	S1	S2	S1/Initiated Expression (IE_S1)	S1/Expression Repetition (ER_S1)	S1/tokens (%)	S2/Initiated Expression (IE_S2)	S2/Expression Repetition (ER_S2)	S2/tokens (%)	Voc. Overlap S1	Voc. Overlap S2	SR/S1/ELS	SR/S1/EV	SR/S1/ER	SR/S1/ENTR	SR/S1/L	SR/S1/LMAX	SR/S2/ELS	SR/S2/EV	SR/S2/ER	SR/S2/ENTR	SR/S2/L	SR/S2/LMAX
dialogue_txt	Human 1	Human 2	0.8333333333333334	0.024390243902439025	0.6721311475409836	0.16666666666666666	0.35	0.32786885245901637	0.16216216216216217	0.35294117647058826	0.0	0.0	0.0	-0.0	NaN	0.0	1.0	0.043478260869565216	0.08695652173913043	-0.0	1.0	1.0
