ID	S1	S2	S1/Initiated Expression (IE_S1)	S1/Expression Repetition (ER_S1)	S1/tokens (%)	S2/Initiated Expression (IE_S2)	S2/Expression Repetition (ER_S2)	S2/tokens (%)	Voc. Overlap S1	Voc. Overlap S2	SR/S1/ELS	SR/S1/EV	SR/S1/ER	SR/S1/ENTR	SR/S1/L	SR/S1/LMAX	SR/S2/ELS	SR/S2/EV	SR/S2/ER	SR/S2/ENTR	SR/S2/L	SR/S2/LMAX
dialogue_txt	Human 1	Human 2	0.7777777777777778	0.22950819672131148	0.2863849765258216	0.2222222222222222	0.6907894736842105	0.7136150234741784	0.8723404255319149	0.6029411764705882	8.0	0.11594202898550725	0.2463768115942029	-0.0	1.0	1.0	27.0	0.16875	0.68125	1.5127975759392835	2.056603773584906	15.0
