ID	S1	S2	S1/Initiated Expression (IE_S1)	S1/Expression Repetition (ER_S1)	S1/tokens (%)	S2/Initiated Expression (IE_S2)	S2/Expression Repetition (ER_S2)	S2/tokens (%)	Voc. Overlap S1	Voc. Overlap S2	SR/S1/ELS	SR/S1/EV	SR/S1/ER	SR/S1/ENTR	SR/S1/L	SR/S1/LMAX	SR/S2/ELS	SR/S2/EV	SR/S2/ER	SR/S2/ENTR	SR/S2/L	SR/S2/LMAX
dialogue_txt	Human 1	Human 2	0.72	0.13095238095238096	0.3835616438356164	0.28	0.26666666666666666	0.6164383561643836	0.47540983606557374	0.34523809523809523	9.0	0.0989010989010989	0.23076923076923078	-0.0	1.0	1.0	21.0	0.14685314685314685	0.45454545454545453	1.2655013160667785	1.5227272727272727	3.0
