ID	Num. utterances	Num. tokens	Expression Lexicon Size (ELS)	Expression Variety (EV)	Expression Repetition (ER)	Voc. Overlap	ENTR	L	LMAX
dialogue_txt	14.0	170.0	35.0	0.20588235294117646	0.38823529411764707	0.5131578947368421	1.0693155250434208	1.3950617283950617	4.0
