ID	Num. utterances	Num. tokens	Expression Lexicon Size (ELS)	Expression Variety (EV)	Expression Repetition (ER)	Voc. Overlap	ENTR	L	LMAX
dialogue_txt	13.0	184.0	32.0	0.17391304347826086	0.41304347826086957	0.42168674698795183	0.8281823581031121	1.2247191011235956	3.0
