ID	Num. utterances	Num. tokens	Expression Lexicon Size (ELS)	Expression Variety (EV)	Expression Repetition (ER)	Voc. Overlap	ENTR	L	LMAX
dialogue_txt	14.0	195.0	38.0	0.19487179487179487	0.3435897435897436	0.4111111111111111	0.8995078072682818	1.2560975609756098	3.0
