ID	S1	S2	S1/Initiated Expression (IE_S1)	S1/Expression Repetition (ER_S1)	S1/tokens (%)	S2/Initiated Expression (IE_S2)	S2/Expression Repetition (ER_S2)	S2/tokens (%)	Voc. Overlap S1	Voc. Overlap S2	SR/S1/ELS	SR/S1/EV	SR/S1/ER	SR/S1/ENTR	SR/S1/L	SR/S1/LMAX	SR/S2/ELS	SR/S2/EV	SR/S2/ER	SR/S2/ENTR	SR/S2/L	SR/S2/LMAX
dialogue_txt	Human 1	Human 2	0.7352941176470589	0.17045454545454544	0.3697478991596639	0.2647058823529412	0.43333333333333335	0.6302521008403361	0.5070422535211268	0.43902439024390244	4.0	0.042105263157894736	0.16842105263157894	0.7219280948873623	1.4	3.0	21.0	0.13291139240506328	0.5316455696202531	1.8433851450583005	2.4358974358974357	9.0
