ID	Num. utterances	Num. tokens	Expression Lexicon Size (ELS)	Expression Variety (EV)	Expression Repetition (ER)	Voc. Overlap	ENTR	L	LMAX
dialogue_txt	15.0	257.0	33.0	0.12840466926070038	0.33073929961089493	0.2796610169491525	0.866176861732818	1.2450980392156863	3.0
