ID	Num. utterances	Num. tokens	Expression Lexicon Size (ELS)	Expression Variety (EV)	Expression Repetition (ER)	Voc. Overlap	ENTR	L	LMAX
dialogue_txt	16.0	308.0	43.0	0.1396103896103896	0.2922077922077922	0.26582278481012656	0.7007495497162062	1.1896551724137931	2.0
