ID	Num. utterances	Num. tokens	Expression Lexicon Size (ELS)	Expression Variety (EV)	Expression Repetition (ER)	Voc. Overlap	ENTR	L	LMAX
dialogue_txt	16.0	138.0	23.0	0.16666666666666666	0.32608695652173914	0.30303030303030304	1.0089847317410945	1.3157894736842106	3.0
