ID	S1	S2	S1/Initiated Expression (IE_S1)	S1/Expression Repetition (ER_S1)	S1/tokens (%)	S2/Initiated Expression (IE_S2)	S2/Expression Repetition (ER_S2)	S2/tokens (%)	Voc. Overlap S1	Voc. Overlap S2	SR/S1/ELS	SR/S1/EV	SR/S1/ER	SR/S1/ENTR	SR/S1/L	SR/S1/LMAX	SR/S2/ELS	SR/S2/EV	SR/S2/ER	SR/S2/ENTR	SR/S2/L	SR/S2/LMAX
dialogue_txt	Human 1	Human 2	0.6956521739130435	0.2033898305084746	0.427536231884058	0.30434782608695654	0.4177215189873418	0.572463768115942	0.46511627906976744	0.46511627906976744	8.0	0.11940298507462686	0.31343283582089554	-0.0	1.0	1.0	16.0	0.1839080459770115	0.5517241379310345	0.6962122601251458	1.375	3.0
