ID	S1	S2	S1/Initiated Expression (IE_S1)	S1/Expression Repetition (ER_S1)	S1/tokens (%)	S2/Initiated Expression (IE_S2)	S2/Expression Repetition (ER_S2)	S2/tokens (%)	Voc. Overlap S1	Voc. Overlap S2	SR/S1/ELS	SR/S1/EV	SR/S1/ER	SR/S1/ENTR	SR/S1/L	SR/S1/LMAX	SR/S2/ELS	SR/S2/EV	SR/S2/ER	SR/S2/ENTR	SR/S2/L	SR/S2/LMAX
dialogue_txt	Human 1	Human 2	0.6785714285714286	0.16666666666666666	0.37894736842105264	0.32142857142857145	0.3983050847457627	0.6210526315789474	0.5185185185185185	0.35	9.0	0.1111111111111111	0.2716049382716049	0.4689955935892812	1.1	2.0	17.0	0.13385826771653545	0.3700787401574803	1.1156444074874061	1.393939393939394	3.0
