ID	Num. utterances	Num. tokens	Expression Lexicon Size (ELS)	Expression Variety (EV)	Expression Repetition (ER)	Voc. Overlap	ENTR	L	LMAX
dialogue_txt	16.0	249.0	33.0	0.13253012048192772	0.3493975903614458	0.33035714285714285	1.046290120876293	1.3229166666666667	4.0
