ID	Num. utterances	Num. tokens	Expression Lexicon Size (ELS)	Expression Variety (EV)	Expression Repetition (ER)	Voc. Overlap	ENTR	L	LMAX
dialogue_txt	13.0	251.0	37.0	0.14741035856573706	0.2589641434262948	0.2868217054263566	0.9211523711895111	1.2727272727272727	3.0
