ID	Num. utterances	Num. tokens	Expression Lexicon Size (ELS)	Expression Variety (EV)	Expression Repetition (ER)	Voc. Overlap	ENTR	L	LMAX
dialogue_txt	16.0	279.0	30.0	0.10752688172043011	0.26881720430107525	0.2052980132450331	0.5590194204458001	1.141304347826087	3.0
