ID	Num. utterances	Num. tokens	Expression Lexicon Size (ELS)	Expression Variety (EV)	Expression Repetition (ER)	Voc. Overlap	ENTR	L	LMAX
dialogue_txt	14.0	197.0	31.0	0.15736040609137056	0.29949238578680204	0.34579439252336447	1.1199361232400116	1.4558823529411764	3.0
