ID	S1	S2	S1/Initiated Expression (IE_S1)	S1/Expression Repetition (ER_S1)	S1/tokens (%)	S2/Initiated Expression (IE_S2)	S2/Expression Repetition (ER_S2)	S2/tokens (%)	Voc. Overlap S1	Voc. Overlap S2	SR/S1/ELS	SR/S1/EV	SR/S1/ER	SR/S1/ENTR	SR/S1/L	SR/S1/LMAX	SR/S2/ELS	SR/S2/EV	SR/S2/ER	SR/S2/ENTR	SR/S2/L	SR/S2/LMAX
dialogue_txt	Human 1	Human 2	0.7777777777777778	0.2230769230769231	0.45774647887323944	0.2222222222222222	0.5	0.5422535211267606	0.45348837209302323	0.46987951807228917	14.0	0.10218978102189781	0.3357664233576642	0.4854607607459134	1.105263157894737	2.0	25.0	0.15432098765432098	0.5555555555555556	1.3641065231813905	1.543859649122807	4.0
