ID	Num. utterances	Num. tokens	Expression Lexicon Size (ELS)	Expression Variety (EV)	Expression Repetition (ER)	Voc. Overlap	ENTR	L	LMAX
dialogue_txt	16.0	278.0	47.0	0.16906474820143885	0.3345323741007194	0.36752136752136755	0.9228931876104176	1.2666666666666666	3.0
