ID	S1	S2	S1/Initiated Expression (IE_S1)	S1/Expression Repetition (ER_S1)	S1/tokens (%)	S2/Initiated Expression (IE_S2)	S2/Expression Repetition (ER_S2)	S2/tokens (%)	Voc. Overlap S1	Voc. Overlap S2	SR/S1/ELS	SR/S1/EV	SR/S1/ER	SR/S1/ENTR	SR/S1/L	SR/S1/LMAX	SR/S2/ELS	SR/S2/EV	SR/S2/ER	SR/S2/ENTR	SR/S2/L	SR/S2/LMAX
dialogue_txt	Human 1	Human 2	0.7368421052631579	0.16083916083916083	0.5053003533568905	0.2631578947368421	0.38571428571428573	0.49469964664310956	0.42528735632183906	0.4567901234567901	20.0	0.13245033112582782	0.3973509933774834	0.8315435491770659	1.2272727272727273	3.0	24.0	0.16216216216216217	0.4864864864864865	1.8436151231889861	1.9	5.0
