ID	Num. utterances	Num. tokens	Expression Lexicon Size (ELS)	Expression Variety (EV)	Expression Repetition (ER)	Voc. Overlap	ENTR	L	LMAX
dialogue_txt	16.0	266.0	24.0	0.09022556390977443	0.23308270676691728	0.21487603305785125	0.5003722202158891	1.1204819277108433	3.0
