ID	Num. utterances	Num. tokens	Expression Lexicon Size (ELS)	Expression Variety (EV)	Expression Repetition (ER)	Voc. Overlap	ENTR	L	LMAX
dialogue_txt	15.0	246.0	44.0	0.17886178861788618	0.3780487804878049	0.336283185840708	0.8672605878394828	1.2478632478632479	3.0
