ID	Num. utterances	Num. tokens	Expression Lexicon Size (ELS)	Expression Variety (EV)	Expression Repetition (ER)	Voc. Overlap	ENTR	L	LMAX
dialogue_txt	16.0	221.0	44.0	0.19909502262443438	0.38461538461538464	0.38461538461538464	1.3767222892342827	1.511111111111111	5.0
