ID	S1	S2	S1/Initiated Expression (IE_S1)	S1/Expression Repetition (ER_S1)	S1/tokens (%)	S2/Initiated Expression (IE_S2)	S2/Expression Repetition (ER_S2)	S2/tokens (%)	Voc. Overlap S1	Voc. Overlap S2	SR/S1/ELS	SR/S1/EV	SR/S1/ER	SR/S1/ENTR	SR/S1/L	SR/S1/LMAX	SR/S2/ELS	SR/S2/EV	SR/S2/ER	SR/S2/ENTR	SR/S2/L	SR/S2/LMAX
dialogue_txt	Human 1	Human 2	0.859375	0.14545454545454545	0.5061349693251533	0.140625	0.7267080745341615	0.4938650306748466	0.5688073394495413	0.7294117647058823	19.0	0.10982658959537572	0.32947976878612717	0.4394969869215133	1.0909090909090908	2.0	31.0	0.1834319526627219	0.6153846153846154	1.2198052505200172	1.5757575757575757	6.0
