ID	Num. utterances	Num. tokens	Expression Lexicon Size (ELS)	Expression Variety (EV)	Expression Repetition (ER)	Voc. Overlap	ENTR	L	LMAX
dialogue_txt	16.0	326.0	64.0	0.19631901840490798	0.4325153374233129	0.4696969696969697	1.1050256191564278	1.3703703703703705	5.0
