ID	Num. utterances	Num. tokens	Expression Lexicon Size (ELS)	Expression Variety (EV)	Expression Repetition (ER)	Voc. Overlap	ENTR	L	LMAX
dialogue_txt	16.0	270.0	38.0	0.14074074074074075	0.3074074074074074	0.31746031746031744	0.6362933323777631	1.1491228070175439	3.0
