ID	S1	S2	S1/Initiated Expression (IE_S1)	S1/Expression Repetition (ER_S1)	S1/tokens (%)	S2/Initiated Expression (IE_S2)	S2/Expression Repetition (ER_S2)	S2/tokens (%)	Voc. Overlap S1	Voc. Overlap S2	SR/S1/ELS	SR/S1/EV	SR/S1/ER	SR/S1/ENTR	SR/S1/L	SR/S1/LMAX	SR/S2/ELS	SR/S2/EV	SR/S2/ER	SR/S2/ENTR	SR/S2/L	SR/S2/LMAX
dialogue_txt	Human 1	Human 2	0.7368421052631579	0.16071428571428573	0.4148148148148148	0.2631578947368421	0.41139240506329117	0.5851851851851851	0.5263157894736842	0.4444444444444444	11.0	0.09166666666666666	0.225	-0.0	1.0	1.0	23.0	0.13855421686746988	0.5120481927710844	1.4175851412549552	1.8297872340425532	8.0
