ID	S1	S2	S1/Initiated Expression (IE_S1)	S1/Expression Repetition (ER_S1)	S1/tokens (%)	S2/Initiated Expression (IE_S2)	S2/Expression Repetition (ER_S2)	S2/tokens (%)	Voc. Overlap S1	Voc. Overlap S2	SR/S1/ELS	SR/S1/EV	SR/S1/ER	SR/S1/ENTR	SR/S1/L	SR/S1/LMAX	SR/S2/ELS	SR/S2/EV	SR/S2/ER	SR/S2/ENTR	SR/S2/L	SR/S2/LMAX
dialogue_txt	Human 1	Human 2	0.6785714285714286	0.2072072072072072	0.39928057553956836	0.32142857142857145	0.24550898203592814	0.6007194244604317	0.37662337662337664	0.32222222222222224	12.0	0.10084033613445378	0.2857142857142857	-0.0	1.0	1.0	35.0	0.2	0.5771428571428572	1.2244987387688204	1.4852941176470589	6.0
