ID	Num. utterances	Num. tokens	Expression Lexicon Size (ELS)	Expression Variety (EV)	Expression Repetition (ER)	Voc. Overlap	ENTR	L	LMAX
dialogue_txt	14.0	212.0	24.0	0.11320754716981132	0.28773584905660377	0.2727272727272727	1.096801586642763	1.3714285714285714	4.0
