ID	S1	S2	S1/Initiated Expression (IE_S1)	S1/Expression Repetition (ER_S1)	S1/tokens (%)	S2/Initiated Expression (IE_S2)	S2/Expression Repetition (ER_S2)	S2/tokens (%)	Voc. Overlap S1	Voc. Overlap S2	SR/S1/ELS	SR/S1/EV	SR/S1/ER	SR/S1/ENTR	SR/S1/L	SR/S1/LMAX	SR/S2/ELS	SR/S2/EV	SR/S2/ER	SR/S2/ENTR	SR/S2/L	SR/S2/LMAX
dialogue_txt	Human 1	Human 2	0.5	0.33962264150943394	0.2245762711864407	0.5	0.14754098360655737	0.7754237288135594	0.5641025641025641	0.23157894736842105	5.0	0.08064516129032258	0.16129032258064516	-0.0	1.0	1.0	32.0	0.16666666666666666	0.5833333333333334	1.7370215048747981	1.9166666666666667	7.0
