ID	Num. utterances	Num. tokens	Expression Lexicon Size (ELS)	Expression Variety (EV)	Expression Repetition (ER)	Voc. Overlap	ENTR	L	LMAX
dialogue_txt	16.0	203.0	37.0	0.18226600985221675	0.30049261083743845	0.3402061855670103	1.0017959788300042	1.329268292682927	5.0
