ID	S1	S2	S1/Initiated Expression (IE_S1)	S1/Expression Repetition (ER_S1)	S1/tokens (%)	S2/Initiated Expression (IE_S2)	S2/Expression Repetition (ER_S2)	S2/tokens (%)	Voc. Overlap S1	Voc. Overlap S2	SR/S1/ELS	SR/S1/EV	SR/S1/ER	SR/S1/ENTR	SR/S1/L	SR/S1/LMAX	SR/S2/ELS	SR/S2/EV	SR/S2/ER	SR/S2/ENTR	SR/S2/L	SR/S2/LMAX
dialogue_txt	Human 1	Human 2	0.7894736842105263	0.16993464052287582	0.49514563106796117	0.21052631578947367	0.4166666666666667	0.5048543689320388	0.37142857142857144	0.4148936170212766	17.0	0.10625	0.33125	0.7742433029172697	1.263157894736842	4.0	22.0	0.13414634146341464	0.40853658536585363	0.6954717793346741	1.2156862745098038	4.0
