ID	Num. utterances	Num. tokens	Expression Lexicon Size (ELS)	Expression Variety (EV)	Expression Repetition (ER)	Voc. Overlap	ENTR	L	LMAX
dialogue_txt	16.0	310.0	54.0	0.17419354838709677	0.4064516129032258	0.38636363636363635	1.1017579038188534	1.4222222222222223	5.0
