ID	S1	S2	S1/Initiated Expression (IE_S1)	S1/Expression Repetition (ER_S1)	S1/tokens (%)	S2/Initiated Expression (IE_S2)	S2/Expression Repetition (ER_S2)	S2/tokens (%)	Voc. Overlap S1	Voc. Overlap S2	SR/S1/ELS	SR/S1/EV	SR/S1/ER	SR/S1/ENTR	SR/S1/L	SR/S1/LMAX	SR/S2/ELS	SR/S2/EV	SR/S2/ER	SR/S2/ENTR	SR/S2/L	SR/S2/LMAX
dialogue_txt	Human 1	Human 2	0.7333333333333333	0.24277456647398843	0.5356037151702786	0.26666666666666666	0.52	0.46439628482972134	0.4479166666666667	0.5	26.0	0.143646408839779	0.4419889502762431	0.849092165846601	1.2321428571428572	3.0	29.0	0.18354430379746836	0.5443037974683544	0.8777980623457793	1.2461538461538462	3.0
