ID	Num. utterances	Num. tokens	Expression Lexicon Size (ELS)	Expression Variety (EV)	Expression Repetition (ER)	Voc. Overlap	ENTR	L	LMAX
dialogue_txt	13.0	186.0	23.0	0.12365591397849462	0.23118279569892472	0.23333333333333334	1.4761860545027412	1.6382978723404256	4.0
