ID	Num. utterances	Num. tokens	Expression Lexicon Size (ELS)	Expression Variety (EV)	Expression Repetition (ER)	Voc. Overlap	ENTR	L	LMAX
dialogue_txt	15.0	180.0	30.0	0.16666666666666666	0.36666666666666664	0.37209302325581395	1.07622864835582	1.4411764705882353	7.0
