ID	S1	S2	S1/Initiated Expression (IE_S1)	S1/Expression Repetition (ER_S1)	S1/tokens (%)	S2/Initiated Expression (IE_S2)	S2/Expression Repetition (ER_S2)	S2/tokens (%)	Voc. Overlap S1	Voc. Overlap S2	SR/S1/ELS	SR/S1/EV	SR/S1/ER	SR/S1/ENTR	SR/S1/L	SR/S1/LMAX	SR/S2/ELS	SR/S2/EV	SR/S2/ER	SR/S2/ENTR	SR/S2/L	SR/S2/LMAX
dialogue_txt	Human 1	Human 2	0.6190476190476191	0.21739130434782608	0.3770491803278688	0.38095238095238093	0.2894736842105263	0.6229508196721312	0.42105263157894735	0.3380281690140845	6.0	0.07894736842105263	0.18421052631578946	-0.0	1.0	1.0	14.0	0.11475409836065574	0.45081967213114754	1.0735519991730582	1.8275862068965518	10.0
