ID	Num. utterances	Num. tokens	Expression Lexicon Size (ELS)	Expression Variety (EV)	Expression Repetition (ER)	Voc. Overlap	ENTR	L	LMAX
dialogue_txt	19.0	298.0	55.0	0.18456375838926176	0.4228187919463087	0.43333333333333335	0.9208294845792333	1.2671232876712328	3.0
