ID	Num. utterances	Num. tokens	Expression Lexicon Size (ELS)	Expression Variety (EV)	Expression Repetition (ER)	Voc. Overlap	ENTR	L	LMAX
dialogue_txt	16.0	284.0	19.0	0.06690140845070422	0.16901408450704225	0.14788732394366197	0.19143325481419343	1.0294117647058822	2.0
