ID	S1	S2	S1/Initiated Expression (IE_S1)	S1/Expression Repetition (ER_S1)	S1/tokens (%)	S2/Initiated Expression (IE_S2)	S2/Expression Repetition (ER_S2)	S2/tokens (%)	Voc. Overlap S1	Voc. Overlap S2	SR/S1/ELS	SR/S1/EV	SR/S1/ER	SR/S1/ENTR	SR/S1/L	SR/S1/LMAX	SR/S2/ELS	SR/S2/EV	SR/S2/ER	SR/S2/ENTR	SR/S2/L	SR/S2/LMAX
dialogue_txt	Human 1	Human 2	0.7368421052631579	0.16216216216216217	0.3908450704225352	0.2631578947368421	0.17341040462427745	0.6091549295774648	0.2727272727272727	0.2441860465116279	12.0	0.10084033613445378	0.2857142857142857	-0.0	1.0	1.0	24.0	0.13259668508287292	0.5469613259668509	1.907748158761307	2.4468085106382977	7.0
