ID	Num. utterances	Num. tokens	Expression Lexicon Size (ELS)	Expression Variety (EV)	Expression Repetition (ER)	Voc. Overlap	ENTR	L	LMAX
dialogue_txt	15.0	281.0	41.0	0.14590747330960854	0.3309608540925267	0.31386861313868614	0.6355097379726913	1.1551724137931034	3.0
