ID	S1	S2	S1/Initiated Expression (IE_S1)	S1/Expression Repetition (ER_S1)	S1/tokens (%)	S2/Initiated Expression (IE_S2)	S2/Expression Repetition (ER_S2)	S2/tokens (%)	Voc. Overlap S1	Voc. Overlap S2	SR/S1/ELS	SR/S1/EV	SR/S1/ER	SR/S1/ENTR	SR/S1/L	SR/S1/LMAX	SR/S2/ELS	SR/S2/EV	SR/S2/ER	SR/S2/ENTR	SR/S2/L	SR/S2/LMAX
dialogue_txt	Human 1	Human 2	0.6829268292682927	0.23622047244094488	0.45195729537366547	0.3170731707317073	0.4090909090909091	0.5480427046263345	0.5308641975308642	0.43434343434343436	16.0	0.11940298507462686	0.34328358208955223	0.6394571324851641	1.162162162162162	2.0	21.0	0.12962962962962962	0.41975308641975306	0.828411716566275	1.2244897959183674	3.0
