ID	Num. utterances	Num. tokens	Expression Lexicon Size (ELS)	Expression Variety (EV)	Expression Repetition (ER)	Voc. Overlap	ENTR	L	LMAX
dialogue_txt	15.0	165.0	28.0	0.1696969696969697	0.3333333333333333	0.34831460674157305	0.7717313035490734	1.2222222222222223	4.0
