ID	S1	S2	S1/Initiated Expression (IE_S1)	S1/Expression Repetition (ER_S1)	S1/tokens (%)	S2/Initiated Expression (IE_S2)	S2/Expression Repetition (ER_S2)	S2/tokens (%)	Voc. Overlap S1	Voc. Overlap S2	SR/S1/ELS	SR/S1/EV	SR/S1/ER	SR/S1/ENTR	SR/S1/L	SR/S1/LMAX	SR/S2/ELS	SR/S2/EV	SR/S2/ER	SR/S2/ENTR	SR/S2/L	SR/S2/LMAX
dialogue_txt	Human 1	Human 2	0.8928571428571429	0.09090909090909091	0.5333333333333333	0.10714285714285714	0.6103896103896104	0.4666666666666667	0.43661971830985913	0.6326530612244898	4.0	0.042105263157894736	0.16842105263157894	0.7219280948873623	1.4	3.0	11.0	0.12941176470588237	0.3411764705882353	0.94566030460064	1.3636363636363635	2.0
