ID	Num. utterances	Num. tokens	Expression Lexicon Size (ELS)	Expression Variety (EV)	Expression Repetition (ER)	Voc. Overlap	ENTR	L	LMAX
dialogue_txt	15.0	194.0	18.0	0.09278350515463918	0.15463917525773196	0.20952380952380953	0.5586293734521992	1.1304347826086956	2.0
