ID	Num. utterances	Num. tokens	Expression Lexicon Size (ELS)	Expression Variety (EV)	Expression Repetition (ER)	Voc. Overlap	ENTR	L	LMAX
dialogue_txt	16.0	289.0	33.0	0.11418685121107267	0.2768166089965398	0.24475524475524477	1.1890823199310434	1.4086021505376345	4.0
