ID	Num. utterances	Num. tokens	Expression Lexicon Size (ELS)	Expression Variety (EV)	Expression Repetition (ER)	Voc. Overlap	ENTR	L	LMAX
dialogue_txt	15.0	246.0	44.0	0.17886178861788618	0.35365853658536583	0.3939393939393939	0.9050237829524386	1.2564102564102564	4.0
