ID	S1	S2	S1/Initiated Expression (IE_S1)	S1/Expression Repetition (ER_S1)	S1/tokens (%)	S2/Initiated Expression (IE_S2)	S2/Expression Repetition (ER_S2)	S2/tokens (%)	Voc. Overlap S1	Voc. Overlap S2	SR/S1/ELS	SR/S1/EV	SR/S1/ER	SR/S1/ENTR	SR/S1/L	SR/S1/LMAX	SR/S2/ELS	SR/S2/EV	SR/S2/ER	SR/S2/ENTR	SR/S2/L	SR/S2/LMAX
dialogue_txt	Human 1	Human 2	0.7916666666666666	0.15151515151515152	0.4881656804733728	0.20833333333333334	0.6820809248554913	0.5118343195266272	0.6788990825688074	0.7254901960784313	19.0	0.10982658959537572	0.32947976878612717	0.4394969869215133	1.0909090909090908	2.0	34.0	0.1878453038674033	0.5248618784530387	0.9933927290103627	1.4375	5.0
