ID	Num. utterances	Num. tokens	Expression Lexicon Size (ELS)	Expression Variety (EV)	Expression Repetition (ER)	Voc. Overlap	ENTR	L	LMAX
dialogue_txt	16.0	338.0	72.0	0.21301775147928995	0.4230769230769231	0.5401459854014599	1.4089697944864894	1.588235294117647	8.0
