ID	S1	S2	S1/Initiated Expression (IE_S1)	S1/Expression Repetition (ER_S1)	S1/tokens (%)	S2/Initiated Expression (IE_S2)	S2/Expression Repetition (ER_S2)	S2/tokens (%)	Voc. Overlap S1	Voc. Overlap S2	SR/S1/ELS	SR/S1/EV	SR/S1/ER	SR/S1/ENTR	SR/S1/L	SR/S1/LMAX	SR/S2/ELS	SR/S2/EV	SR/S2/ER	SR/S2/ENTR	SR/S2/L	SR/S2/LMAX
dialogue_txt	Human 1	Human 2	0.9354838709677419	0.14754098360655737	0.3112244897959184	0.06451612903225806	0.4740740740740741	0.6887755102040817	0.7659574468085106	0.46153846153846156	8.0	0.11594202898550725	0.2463768115942029	-0.0	1.0	1.0	23.0	0.16083916083916083	0.45454545454545453	1.3234067491742718	1.488888888888889	4.0
