ID	S1	S2	S1/Initiated Expression (IE_S1)	S1/Expression Repetition (ER_S1)	S1/tokens (%)	S2/Initiated Expression (IE_S2)	S2/Expression Repetition (ER_S2)	S2/tokens (%)	Voc. Overlap S1	Voc. Overlap S2	SR/S1/ELS	SR/S1/EV	SR/S1/ER	SR/S1/ENTR	SR/S1/L	SR/S1/LMAX	SR/S2/ELS	SR/S2/EV	SR/S2/ER	SR/S2/ENTR	SR/S2/L	SR/S2/LMAX
dialogue_txt	Human 1	Human 2	0.75	0.2393617021276596	0.49473684210526314	0.25	0.359375	0.5052631578947369	0.4230769230769231	0.4230769230769231	22.0	0.1116751269035533	0.40609137055837563	0.9106559588025549	1.26	3.0	30.0	0.14925373134328357	0.527363184079602	1.9375274613122886	2.1272727272727274	6.0
