ID	S1	S2	S1/Initiated Expression (IE_S1)	S1/Expression Repetition (ER_S1)	S1/tokens (%)	S2/Initiated Expression (IE_S2)	S2/Expression Repetition (ER_S2)	S2/tokens (%)	Voc. Overlap S1	Voc. Overlap S2	SR/S1/ELS	SR/S1/EV	SR/S1/ER	SR/S1/ENTR	SR/S1/L	SR/S1/LMAX	SR/S2/ELS	SR/S2/EV	SR/S2/ER	SR/S2/ENTR	SR/S2/L	SR/S2/LMAX
dialogue_txt	Human 1	Human 2	0.5	0.2616822429906542	0.3614864864864865	0.5	0.21693121693121692	0.6385135135135135	0.48148148148148145	0.34210526315789475	13.0	0.1111111111111111	0.27350427350427353	0.362051251733998	1.0689655172413792	2.0	30.0	0.15	0.45	1.1594601612577993	1.435483870967742	3.0
