ID	Num. utterances	Num. tokens	Expression Lexicon Size (ELS)	Expression Variety (EV)	Expression Repetition (ER)	Voc. Overlap	ENTR	L	LMAX
dialogue_txt	17.0	331.0	43.0	0.1299093655589124	0.31419939577039274	0.2702702702702703	1.1831654217246084	1.4137931034482758	3.0
