ID	S1	S2	S1/Initiated Expression (IE_S1)	S1/Expression Repetition (ER_S1)	S1/tokens (%)	S2/Initiated Expression (IE_S2)	S2/Expression Repetition (ER_S2)	S2/tokens (%)	Voc. Overlap S1	Voc. Overlap S2	SR/S1/ELS	SR/S1/EV	SR/S1/ER	SR/S1/ENTR	SR/S1/L	SR/S1/LMAX	SR/S2/ELS	SR/S2/EV	SR/S2/ER	SR/S2/ENTR	SR/S2/L	SR/S2/LMAX
dialogue_txt	Human 1	Human 2	0.75	0.16666666666666666	0.3302752293577982	0.25	0.2671232876712329	0.6697247706422018	0.48148148148148145	0.2857142857142857	9.0	0.1111111111111111	0.2716049382716049	0.4689955935892812	1.1	2.0	25.0	0.16129032258064516	0.44516129032258067	0.7642045065086203	1.2222222222222223	2.0
