ID	Num. utterances	Num. tokens	Expression Lexicon Size (ELS)	Expression Variety (EV)	Expression Repetition (ER)	Voc. Overlap	ENTR	L	LMAX
dialogue_txt	18.0	218.0	24.0	0.11009174311926606	0.23394495412844038	0.2184873949579832	0.9726796509033275	1.3220338983050848	4.0
