ID	S1	S2	S1/Initiated Expression (IE_S1)	S1/Expression Repetition (ER_S1)	S1/tokens (%)	S2/Initiated Expression (IE_S2)	S2/Expression Repetition (ER_S2)	S2/tokens (%)	Voc. Overlap S1	Voc. Overlap S2	SR/S1/ELS	SR/S1/EV	SR/S1/ER	SR/S1/ENTR	SR/S1/L	SR/S1/LMAX	SR/S2/ELS	SR/S2/EV	SR/S2/ER	SR/S2/ENTR	SR/S2/L	SR/S2/LMAX
dialogue_txt	Human 1	Human 2	0.868421052631579	0.15625	0.5182186234817814	0.13157894736842105	0.44537815126050423	0.4817813765182186	0.43529411764705883	0.4805194805194805	19.0	0.14074074074074075	0.37777777777777777	0.5916727785823274	1.1428571428571428	2.0	23.0	0.18253968253968253	0.48412698412698413	0.7641140545540274	1.2	3.0
