ID	Num. utterances	Num. tokens	Expression Lexicon Size (ELS)	Expression Variety (EV)	Expression Repetition (ER)	Voc. Overlap	ENTR	L	LMAX
dialogue_txt	16.0	321.0	42.0	0.1308411214953271	0.32398753894080995	0.25170068027210885	0.902707434716488	1.2564102564102564	3.0
