ID	S1	S2	S1/Initiated Expression (IE_S1)	S1/Expression Repetition (ER_S1)	S1/tokens (%)	S2/Initiated Expression (IE_S2)	S2/Expression Repetition (ER_S2)	S2/tokens (%)	Voc. Overlap S1	Voc. Overlap S2	SR/S1/ELS	SR/S1/EV	SR/S1/ER	SR/S1/ENTR	SR/S1/L	SR/S1/LMAX	SR/S2/ELS	SR/S2/EV	SR/S2/ER	SR/S2/ENTR	SR/S2/L	SR/S2/LMAX
dialogue_txt	Human 1	Human 2	0.5	0.2361111111111111	0.3037974683544304	0.5	0.17575757575757575	0.6962025316455697	0.4074074074074074	0.20754716981132076	9.0	0.1111111111111111	0.2716049382716049	0.4689955935892812	1.1	2.0	21.0	0.1206896551724138	0.3735632183908046	1.112587870254569	1.4318181818181819	3.0
