ID	Num. utterances	Num. tokens	Expression Lexicon Size (ELS)	Expression Variety (EV)	Expression Repetition (ER)	Voc. Overlap	ENTR	L	LMAX
dialogue_txt	17.0	284.0	40.0	0.14084507042253522	0.2992957746478873	0.2962962962962963	0.6355097379726913	1.1551724137931034	3.0
