ID	S1	S2	S1/Initiated Expression (IE_S1)	S1/Expression Repetition (ER_S1)	S1/tokens (%)	S2/Initiated Expression (IE_S2)	S2/Expression Repetition (ER_S2)	S2/tokens (%)	Voc. Overlap S1	Voc. Overlap S2	SR/S1/ELS	SR/S1/EV	SR/S1/ER	SR/S1/ENTR	SR/S1/L	SR/S1/LMAX	SR/S2/ELS	SR/S2/EV	SR/S2/ER	SR/S2/ENTR	SR/S2/L	SR/S2/LMAX
dialogue_txt	Human 1	Human 2	0.8157894736842105	0.13541666666666666	0.4682926829268293	0.18421052631578946	0.6422018348623854	0.5317073170731708	0.6290322580645161	0.6290322580645161	14.0	0.1346153846153846	0.33653846153846156	0.34511731494495296	1.064516129032258	2.0	23.0	0.19658119658119658	0.5042735042735043	0.9123163027543335	1.2608695652173914	3.0
