ID	Num. utterances	Num. tokens	Expression Lexicon Size (ELS)	Expression Variety (EV)	Expression Repetition (ER)	Voc. Overlap	ENTR	L	LMAX
dialogue_txt	16.0	205.0	38.0	0.18536585365853658	0.40487804878048783	0.4588235294117647	1.228607211830977	1.5517241379310345	7.0
