ID	Num. utterances	Num. tokens	Expression Lexicon Size (ELS)	Expression Variety (EV)	Expression Repetition (ER)	Voc. Overlap	ENTR	L	LMAX
dialogue_txt	17.0	325.0	42.0	0.12923076923076923	0.31384615384615383	0.2781065088757396	0.4392727801874564	1.0902255639097744	3.0
