ID	S1	S2	S1/Initiated Expression (IE_S1)	S1/Expression Repetition (ER_S1)	S1/tokens (%)	S2/Initiated Expression (IE_S2)	S2/Expression Repetition (ER_S2)	S2/tokens (%)	Voc. Overlap S1	Voc. Overlap S2	SR/S1/ELS	SR/S1/EV	SR/S1/ER	SR/S1/ENTR	SR/S1/L	SR/S1/LMAX	SR/S2/ELS	SR/S2/EV	SR/S2/ER	SR/S2/ENTR	SR/S2/L	SR/S2/LMAX
dialogue_txt	Human 1	Human 2	0.7368421052631579	0.1554054054054054	0.4728434504792332	0.2631578947368421	0.43636363636363634	0.5271565495207667	0.4367816091954023	0.41304347826086957	22.0	0.14102564102564102	0.4230769230769231	0.8176338568998316	1.22	3.0	29.0	0.1676300578034682	0.5606936416184971	1.5522017128882308	1.7894736842105263	4.0
