ID	Num. utterances	Num. tokens	Expression Lexicon Size (ELS)	Expression Variety (EV)	Expression Repetition (ER)	Voc. Overlap	ENTR	L	LMAX
dialogue_txt	16.0	241.0	37.0	0.15352697095435686	0.2572614107883817	0.35714285714285715	1.1865493064817287	1.3977272727272727	4.0
