ID	Num. utterances	Num. tokens	Expression Lexicon Size (ELS)	Expression Variety (EV)	Expression Repetition (ER)	Voc. Overlap	ENTR	L	LMAX
dialogue_txt	18.0	303.0	57.0	0.18811881188118812	0.4389438943894389	0.4144144144144144	1.0243554286048886	1.3137254901960784	4.0
