ID	Num. utterances	Num. tokens	Expression Lexicon Size (ELS)	Expression Variety (EV)	Expression Repetition (ER)	Voc. Overlap	ENTR	L	LMAX
dialogue_txt	14.0	206.0	34.0	0.1650485436893204	0.2815533980582524	0.3300970873786408	1.0833586451188304	1.3544303797468353	3.0
