ID	Num. utterances	Num. tokens	Expression Lexicon Size (ELS)	Expression Variety (EV)	Expression Repetition (ER)	Voc. Overlap	ENTR	L	LMAX
dialogue_txt	16.0	227.0	32.0	0.14096916299559473	0.3744493392070485	0.2980769230769231	1.1607887126874707	1.475609756097561	7.0
