ID	S1	S2	S1/Initiated Expression (IE_S1)	S1/Expression Repetition (ER_S1)	S1/tokens (%)	S2/Initiated Expression (IE_S2)	S2/Expression Repetition (ER_S2)	S2/tokens (%)	Voc. Overlap S1	Voc. Overlap S2	SR/S1/ELS	SR/S1/EV	SR/S1/ER	SR/S1/ENTR	SR/S1/L	SR/S1/LMAX	SR/S2/ELS	SR/S2/EV	SR/S2/ER	SR/S2/ENTR	SR/S2/L	SR/S2/LMAX
dialogue_txt	Human 1	Human 2	0.78125	0.15789473684210525	0.4185022026431718	0.21875	0.5303030303030303	0.5814977973568282	0.47692307692307695	0.44285714285714284	10.0	0.0970873786407767	0.27184466019417475	0.4021791902022728	1.08	2.0	25.0	0.17857142857142858	0.5571428571428572	1.3281887996541044	1.7173913043478262	8.0
