ID	Num. utterances	Num. tokens	Expression Lexicon Size (ELS)	Expression Variety (EV)	Expression Repetition (ER)	Voc. Overlap	ENTR	L	LMAX
dialogue_txt	18.0	170.0	30.0	0.17647058823529413	0.37058823529411766	0.3670886075949367	0.7267671078109903	1.2337662337662338	3.0
