ID	S1	S2	S1/Initiated Expression (IE_S1)	S1/Expression Repetition (ER_S1)	S1/tokens (%)	S2/Initiated Expression (IE_S2)	S2/Expression Repetition (ER_S2)	S2/tokens (%)	Voc. Overlap S1	Voc. Overlap S2	SR/S1/ELS	SR/S1/EV	SR/S1/ER	SR/S1/ENTR	SR/S1/L	SR/S1/LMAX	SR/S2/ELS	SR/S2/EV	SR/S2/ER	SR/S2/ENTR	SR/S2/L	SR/S2/LMAX
dialogue_txt	Human 1	Human 2	0.8214285714285714	0.11538461538461539	0.39195979899497485	0.17857142857142858	0.36363636363636365	0.6080402010050251	0.47368421052631576	0.391304347826087	7.0	0.08333333333333333	0.2261904761904762	0.5435644431995964	1.125	2.0	25.0	0.1953125	0.5625	1.1304555078547383	1.392156862745098	4.0
