ID	Num. utterances	Num. tokens	Expression Lexicon Size (ELS)	Expression Variety (EV)	Expression Repetition (ER)	Voc. Overlap	ENTR	L	LMAX
dialogue_txt	15.0	246.0	23.0	0.09349593495934959	0.2601626016260163	0.21705426356589147	0.7255762965946004	1.1818181818181819	3.0
