ID	S1	S2	S1/Initiated Expression (IE_S1)	S1/Expression Repetition (ER_S1)	S1/tokens (%)	S2/Initiated Expression (IE_S2)	S2/Expression Repetition (ER_S2)	S2/tokens (%)	Voc. Overlap S1	Voc. Overlap S2	SR/S1/ELS	SR/S1/EV	SR/S1/ER	SR/S1/ENTR	SR/S1/L	SR/S1/LMAX	SR/S2/ELS	SR/S2/EV	SR/S2/ER	SR/S2/ENTR	SR/S2/L	SR/S2/LMAX
dialogue_txt	Human 1	Human 2	0.7592592592592593	0.22485207100591717	0.5434083601286174	0.24074074074074073	0.4788732394366197	0.4565916398713826	0.5353535353535354	0.5824175824175825	26.0	0.14689265536723164	0.4067796610169492	0.83294582353614	1.2641509433962264	2.0	27.0	0.18	0.44666666666666666	0.41475814399911126	1.098360655737705	3.0
