ID	Num. utterances	Num. tokens	Expression Lexicon Size (ELS)	Expression Variety (EV)	Expression Repetition (ER)	Voc. Overlap	ENTR	L	LMAX
dialogue_txt	15.0	251.0	46.0	0.18326693227091634	0.3665338645418327	0.37272727272727274	0.9696862975892411	1.2905982905982907	4.0
