ID	S1	S2	S1/Initiated Expression (IE_S1)	S1/Expression Repetition (ER_S1)	S1/tokens (%)	S2/Initiated Expression (IE_S2)	S2/Expression Repetition (ER_S2)	S2/tokens (%)	Voc. Overlap S1	Voc. Overlap S2	SR/S1/ELS	SR/S1/EV	SR/S1/ER	SR/S1/ENTR	SR/S1/L	SR/S1/LMAX	SR/S2/ELS	SR/S2/EV	SR/S2/ER	SR/S2/ENTR	SR/S2/L	SR/S2/LMAX
dialogue_txt	Human 1	Human 2	0.825	0.072992700729927	0.4448051948051948	0.175	0.5497076023391813	0.5551948051948052	0.43010752688172044	0.4819277108433735	11.0	0.07534246575342465	0.21232876712328766	0.4262286569981449	1.173913043478261	3.0	34.0	0.18888888888888888	0.6222222222222222	1.8118392075216907	1.9384615384615385	7.0
