ID	Num. utterances	Num. tokens	Expression Lexicon Size (ELS)	Expression Variety (EV)	Expression Repetition (ER)	Voc. Overlap	ENTR	L	LMAX
dialogue_txt	15.0	238.0	24.0	0.10084033613445378	0.21008403361344538	0.20863309352517986	0.7212541319379113	1.2083333333333333	4.0
