ID	S1	S2	S1/Initiated Expression (IE_S1)	S1/Expression Repetition (ER_S1)	S1/tokens (%)	S2/Initiated Expression (IE_S2)	S2/Expression Repetition (ER_S2)	S2/tokens (%)	Voc. Overlap S1	Voc. Overlap S2	SR/S1/ELS	SR/S1/EV	SR/S1/ER	SR/S1/ENTR	SR/S1/L	SR/S1/LMAX	SR/S2/ELS	SR/S2/EV	SR/S2/ER	SR/S2/ENTR	SR/S2/L	SR/S2/LMAX
dialogue_txt	Human 1	Human 2	0.8620689655172413	0.10738255033557047	0.5209790209790209	0.13793103448275862	0.7007299270072993	0.479020979020979	0.5510204081632653	0.7012987012987013	14.0	0.08974358974358974	0.27564102564102566	0.7355085815538398	1.206896551724138	2.0	25.0	0.1736111111111111	0.5138888888888888	0.6873150928309273	1.1833333333333333	2.0
