ID	Num. utterances	Num. tokens	Expression Lexicon Size (ELS)	Expression Variety (EV)	Expression Repetition (ER)	Voc. Overlap	ENTR	L	LMAX
dialogue_txt	14.0	286.0	58.0	0.20279720279720279	0.3916083916083916	0.4462809917355372	1.2272671493999145	1.4274193548387097	5.0
