ID	S1	S2	S1/Initiated Expression (IE_S1)	S1/Expression Repetition (ER_S1)	S1/tokens (%)	S2/Initiated Expression (IE_S2)	S2/Expression Repetition (ER_S2)	S2/tokens (%)	Voc. Overlap S1	Voc. Overlap S2	SR/S1/ELS	SR/S1/EV	SR/S1/ER	SR/S1/ENTR	SR/S1/L	SR/S1/LMAX	SR/S2/ELS	SR/S2/EV	SR/S2/ER	SR/S2/ENTR	SR/S2/L	SR/S2/LMAX
dialogue_txt	Human 1	Human 2	0.8333333333333334	0.0948905109489051	0.5074074074074074	0.16666666666666666	0.39097744360902253	0.4925925925925926	0.3010752688172043	0.36363636363636365	11.0	0.07534246575342465	0.21232876712328766	0.4262286569981449	1.173913043478261	3.0	22.0	0.15492957746478872	0.5070422535211268	1.6478835962188616	1.7317073170731707	5.0
