ID	S1	S2	S1/Initiated Expression (IE_S1)	S1/Expression Repetition (ER_S1)	S1/tokens (%)	S2/Initiated Expression (IE_S2)	S2/Expression Repetition (ER_S2)	S2/tokens (%)	Voc. Overlap S1	Voc. Overlap S2	SR/S1/ELS	SR/S1/EV	SR/S1/ER	SR/S1/ENTR	SR/S1/L	SR/S1/LMAX	SR/S2/ELS	SR/S2/EV	SR/S2/ER	SR/S2/ENTR	SR/S2/L	SR/S2/LMAX
dialogue_txt	Human 1	Human 2	0.7142857142857143	0.22413793103448276	0.45849802371541504	0.2857142857142857	0.40145985401459855	0.541501976284585	0.4939759036144578	0.5	12.0	0.0975609756097561	0.2845528455284553	0.7495952572594798	1.2142857142857142	2.0	23.0	0.1597222222222222	0.4861111111111111	0.888364425088459	1.3725490196078431	4.0
