ID	S1	S2	S1/Initiated Expression (IE_S1)	S1/Expression Repetition (ER_S1)	S1/tokens (%)	S2/Initiated Expression (IE_S2)	S2/Expression Repetition (ER_S2)	S2/tokens (%)	Voc. Overlap S1	Voc. Overlap S2	SR/S1/ELS	SR/S1/EV	SR/S1/ER	SR/S1/ENTR	SR/S1/L	SR/S1/LMAX	SR/S2/ELS	SR/S2/EV	SR/S2/ER	SR/S2/ENTR	SR/S2/L	SR/S2/LMAX
dialogue_txt	Human 1	Human 2	0.8048780487804879	0.11607142857142858	0.42424242424242425	0.1951219512195122	0.4473684210526316	0.5757575757575758	0.4805194805194805	0.4065934065934066	15.0	0.125	0.31666666666666665	0.43055186701043946	1.088235294117647	2.0	27.0	0.16875	0.5125	0.9495753745008104	1.3508771929824561	5.0
