ID	S1	S2	S1/Initiated Expression (IE_S1)	S1/Expression Repetition (ER_S1)	S1/tokens (%)	S2/Initiated Expression (IE_S2)	S2/Expression Repetition (ER_S2)	S2/tokens (%)	Voc. Overlap S1	Voc. Overlap S2	SR/S1/ELS	SR/S1/EV	SR/S1/ER	SR/S1/ENTR	SR/S1/L	SR/S1/LMAX	SR/S2/ELS	SR/S2/EV	SR/S2/ER	SR/S2/ENTR	SR/S2/L	SR/S2/LMAX
dialogue_txt	Human 1	Human 2	0.6666666666666666	0.1875	0.4678362573099415	0.3333333333333333	0.31868131868131866	0.5321637426900585	0.4067796610169492	0.39344262295081966	6.0	0.06896551724137931	0.1724137931034483	-0.0	1.0	1.0	12.0	0.12121212121212122	0.3434343434343434	0.7345299214394703	1.2142857142857142	3.0
