ID	Num. utterances	Num. tokens	Expression Lexicon Size (ELS)	Expression Variety (EV)	Expression Repetition (ER)	Voc. Overlap	ENTR	L	LMAX
dialogue_txt	14.0	243.0	36.0	0.14814814814814814	0.2757201646090535	0.29133858267716534	0.8592851840737257	1.2840909090909092	5.0
