ID	S1	S2	S1/Initiated Expression (IE_S1)	S1/Expression Repetition (ER_S1)	S1/tokens (%)	S2/Initiated Expression (IE_S2)	S2/Expression Repetition (ER_S2)	S2/tokens (%)	Voc. Overlap S1	Voc. Overlap S2	SR/S1/ELS	SR/S1/EV	SR/S1/ER	SR/S1/ENTR	SR/S1/L	SR/S1/LMAX	SR/S2/ELS	SR/S2/EV	SR/S2/ER	SR/S2/ENTR	SR/S2/L	SR/S2/LMAX
dialogue_txt	Human 1	Human 2	0.6052631578947368	0.2803738317757009	0.36394557823129253	0.39473684210526316	0.24598930481283424	0.6360544217687075	0.48148148148148145	0.34210526315789475	13.0	0.1111111111111111	0.27350427350427353	0.362051251733998	1.0689655172413792	2.0	27.0	0.13636363636363635	0.42424242424242425	1.1558635337957899	1.4035087719298245	4.0
