ID	Num. utterances	Num. tokens	Expression Lexicon Size (ELS)	Expression Variety (EV)	Expression Repetition (ER)	Voc. Overlap	ENTR	L	LMAX
dialogue_txt	15.0	308.0	46.0	0.14935064935064934	0.3116883116883117	0.33098591549295775	0.9244026614200037	1.2682926829268293	3.0
