ID	S1	S2	S1/Initiated Expression (IE_S1)	S1/Expression Repetition (ER_S1)	S1/tokens (%)	S2/Initiated Expression (IE_S2)	S2/Expression Repetition (ER_S2)	S2/tokens (%)	Voc. Overlap S1	Voc. Overlap S2	SR/S1/ELS	SR/S1/EV	SR/S1/ER	SR/S1/ENTR	SR/S1/L	SR/S1/LMAX	SR/S2/ELS	SR/S2/EV	SR/S2/ER	SR/S2/ENTR	SR/S2/L	SR/S2/LMAX
dialogue_txt	Human 1	Human 2	0.8	0.2047244094488189	0.47924528301886793	0.2	0.6884057971014492	0.5207547169811321	0.5925925925925926	0.6956521739130435	16.0	0.11940298507462686	0.34328358208955223	0.6394571324851641	1.162162162162162	2.0	34.0	0.2328767123287671	0.6575342465753424	1.229081573173194	1.4492753623188406	4.0
