ID	Num. utterances	Num. tokens	Expression Lexicon Size (ELS)	Expression Variety (EV)	Expression Repetition (ER)	Voc. Overlap	ENTR	L	LMAX
dialogue_txt	21.0	273.0	51.0	0.18681318681318682	0.38095238095238093	0.4262295081967213	0.9453470933959444	1.2740740740740741	4.0
