ID	Num. utterances	Num. tokens	Expression Lexicon Size (ELS)	Expression Variety (EV)	Expression Repetition (ER)	Voc. Overlap	ENTR	L	LMAX
dialogue_txt	16.0	267.0	18.0	0.06741573033707865	0.1947565543071161	0.1926605504587156	0.46012788614713496	1.0972222222222223	2.0
