ID	S1	S2	S1/Initiated Expression (IE_S1)	S1/Expression Repetition (ER_S1)	S1/tokens (%)	S2/Initiated Expression (IE_S2)	S2/Expression Repetition (ER_S2)	S2/tokens (%)	Voc. Overlap S1	Voc. Overlap S2	SR/S1/ELS	SR/S1/EV	SR/S1/ER	SR/S1/ENTR	SR/S1/L	SR/S1/LMAX	SR/S2/ELS	SR/S2/EV	SR/S2/ER	SR/S2/ENTR	SR/S2/L	SR/S2/LMAX
dialogue_txt	Human 1	Human 2	0.53125	0.2523364485981308	0.33860759493670883	0.46875	0.20574162679425836	0.6613924050632911	0.4444444444444444	0.3157894736842105	13.0	0.1111111111111111	0.27350427350427353	0.362051251733998	1.0689655172413792	2.0	35.0	0.1590909090909091	0.55	1.2820900929249794	1.5063291139240507	4.0
