ID	Num. utterances	Num. tokens	Expression Lexicon Size (ELS)	Expression Variety (EV)	Expression Repetition (ER)	Voc. Overlap	ENTR	L	LMAX
dialogue_txt	16.0	212.0	22.0	0.10377358490566038	0.20754716981132076	0.24761904761904763	0.4537163391869448	1.0952380952380953	2.0
