ID	Num. utterances	Num. tokens	Expression Lexicon Size (ELS)	Expression Variety (EV)	Expression Repetition (ER)	Voc. Overlap	ENTR	L	LMAX
dialogue_txt	14.0	251.0	39.0	0.1553784860557769	0.3187250996015936	0.33587786259541985	0.9660941096247814	1.3061224489795917	5.0
