ID	Num. utterances	Num. tokens	Expression Lexicon Size (ELS)	Expression Variety (EV)	Expression Repetition (ER)	Voc. Overlap	ENTR	L	LMAX
dialogue_txt	16.0	291.0	37.0	0.12714776632302405	0.29896907216494845	0.291970802919708	1.1244433134351848	1.3737373737373737	4.0
