ID	S1	S2	S1/Initiated Expression (IE_S1)	S1/Expression Repetition (ER_S1)	S1/tokens (%)	S2/Initiated Expression (IE_S2)	S2/Expression Repetition (ER_S2)	S2/tokens (%)	Voc. Overlap S1	Voc. Overlap S2	SR/S1/ELS	SR/S1/EV	SR/S1/ER	SR/S1/ENTR	SR/S1/L	SR/S1/LMAX	SR/S2/ELS	SR/S2/EV	SR/S2/ER	SR/S2/ENTR	SR/S2/L	SR/S2/LMAX
dialogue_txt	Human 1	Human 2	0.7428571428571429	0.18018018018018017	0.4095940959409594	0.2571428571428571	0.35	0.5904059040590406	0.45454545454545453	0.3804347826086957	12.0	0.10084033613445378	0.2857142857142857	-0.0	1.0	1.0	28.0	0.16666666666666666	0.5119047619047619	0.9457932545318125	1.2794117647058822	3.0
