ID	S1	S2	S1/Initiated Expression (IE_S1)	S1/Expression Repetition (ER_S1)	S1/tokens (%)	S2/Initiated Expression (IE_S2)	S2/Expression Repetition (ER_S2)	S2/tokens (%)	Voc. Overlap S1	Voc. Overlap S2	SR/S1/ELS	SR/S1/EV	SR/S1/ER	SR/S1/ENTR	SR/S1/L	SR/S1/LMAX	SR/S2/ELS	SR/S2/EV	SR/S2/ER	SR/S2/ENTR	SR/S2/L	SR/S2/LMAX
dialogue_txt	Human 1	Human 2	0.696969696969697	0.26229508196721313	0.2629310344827586	0.30303030303030304	0.3567251461988304	0.7370689655172413	0.7021276595744681	0.35106382978723405	8.0	0.11594202898550725	0.2463768115942029	-0.0	1.0	1.0	29.0	0.16201117318435754	0.5363128491620112	1.045039425878194	1.3285714285714285	3.0
