ID	Num. utterances	Num. tokens	Expression Lexicon Size (ELS)	Expression Variety (EV)	Expression Repetition (ER)	Voc. Overlap	ENTR	L	LMAX
dialogue_txt	16.0	232.0	33.0	0.14224137931034483	0.33189655172413796	0.3055555555555556	0.6053030111976693	1.1397849462365592	3.0
