ID	S1	S2	S1/Initiated Expression (IE_S1)	S1/Expression Repetition (ER_S1)	S1/tokens (%)	S2/Initiated Expression (IE_S2)	S2/Expression Repetition (ER_S2)	S2/tokens (%)	Voc. Overlap S1	Voc. Overlap S2	SR/S1/ELS	SR/S1/EV	SR/S1/ER	SR/S1/ENTR	SR/S1/L	SR/S1/LMAX	SR/S2/ELS	SR/S2/EV	SR/S2/ER	SR/S2/ENTR	SR/S2/L	SR/S2/LMAX
dialogue_txt	Human 1	Human 2	0.8095238095238095	0.12213740458015267	0.524	0.19047619047619047	0.5714285714285714	0.476	0.4583333333333333	0.6197183098591549	16.0	0.11594202898550725	0.2971014492753623	0.6402064333604701	1.1764705882352942	3.0	20.0	0.15748031496062992	0.48031496062992124	1.221133468101857	1.5	5.0
