ID	Num. utterances	Num. tokens	Expression Lexicon Size (ELS)	Expression Variety (EV)	Expression Repetition (ER)	Voc. Overlap	ENTR	L	LMAX
dialogue_txt	16.0	265.0	36.0	0.13584905660377358	0.2830188679245283	0.2892561983471074	0.7840416056670786	1.2058823529411764	3.0
