ID	Num. utterances	Num. tokens	Expression Lexicon Size (ELS)	Expression Variety (EV)	Expression Repetition (ER)	Voc. Overlap	ENTR	L	LMAX
dialogue_txt	18.0	229.0	30.0	0.13100436681222707	0.30131004366812225	0.2413793103448276	1.0294842815719145	1.3205128205128205	3.0
