ID	S1	S2	S1/Initiated Expression (IE_S1)	S1/Expression Repetition (ER_S1)	S1/tokens (%)	S2/Initiated Expression (IE_S2)	S2/Expression Repetition (ER_S2)	S2/tokens (%)	Voc. Overlap S1	Voc. Overlap S2	SR/S1/ELS	SR/S1/EV	SR/S1/ER	SR/S1/ENTR	SR/S1/L	SR/S1/LMAX	SR/S2/ELS	SR/S2/EV	SR/S2/ER	SR/S2/ENTR	SR/S2/L	SR/S2/LMAX
dialogue_txt	Human 1	Human 2	0.8846153846153846	0.12244897959183673	0.48756218905472637	0.11538461538461539	0.3300970873786408	0.5124378109452736	0.417910447761194	0.3888888888888889	12.0	0.11214953271028037	0.2616822429906542	0.4021791902022728	1.08	2.0	15.0	0.13392857142857142	0.3482142857142857	0.3095434291503252	1.0555555555555556	2.0
