ID	S1	S2	S1/Initiated Expression (IE_S1)	S1/Expression Repetition (ER_S1)	S1/tokens (%)	S2/Initiated Expression (IE_S2)	S2/Expression Repetition (ER_S2)	S2/tokens (%)	Voc. Overlap S1	Voc. Overlap S2	SR/S1/ELS	SR/S1/EV	SR/S1/ER	SR/S1/ENTR	SR/S1/L	SR/S1/LMAX	SR/S2/ELS	SR/S2/EV	SR/S2/ER	SR/S2/ENTR	SR/S2/L	SR/S2/LMAX
dialogue_txt	Human 1	Human 2	0.7105263157894737	0.2543352601156069	0.5195195195195195	0.2894736842105263	0.3875	0.4804804804804805	0.40625	0.4431818181818182	26.0	0.143646408839779	0.4419889502762431	0.849092165846601	1.2321428571428572	3.0	22.0	0.13095238095238096	0.5297619047619048	1.4198164296028764	1.7450980392156863	9.0
