ID	Num. utterances	Num. tokens	Expression Lexicon Size (ELS)	Expression Variety (EV)	Expression Repetition (ER)	Voc. Overlap	ENTR	L	LMAX
dialogue_txt	16.0	333.0	38.0	0.11411411411411411	0.3183183183183183	0.2689655172413793	0.9815017089295552	1.2975206611570247	4.0
