ID	Num. utterances	Num. tokens	Expression Lexicon Size (ELS)	Expression Variety (EV)	Expression Repetition (ER)	Voc. Overlap	ENTR	L	LMAX
dialogue_txt	16.0	310.0	51.0	0.16451612903225807	0.4032258064516129	0.4307692307692308	1.102138042073873	1.481203007518797	6.0
