ID	Num. utterances	Num. tokens	Expression Lexicon Size (ELS)	Expression Variety (EV)	Expression Repetition (ER)	Voc. Overlap	ENTR	L	LMAX
dialogue_txt	15.0	222.0	38.0	0.17117117117117117	0.38738738738738737	0.37623762376237624	0.9203733629379734	1.2647058823529411	3.0
