ID	Num. utterances	Num. tokens	Expression Lexicon Size (ELS)	Expression Variety (EV)	Expression Repetition (ER)	Voc. Overlap	ENTR	L	LMAX
dialogue_txt	15.0	231.0	24.0	0.1038961038961039	0.2857142857142857	0.22641509433962265	0.8785296531164081	1.2753623188405796	4.0
