ID	Num. utterances	Num. tokens	Expression Lexicon Size (ELS)	Expression Variety (EV)	Expression Repetition (ER)	Voc. Overlap	ENTR	L	LMAX
dialogue_txt	18.0	249.0	24.0	0.0963855421686747	0.20080321285140562	0.16901408450704225	0.4853317402406918	1.1095890410958904	3.0
