ID	Num. utterances	Num. tokens	Expression Lexicon Size (ELS)	Expression Variety (EV)	Expression Repetition (ER)	Voc. Overlap	ENTR	L	LMAX
dialogue_txt	19.0	421.0	61.0	0.14489311163895488	0.4085510688836104	0.40588235294117647	1.040763597149447	1.4748603351955307	14.0
