ID	Num. utterances	Num. tokens	Expression Lexicon Size (ELS)	Expression Variety (EV)	Expression Repetition (ER)	Voc. Overlap	ENTR	L	LMAX
dialogue_txt	15.0	242.0	32.0	0.1322314049586777	0.23140495867768596	0.24603174603174602	0.8912720748967407	1.2531645569620253	3.0
