ID	S1	S2	S1/Initiated Expression (IE_S1)	S1/Expression Repetition (ER_S1)	S1/tokens (%)	S2/Initiated Expression (IE_S2)	S2/Expression Repetition (ER_S2)	S2/tokens (%)	Voc. Overlap S1	Voc. Overlap S2	SR/S1/ELS	SR/S1/EV	SR/S1/ER	SR/S1/ENTR	SR/S1/L	SR/S1/LMAX	SR/S2/ELS	SR/S2/EV	SR/S2/ER	SR/S2/ENTR	SR/S2/L	SR/S2/LMAX
dialogue_txt	Human 1	Human 2	0.6521739130434783	0.19444444444444445	0.34782608695652173	0.34782608695652173	0.24444444444444444	0.6521739130434783	0.48148148148148145	0.2988505747126437	9.0	0.1111111111111111	0.2716049382716049	0.4689955935892812	1.1	2.0	17.0	0.11805555555555555	0.3333333333333333	0.6022910429578967	1.162162162162162	3.0
