ID	S1	S2	S1/Initiated Expression (IE_S1)	S1/Expression Repetition (ER_S1)	S1/tokens (%)	S2/Initiated Expression (IE_S2)	S2/Expression Repetition (ER_S2)	S2/tokens (%)	Voc. Overlap S1	Voc. Overlap S2	SR/S1/ELS	SR/S1/EV	SR/S1/ER	SR/S1/ENTR	SR/S1/L	SR/S1/LMAX	SR/S2/ELS	SR/S2/EV	SR/S2/ER	SR/S2/ENTR	SR/S2/L	SR/S2/LMAX
dialogue_txt	Human 1	Human 2	0.8	0.1553784860557769	0.5756880733944955	0.2	0.6108108108108108	0.4243119266055046	0.46621621621621623	0.6272727272727273	33.0	0.12692307692307692	0.38076923076923075	1.0120119515886774	1.3142857142857143	3.0	32.0	0.1641025641025641	0.49230769230769234	0.9583662420718623	1.2837837837837838	3.0
