ID	Num. utterances	Num. tokens	Expression Lexicon Size (ELS)	Expression Variety (EV)	Expression Repetition (ER)	Voc. Overlap	ENTR	L	LMAX
dialogue_txt	19.0	436.0	65.0	0.14908256880733944	0.3486238532110092	0.36507936507936506	0.9308289388551141	1.2834224598930482	6.0
