ID	Num. utterances	Num. tokens	Expression Lexicon Size (ELS)	Expression Variety (EV)	Expression Repetition (ER)	Voc. Overlap	ENTR	L	LMAX
dialogue_txt	15.0	261.0	43.0	0.16475095785440613	0.39080459770114945	0.3739130434782609	0.9811276985338826	1.3333333333333333	4.0
