ID	S1	S2	S1/Initiated Expression (IE_S1)	S1/Expression Repetition (ER_S1)	S1/tokens (%)	S2/Initiated Expression (IE_S2)	S2/Expression Repetition (ER_S2)	S2/tokens (%)	Voc. Overlap S1	Voc. Overlap S2	SR/S1/ELS	SR/S1/EV	SR/S1/ER	SR/S1/ENTR	SR/S1/L	SR/S1/LMAX	SR/S2/ELS	SR/S2/EV	SR/S2/ER	SR/S2/ENTR	SR/S2/L	SR/S2/LMAX
dialogue_txt	Human 1	Human 2	0.7105263157894737	0.16993464052287582	0.5016393442622951	0.2894736842105263	0.40789473684210525	0.49836065573770494	0.4095238095238095	0.4777777777777778	17.0	0.10625	0.33125	0.7742433029172697	1.263157894736842	4.0	24.0	0.15	0.5	1.4728016707492608	1.6521739130434783	6.0
