ID	Num. utterances	Num. tokens	Expression Lexicon Size (ELS)	Expression Variety (EV)	Expression Repetition (ER)	Voc. Overlap	ENTR	L	LMAX
dialogue_txt	15.0	305.0	38.0	0.12459016393442623	0.28852459016393445	0.28289473684210525	0.964452884754684	1.3240740740740742	6.0
