ID	Num. utterances	Num. tokens	Expression Lexicon Size (ELS)	Expression Variety (EV)	Expression Repetition (ER)	Voc. Overlap	ENTR	L	LMAX
dialogue_txt	15.0	305.0	44.0	0.14426229508196722	0.3377049180327869	0.29850746268656714	1.0699039165904751	1.330708661417323	4.0
