ID	Num. utterances	Num. tokens	Expression Lexicon Size (ELS)	Expression Variety (EV)	Expression Repetition (ER)	Voc. Overlap	ENTR	L	LMAX
dialogue_txt	16.0	263.0	46.0	0.17490494296577946	0.39923954372623577	0.3813559322033898	0.9339601211836094	1.2727272727272727	4.0
