ID	Num. utterances	Num. tokens	Expression Lexicon Size (ELS)	Expression Variety (EV)	Expression Repetition (ER)	Voc. Overlap	ENTR	L	LMAX
dialogue_txt	16.0	314.0	31.0	0.09872611464968153	0.2643312101910828	0.1935483870967742	0.9158897092726221	1.2637362637362637	3.0
