ID	Num. utterances	Num. tokens	Expression Lexicon Size (ELS)	Expression Variety (EV)	Expression Repetition (ER)	Voc. Overlap	ENTR	L	LMAX
dialogue_txt	15.0	108.0	11.0	0.10185185185185185	0.24074074074074073	0.23214285714285715	0.3033748360864139	1.054054054054054	2.0
