ID	Num. utterances	Num. tokens	Expression Lexicon Size (ELS)	Expression Variety (EV)	Expression Repetition (ER)	Voc. Overlap	ENTR	L	LMAX
dialogue_txt	15.0	276.0	44.0	0.15942028985507245	0.31521739130434784	0.3282442748091603	0.7499130933047641	1.1929824561403508	3.0
