ID	S1	S2	S1/Initiated Expression (IE_S1)	S1/Expression Repetition (ER_S1)	S1/tokens (%)	S2/Initiated Expression (IE_S2)	S2/Expression Repetition (ER_S2)	S2/tokens (%)	Voc. Overlap S1	Voc. Overlap S2	SR/S1/ELS	SR/S1/EV	SR/S1/ER	SR/S1/ENTR	SR/S1/L	SR/S1/LMAX	SR/S2/ELS	SR/S2/EV	SR/S2/ER	SR/S2/ENTR	SR/S2/L	SR/S2/LMAX
dialogue_txt	Human 1	Human 2	0.8235294117647058	0.15873015873015872	0.5431034482758621	0.17647058823529413	0.5786163522012578	0.45689655172413796	0.411214953271028	0.5365853658536586	28.0	0.14213197969543148	0.4517766497461929	1.0540157730728	1.35	3.0	32.0	0.19047619047619047	0.5595238095238095	1.3184170259774697	1.546875	4.0
