ID	Num. utterances	Num. tokens	Expression Lexicon Size (ELS)	Expression Variety (EV)	Expression Repetition (ER)	Voc. Overlap	ENTR	L	LMAX
dialogue_txt	16.0	272.0	43.0	0.15808823529411764	0.3492647058823529	0.4017094017094017	1.2010348051190776	1.4615384615384615	7.0
