ID	S1	S2	S1/Initiated Expression (IE_S1)	S1/Expression Repetition (ER_S1)	S1/tokens (%)	S2/Initiated Expression (IE_S2)	S2/Expression Repetition (ER_S2)	S2/tokens (%)	Voc. Overlap S1	Voc. Overlap S2	SR/S1/ELS	SR/S1/EV	SR/S1/ER	SR/S1/ENTR	SR/S1/L	SR/S1/LMAX	SR/S2/ELS	SR/S2/EV	SR/S2/ER	SR/S2/ENTR	SR/S2/L	SR/S2/LMAX
dialogue_txt	Human 1	Human 2	0.6666666666666666	0.1320754716981132	0.2676767676767677	0.3333333333333333	0.20689655172413793	0.7323232323232324	0.5897435897435898	0.27710843373493976	5.0	0.08064516129032258	0.16129032258064516	-0.0	1.0	1.0	26.0	0.16883116883116883	0.5909090909090909	1.3244865434209725	1.6851851851851851	7.0
