ID	Num. utterances	Num. tokens	Expression Lexicon Size (ELS)	Expression Variety (EV)	Expression Repetition (ER)	Voc. Overlap	ENTR	L	LMAX
dialogue_txt	19.0	435.0	57.0	0.1310344827586207	0.2942528735632184	0.29207920792079206	0.9073874755062266	1.2699386503067485	5.0
