ID	S1	S2	S1/Initiated Expression (IE_S1)	S1/Expression Repetition (ER_S1)	S1/tokens (%)	S2/Initiated Expression (IE_S2)	S2/Expression Repetition (ER_S2)	S2/tokens (%)	Voc. Overlap S1	Voc. Overlap S2	SR/S1/ELS	SR/S1/EV	SR/S1/ER	SR/S1/ENTR	SR/S1/L	SR/S1/LMAX	SR/S2/ELS	SR/S2/EV	SR/S2/ER	SR/S2/ENTR	SR/S2/L	SR/S2/LMAX
dialogue_txt	Human 1	Human 2	0.88	0.08196721311475409	0.3696969696969697	0.12	0.5384615384615384	0.6303030303030303	0.6595744680851063	0.5254237288135594	8.0	0.11594202898550725	0.2463768115942029	-0.0	1.0	1.0	19.0	0.16964285714285715	0.5089285714285714	1.3355055565170972	1.5	4.0
