ID	Num. utterances	Num. tokens	Expression Lexicon Size (ELS)	Expression Variety (EV)	Expression Repetition (ER)	Voc. Overlap	ENTR	L	LMAX
dialogue_txt	16.0	273.0	28.0	0.10256410256410256	0.2564102564102564	0.22962962962962963	0.5657094525987453	1.127659574468085	3.0
