ID	S1	S2	S1/Initiated Expression (IE_S1)	S1/Expression Repetition (ER_S1)	S1/tokens (%)	S2/Initiated Expression (IE_S2)	S2/Expression Repetition (ER_S2)	S2/tokens (%)	Voc. Overlap S1	Voc. Overlap S2	SR/S1/ELS	SR/S1/EV	SR/S1/ER	SR/S1/ENTR	SR/S1/L	SR/S1/LMAX	SR/S2/ELS	SR/S2/EV	SR/S2/ER	SR/S2/ENTR	SR/S2/L	SR/S2/LMAX
dialogue_txt	Human 1	Human 2	0.7735849056603774	0.1830065359477124	0.46788990825688076	0.22641509433962265	0.4425287356321839	0.5321100917431193	0.5188679245283019	0.4954954954954955	19.0	0.11801242236024845	0.3105590062111801	0.5907239186406503	1.1578947368421053	3.0	22.0	0.12087912087912088	0.41208791208791207	0.7607859931846074	1.2203389830508475	2.0
