ID	Num. utterances	Num. tokens	Expression Lexicon Size (ELS)	Expression Variety (EV)	Expression Repetition (ER)	Voc. Overlap	ENTR	L	LMAX
dialogue_txt	5.0	65.0	9.0	0.13846153846153847	0.18461538461538463	0.20833333333333334	0.5032583347756457	1.1111111111111112	2.0
