ID	Num. utterances	Num. tokens	Expression Lexicon Size (ELS)	Expression Variety (EV)	Expression Repetition (ER)	Voc. Overlap	ENTR	L	LMAX
dialogue_txt	19.0	255.0	40.0	0.1568627450980392	0.35294117647058826	0.32142857142857145	1.241154085716075	1.4270833333333333	4.0
