ID	Num. utterances	Num. tokens	Expression Lexicon Size (ELS)	Expression Variety (EV)	Expression Repetition (ER)	Voc. Overlap	ENTR	L	LMAX
dialogue_txt	14.0	166.0	32.0	0.1927710843373494	0.3313253012048193	0.40476190476190477	0.7230045062349297	1.3194444444444444	6.0
