ID	Num. utterances	Num. tokens	Expression Lexicon Size (ELS)	Expression Variety (EV)	Expression Repetition (ER)	Voc. Overlap	ENTR	L	LMAX
dialogue_txt	16.0	306.0	42.0	0.13725490196078433	0.2908496732026144	0.2789115646258503	0.6318640827062832	1.1475409836065573	3.0
