ID	S1	S2	S1/Initiated Expression (IE_S1)	S1/Expression Repetition (ER_S1)	S1/tokens (%)	S2/Initiated Expression (IE_S2)	S2/Expression Repetition (ER_S2)	S2/tokens (%)	Voc. Overlap S1	Voc. Overlap S2	SR/S1/ELS	SR/S1/EV	SR/S1/ER	SR/S1/ENTR	SR/S1/L	SR/S1/LMAX	SR/S2/ELS	SR/S2/EV	SR/S2/ER	SR/S2/ENTR	SR/S2/L	SR/S2/LMAX
dialogue_txt	Human 1	Human 2	0.8461538461538461	0.1518987341772152	0.6370967741935484	0.15384615384615385	0.6111111111111112	0.3629032258064516	0.40217391304347827	0.7254901960784313	22.0	0.13253012048192772	0.4397590361445783	1.0783220795483648	1.44	5.0	17.0	0.1717171717171717	0.48484848484848486	0.8212809417449864	1.2564102564102564	2.0
