ID	S1	S2	S1/Initiated Expression (IE_S1)	S1/Expression Repetition (ER_S1)	S1/tokens (%)	S2/Initiated Expression (IE_S2)	S2/Expression Repetition (ER_S2)	S2/tokens (%)	Voc. Overlap S1	Voc. Overlap S2	SR/S1/ELS	SR/S1/EV	SR/S1/ER	SR/S1/ENTR	SR/S1/L	SR/S1/LMAX	SR/S2/ELS	SR/S2/EV	SR/S2/ER	SR/S2/ENTR	SR/S2/L	SR/S2/LMAX
dialogue_txt	Human 1	Human 2	0.6428571428571429	0.22857142857142856	0.4166666666666667	0.35714285714285715	0.42857142857142855	0.5833333333333334	0.5443037974683544	0.5119047619047619	8.0	0.07142857142857142	0.17857142857142858	-0.0	1.0	1.0	25.0	0.16339869281045752	0.5032679738562091	1.0349868083818947	1.3333333333333333	3.0
