ID	Num. utterances	Num. tokens	Expression Lexicon Size (ELS)	Expression Variety (EV)	Expression Repetition (ER)	Voc. Overlap	ENTR	L	LMAX
dialogue_txt	13.0	252.0	42.0	0.16666666666666666	0.34523809523809523	0.35833333333333334	0.9128988312487389	1.2727272727272727	3.0
