ID	Num. utterances	Num. tokens	Expression Lexicon Size (ELS)	Expression Variety (EV)	Expression Repetition (ER)	Voc. Overlap	ENTR	L	LMAX
dialogue_txt	14.0	260.0	46.0	0.17692307692307693	0.3192307692307692	0.32061068702290074	0.9325143671765037	1.2710280373831775	3.0
