ID	Num. utterances	Num. tokens	Expression Lexicon Size (ELS)	Expression Variety (EV)	Expression Repetition (ER)	Voc. Overlap	ENTR	L	LMAX
dialogue_txt	16.0	283.0	45.0	0.15901060070671377	0.31448763250883394	0.32592592592592595	1.2325164070382957	1.4215686274509804	4.0
