ID	Num. utterances	Num. tokens	Expression Lexicon Size (ELS)	Expression Variety (EV)	Expression Repetition (ER)	Voc. Overlap	ENTR	L	LMAX
dialogue_txt	16.0	302.0	41.0	0.1357615894039735	0.31788079470198677	0.3181818181818182	0.7835316995209493	1.204724409448819	3.0
