ID	S1	S2	S1/Initiated Expression (IE_S1)	S1/Expression Repetition (ER_S1)	S1/tokens (%)	S2/Initiated Expression (IE_S2)	S2/Expression Repetition (ER_S2)	S2/tokens (%)	Voc. Overlap S1	Voc. Overlap S2	SR/S1/ELS	SR/S1/EV	SR/S1/ER	SR/S1/ENTR	SR/S1/L	SR/S1/LMAX	SR/S2/ELS	SR/S2/EV	SR/S2/ER	SR/S2/ENTR	SR/S2/L	SR/S2/LMAX
dialogue_txt	Human 1	Human 2	0.7714285714285715	0.15730337078651685	0.5460122699386503	0.22857142857142856	0.4189189189189189	0.4539877300613497	0.4387755102040816	0.42574257425742573	21.0	0.11290322580645161	0.3655913978494624	0.7732266742876344	1.2272727272727273	2.0	14.0	0.08974358974358974	0.27564102564102566	0.5328350630342233	1.121212121212121	2.0
