ID	Num. utterances	Num. tokens	Expression Lexicon Size (ELS)	Expression Variety (EV)	Expression Repetition (ER)	Voc. Overlap	ENTR	L	LMAX
dialogue_txt	16.0	259.0	52.0	0.20077220077220076	0.4092664092664093	0.48148148148148145	1.0090482225594086	1.3225806451612903	5.0
