ID	S1	S2	S1/Initiated Expression (IE_S1)	S1/Expression Repetition (ER_S1)	S1/tokens (%)	S2/Initiated Expression (IE_S2)	S2/Expression Repetition (ER_S2)	S2/tokens (%)	Voc. Overlap S1	Voc. Overlap S2	SR/S1/ELS	SR/S1/EV	SR/S1/ER	SR/S1/ENTR	SR/S1/L	SR/S1/LMAX	SR/S2/ELS	SR/S2/EV	SR/S2/ER	SR/S2/ENTR	SR/S2/L	SR/S2/LMAX
dialogue_txt	Human 1	Human 2	1.0	0.0	0.5517241379310345	0.0	0.6923076923076923	0.4482758620689655	0.5423728813559322	0.7619047619047619	6.0	0.06896551724137931	0.1724137931034483	-0.0	1.0	1.0	11.0	0.1506849315068493	0.3972602739726027	0.8280557253795038	1.2608695652173914	2.0
