ID	S1	S2	S1/Initiated Expression (IE_S1)	S1/Expression Repetition (ER_S1)	S1/tokens (%)	S2/Initiated Expression (IE_S2)	S2/Expression Repetition (ER_S2)	S2/tokens (%)	Voc. Overlap S1	Voc. Overlap S2	SR/S1/ELS	SR/S1/EV	SR/S1/ER	SR/S1/ENTR	SR/S1/L	SR/S1/LMAX	SR/S2/ELS	SR/S2/EV	SR/S2/ER	SR/S2/ENTR	SR/S2/L	SR/S2/LMAX
dialogue_txt	Human 1	Human 2	0.8181818181818182	0.18018018018018017	0.42045454545454547	0.18181818181818182	0.45098039215686275	0.5795454545454546	0.6266666666666667	0.49473684210526314	15.0	0.1271186440677966	0.3644067796610169	1.014097655573916	1.3125	3.0	26.0	0.16149068322981366	0.4472049689440994	0.7773898393997909	1.2777777777777777	5.0
