ID	Num. utterances	Num. tokens	Expression Lexicon Size (ELS)	Expression Variety (EV)	Expression Repetition (ER)	Voc. Overlap	ENTR	L	LMAX
dialogue_txt	15.0	264.0	44.0	0.16666666666666666	0.3371212121212121	0.3821138211382114	0.9996118056545249	1.3055555555555556	4.0
