ID	S1	S2	S1/Initiated Expression (IE_S1)	S1/Expression Repetition (ER_S1)	S1/tokens (%)	S2/Initiated Expression (IE_S2)	S2/Expression Repetition (ER_S2)	S2/tokens (%)	Voc. Overlap S1	Voc. Overlap S2	SR/S1/ELS	SR/S1/EV	SR/S1/ER	SR/S1/ENTR	SR/S1/L	SR/S1/LMAX	SR/S2/ELS	SR/S2/EV	SR/S2/ER	SR/S2/ENTR	SR/S2/L	SR/S2/LMAX
dialogue_txt	Human 1	Human 2	0.9142857142857143	0.11538461538461539	0.49242424242424243	0.08571428571428572	0.417910447761194	0.5075757575757576	0.43478260869565216	0.5063291139240507	13.0	0.0948905109489051	0.24087591240875914	0.3809465857053901	1.0740740740740742	2.0	18.0	0.1276595744680851	0.425531914893617	0.66493326750643	1.475	9.0
