ID	S1	S2	S1/Initiated Expression (IE_S1)	S1/Expression Repetition (ER_S1)	S1/tokens (%)	S2/Initiated Expression (IE_S2)	S2/Expression Repetition (ER_S2)	S2/tokens (%)	Voc. Overlap S1	Voc. Overlap S2	SR/S1/ELS	SR/S1/EV	SR/S1/ER	SR/S1/ENTR	SR/S1/L	SR/S1/LMAX	SR/S2/ELS	SR/S2/EV	SR/S2/ER	SR/S2/ENTR	SR/S2/L	SR/S2/LMAX
dialogue_txt	Human 1	Human 2	0.5789473684210527	0.1590909090909091	0.41509433962264153	0.42105263157894735	0.23387096774193547	0.5849056603773585	0.359375	0.3150684931506849	12.0	0.12631578947368421	0.29473684210526313	0.4021791902022728	1.08	2.0	16.0	0.12121212121212122	0.48484848484848486	1.1591991899139567	1.878787878787879	7.0
