ID	Num. utterances	Num. tokens	Expression Lexicon Size (ELS)	Expression Variety (EV)	Expression Repetition (ER)	Voc. Overlap	ENTR	L	LMAX
dialogue_txt	16.0	307.0	33.0	0.10749185667752444	0.28013029315960913	0.23484848484848486	0.9625875582286455	1.2871287128712872	3.0
