ID	S1	S2	S1/Initiated Expression (IE_S1)	S1/Expression Repetition (ER_S1)	S1/tokens (%)	S2/Initiated Expression (IE_S2)	S2/Expression Repetition (ER_S2)	S2/tokens (%)	Voc. Overlap S1	Voc. Overlap S2	SR/S1/ELS	SR/S1/EV	SR/S1/ER	SR/S1/ENTR	SR/S1/L	SR/S1/LMAX	SR/S2/ELS	SR/S2/EV	SR/S2/ER	SR/S2/ENTR	SR/S2/L	SR/S2/LMAX
dialogue_txt	Human 1	Human 2	0.7333333333333333	0.16842105263157894	0.35984848484848486	0.26666666666666666	0.3609467455621302	0.6401515151515151	0.49230769230769234	0.3950617283950617	10.0	0.0970873786407767	0.27184466019417475	0.4021791902022728	1.08	2.0	29.0	0.1638418079096045	0.5706214689265536	1.5078095067963444	1.639344262295082	5.0
