ID	Num. utterances	Num. tokens	Expression Lexicon Size (ELS)	Expression Variety (EV)	Expression Repetition (ER)	Voc. Overlap	ENTR	L	LMAX
dialogue_txt	16.0	264.0	30.0	0.11363636363636363	0.2916666666666667	0.2807017543859649	0.7393001317135056	1.202247191011236	4.0
