ID	Num. utterances	Num. tokens	Expression Lexicon Size (ELS)	Expression Variety (EV)	Expression Repetition (ER)	Voc. Overlap	ENTR	L	LMAX
dialogue_txt	18.0	153.0	28.0	0.1830065359477124	0.39215686274509803	0.417910447761194	0.7085946045304855	1.2297297297297298	5.0
