ID	S1	S2	S1/Initiated Expression (IE_S1)	S1/Expression Repetition (ER_S1)	S1/tokens (%)	S2/Initiated Expression (IE_S2)	S2/Expression Repetition (ER_S2)	S2/tokens (%)	Voc. Overlap S1	Voc. Overlap S2	SR/S1/ELS	SR/S1/EV	SR/S1/ER	SR/S1/ENTR	SR/S1/L	SR/S1/LMAX	SR/S2/ELS	SR/S2/EV	SR/S2/ER	SR/S2/ENTR	SR/S2/L	SR/S2/LMAX
dialogue_txt	Human 1	Human 2	0.9259259259259259	0.08333333333333333	0.38461538461538464	0.07407407407407407	0.65625	0.6153846153846154	0.6086956521739131	0.6086956521739131	5.0	0.07246376811594203	0.17391304347826086	0.7219280948873623	1.2	2.0	21.0	0.2	0.6571428571428571	1.572351663308588	1.7142857142857142	4.0
