ID	Num. utterances	Num. tokens	Expression Lexicon Size (ELS)	Expression Variety (EV)	Expression Repetition (ER)	Voc. Overlap	ENTR	L	LMAX
dialogue_txt	15.0	264.0	29.0	0.10984848484848485	0.2803030303030303	0.22388059701492538	0.7174865502806329	1.1785714285714286	3.0
