ID	S1	S2	S1/Initiated Expression (IE_S1)	S1/Expression Repetition (ER_S1)	S1/tokens (%)	S2/Initiated Expression (IE_S2)	S2/Expression Repetition (ER_S2)	S2/tokens (%)	Voc. Overlap S1	Voc. Overlap S2	SR/S1/ELS	SR/S1/EV	SR/S1/ER	SR/S1/ENTR	SR/S1/L	SR/S1/LMAX	SR/S2/ELS	SR/S2/EV	SR/S2/ER	SR/S2/ENTR	SR/S2/L	SR/S2/LMAX
dialogue_txt	Human 1	Human 2	0.918918918918919	0.08461538461538462	0.47101449275362317	0.08108108108108109	0.4452054794520548	0.5289855072463768	0.44565217391304346	0.4939759036144578	13.0	0.0948905109489051	0.24087591240875914	0.3809465857053901	1.0740740740740742	2.0	22.0	0.1437908496732026	0.5490196078431373	1.5313308818235423	1.68	5.0
