ID	Num. utterances	Num. tokens	Expression Lexicon Size (ELS)	Expression Variety (EV)	Expression Repetition (ER)	Voc. Overlap	ENTR	L	LMAX
dialogue_txt	17.0	339.0	52.0	0.15339233038348082	0.3775811209439528	0.3237410071942446	1.5742539609509447	1.71900826446281	6.0
