ID	S1	S2	S1/Initiated Expression (IE_S1)	S1/Expression Repetition (ER_S1)	S1/tokens (%)	S2/Initiated Expression (IE_S2)	S2/Expression Repetition (ER_S2)	S2/tokens (%)	Voc. Overlap S1	Voc. Overlap S2	SR/S1/ELS	SR/S1/EV	SR/S1/ER	SR/S1/ENTR	SR/S1/L	SR/S1/LMAX	SR/S2/ELS	SR/S2/EV	SR/S2/ER	SR/S2/ENTR	SR/S2/L	SR/S2/LMAX
dialogue_txt	Human 1	Human 2	0.7692307692307693	0.2275132275132275	0.5575221238938053	0.23076923076923078	0.5666666666666667	0.4424778761061947	0.4205607476635514	0.5844155844155844	28.0	0.14213197969543148	0.4517766497461929	1.0540157730728	1.35	3.0	27.0	0.16981132075471697	0.6352201257861635	1.5062928195419478	2.0408163265306123	10.0
