ID	Num. utterances	Num. tokens	Expression Lexicon Size (ELS)	Expression Variety (EV)	Expression Repetition (ER)	Voc. Overlap	ENTR	L	LMAX
dialogue_txt	16.0	262.0	40.0	0.15267175572519084	0.4122137404580153	0.3577981651376147	1.0755128972356498	1.3783783783783783	6.0
