ID	S1	S2	S1/Initiated Expression (IE_S1)	S1/Expression Repetition (ER_S1)	S1/tokens (%)	S2/Initiated Expression (IE_S2)	S2/Expression Repetition (ER_S2)	S2/tokens (%)	Voc. Overlap S1	Voc. Overlap S2	SR/S1/ELS	SR/S1/EV	SR/S1/ER	SR/S1/ENTR	SR/S1/L	SR/S1/LMAX	SR/S2/ELS	SR/S2/EV	SR/S2/ER	SR/S2/ENTR	SR/S2/L	SR/S2/LMAX
dialogue_txt	Human 1	Human 2	0.75	0.18248175182481752	0.5229007633587787	0.25	0.664	0.4770992366412214	0.4431818181818182	0.65	14.0	0.09655172413793103	0.296551724137931	0.8503259045049341	1.3214285714285714	4.0	30.0	0.22556390977443608	0.6466165413533834	1.3731888981717406	1.5535714285714286	5.0
