ID	Num. utterances	Num. tokens	Expression Lexicon Size (ELS)	Expression Variety (EV)	Expression Repetition (ER)	Voc. Overlap	ENTR	L	LMAX
dialogue_txt	16.0	291.0	26.0	0.08934707903780069	0.24054982817869416	0.19858156028368795	0.6671506742841796	1.1724137931034482	3.0
