ID	Num. utterances	Num. tokens	Expression Lexicon Size (ELS)	Expression Variety (EV)	Expression Repetition (ER)	Voc. Overlap	ENTR	L	LMAX
dialogue_txt	14.0	242.0	26.0	0.10743801652892562	0.28512396694214875	0.23255813953488372	0.7345299214394703	1.2142857142857142	3.0
