ID	Num. utterances	Num. tokens	Expression Lexicon Size (ELS)	Expression Variety (EV)	Expression Repetition (ER)	Voc. Overlap	ENTR	L	LMAX
dialogue_txt	18.0	195.0	21.0	0.1076923076923077	0.2512820512820513	0.2604166666666667	1.0331737299469321	1.3225806451612903	3.0
