ID	Num. utterances	Num. tokens	Expression Lexicon Size (ELS)	Expression Variety (EV)	Expression Repetition (ER)	Voc. Overlap	ENTR	L	LMAX
dialogue_txt	16.0	235.0	38.0	0.16170212765957448	0.3574468085106383	0.40594059405940597	1.4064785683999788	1.5862068965517242	7.0
