ID	Num. utterances	Num. tokens	Expression Lexicon Size (ELS)	Expression Variety (EV)	Expression Repetition (ER)	Voc. Overlap	ENTR	L	LMAX
dialogue_txt	16.0	303.0	38.0	0.1254125412541254	0.27722772277227725	0.2597402597402597	0.49213954661766224	1.1074380165289257	2.0
