ID	Num. utterances	Num. tokens	Expression Lexicon Size (ELS)	Expression Variety (EV)	Expression Repetition (ER)	Voc. Overlap	ENTR	L	LMAX
dialogue_txt	15.0	255.0	32.0	0.12549019607843137	0.2980392156862745	0.3050847457627119	1.2858641713260834	1.6329113924050633	11.0
