ID	S1	S2	S1/Initiated Expression (IE_S1)	S1/Expression Repetition (ER_S1)	S1/tokens (%)	S2/Initiated Expression (IE_S2)	S2/Expression Repetition (ER_S2)	S2/tokens (%)	Voc. Overlap S1	Voc. Overlap S2	SR/S1/ELS	SR/S1/EV	SR/S1/ER	SR/S1/ENTR	SR/S1/L	SR/S1/LMAX	SR/S2/ELS	SR/S2/EV	SR/S2/ER	SR/S2/ENTR	SR/S2/L	SR/S2/LMAX
dialogue_txt	Human 1	Human 2	0.8823529411764706	0.12962962962962962	0.4576271186440678	0.11764705882352941	0.328125	0.5423728813559322	0.5365853658536586	0.43137254901960786	4.0	0.06896551724137931	0.1724137931034483	-0.0	1.0	1.0	6.0	0.08823529411764706	0.20588235294117646	0.6500224216483541	1.1666666666666667	2.0
