ID	Num. utterances	Num. tokens	Expression Lexicon Size (ELS)	Expression Variety (EV)	Expression Repetition (ER)	Voc. Overlap	ENTR	L	LMAX
dialogue_txt	8.0	118.0	17.0	0.1440677966101695	0.23728813559322035	0.3142857142857143	0.2761954276479391	1.0952380952380953	3.0
