ID	Num. utterances	Num. tokens	Expression Lexicon Size (ELS)	Expression Variety (EV)	Expression Repetition (ER)	Voc. Overlap	ENTR	L	LMAX
dialogue_txt	16.0	333.0	34.0	0.1021021021021021	0.2552552552552553	0.22784810126582278	0.6916156263408717	1.1801801801801801	4.0
