ID	S1	S2	S1/Initiated Expression (IE_S1)	S1/Expression Repetition (ER_S1)	S1/tokens (%)	S2/Initiated Expression (IE_S2)	S2/Expression Repetition (ER_S2)	S2/tokens (%)	Voc. Overlap S1	Voc. Overlap S2	SR/S1/ELS	SR/S1/EV	SR/S1/ER	SR/S1/ENTR	SR/S1/L	SR/S1/LMAX	SR/S2/ELS	SR/S2/EV	SR/S2/ER	SR/S2/ENTR	SR/S2/L	SR/S2/LMAX
dialogue_txt	Human 1	Human 2	0.5882352941176471	0.21301775147928995	0.5075075075075075	0.4117647058823529	0.29878048780487804	0.4924924924924925	0.36363636363636365	0.37894736842105264	26.0	0.14689265536723164	0.4067796610169492	0.83294582353614	1.2641509433962264	2.0	25.0	0.14534883720930233	0.5174418604651163	1.2361862832554125	1.9565217391304348	14.0
