ID	Num. utterances	Num. tokens	Expression Lexicon Size (ELS)	Expression Variety (EV)	Expression Repetition (ER)	Voc. Overlap	ENTR	L	LMAX
dialogue_txt	15.0	259.0	39.0	0.15057915057915058	0.3745173745173745	0.35514018691588783	1.085834264350822	1.3669724770642202	4.0
