ID	Num. utterances	Num. tokens	Expression Lexicon Size (ELS)	Expression Variety (EV)	Expression Repetition (ER)	Voc. Overlap	ENTR	L	LMAX
dialogue_txt	16.0	246.0	43.0	0.17479674796747968	0.32926829268292684	0.3739130434782609	0.9902125317300787	1.3137254901960784	4.0
