ID	Num. utterances	Num. tokens	Expression Lexicon Size (ELS)	Expression Variety (EV)	Expression Repetition (ER)	Voc. Overlap	ENTR	L	LMAX
dialogue_txt	17.0	321.0	38.0	0.11838006230529595	0.27414330218068533	0.23295454545454544	0.31885541852100957	1.0578512396694215	2.0
