ID	Num. utterances	Num. tokens	Expression Lexicon Size (ELS)	Expression Variety (EV)	Expression Repetition (ER)	Voc. Overlap	ENTR	L	LMAX
dialogue_txt	15.0	297.0	44.0	0.14814814814814814	0.2962962962962963	0.28378378378378377	0.804691464948089	1.2333333333333334	4.0
