ID	S1	S2	S1/Initiated Expression (IE_S1)	S1/Expression Repetition (ER_S1)	S1/tokens (%)	S2/Initiated Expression (IE_S2)	S2/Expression Repetition (ER_S2)	S2/tokens (%)	Voc. Overlap S1	Voc. Overlap S2	SR/S1/ELS	SR/S1/EV	SR/S1/ER	SR/S1/ENTR	SR/S1/L	SR/S1/LMAX	SR/S2/ELS	SR/S2/EV	SR/S2/ER	SR/S2/ENTR	SR/S2/L	SR/S2/LMAX
dialogue_txt	Human 1	Human 2	0.7727272727272727	0.1568627450980392	0.5151515151515151	0.22727272727272727	0.4444444444444444	0.48484848484848486	0.4	0.49411764705882355	17.0	0.10625	0.33125	0.7742433029172697	1.263157894736842	4.0	22.0	0.14473684210526316	0.5197368421052632	1.2134236515967676	1.6888888888888889	9.0
