ID	Num. utterances	Num. tokens	Expression Lexicon Size (ELS)	Expression Variety (EV)	Expression Repetition (ER)	Voc. Overlap	ENTR	L	LMAX
dialogue_txt	19.0	450.0	66.0	0.14666666666666667	0.3622222222222222	0.3286384976525822	0.8393951351334727	1.263157894736842	6.0
