ID	Num. utterances	Num. tokens	Expression Lexicon Size (ELS)	Expression Variety (EV)	Expression Repetition (ER)	Voc. Overlap	ENTR	L	LMAX
dialogue_txt	16.0	358.0	56.0	0.1564245810055866	0.3770949720670391	0.38686131386861317	1.251911636181565	1.4538461538461538	5.0
