ID	Num. utterances	Num. tokens	Expression Lexicon Size (ELS)	Expression Variety (EV)	Expression Repetition (ER)	Voc. Overlap	ENTR	L	LMAX
dialogue_txt	18.0	367.0	49.0	0.1335149863760218	0.3242506811989101	0.2787878787878788	0.8657403360915779	1.2394366197183098	3.0
