ID	S1	S2	S1/Initiated Expression (IE_S1)	S1/Expression Repetition (ER_S1)	S1/tokens (%)	S2/Initiated Expression (IE_S2)	S2/Expression Repetition (ER_S2)	S2/tokens (%)	Voc. Overlap S1	Voc. Overlap S2	SR/S1/ELS	SR/S1/EV	SR/S1/ER	SR/S1/ENTR	SR/S1/L	SR/S1/LMAX	SR/S2/ELS	SR/S2/EV	SR/S2/ER	SR/S2/ENTR	SR/S2/L	SR/S2/LMAX
dialogue_txt	Human 1	Human 2	0.7636363636363637	0.21011673151750973	0.5515021459227468	0.23636363636363636	0.44976076555023925	0.44849785407725323	0.36645962732919257	0.5086206896551724	32.0	0.12030075187969924	0.38345864661654133	0.6900836911817917	1.1686746987951808	3.0	39.0	0.1780821917808219	0.547945205479452	0.7970199928555646	1.3010752688172043	5.0
