ID	Num. utterances	Num. tokens	Expression Lexicon Size (ELS)	Expression Variety (EV)	Expression Repetition (ER)	Voc. Overlap	ENTR	L	LMAX
dialogue_txt	18.0	257.0	46.0	0.17898832684824903	0.40077821011673154	0.3888888888888889	1.2324130673219444	1.4245283018867925	4.0
