ID	S1	S2	S1/Initiated Expression (IE_S1)	S1/Expression Repetition (ER_S1)	S1/tokens (%)	S2/Initiated Expression (IE_S2)	S2/Expression Repetition (ER_S2)	S2/tokens (%)	Voc. Overlap S1	Voc. Overlap S2	SR/S1/ELS	SR/S1/EV	SR/S1/ER	SR/S1/ENTR	SR/S1/L	SR/S1/LMAX	SR/S2/ELS	SR/S2/EV	SR/S2/ER	SR/S2/ENTR	SR/S2/L	SR/S2/LMAX
dialogue_txt	Human 1	Human 2	0.6585365853658537	0.2127659574468085	0.5497076023391813	0.34146341463414637	0.33766233766233766	0.4502923976608187	0.38461538461538464	0.37735849056603776	22.0	0.1116751269035533	0.40609137055837563	0.9106559588025549	1.26	3.0	14.0	0.08588957055214724	0.26380368098159507	0.3033748360864139	1.054054054054054	2.0
