ID	Num. utterances	Num. tokens	Expression Lexicon Size (ELS)	Expression Variety (EV)	Expression Repetition (ER)	Voc. Overlap	ENTR	L	LMAX
dialogue_txt	16.0	329.0	55.0	0.16717325227963525	0.40425531914893614	0.3448275862068966	0.8442891262134036	1.2451612903225806	5.0
