ID	Num. utterances	Num. tokens	Expression Lexicon Size (ELS)	Expression Variety (EV)	Expression Repetition (ER)	Voc. Overlap	ENTR	L	LMAX
dialogue_txt	14.0	282.0	42.0	0.14893617021276595	0.3404255319148936	0.3053435114503817	0.7167567465926292	1.1788617886178863	3.0
