ID	Num. utterances	Num. tokens	Expression Lexicon Size (ELS)	Expression Variety (EV)	Expression Repetition (ER)	Voc. Overlap	ENTR	L	LMAX
dialogue_txt	15.0	248.0	26.0	0.10483870967741936	0.25806451612903225	0.22137404580152673	0.7372413771710562	1.2077922077922079	2.0
