ID	Num. utterances	Num. tokens	Expression Lexicon Size (ELS)	Expression Variety (EV)	Expression Repetition (ER)	Voc. Overlap	ENTR	L	LMAX
dialogue_txt	13.0	199.0	27.0	0.135678391959799	0.2613065326633166	0.3157894736842105	1.227857399175457	1.4576271186440677	4.0
