ID	S1	S2	S1/Initiated Expression (IE_S1)	S1/Expression Repetition (ER_S1)	S1/tokens (%)	S2/Initiated Expression (IE_S2)	S2/Expression Repetition (ER_S2)	S2/tokens (%)	Voc. Overlap S1	Voc. Overlap S2	SR/S1/ELS	SR/S1/EV	SR/S1/ER	SR/S1/ENTR	SR/S1/L	SR/S1/LMAX	SR/S2/ELS	SR/S2/EV	SR/S2/ER	SR/S2/ENTR	SR/S2/L	SR/S2/LMAX
dialogue_txt	Human 1	Human 2	0.5833333333333334	0.15151515151515152	0.29333333333333333	0.4166666666666667	0.3081761006289308	0.7066666666666667	0.49122807017543857	0.35443037974683544	3.0	0.0410958904109589	0.0821917808219178	-0.0	1.0	1.0	33.0	0.19879518072289157	0.6506024096385542	1.6223423480894636	1.8253968253968254	5.0
