ID	Num. utterances	Num. tokens	Expression Lexicon Size (ELS)	Expression Variety (EV)	Expression Repetition (ER)	Voc. Overlap	ENTR	L	LMAX
dialogue_txt	16.0	291.0	31.0	0.10652920962199312	0.26804123711340205	0.22535211267605634	0.4901757916273401	1.1067961165048543	2.0
