ID	Num. utterances	Num. tokens	Expression Lexicon Size (ELS)	Expression Variety (EV)	Expression Repetition (ER)	Voc. Overlap	ENTR	L	LMAX
dialogue_txt	14.0	221.0	28.0	0.12669683257918551	0.26244343891402716	0.2540983606557377	0.8842529958014984	1.318840579710145	5.0
