ID	Num. utterances	Num. tokens	Expression Lexicon Size (ELS)	Expression Variety (EV)	Expression Repetition (ER)	Voc. Overlap	ENTR	L	LMAX
dialogue_txt	14.0	226.0	26.0	0.11504424778761062	0.26991150442477874	0.2644628099173554	0.8186534640717636	1.3013698630136987	6.0
