ID	Num. utterances	Num. tokens	Expression Lexicon Size (ELS)	Expression Variety (EV)	Expression Repetition (ER)	Voc. Overlap	ENTR	L	LMAX
dialogue_txt	16.0	278.0	47.0	0.16906474820143885	0.381294964028777	0.4166666666666667	0.7965155254133998	1.213740458015267	3.0
