ID	Num. utterances	Num. tokens	Expression Lexicon Size (ELS)	Expression Variety (EV)	Expression Repetition (ER)	Voc. Overlap	ENTR	L	LMAX
dialogue_txt	15.0	191.0	34.0	0.17801047120418848	0.31413612565445026	0.36666666666666664	0.7544062039636577	1.216867469879518	2.0
