ID	S1	S2	S1/Initiated Expression (IE_S1)	S1/Expression Repetition (ER_S1)	S1/tokens (%)	S2/Initiated Expression (IE_S2)	S2/Expression Repetition (ER_S2)	S2/tokens (%)	Voc. Overlap S1	Voc. Overlap S2	SR/S1/ELS	SR/S1/EV	SR/S1/ER	SR/S1/ENTR	SR/S1/L	SR/S1/LMAX	SR/S2/ELS	SR/S2/EV	SR/S2/ER	SR/S2/ENTR	SR/S2/L	SR/S2/LMAX
dialogue_txt	Human 1	Human 2	0.8823529411764706	0.1623931623931624	0.45	0.11764705882352941	0.5944055944055944	0.55	0.6521739130434783	0.5844155844155844	19.0	0.15079365079365079	0.4126984126984127	1.242370874393215	1.457142857142857	3.0	31.0	0.20394736842105263	0.5921052631578947	1.450428589411563	1.603448275862069	5.0
