ID	Num. utterances	Num. tokens	Expression Lexicon Size (ELS)	Expression Variety (EV)	Expression Repetition (ER)	Voc. Overlap	ENTR	L	LMAX
dialogue_txt	14.0	285.0	17.0	0.05964912280701754	0.1824561403508772	0.14925373134328357	0.3262588146294927	1.0597014925373134	2.0
