ID	S1	S2	S1/Initiated Expression (IE_S1)	S1/Expression Repetition (ER_S1)	S1/tokens (%)	S2/Initiated Expression (IE_S2)	S2/Expression Repetition (ER_S2)	S2/tokens (%)	Voc. Overlap S1	Voc. Overlap S2	SR/S1/ELS	SR/S1/EV	SR/S1/ER	SR/S1/ENTR	SR/S1/L	SR/S1/LMAX	SR/S2/ELS	SR/S2/EV	SR/S2/ER	SR/S2/ENTR	SR/S2/L	SR/S2/LMAX
dialogue_txt	Human 1	Human 2	0.7272727272727273	0.205607476635514	0.4385245901639344	0.2727272727272727	0.5912408759124088	0.5614754098360656	0.6790123456790124	0.7051282051282052	13.0	0.1111111111111111	0.27350427350427353	0.362051251733998	1.0689655172413792	2.0	26.0	0.17567567567567569	0.527027027027027	1.0247926257753428	1.3220338983050848	4.0
