ID	S1	S2	S1/Initiated Expression (IE_S1)	S1/Expression Repetition (ER_S1)	S1/tokens (%)	S2/Initiated Expression (IE_S2)	S2/Expression Repetition (ER_S2)	S2/tokens (%)	Voc. Overlap S1	Voc. Overlap S2	SR/S1/ELS	SR/S1/EV	SR/S1/ER	SR/S1/ENTR	SR/S1/L	SR/S1/LMAX	SR/S2/ELS	SR/S2/EV	SR/S2/ER	SR/S2/ENTR	SR/S2/L	SR/S2/LMAX
dialogue_txt	Human 1	Human 2	0.5925925925925926	0.15384615384615385	0.44607843137254904	0.4074074074074074	0.30973451327433627	0.553921568627451	0.4117647058823529	0.4	9.0	0.09183673469387756	0.23469387755102042	0.5032583347756457	1.1111111111111112	2.0	13.0	0.10833333333333334	0.4083333333333333	1.3978724128579043	1.6071428571428572	4.0
