ID	Num. utterances	Num. tokens	Expression Lexicon Size (ELS)	Expression Variety (EV)	Expression Repetition (ER)	Voc. Overlap	ENTR	L	LMAX
dialogue_txt	16.0	308.0	44.0	0.14285714285714285	0.3538961038961039	0.3384615384615385	0.8016610390451543	1.2313432835820894	4.0
