ID	S1	S2	S1/Initiated Expression (IE_S1)	S1/Expression Repetition (ER_S1)	S1/tokens (%)	S2/Initiated Expression (IE_S2)	S2/Expression Repetition (ER_S2)	S2/tokens (%)	Voc. Overlap S1	Voc. Overlap S2	SR/S1/ELS	SR/S1/EV	SR/S1/ER	SR/S1/ENTR	SR/S1/L	SR/S1/LMAX	SR/S2/ELS	SR/S2/EV	SR/S2/ER	SR/S2/ENTR	SR/S2/L	SR/S2/LMAX
dialogue_txt	Human 1	Human 2	0.8222222222222222	0.19680851063829788	0.5	0.17777777777777778	0.43617021276595747	0.5	0.4230769230769231	0.46808510638297873	22.0	0.1116751269035533	0.40609137055837563	0.9106559588025549	1.26	3.0	34.0	0.17258883248730963	0.5888324873096447	1.4066750746653474	1.6103896103896105	3.0
