ID	Num. utterances	Num. tokens	Expression Lexicon Size (ELS)	Expression Variety (EV)	Expression Repetition (ER)	Voc. Overlap	ENTR	L	LMAX
dialogue_txt	18.0	376.0	45.0	0.1196808510638298	0.31648936170212766	0.2857142857142857	0.72461887708477	1.1818181818181819	3.0
