ID	S1	S2	S1/Initiated Expression (IE_S1)	S1/Expression Repetition (ER_S1)	S1/tokens (%)	S2/Initiated Expression (IE_S2)	S2/Expression Repetition (ER_S2)	S2/tokens (%)	Voc. Overlap S1	Voc. Overlap S2	SR/S1/ELS	SR/S1/EV	SR/S1/ER	SR/S1/ENTR	SR/S1/L	SR/S1/LMAX	SR/S2/ELS	SR/S2/EV	SR/S2/ER	SR/S2/ENTR	SR/S2/L	SR/S2/LMAX
dialogue_txt	Human 1	Human 2	0.75	0.18803418803418803	0.3811074918566775	0.25	0.3263157894736842	0.6188925081433225	0.4927536231884058	0.34	19.0	0.15079365079365079	0.4126984126984127	1.242370874393215	1.457142857142857	3.0	36.0	0.18090452261306533	0.592964824120603	1.588451909098604	1.7794117647058822	7.0
