ID	Num. utterances	Num. tokens	Expression Lexicon Size (ELS)	Expression Variety (EV)	Expression Repetition (ER)	Voc. Overlap	ENTR	L	LMAX
dialogue_txt	18.0	273.0	33.0	0.12087912087912088	0.2673992673992674	0.26515151515151514	0.4425710648397979	1.0918367346938775	2.0
