ID	Num. utterances	Num. tokens	Expression Lexicon Size (ELS)	Expression Variety (EV)	Expression Repetition (ER)	Voc. Overlap	ENTR	L	LMAX
dialogue_txt	15.0	209.0	32.0	0.15311004784688995	0.3157894736842105	0.3394495412844037	0.9084599220303081	1.2705882352941176	4.0
