ID	S1	S2	S1/Initiated Expression (IE_S1)	S1/Expression Repetition (ER_S1)	S1/tokens (%)	S2/Initiated Expression (IE_S2)	S2/Expression Repetition (ER_S2)	S2/tokens (%)	Voc. Overlap S1	Voc. Overlap S2	SR/S1/ELS	SR/S1/EV	SR/S1/ER	SR/S1/ENTR	SR/S1/L	SR/S1/LMAX	SR/S2/ELS	SR/S2/EV	SR/S2/ER	SR/S2/ENTR	SR/S2/L	SR/S2/LMAX
dialogue_txt	Human 1	Human 2	0.8125	0.08	0.4784688995215311	0.1875	0.5321100917431193	0.5215311004784688	0.47435897435897434	0.5441176470588235	11.0	0.102803738317757	0.21495327102803738	-0.0	1.0	1.0	20.0	0.17094017094017094	0.47863247863247865	0.5050274803544414	1.127659574468085	3.0
