ID	S1	S2	S1/Initiated Expression (IE_S1)	S1/Expression Repetition (ER_S1)	S1/tokens (%)	S2/Initiated Expression (IE_S2)	S2/Expression Repetition (ER_S2)	S2/tokens (%)	Voc. Overlap S1	Voc. Overlap S2	SR/S1/ELS	SR/S1/EV	SR/S1/ER	SR/S1/ENTR	SR/S1/L	SR/S1/LMAX	SR/S2/ELS	SR/S2/EV	SR/S2/ER	SR/S2/ENTR	SR/S2/L	SR/S2/LMAX
dialogue_txt	Human 1	Human 2	0.6176470588235294	0.22297297297297297	0.4983164983164983	0.38235294117647056	0.3422818791946309	0.5016835016835017	0.4020618556701031	0.40625	16.0	0.1032258064516129	0.2838709677419355	0.512709142030877	1.1142857142857143	2.0	19.0	0.12101910828025478	0.4012738853503185	0.6837341973730316	1.3409090909090908	5.0
