ID	S1	S2	S1/Initiated Expression (IE_S1)	S1/Expression Repetition (ER_S1)	S1/tokens (%)	S2/Initiated Expression (IE_S2)	S2/Expression Repetition (ER_S2)	S2/tokens (%)	Voc. Overlap S1	Voc. Overlap S2	SR/S1/ELS	SR/S1/EV	SR/S1/ER	SR/S1/ENTR	SR/S1/L	SR/S1/LMAX	SR/S2/ELS	SR/S2/EV	SR/S2/ER	SR/S2/ENTR	SR/S2/L	SR/S2/LMAX
dialogue_txt	Human 1	Human 2	0.8260869565217391	0.13286713286713286	0.4831081081081081	0.17391304347826086	0.5620915032679739	0.5168918918918919	0.4807692307692308	0.5434782608695652	14.0	0.09333333333333334	0.26	0.32984607020714635	1.0606060606060606	2.0	32.0	0.2	0.5375	0.9308217193956854	1.2727272727272727	3.0
