ID	Num. utterances	Num. tokens	Expression Lexicon Size (ELS)	Expression Variety (EV)	Expression Repetition (ER)	Voc. Overlap	ENTR	L	LMAX
dialogue_txt	13.0	247.0	33.0	0.13360323886639677	0.2631578947368421	0.27611940298507465	0.8060026357093609	1.2142857142857142	3.0
