ID	S1	S2	S1/Initiated Expression (IE_S1)	S1/Expression Repetition (ER_S1)	S1/tokens (%)	S2/Initiated Expression (IE_S2)	S2/Expression Repetition (ER_S2)	S2/tokens (%)	Voc. Overlap S1	Voc. Overlap S2	SR/S1/ELS	SR/S1/EV	SR/S1/ER	SR/S1/ENTR	SR/S1/L	SR/S1/LMAX	SR/S2/ELS	SR/S2/EV	SR/S2/ER	SR/S2/ENTR	SR/S2/L	SR/S2/LMAX
dialogue_txt	Human 1	Human 2	0.7272727272727273	0.1619047619047619	0.4251012145748988	0.2727272727272727	0.3380281690140845	0.5748987854251012	0.46835443037974683	0.40217391304347827	8.0	0.07142857142857142	0.17857142857142858	-0.0	1.0	1.0	23.0	0.1554054054054054	0.4189189189189189	0.828411716566275	1.2244897959183674	3.0
