ID	S1	S2	S1/Initiated Expression (IE_S1)	S1/Expression Repetition (ER_S1)	S1/tokens (%)	S2/Initiated Expression (IE_S2)	S2/Expression Repetition (ER_S2)	S2/tokens (%)	Voc. Overlap S1	Voc. Overlap S2	SR/S1/ELS	SR/S1/EV	SR/S1/ER	SR/S1/ENTR	SR/S1/L	SR/S1/LMAX	SR/S2/ELS	SR/S2/EV	SR/S2/ER	SR/S2/ENTR	SR/S2/L	SR/S2/LMAX
dialogue_txt	Human 1	Human 2	0.5909090909090909	0.14285714285714285	0.36704119850187267	0.4090909090909091	0.20710059171597633	0.6329588014981273	0.35294117647058826	0.375	9.0	0.08490566037735849	0.25471698113207547	0.9530138853315971	1.3157894736842106	3.0	33.0	0.1864406779661017	0.751412429378531	2.3441200260735187	2.5892857142857144	6.0
