ID	Num. utterances	Num. tokens	Expression Lexicon Size (ELS)	Expression Variety (EV)	Expression Repetition (ER)	Voc. Overlap	ENTR	L	LMAX
dialogue_txt	15.0	154.0	27.0	0.17532467532467533	0.3116883116883117	0.3780487804878049	0.7039260680195971	1.1911764705882353	2.0
