ID	Num. utterances	Num. tokens	Expression Lexicon Size (ELS)	Expression Variety (EV)	Expression Repetition (ER)	Voc. Overlap	ENTR	L	LMAX
dialogue_txt	13.0	210.0	35.0	0.16666666666666666	0.3142857142857143	0.35185185185185186	0.7694396471662117	1.223529411764706	3.0
