ID	S1	S2	S1/Initiated Expression (IE_S1)	S1/Expression Repetition (ER_S1)	S1/tokens (%)	S2/Initiated Expression (IE_S2)	S2/Expression Repetition (ER_S2)	S2/tokens (%)	Voc. Overlap S1	Voc. Overlap S2	SR/S1/ELS	SR/S1/EV	SR/S1/ER	SR/S1/ENTR	SR/S1/L	SR/S1/LMAX	SR/S2/ELS	SR/S2/EV	SR/S2/ER	SR/S2/ENTR	SR/S2/L	SR/S2/LMAX
dialogue_txt	Human 1	Human 2	0.8113207547169812	0.192	0.4562043795620438	0.18867924528301888	0.6442953020134228	0.5437956204379562	0.7073170731707317	0.651685393258427	16.0	0.12030075187969924	0.3684210526315789	0.9780155566622415	1.2941176470588236	3.0	29.0	0.18471337579617833	0.5668789808917197	1.5033027934285879	1.75	5.0
