ID	Num. utterances	Num. tokens	Expression Lexicon Size (ELS)	Expression Variety (EV)	Expression Repetition (ER)	Voc. Overlap	ENTR	L	LMAX
dialogue_txt	16.0	260.0	47.0	0.18076923076923077	0.36153846153846153	0.40540540540540543	0.7985395683630706	1.2142857142857142	3.0
