ID	S1	S2	S1/Initiated Expression (IE_S1)	S1/Expression Repetition (ER_S1)	S1/tokens (%)	S2/Initiated Expression (IE_S2)	S2/Expression Repetition (ER_S2)	S2/tokens (%)	Voc. Overlap S1	Voc. Overlap S2	SR/S1/ELS	SR/S1/EV	SR/S1/ER	SR/S1/ENTR	SR/S1/L	SR/S1/LMAX	SR/S2/ELS	SR/S2/EV	SR/S2/ER	SR/S2/ENTR	SR/S2/L	SR/S2/LMAX
dialogue_txt	Human 1	Human 2	0.7560975609756098	0.2988505747126437	0.36401673640167365	0.24390243902439024	0.42105263157894735	0.6359832635983264	0.6296296296296297	0.4	12.0	0.125	0.3645833333333333	1.0676111603502403	1.434782608695652	4.0	25.0	0.15432098765432098	0.4691358024691358	1.0953750660146364	1.3773584905660377	3.0
