ID	Num. utterances	Num. tokens	Expression Lexicon Size (ELS)	Expression Variety (EV)	Expression Repetition (ER)	Voc. Overlap	ENTR	L	LMAX
dialogue_txt	17.0	332.0	47.0	0.14156626506024098	0.30120481927710846	0.28368794326241137	1.334747511794983	1.487603305785124	4.0
