ID	Num. utterances	Num. tokens	Expression Lexicon Size (ELS)	Expression Variety (EV)	Expression Repetition (ER)	Voc. Overlap	ENTR	L	LMAX
dialogue_txt	13.0	180.0	21.0	0.11666666666666667	0.29444444444444445	0.23655913978494625	1.182328994577166	1.4285714285714286	3.0
