ID	S1	S2	S1/Initiated Expression (IE_S1)	S1/Expression Repetition (ER_S1)	S1/tokens (%)	S2/Initiated Expression (IE_S2)	S2/Expression Repetition (ER_S2)	S2/tokens (%)	Voc. Overlap S1	Voc. Overlap S2	SR/S1/ELS	SR/S1/EV	SR/S1/ER	SR/S1/ENTR	SR/S1/L	SR/S1/LMAX	SR/S2/ELS	SR/S2/EV	SR/S2/ER	SR/S2/ENTR	SR/S2/L	SR/S2/LMAX
dialogue_txt	Human 1	Human 2	0.8	0.17142857142857143	0.42168674698795183	0.2	0.5277777777777778	0.5783132530120482	0.6329113924050633	0.5494505494505495	8.0	0.07142857142857142	0.17857142857142858	-0.0	1.0	1.0	19.0	0.12666666666666668	0.44666666666666666	1.3320094867525027	1.5714285714285714	4.0
