ID	Num. utterances	Num. tokens	Expression Lexicon Size (ELS)	Expression Variety (EV)	Expression Repetition (ER)	Voc. Overlap	ENTR	L	LMAX
dialogue_txt	17.0	285.0	33.0	0.11578947368421053	0.28771929824561404	0.23376623376623376	0.7427319409775183	1.1886792452830188	3.0
