ID	S1	S2	S1/Initiated Expression (IE_S1)	S1/Expression Repetition (ER_S1)	S1/tokens (%)	S2/Initiated Expression (IE_S2)	S2/Expression Repetition (ER_S2)	S2/tokens (%)	Voc. Overlap S1	Voc. Overlap S2	SR/S1/ELS	SR/S1/EV	SR/S1/ER	SR/S1/ENTR	SR/S1/L	SR/S1/LMAX	SR/S2/ELS	SR/S2/EV	SR/S2/ER	SR/S2/ENTR	SR/S2/L	SR/S2/LMAX
dialogue_txt	Human 1	Human 2	0.8723404255319149	0.14606741573033707	0.5114942528735632	0.1276595744680851	0.5294117647058824	0.4885057471264368	0.4489795918367347	0.43137254901960786	21.0	0.11290322580645161	0.3655913978494624	0.7732266742876344	1.2272727272727273	2.0	25.0	0.1404494382022472	0.449438202247191	1.163228175752971	1.5098039215686274	6.0
