ID	S1	S2	S1/Initiated Expression (IE_S1)	S1/Expression Repetition (ER_S1)	S1/tokens (%)	S2/Initiated Expression (IE_S2)	S2/Expression Repetition (ER_S2)	S2/tokens (%)	Voc. Overlap S1	Voc. Overlap S2	SR/S1/ELS	SR/S1/EV	SR/S1/ER	SR/S1/ENTR	SR/S1/L	SR/S1/LMAX	SR/S2/ELS	SR/S2/EV	SR/S2/ER	SR/S2/ENTR	SR/S2/L	SR/S2/LMAX
dialogue_txt	Human 1	Human 2	0.6	0.2159090909090909	0.3562753036437247	0.4	0.20754716981132076	0.6437246963562753	0.38028169014084506	0.2621359223300971	4.0	0.042105263157894736	0.16842105263157894	0.7219280948873623	1.4	3.0	24.0	0.1437125748502994	0.4431137724550898	0.7381465316324493	1.2321428571428572	4.0
