ID	Num. utterances	Num. tokens	Expression Lexicon Size (ELS)	Expression Variety (EV)	Expression Repetition (ER)	Voc. Overlap	ENTR	L	LMAX
dialogue_txt	16.0	247.0	41.0	0.1659919028340081	0.3603238866396761	0.336283185840708	1.4519961114589839	1.5777777777777777	4.0
