ID	S1	S2	S1/Initiated Expression (IE_S1)	S1/Expression Repetition (ER_S1)	S1/tokens (%)	S2/Initiated Expression (IE_S2)	S2/Expression Repetition (ER_S2)	S2/tokens (%)	Voc. Overlap S1	Voc. Overlap S2	SR/S1/ELS	SR/S1/EV	SR/S1/ER	SR/S1/ENTR	SR/S1/L	SR/S1/LMAX	SR/S2/ELS	SR/S2/EV	SR/S2/ER	SR/S2/ENTR	SR/S2/L	SR/S2/LMAX
dialogue_txt	Human 1	Human 2	0.6666666666666666	0.24299065420560748	0.3440514469453376	0.3333333333333333	0.30392156862745096	0.6559485530546624	0.5802469135802469	0.3643410852713178	13.0	0.1111111111111111	0.27350427350427353	0.362051251733998	1.0689655172413792	2.0	35.0	0.16279069767441862	0.44651162790697674	0.7193856441631259	1.1794871794871795	3.0
