ID	Num. utterances	Num. tokens	Expression Lexicon Size (ELS)	Expression Variety (EV)	Expression Repetition (ER)	Voc. Overlap	ENTR	L	LMAX
dialogue_txt	13.0	206.0	20.0	0.0970873786407767	0.21844660194174756	0.19491525423728814	0.4090731390438265	1.0819672131147542	2.0
