ID	S1	S2	S1/Initiated Expression (IE_S1)	S1/Expression Repetition (ER_S1)	S1/tokens (%)	S2/Initiated Expression (IE_S2)	S2/Expression Repetition (ER_S2)	S2/tokens (%)	Voc. Overlap S1	Voc. Overlap S2	SR/S1/ELS	SR/S1/EV	SR/S1/ER	SR/S1/ENTR	SR/S1/L	SR/S1/LMAX	SR/S2/ELS	SR/S2/EV	SR/S2/ER	SR/S2/ENTR	SR/S2/L	SR/S2/LMAX
dialogue_txt	Human 1	Human 2	0.7777777777777778	0.17518248175182483	0.47735191637630664	0.2222222222222222	0.38	0.5226480836236934	0.45454545454545453	0.4166666666666667	19.0	0.1310344827586207	0.36551724137931035	0.693127415328288	1.186046511627907	2.0	25.0	0.15723270440251572	0.4528301886792453	0.6131379016405237	1.1475409836065573	3.0
