ID	S1	S2	S1/Initiated Expression (IE_S1)	S1/Expression Repetition (ER_S1)	S1/tokens (%)	S2/Initiated Expression (IE_S2)	S2/Expression Repetition (ER_S2)	S2/tokens (%)	Voc. Overlap S1	Voc. Overlap S2	SR/S1/ELS	SR/S1/EV	SR/S1/ER	SR/S1/ENTR	SR/S1/L	SR/S1/LMAX	SR/S2/ELS	SR/S2/EV	SR/S2/ER	SR/S2/ENTR	SR/S2/L	SR/S2/LMAX
dialogue_txt	Human 1	Human 2	0.7666666666666667	0.09722222222222222	0.3364485981308411	0.23333333333333334	0.3732394366197183	0.6635514018691588	0.6530612244897959	0.38095238095238093	8.0	0.10126582278481013	0.2911392405063291	0.7642045065086203	1.2222222222222223	2.0	21.0	0.14093959731543623	0.436241610738255	0.7300166301457938	1.2040816326530612	2.0
