ID	Num. utterances	Num. tokens	Expression Lexicon Size (ELS)	Expression Variety (EV)	Expression Repetition (ER)	Voc. Overlap	ENTR	L	LMAX
dialogue_txt	14.0	214.0	30.0	0.14018691588785046	0.2803738317757009	0.31683168316831684	1.2531002675470517	1.4714285714285715	4.0
