ID	Num. utterances	Num. tokens	Expression Lexicon Size (ELS)	Expression Variety (EV)	Expression Repetition (ER)	Voc. Overlap	ENTR	L	LMAX
dialogue_txt	15.0	268.0	35.0	0.13059701492537312	0.2798507462686567	0.2556390977443609	0.8196004346196011	1.2553191489361701	2.0
