ID	Num. utterances	Num. tokens	Expression Lexicon Size (ELS)	Expression Variety (EV)	Expression Repetition (ER)	Voc. Overlap	ENTR	L	LMAX
dialogue_txt	15.0	205.0	29.0	0.14146341463414633	0.2780487804878049	0.29245283018867924	0.15935006268563445	1.0232558139534884	2.0
