ID	Num. utterances	Num. tokens	Expression Lexicon Size (ELS)	Expression Variety (EV)	Expression Repetition (ER)	Voc. Overlap	ENTR	L	LMAX
dialogue_txt	16.0	218.0	36.0	0.1651376146788991	0.4036697247706422	0.46511627906976744	1.1806117411186814	1.4270833333333333	4.0
