ID	S1	S2	S1/Initiated Expression (IE_S1)	S1/Expression Repetition (ER_S1)	S1/tokens (%)	S2/Initiated Expression (IE_S2)	S2/Expression Repetition (ER_S2)	S2/tokens (%)	Voc. Overlap S1	Voc. Overlap S2	SR/S1/ELS	SR/S1/EV	SR/S1/ER	SR/S1/ENTR	SR/S1/L	SR/S1/LMAX	SR/S2/ELS	SR/S2/EV	SR/S2/ER	SR/S2/ENTR	SR/S2/L	SR/S2/LMAX
dialogue_txt	Human 1	Human 2	0.8055555555555556	0.13541666666666666	0.44036697247706424	0.19444444444444445	0.6147540983606558	0.5596330275229358	0.6451612903225806	0.625	14.0	0.1346153846153846	0.33653846153846156	0.34511731494495296	1.064516129032258	2.0	18.0	0.13846153846153847	0.5461538461538461	0.8041769749748622	1.5116279069767442	9.0
