ID	Num. utterances	Num. tokens	Expression Lexicon Size (ELS)	Expression Variety (EV)	Expression Repetition (ER)	Voc. Overlap	ENTR	L	LMAX
dialogue_txt	15.0	291.0	43.0	0.14776632302405499	0.3127147766323024	0.29931972789115646	0.607438744023341	1.1666666666666667	4.0
