ID	S1	S2	S1/Initiated Expression (IE_S1)	S1/Expression Repetition (ER_S1)	S1/tokens (%)	S2/Initiated Expression (IE_S2)	S2/Expression Repetition (ER_S2)	S2/tokens (%)	Voc. Overlap S1	Voc. Overlap S2	SR/S1/ELS	SR/S1/EV	SR/S1/ER	SR/S1/ENTR	SR/S1/L	SR/S1/LMAX	SR/S2/ELS	SR/S2/EV	SR/S2/ER	SR/S2/ENTR	SR/S2/L	SR/S2/LMAX
dialogue_txt	Human 1	Human 2	0.7209302325581395	0.1895424836601307	0.5257731958762887	0.27906976744186046	0.4492753623188406	0.4742268041237113	0.41904761904761906	0.5116279069767442	17.0	0.10625	0.33125	0.7742433029172697	1.263157894736842	4.0	27.0	0.18493150684931506	0.5068493150684932	1.0406014912311536	1.3725490196078431	4.0
