ID	Num. utterances	Num. tokens	Expression Lexicon Size (ELS)	Expression Variety (EV)	Expression Repetition (ER)	Voc. Overlap	ENTR	L	LMAX
dialogue_txt	17.0	189.0	29.0	0.15343915343915343	0.3386243386243386	0.32558139534883723	1.2242289155936745	1.4428571428571428	3.0
