ID	Num. utterances	Num. tokens	Expression Lexicon Size (ELS)	Expression Variety (EV)	Expression Repetition (ER)	Voc. Overlap	ENTR	L	LMAX
dialogue_txt	21.0	324.0	35.0	0.10802469135802469	0.25308641975308643	0.22807017543859648	0.6363898845436236	1.1623931623931625	4.0
