ID	Num. utterances	Num. tokens	Expression Lexicon Size (ELS)	Expression Variety (EV)	Expression Repetition (ER)	Voc. Overlap	ENTR	L	LMAX
dialogue_txt	17.0	313.0	31.0	0.09904153354632587	0.28115015974440893	0.1956521739130435	0.8623801155733646	1.2421052631578948	3.0
