ID	S1	S2	S1/Initiated Expression (IE_S1)	S1/Expression Repetition (ER_S1)	S1/tokens (%)	S2/Initiated Expression (IE_S2)	S2/Expression Repetition (ER_S2)	S2/tokens (%)	Voc. Overlap S1	Voc. Overlap S2	SR/S1/ELS	SR/S1/EV	SR/S1/ER	SR/S1/ENTR	SR/S1/L	SR/S1/LMAX	SR/S2/ELS	SR/S2/EV	SR/S2/ER	SR/S2/ENTR	SR/S2/L	SR/S2/LMAX
dialogue_txt	Human 1	Human 2	0.4838709677419355	0.2222222222222222	0.6038338658146964	0.5161290322580645	0.3709677419354839	0.3961661341853035	0.2523364485981308	0.46551724137931033	28.0	0.14213197969543148	0.4517766497461929	1.0540157730728	1.35	3.0	22.0	0.16541353383458646	0.6541353383458647	1.6633220744874486	2.119047619047619	8.0
