ID	S1	S2	S1/Initiated Expression (IE_S1)	S1/Expression Repetition (ER_S1)	S1/tokens (%)	S2/Initiated Expression (IE_S2)	S2/Expression Repetition (ER_S2)	S2/tokens (%)	Voc. Overlap S1	Voc. Overlap S2	SR/S1/ELS	SR/S1/EV	SR/S1/ER	SR/S1/ENTR	SR/S1/L	SR/S1/LMAX	SR/S2/ELS	SR/S2/EV	SR/S2/ER	SR/S2/ENTR	SR/S2/L	SR/S2/LMAX
dialogue_txt	Human 1	Human 2	0.75	0.2072072072072072	0.4457831325301205	0.25	0.4057971014492754	0.5542168674698795	0.5	0.4	16.0	0.13559322033898305	0.3644067796610169	1.1400457981819085	1.3870967741935485	3.0	16.0	0.1095890410958904	0.363013698630137	0.8112781244591328	1.25	2.0
