ID	Num. utterances	Num. tokens	Expression Lexicon Size (ELS)	Expression Variety (EV)	Expression Repetition (ER)	Voc. Overlap	ENTR	L	LMAX
dialogue_txt	16.0	147.0	20.0	0.1360544217687075	0.2789115646258503	0.3283582089552239	0.9892367461805283	1.3018867924528301	3.0
