ID	S1	S2	S1/Initiated Expression (IE_S1)	S1/Expression Repetition (ER_S1)	S1/tokens (%)	S2/Initiated Expression (IE_S2)	S2/Expression Repetition (ER_S2)	S2/tokens (%)	Voc. Overlap S1	Voc. Overlap S2	SR/S1/ELS	SR/S1/EV	SR/S1/ER	SR/S1/ENTR	SR/S1/L	SR/S1/LMAX	SR/S2/ELS	SR/S2/EV	SR/S2/ER	SR/S2/ENTR	SR/S2/L	SR/S2/LMAX
dialogue_txt	Human 1	Human 2	0.85	0.06666666666666667	0.30612244897959184	0.15	0.37254901960784315	0.6938775510204082	0.6285714285714286	0.4074074074074074	4.0	0.07547169811320754	0.16981132075471697	0.863120568566631	1.2857142857142858	2.0	15.0	0.13636363636363635	0.5545454545454546	1.6043855712075719	2.033333333333333	8.0
