ID	S1	S2	S1/Initiated Expression (IE_S1)	S1/Expression Repetition (ER_S1)	S1/tokens (%)	S2/Initiated Expression (IE_S2)	S2/Expression Repetition (ER_S2)	S2/tokens (%)	Voc. Overlap S1	Voc. Overlap S2	SR/S1/ELS	SR/S1/EV	SR/S1/ER	SR/S1/ENTR	SR/S1/L	SR/S1/LMAX	SR/S2/ELS	SR/S2/EV	SR/S2/ER	SR/S2/ENTR	SR/S2/L	SR/S2/LMAX
dialogue_txt	Human 1	Human 2	0.6388888888888888	0.22297297297297297	0.4728434504792332	0.3611111111111111	0.37575757575757573	0.5271565495207667	0.41379310344827586	0.3673469387755102	22.0	0.14102564102564102	0.4230769230769231	0.8176338568998316	1.22	3.0	27.0	0.15606936416184972	0.4624277456647399	1.0351996643470605	1.4035087719298245	3.0
