ID	Num. utterances	Num. tokens	Expression Lexicon Size (ELS)	Expression Variety (EV)	Expression Repetition (ER)	Voc. Overlap	ENTR	L	LMAX
dialogue_txt	18.0	228.0	24.0	0.10526315789473684	0.21052631578947367	0.22115384615384615	0.6329549088196991	1.1506849315068493	3.0
