ID	Num. utterances	Num. tokens	Expression Lexicon Size (ELS)	Expression Variety (EV)	Expression Repetition (ER)	Voc. Overlap	ENTR	L	LMAX
dialogue_txt	16.0	232.0	18.0	0.07758620689655173	0.19827586206896552	0.16666666666666666	0.3491843735073079	1.0655737704918034	2.0
