ID	S1	S2	S1/Initiated Expression (IE_S1)	S1/Expression Repetition (ER_S1)	S1/tokens (%)	S2/Initiated Expression (IE_S2)	S2/Expression Repetition (ER_S2)	S2/tokens (%)	Voc. Overlap S1	Voc. Overlap S2	SR/S1/ELS	SR/S1/EV	SR/S1/ER	SR/S1/ENTR	SR/S1/L	SR/S1/LMAX	SR/S2/ELS	SR/S2/EV	SR/S2/ER	SR/S2/ENTR	SR/S2/L	SR/S2/LMAX
dialogue_txt	Human 1	Human 2	0.7209302325581395	0.17791411042944785	0.5224358974358975	0.27906976744186046	0.46308724832214765	0.4775641025641026	0.43	0.5058823529411764	22.0	0.12941176470588237	0.40588235294117647	1.194545119186222	1.4893617021276595	3.0	31.0	0.19745222929936307	0.5605095541401274	1.0616045875543156	1.45	5.0
