ID	Num. utterances	Num. tokens	Expression Lexicon Size (ELS)	Expression Variety (EV)	Expression Repetition (ER)	Voc. Overlap	ENTR	L	LMAX
dialogue_txt	21.0	313.0	40.0	0.12779552715654952	0.30670926517571884	0.27607361963190186	0.7309107053286835	1.1967213114754098	4.0
