ID	Num. utterances	Num. tokens	Expression Lexicon Size (ELS)	Expression Variety (EV)	Expression Repetition (ER)	Voc. Overlap	ENTR	L	LMAX
dialogue_txt	15.0	239.0	24.0	0.100418410041841	0.24267782426778242	0.20930232558139536	0.34673146824966367	1.0649350649350648	2.0
