ID	S1	S2	S1/Initiated Expression (IE_S1)	S1/Expression Repetition (ER_S1)	S1/tokens (%)	S2/Initiated Expression (IE_S2)	S2/Expression Repetition (ER_S2)	S2/tokens (%)	Voc. Overlap S1	Voc. Overlap S2	SR/S1/ELS	SR/S1/EV	SR/S1/ER	SR/S1/ENTR	SR/S1/L	SR/S1/LMAX	SR/S2/ELS	SR/S2/EV	SR/S2/ER	SR/S2/ENTR	SR/S2/L	SR/S2/LMAX
dialogue_txt	Human 1	Human 2	0.7692307692307693	0.18947368421052632	0.376984126984127	0.23076923076923078	0.36942675159235666	0.623015873015873	0.4461538461538462	0.46774193548387094	10.0	0.0970873786407767	0.27184466019417475	0.4021791902022728	1.08	2.0	29.0	0.17575757575757575	0.6666666666666666	1.9025275073045538	2.2363636363636363	10.0
