ID	Num. utterances	Num. tokens	Expression Lexicon Size (ELS)	Expression Variety (EV)	Expression Repetition (ER)	Voc. Overlap	ENTR	L	LMAX
dialogue_txt	16.0	316.0	49.0	0.1550632911392405	0.3227848101265823	0.3263888888888889	0.46915736910192335	1.1142857142857143	4.0
