ID	S1	S2	S1/Initiated Expression (IE_S1)	S1/Expression Repetition (ER_S1)	S1/tokens (%)	S2/Initiated Expression (IE_S2)	S2/Expression Repetition (ER_S2)	S2/tokens (%)	Voc. Overlap S1	Voc. Overlap S2	SR/S1/ELS	SR/S1/EV	SR/S1/ER	SR/S1/ENTR	SR/S1/L	SR/S1/LMAX	SR/S2/ELS	SR/S2/EV	SR/S2/ER	SR/S2/ENTR	SR/S2/L	SR/S2/LMAX
dialogue_txt	Human 1	Human 2	0.8	0.13513513513513514	0.5	0.2	0.5608108108108109	0.5	0.44329896907216493	0.5308641975308642	16.0	0.1032258064516129	0.2838709677419355	0.512709142030877	1.1142857142857143	2.0	26.0	0.16666666666666666	0.532051282051282	0.9655272622660829	1.2903225806451613	3.0
