ID	Num. utterances	Num. tokens	Expression Lexicon Size (ELS)	Expression Variety (EV)	Expression Repetition (ER)	Voc. Overlap	ENTR	L	LMAX
dialogue_txt	15.0	275.0	48.0	0.17454545454545456	0.39636363636363636	0.44339622641509435	1.016325919118944	1.317829457364341	4.0
