ID	Num. utterances	Num. tokens	Expression Lexicon Size (ELS)	Expression Variety (EV)	Expression Repetition (ER)	Voc. Overlap	ENTR	L	LMAX
dialogue_txt	16.0	323.0	49.0	0.15170278637770898	0.4086687306501548	0.3560606060606061	1.1190533124528175	1.362962962962963	4.0
