ID	S1	S2	S1/Initiated Expression (IE_S1)	S1/Expression Repetition (ER_S1)	S1/tokens (%)	S2/Initiated Expression (IE_S2)	S2/Expression Repetition (ER_S2)	S2/tokens (%)	Voc. Overlap S1	Voc. Overlap S2	SR/S1/ELS	SR/S1/EV	SR/S1/ER	SR/S1/ENTR	SR/S1/L	SR/S1/LMAX	SR/S2/ELS	SR/S2/EV	SR/S2/ER	SR/S2/ENTR	SR/S2/L	SR/S2/LMAX
dialogue_txt	Human 1	Human 2	0.4444444444444444	0.16666666666666666	0.39285714285714285	0.5555555555555556	0.20588235294117646	0.6071428571428571	0.40350877192982454	0.359375	3.0	0.0410958904109589	0.0821917808219178	-0.0	1.0	1.0	15.0	0.13761467889908258	0.3761467889908257	1.1105522511832786	1.3666666666666667	3.0
