ID	S1	S2	S1/Initiated Expression (IE_S1)	S1/Expression Repetition (ER_S1)	S1/tokens (%)	S2/Initiated Expression (IE_S2)	S2/Expression Repetition (ER_S2)	S2/tokens (%)	Voc. Overlap S1	Voc. Overlap S2	SR/S1/ELS	SR/S1/EV	SR/S1/ER	SR/S1/ENTR	SR/S1/L	SR/S1/LMAX	SR/S2/ELS	SR/S2/EV	SR/S2/ER	SR/S2/ENTR	SR/S2/L	SR/S2/LMAX
dialogue_txt	Human 1	Human 2	0.7894736842105263	0.12698412698412698	0.5943396226415094	0.21052631578947367	0.5038759689922481	0.4056603773584906	0.308411214953271	0.5076923076923077	28.0	0.14213197969543148	0.4517766497461929	1.0540157730728	1.35	3.0	24.0	0.17391304347826086	0.572463768115942	1.200440249454895	1.4545454545454546	3.0
