ID	S1	S2	S1/Initiated Expression (IE_S1)	S1/Expression Repetition (ER_S1)	S1/tokens (%)	S2/Initiated Expression (IE_S2)	S2/Expression Repetition (ER_S2)	S2/tokens (%)	Voc. Overlap S1	Voc. Overlap S2	SR/S1/ELS	SR/S1/EV	SR/S1/ER	SR/S1/ENTR	SR/S1/L	SR/S1/LMAX	SR/S2/ELS	SR/S2/EV	SR/S2/ER	SR/S2/ENTR	SR/S2/L	SR/S2/LMAX
dialogue_txt	Human 1	Human 2	0.6666666666666666	0.2033898305084746	0.3072916666666667	0.3333333333333333	0.20300751879699247	0.6927083333333334	0.6	0.3	6.0	0.09230769230769231	0.24615384615384617	0.8904916402194913	1.3076923076923077	2.0	19.0	0.1357142857142857	0.4357142857142857	1.0762976257251988	1.4	4.0
