ID	Num. utterances	Num. tokens	Expression Lexicon Size (ELS)	Expression Variety (EV)	Expression Repetition (ER)	Voc. Overlap	ENTR	L	LMAX
dialogue_txt	16.0	314.0	48.0	0.15286624203821655	0.3662420382165605	0.34074074074074073	0.8788999880013346	1.3257575757575757	5.0
