ID	Num. utterances	Num. tokens	Expression Lexicon Size (ELS)	Expression Variety (EV)	Expression Repetition (ER)	Voc. Overlap	ENTR	L	LMAX
dialogue_txt	15.0	241.0	32.0	0.13278008298755187	0.2821576763485477	0.2540983606557377	0.7035821005719904	1.1910112359550562	2.0
