ID	S1	S2	S1/Initiated Expression (IE_S1)	S1/Expression Repetition (ER_S1)	S1/tokens (%)	S2/Initiated Expression (IE_S2)	S2/Expression Repetition (ER_S2)	S2/tokens (%)	Voc. Overlap S1	Voc. Overlap S2	SR/S1/ELS	SR/S1/EV	SR/S1/ER	SR/S1/ENTR	SR/S1/L	SR/S1/LMAX	SR/S2/ELS	SR/S2/EV	SR/S2/ER	SR/S2/ENTR	SR/S2/L	SR/S2/LMAX
dialogue_txt	Human 1	Human 2	0.75	0.25287356321839083	0.30526315789473685	0.25	0.18181818181818182	0.6947368421052632	0.3888888888888889	0.23863636363636365	12.0	0.125	0.3645833333333333	1.0676111603502403	1.434782608695652	4.0	36.0	0.17307692307692307	0.6442307692307693	1.9599598593567038	2.1527777777777777	9.0
