ID	Num. utterances	Num. tokens	Expression Lexicon Size (ELS)	Expression Variety (EV)	Expression Repetition (ER)	Voc. Overlap	ENTR	L	LMAX
dialogue_txt	16.0	222.0	39.0	0.17567567567567569	0.36486486486486486	0.4095238095238095	0.8859960022495807	1.2673267326732673	4.0
