ID	Num. utterances	Num. tokens	Expression Lexicon Size (ELS)	Expression Variety (EV)	Expression Repetition (ER)	Voc. Overlap	ENTR	L	LMAX
dialogue_txt	16.0	275.0	29.0	0.10545454545454545	0.22181818181818183	0.23255813953488372	0.635489638182683	1.1604938271604939	2.0
