ID	S1	S2	S1/Initiated Expression (IE_S1)	S1/Expression Repetition (ER_S1)	S1/tokens (%)	S2/Initiated Expression (IE_S2)	S2/Expression Repetition (ER_S2)	S2/tokens (%)	Voc. Overlap S1	Voc. Overlap S2	SR/S1/ELS	SR/S1/EV	SR/S1/ER	SR/S1/ENTR	SR/S1/L	SR/S1/LMAX	SR/S2/ELS	SR/S2/EV	SR/S2/ER	SR/S2/ENTR	SR/S2/L	SR/S2/LMAX
dialogue_txt	Human 1	Human 2	0.6578947368421053	0.26582278481012656	0.5	0.34210526315789475	0.34810126582278483	0.5	0.40217391304347827	0.43529411764705883	22.0	0.13253012048192772	0.4397590361445783	1.0783220795483648	1.44	5.0	23.0	0.1377245508982036	0.5089820359281437	1.701274591568175	1.9130434782608696	8.0
