ID	Num. utterances	Num. tokens	Expression Lexicon Size (ELS)	Expression Variety (EV)	Expression Repetition (ER)	Voc. Overlap	ENTR	L	LMAX
dialogue_txt	17.0	316.0	38.0	0.12025316455696203	0.3069620253164557	0.2642857142857143	1.1595547523787308	1.411764705882353	3.0
