ID	S1	S2	S1/Initiated Expression (IE_S1)	S1/Expression Repetition (ER_S1)	S1/tokens (%)	S2/Initiated Expression (IE_S2)	S2/Expression Repetition (ER_S2)	S2/tokens (%)	Voc. Overlap S1	Voc. Overlap S2	SR/S1/ELS	SR/S1/EV	SR/S1/ER	SR/S1/ENTR	SR/S1/L	SR/S1/LMAX	SR/S2/ELS	SR/S2/EV	SR/S2/ER	SR/S2/ENTR	SR/S2/L	SR/S2/LMAX
dialogue_txt	Human 1	Human 2	0.6296296296296297	0.23958333333333334	0.35036496350364965	0.37037037037037035	0.2752808988764045	0.6496350364963503	0.5	0.29245283018867924	14.0	0.1346153846153846	0.33653846153846156	0.34511731494495296	1.064516129032258	2.0	23.0	0.12365591397849462	0.41935483870967744	0.7498765864518435	1.2295081967213115	3.0
