ID	Num. utterances	Num. tokens	Expression Lexicon Size (ELS)	Expression Variety (EV)	Expression Repetition (ER)	Voc. Overlap	ENTR	L	LMAX
dialogue_txt	18.0	184.0	35.0	0.19021739130434784	0.3532608695652174	0.35365853658536583	1.2195341495544965	1.4415584415584415	5.0
