ID	Num. utterances	Num. tokens	Expression Lexicon Size (ELS)	Expression Variety (EV)	Expression Repetition (ER)	Voc. Overlap	ENTR	L	LMAX
dialogue_txt	15.0	270.0	45.0	0.16666666666666666	0.4111111111111111	0.3813559322033898	1.298724868336897	1.5357142857142858	8.0
