ID	S1	S2	S1/Initiated Expression (IE_S1)	S1/Expression Repetition (ER_S1)	S1/tokens (%)	S2/Initiated Expression (IE_S2)	S2/Expression Repetition (ER_S2)	S2/tokens (%)	Voc. Overlap S1	Voc. Overlap S2	SR/S1/ELS	SR/S1/EV	SR/S1/ER	SR/S1/ENTR	SR/S1/L	SR/S1/LMAX	SR/S2/ELS	SR/S2/EV	SR/S2/ER	SR/S2/ENTR	SR/S2/L	SR/S2/LMAX
dialogue_txt	Human 1	Human 2	0.8048780487804879	0.15384615384615385	0.3774193548387097	0.1951219512195122	0.43523316062176165	0.6225806451612903	0.5942028985507246	0.3867924528301887	19.0	0.15079365079365079	0.4126984126984127	1.242370874393215	1.457142857142857	3.0	34.0	0.16831683168316833	0.5346534653465347	1.0866587480953522	1.35	4.0
