ID	Num. utterances	Num. tokens	Expression Lexicon Size (ELS)	Expression Variety (EV)	Expression Repetition (ER)	Voc. Overlap	ENTR	L	LMAX
dialogue_txt	16.0	259.0	48.0	0.18532818532818532	0.4092664092664093	0.4636363636363636	0.9636992315788317	1.3636363636363635	6.0
