ID	Num. utterances	Num. tokens	Expression Lexicon Size (ELS)	Expression Variety (EV)	Expression Repetition (ER)	Voc. Overlap	ENTR	L	LMAX
dialogue_txt	15.0	296.0	48.0	0.16216216216216217	0.3310810810810811	0.32666666666666666	0.9098563907330676	1.2615384615384615	4.0
