ID	S1	S2	S1/Initiated Expression (IE_S1)	S1/Expression Repetition (ER_S1)	S1/tokens (%)	S2/Initiated Expression (IE_S2)	S2/Expression Repetition (ER_S2)	S2/tokens (%)	Voc. Overlap S1	Voc. Overlap S2	SR/S1/ELS	SR/S1/EV	SR/S1/ER	SR/S1/ENTR	SR/S1/L	SR/S1/LMAX	SR/S2/ELS	SR/S2/EV	SR/S2/ER	SR/S2/ENTR	SR/S2/L	SR/S2/LMAX
dialogue_txt	Human 1	Human 2	0.7291666666666666	0.2222222222222222	0.5168918918918919	0.2708333333333333	0.44755244755244755	0.4831081081081081	0.4666666666666667	0.5212765957446809	17.0	0.10625	0.33125	0.7742433029172697	1.263157894736842	4.0	23.0	0.152317880794702	0.4105960264900662	0.7522121733341474	1.2156862745098038	2.0
