ID	Num. utterances	Num. tokens	Expression Lexicon Size (ELS)	Expression Variety (EV)	Expression Repetition (ER)	Voc. Overlap	ENTR	L	LMAX
dialogue_txt	16.0	144.0	22.0	0.1527777777777778	0.3819444444444444	0.391304347826087	1.367787158342588	1.5636363636363637	4.0
