ID	Num. utterances	Num. tokens	Expression Lexicon Size (ELS)	Expression Variety (EV)	Expression Repetition (ER)	Voc. Overlap	ENTR	L	LMAX
dialogue_txt	15.0	199.0	28.0	0.1407035175879397	0.36180904522613067	0.38636363636363635	1.0401915350329207	1.4794520547945205	7.0
