ID	Num. utterances	Num. tokens	Expression Lexicon Size (ELS)	Expression Variety (EV)	Expression Repetition (ER)	Voc. Overlap	ENTR	L	LMAX
dialogue_txt	15.0	187.0	32.0	0.1711229946524064	0.34759358288770054	0.3548387096774194	0.8573147872795661	1.2467532467532467	4.0
