ID	Num. utterances	Num. tokens	Expression Lexicon Size (ELS)	Expression Variety (EV)	Expression Repetition (ER)	Voc. Overlap	ENTR	L	LMAX
dialogue_txt	13.0	226.0	37.0	0.16371681415929204	0.3274336283185841	0.3333333333333333	0.4276590022251725	1.087378640776699	2.0
