ID	Num. utterances	Num. tokens	Expression Lexicon Size (ELS)	Expression Variety (EV)	Expression Repetition (ER)	Voc. Overlap	ENTR	L	LMAX
dialogue_txt	18.0	367.0	51.0	0.13896457765667575	0.2997275204359673	0.3128834355828221	1.2276682255084683	1.435483870967742	5.0
