ID	Num. utterances	Num. tokens	Expression Lexicon Size (ELS)	Expression Variety (EV)	Expression Repetition (ER)	Voc. Overlap	ENTR	L	LMAX
dialogue_txt	14.0	290.0	42.0	0.14482758620689656	0.296551724137931	0.34328358208955223	1.1355467274501005	1.3980582524271845	6.0
