ID	Num. utterances	Num. tokens	Expression Lexicon Size (ELS)	Expression Variety (EV)	Expression Repetition (ER)	Voc. Overlap	ENTR	L	LMAX
dialogue_txt	15.0	181.0	23.0	0.1270718232044199	0.3867403314917127	0.36486486486486486	1.513651659355419	1.8181818181818181	9.0
