ID	S1	S2	S1/Initiated Expression (IE_S1)	S1/Expression Repetition (ER_S1)	S1/tokens (%)	S2/Initiated Expression (IE_S2)	S2/Expression Repetition (ER_S2)	S2/tokens (%)	Voc. Overlap S1	Voc. Overlap S2	SR/S1/ELS	SR/S1/EV	SR/S1/ER	SR/S1/ENTR	SR/S1/L	SR/S1/LMAX	SR/S2/ELS	SR/S2/EV	SR/S2/ER	SR/S2/ENTR	SR/S2/L	SR/S2/LMAX
dialogue_txt	Human 1	Human 2	0.6666666666666666	0.2033898305084746	0.329608938547486	0.3333333333333333	0.31666666666666665	0.6703910614525139	0.5813953488372093	0.3424657534246575	8.0	0.11940298507462686	0.31343283582089554	-0.0	1.0	1.0	22.0	0.171875	0.46875	0.975954536492096	1.5	7.0
