ID	S1	S2	S1/Initiated Expression (IE_S1)	S1/Expression Repetition (ER_S1)	S1/tokens (%)	S2/Initiated Expression (IE_S2)	S2/Expression Repetition (ER_S2)	S2/tokens (%)	Voc. Overlap S1	Voc. Overlap S2	SR/S1/ELS	SR/S1/EV	SR/S1/ER	SR/S1/ENTR	SR/S1/L	SR/S1/LMAX	SR/S2/ELS	SR/S2/EV	SR/S2/ER	SR/S2/ENTR	SR/S2/L	SR/S2/LMAX
dialogue_txt	Human 1	Human 2	0.7727272727272727	0.16363636363636364	0.275	0.22727272727272727	0.2206896551724138	0.725	0.5714285714285714	0.27906976744186046	5.0	0.08064516129032258	0.1935483870967742	0.8112781244591328	1.5	3.0	17.0	0.1111111111111111	0.41830065359477125	1.3868913217004204	1.6153846153846154	3.0
