ID	Num. utterances	Num. tokens	Expression Lexicon Size (ELS)	Expression Variety (EV)	Expression Repetition (ER)	Voc. Overlap	ENTR	L	LMAX
dialogue_txt	16.0	258.0	35.0	0.13565891472868216	0.31007751937984496	0.2932330827067669	0.4165054000808552	1.0841121495327102	2.0
