ID	Num. utterances	Num. tokens	Expression Lexicon Size (ELS)	Expression Variety (EV)	Expression Repetition (ER)	Voc. Overlap	ENTR	L	LMAX
dialogue_txt	15.0	132.0	14.0	0.10606060606060606	0.20454545454545456	0.2345679012345679	0.7161757479935178	1.2222222222222223	3.0
