ID	S1	S2	S1/Initiated Expression (IE_S1)	S1/Expression Repetition (ER_S1)	S1/tokens (%)	S2/Initiated Expression (IE_S2)	S2/Expression Repetition (ER_S2)	S2/tokens (%)	Voc. Overlap S1	Voc. Overlap S2	SR/S1/ELS	SR/S1/EV	SR/S1/ER	SR/S1/ENTR	SR/S1/L	SR/S1/LMAX	SR/S2/ELS	SR/S2/EV	SR/S2/ER	SR/S2/ENTR	SR/S2/L	SR/S2/LMAX
dialogue_txt	Human 1	Human 2	0.803921568627451	0.22972972972972974	0.49169435215946844	0.19607843137254902	0.5882352941176471	0.5083056478405316	0.5402298850574713	0.5465116279069767	22.0	0.14102564102564102	0.4230769230769231	0.8176338568998316	1.22	3.0	27.0	0.16770186335403728	0.5031055900621118	0.9408721069833088	1.2857142857142858	4.0
