ID	Num. utterances	Num. tokens	Expression Lexicon Size (ELS)	Expression Variety (EV)	Expression Repetition (ER)	Voc. Overlap	ENTR	L	LMAX
dialogue_txt	16.0	188.0	35.0	0.18617021276595744	0.3776595744680851	0.42045454545454547	0.9834104462265851	1.3703703703703705	7.0
