ID	Num. utterances	Num. tokens	Expression Lexicon Size (ELS)	Expression Variety (EV)	Expression Repetition (ER)	Voc. Overlap	ENTR	L	LMAX
dialogue_txt	14.0	280.0	30.0	0.10714285714285714	0.2571428571428571	0.21739130434782608	0.6305062394675904	1.1584158415841583	2.0
