ID	Num. utterances	Num. tokens	Expression Lexicon Size (ELS)	Expression Variety (EV)	Expression Repetition (ER)	Voc. Overlap	ENTR	L	LMAX
dialogue_txt	18.0	373.0	54.0	0.1447721179624665	0.3378016085790885	0.35443037974683544	0.8640998398397906	1.2402597402597402	3.0
