ID	S1	S2	S1/Initiated Expression (IE_S1)	S1/Expression Repetition (ER_S1)	S1/tokens (%)	S2/Initiated Expression (IE_S2)	S2/Expression Repetition (ER_S2)	S2/tokens (%)	Voc. Overlap S1	Voc. Overlap S2	SR/S1/ELS	SR/S1/EV	SR/S1/ER	SR/S1/ENTR	SR/S1/L	SR/S1/LMAX	SR/S2/ELS	SR/S2/EV	SR/S2/ER	SR/S2/ENTR	SR/S2/L	SR/S2/LMAX
dialogue_txt	Human 1	Human 2	0.85	0.058394160583941604	0.4875444839857651	0.15	0.5138888888888888	0.5124555160142349	0.5053763440860215	0.5164835164835165	11.0	0.07534246575342465	0.21232876712328766	0.4262286569981449	1.173913043478261	3.0	17.0	0.1111111111111111	0.40522875816993464	0.7228578977329687	1.3333333333333333	4.0
