ID	Num. utterances	Num. tokens	Expression Lexicon Size (ELS)	Expression Variety (EV)	Expression Repetition (ER)	Voc. Overlap	ENTR	L	LMAX
dialogue_txt	16.0	240.0	38.0	0.15833333333333333	0.4083333333333333	0.41346153846153844	1.2238100036691264	1.510204081632653	8.0
