ID	Num. utterances	Num. tokens	Expression Lexicon Size (ELS)	Expression Variety (EV)	Expression Repetition (ER)	Voc. Overlap	ENTR	L	LMAX
dialogue_txt	16.0	272.0	35.0	0.12867647058823528	0.29411764705882354	0.29133858267716534	0.5304245472812996	1.1203703703703705	2.0
