ID	Num. utterances	Num. tokens	Expression Lexicon Size (ELS)	Expression Variety (EV)	Expression Repetition (ER)	Voc. Overlap	ENTR	L	LMAX
dialogue_txt	14.0	233.0	29.0	0.12446351931330472	0.19313304721030042	0.26495726495726496	0.990291507972384	1.3088235294117647	3.0
