ID	S1	S2	S1/Initiated Expression (IE_S1)	S1/Expression Repetition (ER_S1)	S1/tokens (%)	S2/Initiated Expression (IE_S2)	S2/Expression Repetition (ER_S2)	S2/tokens (%)	Voc. Overlap S1	Voc. Overlap S2	SR/S1/ELS	SR/S1/EV	SR/S1/ER	SR/S1/ENTR	SR/S1/L	SR/S1/LMAX	SR/S2/ELS	SR/S2/EV	SR/S2/ER	SR/S2/ENTR	SR/S2/L	SR/S2/LMAX
dialogue_txt	Human 1	Human 2	0.8431372549019608	0.13445378151260504	0.4594594594594595	0.1568627450980392	0.6142857142857143	0.5405405405405406	0.6428571428571429	0.627906976744186	12.0	0.09448818897637795	0.3228346456692913	0.3372900666170139	1.125	3.0	22.0	0.1476510067114094	0.5033557046979866	1.1209300738390489	1.5319148936170213	6.0
