ID	Num. utterances	Num. tokens	Expression Lexicon Size (ELS)	Expression Variety (EV)	Expression Repetition (ER)	Voc. Overlap	ENTR	L	LMAX
dialogue_txt	17.0	259.0	51.0	0.1969111969111969	0.3938223938223938	0.46551724137931033	1.3378986406513913	1.5217391304347827	6.0
