ID	S1	S2	S1/Initiated Expression (IE_S1)	S1/Expression Repetition (ER_S1)	S1/tokens (%)	S2/Initiated Expression (IE_S2)	S2/Expression Repetition (ER_S2)	S2/tokens (%)	Voc. Overlap S1	Voc. Overlap S2	SR/S1/ELS	SR/S1/EV	SR/S1/ER	SR/S1/ENTR	SR/S1/L	SR/S1/LMAX	SR/S2/ELS	SR/S2/EV	SR/S2/ER	SR/S2/ENTR	SR/S2/L	SR/S2/LMAX
dialogue_txt	Human 1	Human 2	0.6363636363636364	0.22641509433962265	0.2663316582914573	0.36363636363636365	0.2465753424657534	0.7336683417085427	0.6410256410256411	0.32894736842105265	5.0	0.08064516129032258	0.16129032258064516	-0.0	1.0	1.0	22.0	0.14193548387096774	0.6709677419354839	1.3337172747099444	2.6666666666666665	24.0
