ID	Num. utterances	Num. tokens	Expression Lexicon Size (ELS)	Expression Variety (EV)	Expression Repetition (ER)	Voc. Overlap	ENTR	L	LMAX
dialogue_txt	18.0	279.0	40.0	0.14336917562724014	0.3154121863799283	0.3333333333333333	1.1339764153728187	1.425531914893617	6.0
