ID	S1	S2	S1/Initiated Expression (IE_S1)	S1/Expression Repetition (ER_S1)	S1/tokens (%)	S2/Initiated Expression (IE_S2)	S2/Expression Repetition (ER_S2)	S2/tokens (%)	Voc. Overlap S1	Voc. Overlap S2	SR/S1/ELS	SR/S1/EV	SR/S1/ER	SR/S1/ENTR	SR/S1/L	SR/S1/LMAX	SR/S2/ELS	SR/S2/EV	SR/S2/ER	SR/S2/ENTR	SR/S2/L	SR/S2/LMAX
dialogue_txt	Human 1	Human 2	0.825	0.18617021276595744	0.6738351254480287	0.175	0.5824175824175825	0.32616487455197135	0.3942307692307692	0.6833333333333333	22.0	0.1116751269035533	0.40609137055837563	0.9106559588025549	1.26	3.0	14.0	0.14	0.36	0.5435644431995964	1.125	2.0
