ID	Num. utterances	Num. tokens	Expression Lexicon Size (ELS)	Expression Variety (EV)	Expression Repetition (ER)	Voc. Overlap	ENTR	L	LMAX
dialogue_txt	21.0	280.0	33.0	0.11785714285714285	0.21785714285714286	0.23376623376623376	0.4079059801389763	1.0816326530612246	2.0
