ID	Num. utterances	Num. tokens	Expression Lexicon Size (ELS)	Expression Variety (EV)	Expression Repetition (ER)	Voc. Overlap	ENTR	L	LMAX
dialogue_txt	14.0	219.0	31.0	0.1415525114155251	0.3561643835616438	0.3469387755102041	1.2508559418869885	1.4320987654320987	4.0
