ID	Num. utterances	Num. tokens	Expression Lexicon Size (ELS)	Expression Variety (EV)	Expression Repetition (ER)	Voc. Overlap	ENTR	L	LMAX
dialogue_txt	16.0	290.0	39.0	0.13448275862068965	0.296551724137931	0.3111111111111111	1.1273143265507304	1.4591836734693877	9.0
