ID	S1	S2	S1/Initiated Expression (IE_S1)	S1/Expression Repetition (ER_S1)	S1/tokens (%)	S2/Initiated Expression (IE_S2)	S2/Expression Repetition (ER_S2)	S2/tokens (%)	Voc. Overlap S1	Voc. Overlap S2	SR/S1/ELS	SR/S1/EV	SR/S1/ER	SR/S1/ENTR	SR/S1/L	SR/S1/LMAX	SR/S2/ELS	SR/S2/EV	SR/S2/ER	SR/S2/ENTR	SR/S2/L	SR/S2/LMAX
dialogue_txt	Human 1	Human 2	0.7352941176470589	0.16216216216216217	0.43023255813953487	0.2647058823529412	0.3401360544217687	0.5697674418604651	0.4155844155844156	0.4383561643835616	12.0	0.10084033613445378	0.2857142857142857	-0.0	1.0	1.0	29.0	0.1870967741935484	0.6129032258064516	1.6442113434524956	1.7142857142857142	5.0
