ID	Num. utterances	Num. tokens	Expression Lexicon Size (ELS)	Expression Variety (EV)	Expression Repetition (ER)	Voc. Overlap	ENTR	L	LMAX
dialogue_txt	16.0	258.0	34.0	0.13178294573643412	0.26356589147286824	0.2711864406779661	0.5993142373098092	1.1458333333333333	2.0
