ID	Num. utterances	Num. tokens	Expression Lexicon Size (ELS)	Expression Variety (EV)	Expression Repetition (ER)	Voc. Overlap	ENTR	L	LMAX
dialogue_txt	15.0	191.0	25.0	0.13089005235602094	0.24607329842931938	0.2647058823529412	0.9495753745008104	1.280701754385965	3.0
