ID	Num. utterances	Num. tokens	Expression Lexicon Size (ELS)	Expression Variety (EV)	Expression Repetition (ER)	Voc. Overlap	ENTR	L	LMAX
dialogue_txt	15.0	269.0	39.0	0.1449814126394052	0.3271375464684015	0.3089430894308943	0.892356986455492	1.2596153846153846	3.0
