ID	S1	S2	S1/Initiated Expression (IE_S1)	S1/Expression Repetition (ER_S1)	S1/tokens (%)	S2/Initiated Expression (IE_S2)	S2/Expression Repetition (ER_S2)	S2/tokens (%)	Voc. Overlap S1	Voc. Overlap S2	SR/S1/ELS	SR/S1/EV	SR/S1/ER	SR/S1/ENTR	SR/S1/L	SR/S1/LMAX	SR/S2/ELS	SR/S2/EV	SR/S2/ER	SR/S2/ENTR	SR/S2/L	SR/S2/LMAX
dialogue_txt	Human 1	Human 2	0.8181818181818182	0.16326530612244897	0.4966216216216216	0.18181818181818182	0.5704697986577181	0.5033783783783784	0.4536082474226804	0.5641025641025641	21.0	0.13548387096774195	0.36774193548387096	0.5586293734521992	1.1304347826086956	2.0	34.0	0.21656050955414013	0.5668789808917197	0.6343095546405662	1.16	2.0
