ID	S1	S2	S1/Initiated Expression (IE_S1)	S1/Expression Repetition (ER_S1)	S1/tokens (%)	S2/Initiated Expression (IE_S2)	S2/Expression Repetition (ER_S2)	S2/tokens (%)	Voc. Overlap S1	Voc. Overlap S2	SR/S1/ELS	SR/S1/EV	SR/S1/ER	SR/S1/ENTR	SR/S1/L	SR/S1/LMAX	SR/S2/ELS	SR/S2/EV	SR/S2/ER	SR/S2/ENTR	SR/S2/L	SR/S2/LMAX
dialogue_txt	Human 1	Human 2	0.75	0.12408759124087591	0.5732217573221757	0.25	0.47058823529411764	0.42677824267782427	0.3763440860215054	0.5555555555555556	11.0	0.07534246575342465	0.21232876712328766	0.4262286569981449	1.173913043478261	3.0	12.0	0.10810810810810811	0.40540540540540543	1.3346791410515946	1.8461538461538463	4.0
