ID	S1	S2	S1/Initiated Expression (IE_S1)	S1/Expression Repetition (ER_S1)	S1/tokens (%)	S2/Initiated Expression (IE_S2)	S2/Expression Repetition (ER_S2)	S2/tokens (%)	Voc. Overlap S1	Voc. Overlap S2	SR/S1/ELS	SR/S1/EV	SR/S1/ER	SR/S1/ENTR	SR/S1/L	SR/S1/LMAX	SR/S2/ELS	SR/S2/EV	SR/S2/ER	SR/S2/ENTR	SR/S2/L	SR/S2/LMAX
dialogue_txt	Human 1	Human 2	0.6666666666666666	0.22448979591836735	0.3798449612403101	0.3333333333333333	0.275	0.6201550387596899	0.43283582089552236	0.31868131868131866	12.0	0.11214953271028037	0.2616822429906542	0.4021791902022728	1.08	2.0	27.0	0.15976331360946747	0.5029585798816568	1.073569584395302	1.423728813559322	6.0
