ID	Num. utterances	Num. tokens	Expression Lexicon Size (ELS)	Expression Variety (EV)	Expression Repetition (ER)	Voc. Overlap	ENTR	L	LMAX
dialogue_txt	13.0	257.0	29.0	0.11284046692607004	0.25680933852140075	0.2191780821917808	1.143902059338813	1.3835616438356164	4.0
