ID	Num. utterances	Num. tokens	Expression Lexicon Size (ELS)	Expression Variety (EV)	Expression Repetition (ER)	Voc. Overlap	ENTR	L	LMAX
dialogue_txt	15.0	247.0	29.0	0.11740890688259109	0.2631578947368421	0.24031007751937986	0.6500224216483541	1.1666666666666667	2.0
