ID	Num. utterances	Num. tokens	Expression Lexicon Size (ELS)	Expression Variety (EV)	Expression Repetition (ER)	Voc. Overlap	ENTR	L	LMAX
dialogue_txt	14.0	191.0	26.0	0.13612565445026178	0.32460732984293195	0.3229166666666667	0.742492770967362	1.2394366197183098	4.0
