ID	Num. utterances	Num. tokens	Expression Lexicon Size (ELS)	Expression Variety (EV)	Expression Repetition (ER)	Voc. Overlap	ENTR	L	LMAX
dialogue_txt	16.0	335.0	38.0	0.11343283582089553	0.3492537313432836	0.24285714285714285	1.0293356328598413	1.3166666666666667	4.0
