ID	Num. utterances	Num. tokens	Expression Lexicon Size (ELS)	Expression Variety (EV)	Expression Repetition (ER)	Voc. Overlap	ENTR	L	LMAX
dialogue_txt	15.0	293.0	22.0	0.07508532423208192	0.21843003412969283	0.14465408805031446	0.616748259826391	1.1527777777777777	2.0
