ID	S1	S2	S1/Initiated Expression (IE_S1)	S1/Expression Repetition (ER_S1)	S1/tokens (%)	S2/Initiated Expression (IE_S2)	S2/Expression Repetition (ER_S2)	S2/tokens (%)	Voc. Overlap S1	Voc. Overlap S2	SR/S1/ELS	SR/S1/EV	SR/S1/ER	SR/S1/ENTR	SR/S1/L	SR/S1/LMAX	SR/S2/ELS	SR/S2/EV	SR/S2/ER	SR/S2/ENTR	SR/S2/L	SR/S2/LMAX
dialogue_txt	Human 1	Human 2	0.8823529411764706	0.10256410256410256	0.47560975609756095	0.11764705882352941	0.6627906976744186	0.524390243902439	0.7192982456140351	0.7068965517241379	7.0	0.08333333333333333	0.2261904761904762	0.5435644431995964	1.125	2.0	15.0	0.16129032258064516	0.43010752688172044	1.0735519991730582	1.3448275862068966	3.0
