ID	Num. utterances	Num. tokens	Expression Lexicon Size (ELS)	Expression Variety (EV)	Expression Repetition (ER)	Voc. Overlap	ENTR	L	LMAX
dialogue_txt	19.0	258.0	57.0	0.22093023255813954	0.45348837209302323	0.5252525252525253	0.8983481435954094	1.2517985611510791	4.0
