ID	S1	S2	S1/Initiated Expression (IE_S1)	S1/Expression Repetition (ER_S1)	S1/tokens (%)	S2/Initiated Expression (IE_S2)	S2/Expression Repetition (ER_S2)	S2/tokens (%)	Voc. Overlap S1	Voc. Overlap S2	SR/S1/ELS	SR/S1/EV	SR/S1/ER	SR/S1/ENTR	SR/S1/L	SR/S1/LMAX	SR/S2/ELS	SR/S2/EV	SR/S2/ER	SR/S2/ENTR	SR/S2/L	SR/S2/LMAX
dialogue_txt	Human 1	Human 2	0.8070175438596491	0.15517241379310345	0.4496124031007752	0.19298245614035087	0.6971830985915493	0.5503875968992248	0.65	0.7323943661971831	11.0	0.088	0.24	-0.0	1.0	1.0	32.0	0.21052631578947367	0.6052631578947368	1.0949596974898776	1.3582089552238805	3.0
