ID	S1	S2	S1/Initiated Expression (IE_S1)	S1/Expression Repetition (ER_S1)	S1/tokens (%)	S2/Initiated Expression (IE_S2)	S2/Expression Repetition (ER_S2)	S2/tokens (%)	Voc. Overlap S1	Voc. Overlap S2	SR/S1/ELS	SR/S1/EV	SR/S1/ER	SR/S1/ENTR	SR/S1/L	SR/S1/LMAX	SR/S2/ELS	SR/S2/EV	SR/S2/ER	SR/S2/ENTR	SR/S2/L	SR/S2/LMAX
dialogue_txt	Human 1	Human 2	0.7857142857142857	0.1981981981981982	0.555	0.21428571428571427	0.5056179775280899	0.445	0.4025974025974026	0.6326530612244898	12.0	0.10084033613445378	0.2857142857142857	-0.0	1.0	1.0	12.0	0.12371134020618557	0.3711340206185567	0.6051865766334206	1.1481481481481481	2.0
