ID	Num. utterances	Num. tokens	Expression Lexicon Size (ELS)	Expression Variety (EV)	Expression Repetition (ER)	Voc. Overlap	ENTR	L	LMAX
dialogue_txt	16.0	265.0	46.0	0.17358490566037735	0.3886792452830189	0.4396551724137931	1.0289490989444239	1.3620689655172413	7.0
