ID	S1	S2	S1/Initiated Expression (IE_S1)	S1/Expression Repetition (ER_S1)	S1/tokens (%)	S2/Initiated Expression (IE_S2)	S2/Expression Repetition (ER_S2)	S2/tokens (%)	Voc. Overlap S1	Voc. Overlap S2	SR/S1/ELS	SR/S1/EV	SR/S1/ER	SR/S1/ENTR	SR/S1/L	SR/S1/LMAX	SR/S2/ELS	SR/S2/EV	SR/S2/ER	SR/S2/ENTR	SR/S2/L	SR/S2/LMAX
dialogue_txt	Human 1	Human 2	0.75	0.16058394160583941	0.48928571428571427	0.25	0.3986013986013986	0.5107142857142857	0.4659090909090909	0.4606741573033708	14.0	0.09655172413793103	0.296551724137931	0.8503259045049341	1.3214285714285714	4.0	21.0	0.1390728476821192	0.47019867549668876	1.4142746350672986	1.6041666666666667	5.0
