ID	Num. utterances	Num. tokens	Expression Lexicon Size (ELS)	Expression Variety (EV)	Expression Repetition (ER)	Voc. Overlap	ENTR	L	LMAX
dialogue_txt	18.0	239.0	19.0	0.0794979079497908	0.24267782426778242	0.16279069767441862	0.4853317402406918	1.1095890410958904	3.0
