ID	S1	S2	S1/Initiated Expression (IE_S1)	S1/Expression Repetition (ER_S1)	S1/tokens (%)	S2/Initiated Expression (IE_S2)	S2/Expression Repetition (ER_S2)	S2/tokens (%)	Voc. Overlap S1	Voc. Overlap S2	SR/S1/ELS	SR/S1/EV	SR/S1/ER	SR/S1/ENTR	SR/S1/L	SR/S1/LMAX	SR/S2/ELS	SR/S2/EV	SR/S2/ER	SR/S2/ENTR	SR/S2/L	SR/S2/LMAX
dialogue_txt	Human 1	Human 2	0.7894736842105263	0.1527777777777778	0.301255230125523	0.21052631578947367	0.281437125748503	0.698744769874477	0.3888888888888889	0.21875	9.0	0.1111111111111111	0.2716049382716049	0.4689955935892812	1.1	2.0	23.0	0.13068181818181818	0.5284090909090909	1.508058022370451	1.709090909090909	6.0
