ID	Num. utterances	Num. tokens	Expression Lexicon Size (ELS)	Expression Variety (EV)	Expression Repetition (ER)	Voc. Overlap	ENTR	L	LMAX
dialogue_txt	16.0	336.0	64.0	0.19047619047619047	0.43154761904761907	0.46715328467153283	0.9976439851869254	1.3251533742331287	6.0
