ID	Num. utterances	Num. tokens	Expression Lexicon Size (ELS)	Expression Variety (EV)	Expression Repetition (ER)	Voc. Overlap	ENTR	L	LMAX
dialogue_txt	18.0	211.0	26.0	0.12322274881516587	0.2132701421800948	0.2647058823529412	0.8952644006463716	1.253968253968254	3.0
