ID	Num. utterances	Num. tokens	Expression Lexicon Size (ELS)	Expression Variety (EV)	Expression Repetition (ER)	Voc. Overlap	ENTR	L	LMAX
dialogue_txt	16.0	259.0	23.0	0.0888030888030888	0.2277992277992278	0.18243243243243243	0.16702680404522802	1.0246913580246915	2.0
