ID	Num. utterances	Num. tokens	Expression Lexicon Size (ELS)	Expression Variety (EV)	Expression Repetition (ER)	Voc. Overlap	ENTR	L	LMAX
dialogue_txt	19.0	227.0	29.0	0.1277533039647577	0.28193832599118945	0.2909090909090909	1.2525500249235164	1.4714285714285715	4.0
