ID	Num. utterances	Num. tokens	Expression Lexicon Size (ELS)	Expression Variety (EV)	Expression Repetition (ER)	Voc. Overlap	ENTR	L	LMAX
dialogue_txt	16.0	306.0	38.0	0.12418300653594772	0.2875816993464052	0.2532467532467532	0.5283773417314562	1.1196581196581197	2.0
