ID	Num. utterances	Num. tokens	Expression Lexicon Size (ELS)	Expression Variety (EV)	Expression Repetition (ER)	Voc. Overlap	ENTR	L	LMAX
dialogue_txt	17.0	342.0	50.0	0.14619883040935672	0.3567251461988304	0.30935251798561153	1.1674737438074592	1.4044117647058822	3.0
