ID	S1	S2	S1/Initiated Expression (IE_S1)	S1/Expression Repetition (ER_S1)	S1/tokens (%)	S2/Initiated Expression (IE_S2)	S2/Expression Repetition (ER_S2)	S2/tokens (%)	Voc. Overlap S1	Voc. Overlap S2	SR/S1/ELS	SR/S1/EV	SR/S1/ER	SR/S1/ENTR	SR/S1/L	SR/S1/LMAX	SR/S2/ELS	SR/S2/EV	SR/S2/ER	SR/S2/ENTR	SR/S2/L	SR/S2/LMAX
dialogue_txt	Human 1	Human 2	0.78	0.1693121693121693	0.5526315789473685	0.22	0.5882352941176471	0.4473684210526316	0.40186915887850466	0.5733333333333334	28.0	0.14213197969543148	0.4517766497461929	1.0540157730728	1.35	3.0	30.0	0.18518518518518517	0.5925925925925926	0.947658829523832	1.3424657534246576	4.0
