ID	S1	S2	S1/Initiated Expression (IE_S1)	S1/Expression Repetition (ER_S1)	S1/tokens (%)	S2/Initiated Expression (IE_S2)	S2/Expression Repetition (ER_S2)	S2/tokens (%)	Voc. Overlap S1	Voc. Overlap S2	SR/S1/ELS	SR/S1/EV	SR/S1/ER	SR/S1/ENTR	SR/S1/L	SR/S1/LMAX	SR/S2/ELS	SR/S2/EV	SR/S2/ER	SR/S2/ENTR	SR/S2/L	SR/S2/LMAX
dialogue_txt	Human 1	Human 2	0.5897435897435898	0.18120805369127516	0.5016835016835017	0.41025641025641024	0.32432432432432434	0.4983164983164983	0.40816326530612246	0.42105263157894735	14.0	0.08974358974358974	0.27564102564102566	0.7355085815538398	1.206896551724138	2.0	19.0	0.12258064516129032	0.36774193548387096	0.8315435491770659	1.2727272727272727	4.0
