ID	Num. utterances	Num. tokens	Expression Lexicon Size (ELS)	Expression Variety (EV)	Expression Repetition (ER)	Voc. Overlap	ENTR	L	LMAX
dialogue_txt	16.0	313.0	54.0	0.17252396166134185	0.3961661341853035	0.3875968992248062	1.0176473562308517	1.3216783216783217	5.0
