ID	Num. utterances	Num. tokens	Expression Lexicon Size (ELS)	Expression Variety (EV)	Expression Repetition (ER)	Voc. Overlap	ENTR	L	LMAX
dialogue_txt	16.0	277.0	33.0	0.11913357400722022	0.27075812274368233	0.26119402985074625	0.8206967298578647	1.2222222222222223	3.0
