ID	Num. utterances	Num. tokens	Expression Lexicon Size (ELS)	Expression Variety (EV)	Expression Repetition (ER)	Voc. Overlap	ENTR	L	LMAX
dialogue_txt	18.0	242.0	23.0	0.09504132231404959	0.19008264462809918	0.19491525423728814	0.9490644350714998	1.293103448275862	4.0
