ID	Num. utterances	Num. tokens	Expression Lexicon Size (ELS)	Expression Variety (EV)	Expression Repetition (ER)	Voc. Overlap	ENTR	L	LMAX
dialogue_txt	15.0	265.0	47.0	0.17735849056603772	0.3886792452830189	0.373015873015873	0.8982653763352593	1.2782608695652173	5.0
