ID	Num. utterances	Num. tokens	Expression Lexicon Size (ELS)	Expression Variety (EV)	Expression Repetition (ER)	Voc. Overlap	ENTR	L	LMAX
dialogue_txt	15.0	245.0	28.0	0.11428571428571428	0.23265306122448978	0.20567375886524822	0.9957220057616336	1.303030303030303	3.0
