ID	S1	S2	S1/Initiated Expression (IE_S1)	S1/Expression Repetition (ER_S1)	S1/tokens (%)	S2/Initiated Expression (IE_S2)	S2/Expression Repetition (ER_S2)	S2/tokens (%)	Voc. Overlap S1	Voc. Overlap S2	SR/S1/ELS	SR/S1/EV	SR/S1/ER	SR/S1/ENTR	SR/S1/L	SR/S1/LMAX	SR/S2/ELS	SR/S2/EV	SR/S2/ER	SR/S2/ENTR	SR/S2/L	SR/S2/LMAX
dialogue_txt	Human 1	Human 2	0.7619047619047619	0.14545454545454545	0.3142857142857143	0.23809523809523808	0.325	0.6857142857142857	0.6428571428571429	0.375	5.0	0.08064516129032258	0.1935483870967742	0.8112781244591328	1.5	3.0	14.0	0.109375	0.53125	1.2776134368191152	3.0	20.0
