ID	S1	S2	S1/Initiated Expression (IE_S1)	S1/Expression Repetition (ER_S1)	S1/tokens (%)	S2/Initiated Expression (IE_S2)	S2/Expression Repetition (ER_S2)	S2/tokens (%)	Voc. Overlap S1	Voc. Overlap S2	SR/S1/ELS	SR/S1/EV	SR/S1/ER	SR/S1/ENTR	SR/S1/L	SR/S1/LMAX	SR/S2/ELS	SR/S2/EV	SR/S2/ER	SR/S2/ENTR	SR/S2/L	SR/S2/LMAX
dialogue_txt	Human 1	Human 2	0.6538461538461539	0.22641509433962265	0.2864864864864865	0.34615384615384615	0.4166666666666667	0.7135135135135136	0.6923076923076923	0.39705882352941174	5.0	0.08064516129032258	0.16129032258064516	-0.0	1.0	1.0	31.0	0.2198581560283688	0.6312056737588653	1.315963901901523	1.4915254237288136	5.0
