ID	Num. utterances	Num. tokens	Expression Lexicon Size (ELS)	Expression Variety (EV)	Expression Repetition (ER)	Voc. Overlap	ENTR	L	LMAX
dialogue_txt	15.0	204.0	20.0	0.09803921568627451	0.2107843137254902	0.19047619047619047	0.9996551889197437	1.3076923076923077	3.0
