ID	Num. utterances	Num. tokens	Expression Lexicon Size (ELS)	Expression Variety (EV)	Expression Repetition (ER)	Voc. Overlap	ENTR	L	LMAX
dialogue_txt	15.0	231.0	31.0	0.1341991341991342	0.33766233766233766	0.3904761904761905	1.607611404418392	1.8591549295774648	9.0
