ID	Num. utterances	Num. tokens	Expression Lexicon Size (ELS)	Expression Variety (EV)	Expression Repetition (ER)	Voc. Overlap	ENTR	L	LMAX
dialogue_txt	19.0	439.0	51.0	0.11617312072892938	0.31890660592255127	0.2777777777777778	0.8511930528927132	1.2349397590361446	3.0
