ID	Num. utterances	Num. tokens	Expression Lexicon Size (ELS)	Expression Variety (EV)	Expression Repetition (ER)	Voc. Overlap	ENTR	L	LMAX
dialogue_txt	16.0	347.0	59.0	0.17002881844380405	0.3688760806916426	0.3793103448275862	1.0963774198796004	1.348993288590604	4.0
