ID	Num. utterances	Num. tokens	Expression Lexicon Size (ELS)	Expression Variety (EV)	Expression Repetition (ER)	Voc. Overlap	ENTR	L	LMAX
dialogue_txt	16.0	233.0	25.0	0.1072961373390558	0.21888412017167383	0.2112676056338028	0.6024308020404452	1.1470588235294117	2.0
