ID	Num. utterances	Num. tokens	Expression Lexicon Size (ELS)	Expression Variety (EV)	Expression Repetition (ER)	Voc. Overlap	ENTR	L	LMAX
dialogue_txt	15.0	235.0	40.0	0.1702127659574468	0.3617021276595745	0.41509433962264153	1.2545340674404386	1.4623655913978495	5.0
