ID	S1	S2	S1/Initiated Expression (IE_S1)	S1/Expression Repetition (ER_S1)	S1/tokens (%)	S2/Initiated Expression (IE_S2)	S2/Expression Repetition (ER_S2)	S2/tokens (%)	Voc. Overlap S1	Voc. Overlap S2	SR/S1/ELS	SR/S1/EV	SR/S1/ER	SR/S1/ENTR	SR/S1/L	SR/S1/LMAX	SR/S2/ELS	SR/S2/EV	SR/S2/ER	SR/S2/ENTR	SR/S2/L	SR/S2/LMAX
dialogue_txt	Human 1	Human 2	0.75	0.16216216216216217	0.5085910652920962	0.25	0.3916083916083916	0.49140893470790376	0.3917525773195876	0.4418604651162791	16.0	0.1032258064516129	0.2838709677419355	0.512709142030877	1.1142857142857143	2.0	23.0	0.152317880794702	0.4503311258278146	1.0988208745100363	1.3877551020408163	3.0
