ID	Num. utterances	Num. tokens	Expression Lexicon Size (ELS)	Expression Variety (EV)	Expression Repetition (ER)	Voc. Overlap	ENTR	L	LMAX
dialogue_txt	15.0	291.0	36.0	0.12371134020618557	0.27491408934707906	0.2620689655172414	0.5153777743249658	1.1121495327102804	3.0
