ID	Num. utterances	Num. tokens	Expression Lexicon Size (ELS)	Expression Variety (EV)	Expression Repetition (ER)	Voc. Overlap	ENTR	L	LMAX
dialogue_txt	13.0	184.0	28.0	0.15217391304347827	0.40217391304347827	0.38961038961038963	1.4180647054165356	1.7246376811594204	7.0
