ID	S1	S2	S1/Initiated Expression (IE_S1)	S1/Expression Repetition (ER_S1)	S1/tokens (%)	S2/Initiated Expression (IE_S2)	S2/Expression Repetition (ER_S2)	S2/tokens (%)	Voc. Overlap S1	Voc. Overlap S2	SR/S1/ELS	SR/S1/EV	SR/S1/ER	SR/S1/ENTR	SR/S1/L	SR/S1/LMAX	SR/S2/ELS	SR/S2/EV	SR/S2/ER	SR/S2/ENTR	SR/S2/L	SR/S2/LMAX
dialogue_txt	Human 1	Human 2	0.6744186046511628	0.31645569620253167	0.4831804281345566	0.32558139534883723	0.40236686390532544	0.5168195718654435	0.43478260869565216	0.4	22.0	0.13253012048192772	0.4397590361445783	1.0783220795483648	1.44	5.0	27.0	0.15168539325842698	0.46629213483146065	1.0352876825927722	1.328125	3.0
