ID	Num. utterances	Num. tokens	Expression Lexicon Size (ELS)	Expression Variety (EV)	Expression Repetition (ER)	Voc. Overlap	ENTR	L	LMAX
dialogue_txt	16.0	336.0	37.0	0.11011904761904762	0.27976190476190477	0.2702702702702703	0.816260058389222	1.221311475409836	4.0
