ID	Num. utterances	Num. tokens	Expression Lexicon Size (ELS)	Expression Variety (EV)	Expression Repetition (ER)	Voc. Overlap	ENTR	L	LMAX
dialogue_txt	14.0	205.0	33.0	0.16097560975609757	0.2975609756097561	0.3119266055045872	0.5349436990971067	1.1219512195121952	2.0
