ID	S1	S2	S1/Initiated Expression (IE_S1)	S1/Expression Repetition (ER_S1)	S1/tokens (%)	S2/Initiated Expression (IE_S2)	S2/Expression Repetition (ER_S2)	S2/tokens (%)	Voc. Overlap S1	Voc. Overlap S2	SR/S1/ELS	SR/S1/EV	SR/S1/ER	SR/S1/ENTR	SR/S1/L	SR/S1/LMAX	SR/S2/ELS	SR/S2/EV	SR/S2/ER	SR/S2/ENTR	SR/S2/L	SR/S2/LMAX
dialogue_txt	Human 1	Human 2	0.6666666666666666	0.2413793103448276	0.39322033898305087	0.3333333333333333	0.48044692737430167	0.6067796610169491	0.6125	0.4666666666666667	11.0	0.088	0.24	-0.0	1.0	1.0	33.0	0.1746031746031746	0.5238095238095238	0.5516699920020824	1.127906976744186	2.0
