ID	Num. utterances	Num. tokens	Expression Lexicon Size (ELS)	Expression Variety (EV)	Expression Repetition (ER)	Voc. Overlap	ENTR	L	LMAX
dialogue_txt	18.0	298.0	36.0	0.12080536912751678	0.29194630872483224	0.25735294117647056	0.6325219177851868	1.1478260869565218	3.0
