ID	S1	S2	S1/Initiated Expression (IE_S1)	S1/Expression Repetition (ER_S1)	S1/tokens (%)	S2/Initiated Expression (IE_S2)	S2/Expression Repetition (ER_S2)	S2/tokens (%)	Voc. Overlap S1	Voc. Overlap S2	SR/S1/ELS	SR/S1/EV	SR/S1/ER	SR/S1/ENTR	SR/S1/L	SR/S1/LMAX	SR/S2/ELS	SR/S2/EV	SR/S2/ER	SR/S2/ENTR	SR/S2/L	SR/S2/LMAX
dialogue_txt	Human 1	Human 2	0.8688524590163934	0.2127659574468085	0.5371428571428571	0.13114754098360656	0.6111111111111112	0.46285714285714286	0.5288461538461539	0.5789473684210527	22.0	0.1116751269035533	0.40609137055837563	0.9106559588025549	1.26	3.0	29.0	0.1695906432748538	0.5029239766081871	0.8290590693996658	1.2615384615384615	2.0
