ID	Num. utterances	Num. tokens	Expression Lexicon Size (ELS)	Expression Variety (EV)	Expression Repetition (ER)	Voc. Overlap	ENTR	L	LMAX
dialogue_txt	18.0	350.0	61.0	0.1742857142857143	0.39714285714285713	0.3819444444444444	0.8328837275556169	1.2258064516129032	3.0
