ID	S1	S2	S1/Initiated Expression (IE_S1)	S1/Expression Repetition (ER_S1)	S1/tokens (%)	S2/Initiated Expression (IE_S2)	S2/Expression Repetition (ER_S2)	S2/tokens (%)	Voc. Overlap S1	Voc. Overlap S2	SR/S1/ELS	SR/S1/EV	SR/S1/ER	SR/S1/ENTR	SR/S1/L	SR/S1/LMAX	SR/S2/ELS	SR/S2/EV	SR/S2/ER	SR/S2/ENTR	SR/S2/L	SR/S2/LMAX
dialogue_txt	Human 1	Human 2	0.5	0.21666666666666667	0.25210084033613445	0.5	0.14606741573033707	0.7478991596638656	0.43478260869565216	0.2	5.0	0.07246376811594203	0.17391304347826086	0.7219280948873623	1.2	2.0	22.0	0.11764705882352941	0.5026737967914439	1.434982686203409	2.0217391304347827	11.0
