ID	S1	S2	S1/Initiated Expression (IE_S1)	S1/Expression Repetition (ER_S1)	S1/tokens (%)	S2/Initiated Expression (IE_S2)	S2/Expression Repetition (ER_S2)	S2/tokens (%)	Voc. Overlap S1	Voc. Overlap S2	SR/S1/ELS	SR/S1/EV	SR/S1/ER	SR/S1/ENTR	SR/S1/L	SR/S1/LMAX	SR/S2/ELS	SR/S2/EV	SR/S2/ER	SR/S2/ENTR	SR/S2/L	SR/S2/LMAX
dialogue_txt	Human 1	Human 2	0.5	0.2822085889570552	0.5077881619937694	0.5	0.3037974683544304	0.49221183800623053	0.41	0.41	22.0	0.12941176470588237	0.40588235294117647	1.194545119186222	1.4893617021276595	3.0	25.0	0.15060240963855423	0.4578313253012048	0.7674439994966361	1.2982456140350878	6.0
