ID	S1	S2	S1/Initiated Expression (IE_S1)	S1/Expression Repetition (ER_S1)	S1/tokens (%)	S2/Initiated Expression (IE_S2)	S2/Expression Repetition (ER_S2)	S2/tokens (%)	Voc. Overlap S1	Voc. Overlap S2	SR/S1/ELS	SR/S1/EV	SR/S1/ER	SR/S1/ENTR	SR/S1/L	SR/S1/LMAX	SR/S2/ELS	SR/S2/EV	SR/S2/ER	SR/S2/ENTR	SR/S2/L	SR/S2/LMAX
dialogue_txt	Human 1	Human 2	0.6923076923076923	0.25	0.49473684210526314	0.3076923076923077	0.359375	0.5052631578947369	0.38461538461538464	0.36363636363636365	22.0	0.1116751269035533	0.40609137055837563	0.9106559588025549	1.26	3.0	32.0	0.15920398009950248	0.5174129353233831	1.781403315846587	1.8666666666666667	5.0
