ID	S1	S2	S1/Initiated Expression (IE_S1)	S1/Expression Repetition (ER_S1)	S1/tokens (%)	S2/Initiated Expression (IE_S2)	S2/Expression Repetition (ER_S2)	S2/tokens (%)	Voc. Overlap S1	Voc. Overlap S2	SR/S1/ELS	SR/S1/EV	SR/S1/ER	SR/S1/ENTR	SR/S1/L	SR/S1/LMAX	SR/S2/ELS	SR/S2/EV	SR/S2/ER	SR/S2/ENTR	SR/S2/L	SR/S2/LMAX
dialogue_txt	Human 1	Human 2	0.8222222222222222	0.1827956989247312	0.42081447963800905	0.17777777777777778	0.5390625	0.579185520361991	0.7246376811594203	0.5952380952380952	8.0	0.08	0.21	0.5225593745369408	1.1176470588235294	2.0	15.0	0.1111111111111111	0.32592592592592595	0.512709142030877	1.1142857142857143	2.0
