ID	Num. utterances	Num. tokens	Expression Lexicon Size (ELS)	Expression Variety (EV)	Expression Repetition (ER)	Voc. Overlap	ENTR	L	LMAX
dialogue_txt	13.0	189.0	31.0	0.164021164021164	0.2857142857142857	0.34782608695652173	0.6893925551021904	1.1688311688311688	3.0
