ID	Num. utterances	Num. tokens	Expression Lexicon Size (ELS)	Expression Variety (EV)	Expression Repetition (ER)	Voc. Overlap	ENTR	L	LMAX
dialogue_txt	15.0	251.0	46.0	0.18326693227091634	0.38645418326693226	0.41346153846153844	0.9448362756735308	1.2782608695652173	3.0
