ID	S1	S2	S1/Initiated Expression (IE_S1)	S1/Expression Repetition (ER_S1)	S1/tokens (%)	S2/Initiated Expression (IE_S2)	S2/Expression Repetition (ER_S2)	S2/tokens (%)	Voc. Overlap S1	Voc. Overlap S2	SR/S1/ELS	SR/S1/EV	SR/S1/ER	SR/S1/ENTR	SR/S1/L	SR/S1/LMAX	SR/S2/ELS	SR/S2/EV	SR/S2/ER	SR/S2/ENTR	SR/S2/L	SR/S2/LMAX
dialogue_txt	Human 1	Human 2	0.6176470588235294	0.21428571428571427	0.3902439024390244	0.38235294117647056	0.24571428571428572	0.6097560975609756	0.4155844155844156	0.3106796116504854	15.0	0.125	0.31666666666666665	0.43055186701043946	1.088235294117647	2.0	32.0	0.17486338797814208	0.5081967213114754	1.2135051481104377	1.4202898550724639	4.0
