ID	Num. utterances	Num. tokens	Expression Lexicon Size (ELS)	Expression Variety (EV)	Expression Repetition (ER)	Voc. Overlap	ENTR	L	LMAX
dialogue_txt	8.0	86.0	13.0	0.1511627906976744	0.26744186046511625	0.40425531914893614	1.3829457416591304	1.5769230769230769	3.0
