ID	Num. utterances	Num. tokens	Expression Lexicon Size (ELS)	Expression Variety (EV)	Expression Repetition (ER)	Voc. Overlap	ENTR	L	LMAX
dialogue_txt	18.0	206.0	20.0	0.0970873786407767	0.21844660194174756	0.22727272727272727	0.8793343951523034	1.2456140350877194	3.0
