ID	Num. utterances	Num. tokens	Expression Lexicon Size (ELS)	Expression Variety (EV)	Expression Repetition (ER)	Voc. Overlap	ENTR	L	LMAX
dialogue_txt	16.0	226.0	31.0	0.13716814159292035	0.2920353982300885	0.308411214953271	0.83849279506035	1.2289156626506024	3.0
