ID	Num. utterances	Num. tokens	Expression Lexicon Size (ELS)	Expression Variety (EV)	Expression Repetition (ER)	Voc. Overlap	ENTR	L	LMAX
dialogue_txt	16.0	277.0	25.0	0.09025270758122744	0.23826714801444043	0.19310344827586207	0.587311608997759	1.1411764705882352	2.0
