ID	S1	S2	S1/Initiated Expression (IE_S1)	S1/Expression Repetition (ER_S1)	S1/tokens (%)	S2/Initiated Expression (IE_S2)	S2/Expression Repetition (ER_S2)	S2/tokens (%)	Voc. Overlap S1	Voc. Overlap S2	SR/S1/ELS	SR/S1/EV	SR/S1/ER	SR/S1/ENTR	SR/S1/L	SR/S1/LMAX	SR/S2/ELS	SR/S2/EV	SR/S2/ER	SR/S2/ENTR	SR/S2/L	SR/S2/LMAX
dialogue_txt	Human 1	Human 2	0.68	0.16071428571428573	0.4043321299638989	0.32	0.2909090909090909	0.5956678700361011	0.3684210526315789	0.28865979381443296	11.0	0.09166666666666666	0.225	-0.0	1.0	1.0	28.0	0.16184971098265896	0.5028901734104047	1.6063789506562656	1.7037037037037037	4.0
