ID	S1	S2	S1/Initiated Expression (IE_S1)	S1/Expression Repetition (ER_S1)	S1/tokens (%)	S2/Initiated Expression (IE_S2)	S2/Expression Repetition (ER_S2)	S2/tokens (%)	Voc. Overlap S1	Voc. Overlap S2	SR/S1/ELS	SR/S1/EV	SR/S1/ER	SR/S1/ENTR	SR/S1/L	SR/S1/LMAX	SR/S2/ELS	SR/S2/EV	SR/S2/ER	SR/S2/ENTR	SR/S2/L	SR/S2/LMAX
dialogue_txt	Human 1	Human 2	0.8181818181818182	0.0979020979020979	0.5238095238095238	0.18181818181818182	0.45384615384615384	0.47619047619047616	0.3173076923076923	0.5076923076923077	14.0	0.09333333333333334	0.26	0.32984607020714635	1.0606060606060606	2.0	24.0	0.17518248175182483	0.6423357664233577	1.8438254648845456	2.0444444444444443	8.0
