ID	Num. utterances	Num. tokens	Expression Lexicon Size (ELS)	Expression Variety (EV)	Expression Repetition (ER)	Voc. Overlap	ENTR	L	LMAX
dialogue_txt	15.0	182.0	29.0	0.15934065934065933	0.2857142857142857	0.4025974025974026	0.46506984488164627	1.0987654320987654	2.0
