ID	S1	S2	S1/Initiated Expression (IE_S1)	S1/Expression Repetition (ER_S1)	S1/tokens (%)	S2/Initiated Expression (IE_S2)	S2/Expression Repetition (ER_S2)	S2/tokens (%)	Voc. Overlap S1	Voc. Overlap S2	SR/S1/ELS	SR/S1/EV	SR/S1/ER	SR/S1/ENTR	SR/S1/L	SR/S1/LMAX	SR/S2/ELS	SR/S2/EV	SR/S2/ER	SR/S2/ENTR	SR/S2/L	SR/S2/LMAX
dialogue_txt	Human 1	Human 2	0.8035714285714286	0.1702127659574468	0.5266106442577031	0.19642857142857142	0.5680473372781065	0.4733893557422969	0.5096153846153846	0.5096153846153846	22.0	0.1116751269035533	0.40609137055837563	0.9106559588025549	1.26	3.0	30.0	0.16853932584269662	0.5112359550561798	0.524805134842907	1.118421052631579	2.0
