ID	S1	S2	S1/Initiated Expression (IE_S1)	S1/Expression Repetition (ER_S1)	S1/tokens (%)	S2/Initiated Expression (IE_S2)	S2/Expression Repetition (ER_S2)	S2/tokens (%)	Voc. Overlap S1	Voc. Overlap S2	SR/S1/ELS	SR/S1/EV	SR/S1/ER	SR/S1/ENTR	SR/S1/L	SR/S1/LMAX	SR/S2/ELS	SR/S2/EV	SR/S2/ER	SR/S2/ENTR	SR/S2/L	SR/S2/LMAX
dialogue_txt	Human 1	Human 2	0.725	0.18	0.4032258064516129	0.275	0.4594594594594595	0.5967741935483871	0.5512820512820513	0.4942528735632184	11.0	0.102803738317757	0.21495327102803738	-0.0	1.0	1.0	27.0	0.17307692307692307	0.5448717948717948	1.4256924581097632	1.803921568627451	6.0
