ID	S1	S2	S1/Initiated Expression (IE_S1)	S1/Expression Repetition (ER_S1)	S1/tokens (%)	S2/Initiated Expression (IE_S2)	S2/Expression Repetition (ER_S2)	S2/tokens (%)	Voc. Overlap S1	Voc. Overlap S2	SR/S1/ELS	SR/S1/EV	SR/S1/ER	SR/S1/ENTR	SR/S1/L	SR/S1/LMAX	SR/S2/ELS	SR/S2/EV	SR/S2/ER	SR/S2/ENTR	SR/S2/L	SR/S2/LMAX
dialogue_txt	Human 1	Human 2	0.7659574468085106	0.1732283464566929	0.4618181818181818	0.23404255319148937	0.4594594594594595	0.5381818181818182	0.5853658536585366	0.5393258426966292	17.0	0.1259259259259259	0.34074074074074073	0.6394571324851641	1.162162162162162	2.0	24.0	0.15384615384615385	0.4935897435897436	0.5821234801200702	1.3157894736842106	8.0
