ID	Num. utterances	Num. tokens	Expression Lexicon Size (ELS)	Expression Variety (EV)	Expression Repetition (ER)	Voc. Overlap	ENTR	L	LMAX
dialogue_txt	18.0	265.0	32.0	0.12075471698113208	0.26037735849056604	0.2706766917293233	0.6947570868163	1.1868131868131868	2.0
