ID	S1	S2	S1/Initiated Expression (IE_S1)	S1/Expression Repetition (ER_S1)	S1/tokens (%)	S2/Initiated Expression (IE_S2)	S2/Expression Repetition (ER_S2)	S2/tokens (%)	Voc. Overlap S1	Voc. Overlap S2	SR/S1/ELS	SR/S1/EV	SR/S1/ER	SR/S1/ENTR	SR/S1/L	SR/S1/LMAX	SR/S2/ELS	SR/S2/EV	SR/S2/ER	SR/S2/ENTR	SR/S2/L	SR/S2/LMAX
dialogue_txt	Human 1	Human 2	0.71875	0.14960629921259844	0.625615763546798	0.28125	0.5789473684210527	0.37438423645320196	0.37037037037037035	0.7894736842105263	16.0	0.11940298507462686	0.34328358208955223	0.6394571324851641	1.162162162162162	2.0	19.0	0.2261904761904762	0.5833333333333334	1.134969974603941	1.3888888888888888	3.0
