ID	Num. utterances	Num. tokens	Expression Lexicon Size (ELS)	Expression Variety (EV)	Expression Repetition (ER)	Voc. Overlap	ENTR	L	LMAX
dialogue_txt	15.0	252.0	35.0	0.1388888888888889	0.30952380952380953	0.3050847457627119	1.254625365353899	1.4719101123595506	5.0
