ID	S1	S2	S1/Initiated Expression (IE_S1)	S1/Expression Repetition (ER_S1)	S1/tokens (%)	S2/Initiated Expression (IE_S2)	S2/Expression Repetition (ER_S2)	S2/tokens (%)	Voc. Overlap S1	Voc. Overlap S2	SR/S1/ELS	SR/S1/EV	SR/S1/ER	SR/S1/ENTR	SR/S1/L	SR/S1/LMAX	SR/S2/ELS	SR/S2/EV	SR/S2/ER	SR/S2/ENTR	SR/S2/L	SR/S2/LMAX
dialogue_txt	Human 1	Human 2	0.9393939393939394	0.08695652173913043	0.4233128834355828	0.06060606060606061	0.6595744680851063	0.5766871165644172	0.6491228070175439	0.6491228070175439	6.0	0.07894736842105263	0.18421052631578946	-0.0	1.0	1.0	16.0	0.1568627450980392	0.4411764705882353	0.6500224216483541	1.1666666666666667	2.0
