ID	Num. utterances	Num. tokens	Expression Lexicon Size (ELS)	Expression Variety (EV)	Expression Repetition (ER)	Voc. Overlap	ENTR	L	LMAX
dialogue_txt	15.0	163.0	33.0	0.20245398773006135	0.4171779141104294	0.4805194805194805	0.9821914812600294	1.3333333333333333	4.0
