ID	S1	S2	S1/Initiated Expression (IE_S1)	S1/Expression Repetition (ER_S1)	S1/tokens (%)	S2/Initiated Expression (IE_S2)	S2/Expression Repetition (ER_S2)	S2/tokens (%)	Voc. Overlap S1	Voc. Overlap S2	SR/S1/ELS	SR/S1/EV	SR/S1/ER	SR/S1/ENTR	SR/S1/L	SR/S1/LMAX	SR/S2/ELS	SR/S2/EV	SR/S2/ER	SR/S2/ENTR	SR/S2/L	SR/S2/LMAX
dialogue_txt	Human 1	Human 2	0.5517241379310345	0.2116788321167883	0.4491803278688525	0.4482758620689655	0.23809523809523808	0.5508196721311476	0.38636363636363635	0.3177570093457944	19.0	0.1310344827586207	0.36551724137931035	0.693127415328288	1.186046511627907	2.0	25.0	0.14124293785310735	0.4350282485875706	0.9495753745008104	1.3157894736842106	4.0
