ID	Num. utterances	Num. tokens	Expression Lexicon Size (ELS)	Expression Variety (EV)	Expression Repetition (ER)	Voc. Overlap	ENTR	L	LMAX
dialogue_txt	8.0	123.0	20.0	0.16260162601626016	0.2764227642276423	0.3484848484848485	0.9938972639364227	1.3181818181818181	3.0
