ID	S1	S2	S1/Initiated Expression (IE_S1)	S1/Expression Repetition (ER_S1)	S1/tokens (%)	S2/Initiated Expression (IE_S2)	S2/Expression Repetition (ER_S2)	S2/tokens (%)	Voc. Overlap S1	Voc. Overlap S2	SR/S1/ELS	SR/S1/EV	SR/S1/ER	SR/S1/ENTR	SR/S1/L	SR/S1/LMAX	SR/S2/ELS	SR/S2/EV	SR/S2/ER	SR/S2/ENTR	SR/S2/L	SR/S2/LMAX
dialogue_txt	Human 1	Human 2	0.8723404255319149	0.08791208791208792	0.37916666666666665	0.1276595744680851	0.5503355704697986	0.6208333333333333	0.6461538461538462	0.525	12.0	0.12121212121212122	0.2828282828282828	-0.0	1.0	1.0	33.0	0.21019108280254778	0.554140127388535	0.951831860194357	1.2878787878787878	4.0
