ID	S1	S2	S1/Initiated Expression (IE_S1)	S1/Expression Repetition (ER_S1)	S1/tokens (%)	S2/Initiated Expression (IE_S2)	S2/Expression Repetition (ER_S2)	S2/tokens (%)	Voc. Overlap S1	Voc. Overlap S2	SR/S1/ELS	SR/S1/EV	SR/S1/ER	SR/S1/ENTR	SR/S1/L	SR/S1/LMAX	SR/S2/ELS	SR/S2/EV	SR/S2/ER	SR/S2/ENTR	SR/S2/L	SR/S2/LMAX
dialogue_txt	Human 1	Human 2	0.8979591836734694	0.1510791366906475	0.476027397260274	0.10204081632653061	0.6405228758169934	0.523972602739726	0.5340909090909091	0.6025641025641025	17.0	0.11643835616438356	0.3698630136986301	0.9707450578356165	1.394736842105263	5.0	30.0	0.1875	0.6125	1.63456375543964	1.9056603773584906	8.0
