ID	Num. utterances	Num. tokens	Expression Lexicon Size (ELS)	Expression Variety (EV)	Expression Repetition (ER)	Voc. Overlap	ENTR	L	LMAX
dialogue_txt	18.0	280.0	38.0	0.1357142857142857	0.34285714285714286	0.3448275862068966	1.1260644324672877	1.5263157894736843	8.0
