ID	Num. utterances	Num. tokens	Expression Lexicon Size (ELS)	Expression Variety (EV)	Expression Repetition (ER)	Voc. Overlap	ENTR	L	LMAX
dialogue_txt	16.0	245.0	42.0	0.17142857142857143	0.3469387755102041	0.3898305084745763	1.2157558675906674	1.5376344086021505	7.0
