ID	Num. utterances	Num. tokens	Expression Lexicon Size (ELS)	Expression Variety (EV)	Expression Repetition (ER)	Voc. Overlap	ENTR	L	LMAX
dialogue_txt	13.0	162.0	19.0	0.11728395061728394	0.20987654320987653	0.25882352941176473	1.0197273898075117	1.391304347826087	3.0
