ID	S1	S2	S1/Initiated Expression (IE_S1)	S1/Expression Repetition (ER_S1)	S1/tokens (%)	S2/Initiated Expression (IE_S2)	S2/Expression Repetition (ER_S2)	S2/tokens (%)	Voc. Overlap S1	Voc. Overlap S2	SR/S1/ELS	SR/S1/EV	SR/S1/ER	SR/S1/ENTR	SR/S1/L	SR/S1/LMAX	SR/S2/ELS	SR/S2/EV	SR/S2/ER	SR/S2/ENTR	SR/S2/L	SR/S2/LMAX
dialogue_txt	Human 1	Human 2	0.6111111111111112	0.13559322033898305	0.2822966507177033	0.3888888888888889	0.21333333333333335	0.7177033492822966	0.4186046511627907	0.20224719101123595	8.0	0.11940298507462686	0.31343283582089554	-0.0	1.0	1.0	24.0	0.1518987341772152	0.43037974683544306	0.9989741735655446	1.346938775510204	4.0
