ID	S1	S2	S1/Initiated Expression (IE_S1)	S1/Expression Repetition (ER_S1)	S1/tokens (%)	S2/Initiated Expression (IE_S2)	S2/Expression Repetition (ER_S2)	S2/tokens (%)	Voc. Overlap S1	Voc. Overlap S2	SR/S1/ELS	SR/S1/EV	SR/S1/ER	SR/S1/ENTR	SR/S1/L	SR/S1/LMAX	SR/S2/ELS	SR/S2/EV	SR/S2/ER	SR/S2/ENTR	SR/S2/L	SR/S2/LMAX
dialogue_txt	Human 1	Human 2	0.6666666666666666	0.12	0.40160642570281124	0.3333333333333333	0.3825503355704698	0.5983935742971888	0.5	0.40625	11.0	0.102803738317757	0.21495327102803738	-0.0	1.0	1.0	25.0	0.1592356687898089	0.4267515923566879	0.5983474220910422	1.1454545454545455	2.0
