ID	Num. utterances	Num. tokens	Expression Lexicon Size (ELS)	Expression Variety (EV)	Expression Repetition (ER)	Voc. Overlap	ENTR	L	LMAX
dialogue_txt	13.0	191.0	34.0	0.17801047120418848	0.38219895287958117	0.38636363636363635	1.4422324020766824	1.6911764705882353	7.0
