ID	S1	S2	S1/Initiated Expression (IE_S1)	S1/Expression Repetition (ER_S1)	S1/tokens (%)	S2/Initiated Expression (IE_S2)	S2/Expression Repetition (ER_S2)	S2/tokens (%)	Voc. Overlap S1	Voc. Overlap S2	SR/S1/ELS	SR/S1/EV	SR/S1/ER	SR/S1/ENTR	SR/S1/L	SR/S1/LMAX	SR/S2/ELS	SR/S2/EV	SR/S2/ER	SR/S2/ENTR	SR/S2/L	SR/S2/LMAX
dialogue_txt	Human 1	Human 2	0.7536231884057971	0.14342629482071714	0.5653153153153153	0.2463768115942029	0.5803108808290155	0.4346846846846847	0.4527027027027027	0.6090909090909091	33.0	0.12692307692307692	0.38076923076923075	1.0120119515886774	1.3142857142857143	3.0	30.0	0.1477832512315271	0.4975369458128079	0.9255064648906712	1.3835616438356164	6.0
