ID	Num. utterances	Num. tokens	Expression Lexicon Size (ELS)	Expression Variety (EV)	Expression Repetition (ER)	Voc. Overlap	ENTR	L	LMAX
dialogue_txt	16.0	279.0	43.0	0.15412186379928317	0.3333333333333333	0.3383458646616541	0.6311721375582972	1.1472868217054264	3.0
