ID	Num. utterances	Num. tokens	Expression Lexicon Size (ELS)	Expression Variety (EV)	Expression Repetition (ER)	Voc. Overlap	ENTR	L	LMAX
dialogue_txt	16.0	229.0	28.0	0.1222707423580786	0.29694323144104806	0.25925925925925924	0.5403651258269957	1.1219512195121952	3.0
