ID	Num. utterances	Num. tokens	Expression Lexicon Size (ELS)	Expression Variety (EV)	Expression Repetition (ER)	Voc. Overlap	ENTR	L	LMAX
dialogue_txt	15.0	309.0	31.0	0.10032362459546926	0.27184466019417475	0.23841059602649006	0.7111928845739228	1.180952380952381	3.0
