ID	Num. utterances	Num. tokens	Expression Lexicon Size (ELS)	Expression Variety (EV)	Expression Repetition (ER)	Voc. Overlap	ENTR	L	LMAX
dialogue_txt	15.0	263.0	30.0	0.11406844106463879	0.25475285171102663	0.22377622377622378	0.8394822050366078	1.2317073170731707	3.0
