ID	S1	S2	S1/Initiated Expression (IE_S1)	S1/Expression Repetition (ER_S1)	S1/tokens (%)	S2/Initiated Expression (IE_S2)	S2/Expression Repetition (ER_S2)	S2/tokens (%)	Voc. Overlap S1	Voc. Overlap S2	SR/S1/ELS	SR/S1/EV	SR/S1/ER	SR/S1/ENTR	SR/S1/L	SR/S1/LMAX	SR/S2/ELS	SR/S2/EV	SR/S2/ER	SR/S2/ENTR	SR/S2/L	SR/S2/LMAX
dialogue_txt	Human 1	Human 2	0.7948717948717948	0.11224489795918367	0.36162361623616235	0.20512820512820512	0.4046242774566474	0.6383763837638377	0.6268656716417911	0.44680851063829785	12.0	0.11214953271028037	0.2616822429906542	0.4021791902022728	1.08	2.0	32.0	0.17582417582417584	0.532967032967033	0.9192219920264416	1.267605633802817	3.0
