ID	Num. utterances	Num. tokens	Expression Lexicon Size (ELS)	Expression Variety (EV)	Expression Repetition (ER)	Voc. Overlap	ENTR	L	LMAX
dialogue_txt	16.0	167.0	23.0	0.1377245508982036	0.2754491017964072	0.31645569620253167	0.795760545007406	1.2419354838709677	4.0
