ID	Num. utterances	Num. tokens	Expression Lexicon Size (ELS)	Expression Variety (EV)	Expression Repetition (ER)	Voc. Overlap	ENTR	L	LMAX
dialogue_txt	14.0	247.0	24.0	0.09716599190283401	0.22672064777327935	0.22137404580152673	0.897587288040868	1.2567567567567568	3.0
