ID	Num. utterances	Num. tokens	Expression Lexicon Size (ELS)	Expression Variety (EV)	Expression Repetition (ER)	Voc. Overlap	ENTR	L	LMAX
dialogue_txt	15.0	217.0	26.0	0.11981566820276497	0.24423963133640553	0.2413793103448276	0.8984876907485482	1.2741935483870968	3.0
