ID	S1	S2	S1/Initiated Expression (IE_S1)	S1/Expression Repetition (ER_S1)	S1/tokens (%)	S2/Initiated Expression (IE_S2)	S2/Expression Repetition (ER_S2)	S2/tokens (%)	Voc. Overlap S1	Voc. Overlap S2	SR/S1/ELS	SR/S1/EV	SR/S1/ER	SR/S1/ENTR	SR/S1/L	SR/S1/LMAX	SR/S2/ELS	SR/S2/EV	SR/S2/ER	SR/S2/ENTR	SR/S2/L	SR/S2/LMAX
dialogue_txt	Human 1	Human 2	0.6153846153846154	0.15476190476190477	0.3870967741935484	0.38461538461538464	0.3007518796992481	0.6129032258064516	0.45901639344262296	0.3373493975903614	9.0	0.0989010989010989	0.23076923076923078	-0.0	1.0	1.0	22.0	0.15602836879432624	0.45390070921985815	0.9003383297995279	1.297872340425532	4.0
