ID	Num. utterances	Num. tokens	Expression Lexicon Size (ELS)	Expression Variety (EV)	Expression Repetition (ER)	Voc. Overlap	ENTR	L	LMAX
dialogue_txt	16.0	233.0	47.0	0.2017167381974249	0.38626609442060084	0.41284403669724773	1.2151559788654287	1.4166666666666667	4.0
