ID	Num. utterances	Num. tokens	Expression Lexicon Size (ELS)	Expression Variety (EV)	Expression Repetition (ER)	Voc. Overlap	ENTR	L	LMAX
dialogue_txt	16.0	253.0	33.0	0.13043478260869565	0.3438735177865613	0.33636363636363636	1.517131254218951	1.6428571428571428	5.0
