ID	S1	S2	S1/Initiated Expression (IE_S1)	S1/Expression Repetition (ER_S1)	S1/tokens (%)	S2/Initiated Expression (IE_S2)	S2/Expression Repetition (ER_S2)	S2/tokens (%)	Voc. Overlap S1	Voc. Overlap S2	SR/S1/ELS	SR/S1/EV	SR/S1/ER	SR/S1/ENTR	SR/S1/L	SR/S1/LMAX	SR/S2/ELS	SR/S2/EV	SR/S2/ER	SR/S2/ENTR	SR/S2/L	SR/S2/LMAX
dialogue_txt	Human 1	Human 2	0.7666666666666667	0.19230769230769232	0.6341463414634146	0.23333333333333334	0.6533333333333333	0.36585365853658536	0.3953488372093023	0.7727272727272727	14.0	0.10218978102189781	0.3357664233576642	0.4854607607459134	1.105263157894737	2.0	17.0	0.20481927710843373	0.5421686746987951	0.4618817047103702	1.1282051282051282	3.0
