ID	Num. utterances	Num. tokens	Expression Lexicon Size (ELS)	Expression Variety (EV)	Expression Repetition (ER)	Voc. Overlap	ENTR	L	LMAX
dialogue_txt	16.0	209.0	40.0	0.19138755980861244	0.33014354066985646	0.39603960396039606	1.00727994191677	1.3076923076923077	4.0
