ID	Num. utterances	Num. tokens	Expression Lexicon Size (ELS)	Expression Variety (EV)	Expression Repetition (ER)	Voc. Overlap	ENTR	L	LMAX
dialogue_txt	14.0	295.0	39.0	0.13220338983050847	0.2542372881355932	0.24390243902439024	0.5490366098153532	1.1442307692307692	4.0
