ID	Num. utterances	Num. tokens	Expression Lexicon Size (ELS)	Expression Variety (EV)	Expression Repetition (ER)	Voc. Overlap	ENTR	L	LMAX
dialogue_txt	16.0	210.0	32.0	0.1523809523809524	0.34285714285714286	0.35714285714285715	1.1742607612342637	1.4805194805194806	5.0
