ID	Num. utterances	Num. tokens	Expression Lexicon Size (ELS)	Expression Variety (EV)	Expression Repetition (ER)	Voc. Overlap	ENTR	L	LMAX
dialogue_txt	15.0	264.0	27.0	0.10227272727272728	0.22727272727272727	0.19285714285714287	0.9984861651076344	1.3076923076923077	4.0
