ID	Num. utterances	Num. tokens	Expression Lexicon Size (ELS)	Expression Variety (EV)	Expression Repetition (ER)	Voc. Overlap	ENTR	L	LMAX
dialogue_txt	16.0	180.0	37.0	0.20555555555555555	0.49444444444444446	0.5142857142857142	0.9051686200591932	1.2574257425742574	3.0
