ID	Num. utterances	Num. tokens	Expression Lexicon Size (ELS)	Expression Variety (EV)	Expression Repetition (ER)	Voc. Overlap	ENTR	L	LMAX
dialogue_txt	15.0	287.0	38.0	0.13240418118466898	0.30662020905923343	0.273972602739726	0.706064518434055	1.1926605504587156	4.0
