ID	S1	S2	S1/Initiated Expression (IE_S1)	S1/Expression Repetition (ER_S1)	S1/tokens (%)	S2/Initiated Expression (IE_S2)	S2/Expression Repetition (ER_S2)	S2/tokens (%)	Voc. Overlap S1	Voc. Overlap S2	SR/S1/ELS	SR/S1/EV	SR/S1/ER	SR/S1/ENTR	SR/S1/L	SR/S1/LMAX	SR/S2/ELS	SR/S2/EV	SR/S2/ER	SR/S2/ENTR	SR/S2/L	SR/S2/LMAX
dialogue_txt	Human 1	Human 2	0.5454545454545454	0.1794871794871795	0.40344827586206894	0.45454545454545453	0.2138728323699422	0.596551724137931	0.34782608695652173	0.24489795918367346	19.0	0.15079365079365079	0.4126984126984127	1.242370874393215	1.457142857142857	3.0	29.0	0.15934065934065933	0.521978021978022	1.3399406655703816	1.6451612903225807	5.0
