ID	Num. utterances	Num. tokens	Expression Lexicon Size (ELS)	Expression Variety (EV)	Expression Repetition (ER)	Voc. Overlap	ENTR	L	LMAX
dialogue_txt	16.0	335.0	51.0	0.15223880597014924	0.3492537313432836	0.34415584415584416	0.7438987452884342	1.2112676056338028	2.0
