ID	Num. utterances	Num. tokens	Expression Lexicon Size (ELS)	Expression Variety (EV)	Expression Repetition (ER)	Voc. Overlap	ENTR	L	LMAX
dialogue_txt	21.0	334.0	38.0	0.11377245508982035	0.2275449101796407	0.2468354430379747	0.8793343951523034	1.2456140350877194	3.0
