ID	S1	S2	S1/Initiated Expression (IE_S1)	S1/Expression Repetition (ER_S1)	S1/tokens (%)	S2/Initiated Expression (IE_S2)	S2/Expression Repetition (ER_S2)	S2/tokens (%)	Voc. Overlap S1	Voc. Overlap S2	SR/S1/ELS	SR/S1/EV	SR/S1/ER	SR/S1/ENTR	SR/S1/L	SR/S1/LMAX	SR/S2/ELS	SR/S2/EV	SR/S2/ER	SR/S2/ENTR	SR/S2/L	SR/S2/LMAX
dialogue_txt	Human 1	Human 2	0.7547169811320755	0.19230769230769232	0.4676258992805755	0.24528301886792453	0.6148648648648649	0.5323741007194245	0.5581395348837209	0.676056338028169	14.0	0.10218978102189781	0.3357664233576642	0.4854607607459134	1.105263157894737	2.0	36.0	0.23076923076923078	0.6602564102564102	1.3431355064293682	1.5068493150684932	4.0
