ID	S1	S2	S1/Initiated Expression (IE_S1)	S1/Expression Repetition (ER_S1)	S1/tokens (%)	S2/Initiated Expression (IE_S2)	S2/Expression Repetition (ER_S2)	S2/tokens (%)	Voc. Overlap S1	Voc. Overlap S2	SR/S1/ELS	SR/S1/EV	SR/S1/ER	SR/S1/ENTR	SR/S1/L	SR/S1/LMAX	SR/S2/ELS	SR/S2/EV	SR/S2/ER	SR/S2/ENTR	SR/S2/L	SR/S2/LMAX
dialogue_txt	Human 1	Human 2	0.8421052631578947	0.10666666666666667	0.33482142857142855	0.15789473684210525	0.19463087248322147	0.6651785714285714	0.32786885245901637	0.28169014084507044	7.0	0.08433734939759036	0.18072289156626506	0.6193821946787638	1.1538461538461537	2.0	28.0	0.17834394904458598	0.6560509554140127	1.7422902826952376	2.056603773584906	9.0
