ID	Num. utterances	Num. tokens	Expression Lexicon Size (ELS)	Expression Variety (EV)	Expression Repetition (ER)	Voc. Overlap	ENTR	L	LMAX
dialogue_txt	14.0	294.0	48.0	0.16326530612244897	0.391156462585034	0.3779527559055118	0.8895287767200764	1.27007299270073	4.0
