ID	Num. utterances	Num. tokens	Expression Lexicon Size (ELS)	Expression Variety (EV)	Expression Repetition (ER)	Voc. Overlap	ENTR	L	LMAX
dialogue_txt	16.0	343.0	59.0	0.17201166180758018	0.4489795918367347	0.39849624060150374	1.0606816440203775	1.3454545454545455	5.0
