ID	Num. utterances	Num. tokens	Expression Lexicon Size (ELS)	Expression Variety (EV)	Expression Repetition (ER)	Voc. Overlap	ENTR	L	LMAX
dialogue_txt	16.0	215.0	35.0	0.16279069767441862	0.3627906976744186	0.35353535353535354	0.8747689961890864	1.288888888888889	4.0
