ID	Num. utterances	Num. tokens	Expression Lexicon Size (ELS)	Expression Variety (EV)	Expression Repetition (ER)	Voc. Overlap	ENTR	L	LMAX
dialogue_txt	15.0	229.0	36.0	0.1572052401746725	0.34934497816593885	0.3274336283185841	1.1650876273701312	1.430232558139535	3.0
