ID	Num. utterances	Num. tokens	Expression Lexicon Size (ELS)	Expression Variety (EV)	Expression Repetition (ER)	Voc. Overlap	ENTR	L	LMAX
dialogue_txt	15.0	168.0	22.0	0.13095238095238096	0.23809523809523808	0.29411764705882354	0.7244709806926934	1.1833333333333333	3.0
