ID	S1	S2	S1/Initiated Expression (IE_S1)	S1/Expression Repetition (ER_S1)	S1/tokens (%)	S2/Initiated Expression (IE_S2)	S2/Expression Repetition (ER_S2)	S2/tokens (%)	Voc. Overlap S1	Voc. Overlap S2	SR/S1/ELS	SR/S1/EV	SR/S1/ER	SR/S1/ENTR	SR/S1/L	SR/S1/LMAX	SR/S2/ELS	SR/S2/EV	SR/S2/ER	SR/S2/ENTR	SR/S2/L	SR/S2/LMAX
dialogue_txt	Human 1	Human 2	0.8181818181818182	0.10909090909090909	0.3273809523809524	0.18181818181818182	0.3008849557522124	0.6726190476190477	0.5952380952380952	0.36764705882352944	5.0	0.08064516129032258	0.1935483870967742	0.8112781244591328	1.5	3.0	18.0	0.1487603305785124	0.4049586776859504	1.0529407605626346	1.3333333333333333	3.0
