ID	S1	S2	S1/Initiated Expression (IE_S1)	S1/Expression Repetition (ER_S1)	S1/tokens (%)	S2/Initiated Expression (IE_S2)	S2/Expression Repetition (ER_S2)	S2/tokens (%)	Voc. Overlap S1	Voc. Overlap S2	SR/S1/ELS	SR/S1/EV	SR/S1/ER	SR/S1/ENTR	SR/S1/L	SR/S1/LMAX	SR/S2/ELS	SR/S2/EV	SR/S2/ER	SR/S2/ENTR	SR/S2/L	SR/S2/LMAX
dialogue_txt	Human 1	Human 2	0.7096774193548387	0.20833333333333334	0.366412213740458	0.2903225806451613	0.28313253012048195	0.6335877862595419	0.4838709677419355	0.30612244897959184	14.0	0.1346153846153846	0.33653846153846156	0.34511731494495296	1.064516129032258	2.0	25.0	0.14367816091954022	0.45977011494252873	1.366307449854109	1.509090909090909	4.0
