ID	S1	S2	S1/Initiated Expression (IE_S1)	S1/Expression Repetition (ER_S1)	S1/tokens (%)	S2/Initiated Expression (IE_S2)	S2/Expression Repetition (ER_S2)	S2/tokens (%)	Voc. Overlap S1	Voc. Overlap S2	SR/S1/ELS	SR/S1/EV	SR/S1/ER	SR/S1/ENTR	SR/S1/L	SR/S1/LMAX	SR/S2/ELS	SR/S2/EV	SR/S2/ER	SR/S2/ENTR	SR/S2/L	SR/S2/LMAX
dialogue_txt	Human 1	Human 2	0.7941176470588235	0.1111111111111111	0.2987551867219917	0.20588235294117646	0.40236686390532544	0.7012448132780082	0.5925925925925926	0.35555555555555557	9.0	0.1111111111111111	0.2716049382716049	0.4689955935892812	1.1	2.0	31.0	0.17415730337078653	0.550561797752809	0.982603209743067	1.4242424242424243	7.0
