ID	S1	S2	S1/Initiated Expression (IE_S1)	S1/Expression Repetition (ER_S1)	S1/tokens (%)	S2/Initiated Expression (IE_S2)	S2/Expression Repetition (ER_S2)	S2/tokens (%)	Voc. Overlap S1	Voc. Overlap S2	SR/S1/ELS	SR/S1/EV	SR/S1/ER	SR/S1/ENTR	SR/S1/L	SR/S1/LMAX	SR/S2/ELS	SR/S2/EV	SR/S2/ER	SR/S2/ENTR	SR/S2/L	SR/S2/LMAX
dialogue_txt	Human 1	Human 2	0.7636363636363637	0.2074468085106383	0.5595238095238095	0.23636363636363636	0.43243243243243246	0.44047619047619047	0.4807692307692308	0.5208333333333334	22.0	0.1116751269035533	0.40609137055837563	0.9106559588025549	1.26	3.0	23.0	0.1464968152866242	0.3885350318471338	0.6343095546405662	1.16	2.0
