ID	S1	S2	S1/Initiated Expression (IE_S1)	S1/Expression Repetition (ER_S1)	S1/tokens (%)	S2/Initiated Expression (IE_S2)	S2/Expression Repetition (ER_S2)	S2/tokens (%)	Voc. Overlap S1	Voc. Overlap S2	SR/S1/ELS	SR/S1/EV	SR/S1/ER	SR/S1/ENTR	SR/S1/L	SR/S1/LMAX	SR/S2/ELS	SR/S2/EV	SR/S2/ER	SR/S2/ENTR	SR/S2/L	SR/S2/LMAX
dialogue_txt	Human 1	Human 2	0.8235294117647058	0.16901408450704225	0.3837837837837838	0.17647058823529413	0.5701754385964912	0.6162162162162163	0.6481481481481481	0.5737704918032787	7.0	0.08860759493670886	0.21518987341772153	0.5916727785823274	1.1428571428571428	2.0	25.0	0.20491803278688525	0.5655737704918032	1.0279797517015115	1.4081632653061225	3.0
