ID	S1	S2	S1/Initiated Expression (IE_S1)	S1/Expression Repetition (ER_S1)	S1/tokens (%)	S2/Initiated Expression (IE_S2)	S2/Expression Repetition (ER_S2)	S2/tokens (%)	Voc. Overlap S1	Voc. Overlap S2	SR/S1/ELS	SR/S1/EV	SR/S1/ER	SR/S1/ENTR	SR/S1/L	SR/S1/LMAX	SR/S2/ELS	SR/S2/EV	SR/S2/ER	SR/S2/ENTR	SR/S2/L	SR/S2/LMAX
dialogue_txt	Human 1	Human 2	0.8648648648648649	0.11363636363636363	0.42718446601941745	0.13513513513513514	0.576271186440678	0.5728155339805825	0.5492957746478874	0.527027027027027	4.0	0.042105263157894736	0.16842105263157894	0.7219280948873623	1.4	3.0	21.0	0.16666666666666666	0.4365079365079365	0.419921097375718	1.0851063829787233	2.0
