ID	Num. utterances	Num. tokens	Expression Lexicon Size (ELS)	Expression Variety (EV)	Expression Repetition (ER)	Voc. Overlap	ENTR	L	LMAX
dialogue_txt	16.0	289.0	45.0	0.15570934256055363	0.3217993079584775	0.35555555555555557	0.8342794383961564	1.2520325203252032	5.0
