ID	Num. utterances	Num. tokens	Expression Lexicon Size (ELS)	Expression Variety (EV)	Expression Repetition (ER)	Voc. Overlap	ENTR	L	LMAX
dialogue_txt	17.0	237.0	34.0	0.14345991561181434	0.2742616033755274	0.3148148148148148	1.3719219686738142	1.5384615384615385	5.0
