ID	S1	S2	S1/Initiated Expression (IE_S1)	S1/Expression Repetition (ER_S1)	S1/tokens (%)	S2/Initiated Expression (IE_S2)	S2/Expression Repetition (ER_S2)	S2/tokens (%)	Voc. Overlap S1	Voc. Overlap S2	SR/S1/ELS	SR/S1/EV	SR/S1/ER	SR/S1/ENTR	SR/S1/L	SR/S1/LMAX	SR/S2/ELS	SR/S2/EV	SR/S2/ER	SR/S2/ENTR	SR/S2/L	SR/S2/LMAX
dialogue_txt	Human 1	Human 2	0.7941176470588235	0.12658227848101267	0.6666666666666666	0.20588235294117646	0.569620253164557	0.3333333333333333	0.3695652173913043	0.68	22.0	0.13253012048192772	0.4397590361445783	1.0783220795483648	1.44	5.0	13.0	0.14772727272727273	0.3522727272727273	0.6343095546405662	1.16	2.0
