ID	S1	S2	S1/Initiated Expression (IE_S1)	S1/Expression Repetition (ER_S1)	S1/tokens (%)	S2/Initiated Expression (IE_S2)	S2/Expression Repetition (ER_S2)	S2/tokens (%)	Voc. Overlap S1	Voc. Overlap S2	SR/S1/ELS	SR/S1/EV	SR/S1/ER	SR/S1/ENTR	SR/S1/L	SR/S1/LMAX	SR/S2/ELS	SR/S2/EV	SR/S2/ER	SR/S2/ENTR	SR/S2/L	SR/S2/LMAX
dialogue_txt	Human 1	Human 2	0.7619047619047619	0.13636363636363635	0.34375	0.23809523809523808	0.5238095238095238	0.65625	0.7368421052631579	0.5753424657534246	3.0	0.0410958904109589	0.0821917808219178	-0.0	1.0	1.0	24.0	0.18045112781954886	0.518796992481203	1.0211191885631823	1.36	4.0
