ID	S1	S2	S1/Initiated Expression (IE_S1)	S1/Expression Repetition (ER_S1)	S1/tokens (%)	S2/Initiated Expression (IE_S2)	S2/Expression Repetition (ER_S2)	S2/tokens (%)	Voc. Overlap S1	Voc. Overlap S2	SR/S1/ELS	SR/S1/EV	SR/S1/ER	SR/S1/ENTR	SR/S1/L	SR/S1/LMAX	SR/S2/ELS	SR/S2/EV	SR/S2/ER	SR/S2/ENTR	SR/S2/L	SR/S2/LMAX
dialogue_txt	Human 1	Human 2	0.8421052631578947	0.1839080459770115	0.3493975903614458	0.15789473684210525	0.19753086419753085	0.6506024096385542	0.46296296296296297	0.25252525252525254	12.0	0.125	0.3645833333333333	1.0676111603502403	1.434782608695652	4.0	28.0	0.16279069767441862	0.4941860465116279	1.5158440965405182	1.6363636363636365	4.0
