ID	Num. utterances	Num. tokens	Expression Lexicon Size (ELS)	Expression Variety (EV)	Expression Repetition (ER)	Voc. Overlap	ENTR	L	LMAX
dialogue_txt	15.0	282.0	33.0	0.11702127659574468	0.2801418439716312	0.2647058823529412	0.7456277344909731	1.1894736842105262	3.0
