ID	Num. utterances	Num. tokens	Expression Lexicon Size (ELS)	Expression Variety (EV)	Expression Repetition (ER)	Voc. Overlap	ENTR	L	LMAX
dialogue_txt	13.0	188.0	28.0	0.14893617021276595	0.3776595744680851	0.4318181818181818	0.8682813539439742	1.4675324675324675	7.0
