ID	Num. utterances	Num. tokens	Expression Lexicon Size (ELS)	Expression Variety (EV)	Expression Repetition (ER)	Voc. Overlap	ENTR	L	LMAX
dialogue_txt	13.0	141.0	24.0	0.1702127659574468	0.3617021276595745	0.3870967741935484	1.7109557536773208	2.0217391304347827	7.0
