ID	Num. utterances	Num. tokens	Expression Lexicon Size (ELS)	Expression Variety (EV)	Expression Repetition (ER)	Voc. Overlap	ENTR	L	LMAX
dialogue_txt	15.0	269.0	24.0	0.08921933085501858	0.19330855018587362	0.16666666666666666	0.7276874545656657	1.2028985507246377	2.0
