ID	S1	S2	S1/Initiated Expression (IE_S1)	S1/Expression Repetition (ER_S1)	S1/tokens (%)	S2/Initiated Expression (IE_S2)	S2/Expression Repetition (ER_S2)	S2/tokens (%)	Voc. Overlap S1	Voc. Overlap S2	SR/S1/ELS	SR/S1/EV	SR/S1/ER	SR/S1/ENTR	SR/S1/L	SR/S1/LMAX	SR/S2/ELS	SR/S2/EV	SR/S2/ER	SR/S2/ENTR	SR/S2/L	SR/S2/LMAX
dialogue_txt	Human 1	Human 2	0.72	0.1901840490797546	0.5174603174603175	0.28	0.5789473684210527	0.48253968253968255	0.47	0.6103896103896104	22.0	0.12941176470588237	0.40588235294117647	1.194545119186222	1.4893617021276595	3.0	25.0	0.15625	0.53125	0.948714743867915	1.3214285714285714	4.0
