ID	Num. utterances	Num. tokens	Expression Lexicon Size (ELS)	Expression Variety (EV)	Expression Repetition (ER)	Voc. Overlap	ENTR	L	LMAX
dialogue_txt	15.0	234.0	32.0	0.13675213675213677	0.3418803418803419	0.3269230769230769	1.2983824944335676	1.6075949367088607	7.0
