ID	Num. utterances	Num. tokens	Expression Lexicon Size (ELS)	Expression Variety (EV)	Expression Repetition (ER)	Voc. Overlap	ENTR	L	LMAX
dialogue_txt	16.0	226.0	19.0	0.084070796460177	0.21238938053097345	0.17543859649122806	0.531340014180167	1.1206896551724137	2.0
