ID	Num. utterances	Num. tokens	Expression Lexicon Size (ELS)	Expression Variety (EV)	Expression Repetition (ER)	Voc. Overlap	ENTR	L	LMAX
dialogue_txt	19.0	459.0	64.0	0.1394335511982571	0.3616557734204793	0.28773584905660377	0.6471670679278583	1.1785714285714286	6.0
