ID	Num. utterances	Num. tokens	Expression Lexicon Size (ELS)	Expression Variety (EV)	Expression Repetition (ER)	Voc. Overlap	ENTR	L	LMAX
dialogue_txt	16.0	317.0	35.0	0.11041009463722397	0.26498422712933756	0.2356687898089172	0.4854607607459134	1.105263157894737	2.0
