ID	Num. utterances	Num. tokens	Expression Lexicon Size (ELS)	Expression Variety (EV)	Expression Repetition (ER)	Voc. Overlap	ENTR	L	LMAX
dialogue_txt	18.0	225.0	35.0	0.15555555555555556	0.29333333333333333	0.32075471698113206	0.7003691487575898	1.1894736842105262	2.0
