ID	S1	S2	S1/Initiated Expression (IE_S1)	S1/Expression Repetition (ER_S1)	S1/tokens (%)	S2/Initiated Expression (IE_S2)	S2/Expression Repetition (ER_S2)	S2/tokens (%)	Voc. Overlap S1	Voc. Overlap S2	SR/S1/ELS	SR/S1/EV	SR/S1/ER	SR/S1/ENTR	SR/S1/L	SR/S1/LMAX	SR/S2/ELS	SR/S2/EV	SR/S2/ER	SR/S2/ENTR	SR/S2/L	SR/S2/LMAX
dialogue_txt	Human 1	Human 2	0.7741935483870968	0.1590909090909091	0.4	0.22580645161290322	0.4090909090909091	0.6	0.59375	0.4222222222222222	12.0	0.12631578947368421	0.29473684210526313	0.4021791902022728	1.08	2.0	21.0	0.15	0.4	0.5509844433017146	1.127659574468085	2.0
