ID	S1	S2	S1/Initiated Expression (IE_S1)	S1/Expression Repetition (ER_S1)	S1/tokens (%)	S2/Initiated Expression (IE_S2)	S2/Expression Repetition (ER_S2)	S2/tokens (%)	Voc. Overlap S1	Voc. Overlap S2	SR/S1/ELS	SR/S1/EV	SR/S1/ER	SR/S1/ENTR	SR/S1/L	SR/S1/LMAX	SR/S2/ELS	SR/S2/EV	SR/S2/ER	SR/S2/ENTR	SR/S2/L	SR/S2/LMAX
dialogue_txt	Human 1	Human 2	0.8461538461538461	0.15053763440860216	0.4189189189189189	0.15384615384615385	0.4728682170542636	0.581081081081081	0.5797101449275363	0.4819277108433735	8.0	0.08	0.21	0.5225593745369408	1.1176470588235294	2.0	20.0	0.14705882352941177	0.3897058823529412	0.5746356978376794	1.1363636363636365	2.0
