ID	Num. utterances	Num. tokens	Expression Lexicon Size (ELS)	Expression Variety (EV)	Expression Repetition (ER)	Voc. Overlap	ENTR	L	LMAX
dialogue_txt	16.0	197.0	32.0	0.16243654822335024	0.34517766497461927	0.3695652173913043	0.7262600383509772	1.2045454545454546	4.0
