ID	S1	S2	S1/Initiated Expression (IE_S1)	S1/Expression Repetition (ER_S1)	S1/tokens (%)	S2/Initiated Expression (IE_S2)	S2/Expression Repetition (ER_S2)	S2/tokens (%)	Voc. Overlap S1	Voc. Overlap S2	SR/S1/ELS	SR/S1/EV	SR/S1/ER	SR/S1/ENTR	SR/S1/L	SR/S1/LMAX	SR/S2/ELS	SR/S2/EV	SR/S2/ER	SR/S2/ENTR	SR/S2/L	SR/S2/LMAX
dialogue_txt	Human 1	Human 2	0.78125	0.15315315315315314	0.5634517766497462	0.21875	0.5930232558139535	0.4365482233502538	0.44155844155844154	0.6938775510204082	12.0	0.10084033613445378	0.2857142857142857	-0.0	1.0	1.0	17.0	0.18085106382978725	0.48936170212765956	0.8630653023129399	1.2432432432432432	3.0
