ID	Num. utterances	Num. tokens	Expression Lexicon Size (ELS)	Expression Variety (EV)	Expression Repetition (ER)	Voc. Overlap	ENTR	L	LMAX
dialogue_txt	16.0	229.0	39.0	0.1703056768558952	0.3799126637554585	0.4387755102040816	1.22000141534359	1.6627906976744187	11.0
