ID	S1	S2	S1/Initiated Expression (IE_S1)	S1/Expression Repetition (ER_S1)	S1/tokens (%)	S2/Initiated Expression (IE_S2)	S2/Expression Repetition (ER_S2)	S2/tokens (%)	Voc. Overlap S1	Voc. Overlap S2	SR/S1/ELS	SR/S1/EV	SR/S1/ER	SR/S1/ENTR	SR/S1/L	SR/S1/LMAX	SR/S2/ELS	SR/S2/EV	SR/S2/ER	SR/S2/ENTR	SR/S2/L	SR/S2/LMAX
dialogue_txt	Human 1	Human 2	0.7058823529411765	0.2047244094488189	0.47388059701492535	0.29411764705882354	0.5035460992907801	0.5261194029850746	0.5487804878048781	0.6	17.0	0.1259259259259259	0.34074074074074073	0.6394571324851641	1.162162162162162	2.0	31.0	0.2080536912751678	0.5704697986577181	1.034922945790767	1.3846153846153846	4.0
