ID	S1	S2	S1/Initiated Expression (IE_S1)	S1/Expression Repetition (ER_S1)	S1/tokens (%)	S2/Initiated Expression (IE_S2)	S2/Expression Repetition (ER_S2)	S2/tokens (%)	Voc. Overlap S1	Voc. Overlap S2	SR/S1/ELS	SR/S1/EV	SR/S1/ER	SR/S1/ENTR	SR/S1/L	SR/S1/LMAX	SR/S2/ELS	SR/S2/EV	SR/S2/ER	SR/S2/ENTR	SR/S2/L	SR/S2/LMAX
dialogue_txt	Human 1	Human 2	0.8205128205128205	0.17117117117117117	0.4625	0.1794871794871795	0.5271317829457365	0.5375	0.5324675324675324	0.5540540540540541	12.0	0.10084033613445378	0.2857142857142857	-0.0	1.0	1.0	20.0	0.145985401459854	0.44525547445255476	1.0688601941652134	1.3555555555555556	4.0
