ID	Num. utterances	Num. tokens	Expression Lexicon Size (ELS)	Expression Variety (EV)	Expression Repetition (ER)	Voc. Overlap	ENTR	L	LMAX
dialogue_txt	15.0	168.0	24.0	0.14285714285714285	0.23214285714285715	0.2765957446808511	0.8451064151274781	1.2307692307692308	3.0
