ID	Num. utterances	Num. tokens	Expression Lexicon Size (ELS)	Expression Variety (EV)	Expression Repetition (ER)	Voc. Overlap	ENTR	L	LMAX
dialogue_txt	14.0	253.0	46.0	0.18181818181818182	0.3715415019762846	0.38333333333333336	0.9971652045164996	1.2991452991452992	4.0
