ID	Num. utterances	Num. tokens	Expression Lexicon Size (ELS)	Expression Variety (EV)	Expression Repetition (ER)	Voc. Overlap	ENTR	L	LMAX
dialogue_txt	17.0	279.0	52.0	0.1863799283154122	0.4444444444444444	0.4666666666666667	1.2527789637823914	1.4846153846153847	7.0
