ID	S1	S2	S1/Initiated Expression (IE_S1)	S1/Expression Repetition (ER_S1)	S1/tokens (%)	S2/Initiated Expression (IE_S2)	S2/Expression Repetition (ER_S2)	S2/tokens (%)	Voc. Overlap S1	Voc. Overlap S2	SR/S1/ELS	SR/S1/EV	SR/S1/ER	SR/S1/ENTR	SR/S1/L	SR/S1/LMAX	SR/S2/ELS	SR/S2/EV	SR/S2/ER	SR/S2/ENTR	SR/S2/L	SR/S2/LMAX
dialogue_txt	Human 1	Human 2	0.8055555555555556	0.15966386554621848	0.44569288389513106	0.19444444444444445	0.5	0.5543071161048689	0.4880952380952381	0.45555555555555555	12.0	0.09448818897637795	0.3228346456692913	0.3372900666170139	1.125	3.0	24.0	0.15286624203821655	0.49044585987261147	1.3095987968852083	1.471698113207547	4.0
