ID	Num. utterances	Num. tokens	Expression Lexicon Size (ELS)	Expression Variety (EV)	Expression Repetition (ER)	Voc. Overlap	ENTR	L	LMAX
dialogue_txt	14.0	215.0	27.0	0.12558139534883722	0.24651162790697675	0.29357798165137616	0.4770713062193297	1.1025641025641026	2.0
