ID	Num. utterances	Num. tokens	Expression Lexicon Size (ELS)	Expression Variety (EV)	Expression Repetition (ER)	Voc. Overlap	ENTR	L	LMAX
dialogue_txt	16.0	205.0	28.0	0.13658536585365855	0.28292682926829266	0.27102803738317754	0.6892019851173655	1.1842105263157894	2.0
