ID	S1	S2	S1/Initiated Expression (IE_S1)	S1/Expression Repetition (ER_S1)	S1/tokens (%)	S2/Initiated Expression (IE_S2)	S2/Expression Repetition (ER_S2)	S2/tokens (%)	Voc. Overlap S1	Voc. Overlap S2	SR/S1/ELS	SR/S1/EV	SR/S1/ER	SR/S1/ENTR	SR/S1/L	SR/S1/LMAX	SR/S2/ELS	SR/S2/EV	SR/S2/ER	SR/S2/ENTR	SR/S2/L	SR/S2/LMAX
dialogue_txt	Human 1	Human 2	0.8461538461538461	0.11827956989247312	0.5284090909090909	0.15384615384615385	0.5060240963855421	0.4715909090909091	0.4492753623188406	0.5344827586206896	8.0	0.08	0.21	0.5225593745369408	1.1176470588235294	2.0	9.0	0.1	0.32222222222222224	0.6665783579949205	1.173913043478261	2.0
