ID	S1	S2	S1/Initiated Expression (IE_S1)	S1/Expression Repetition (ER_S1)	S1/tokens (%)	S2/Initiated Expression (IE_S2)	S2/Expression Repetition (ER_S2)	S2/tokens (%)	Voc. Overlap S1	Voc. Overlap S2	SR/S1/ELS	SR/S1/EV	SR/S1/ER	SR/S1/ENTR	SR/S1/L	SR/S1/LMAX	SR/S2/ELS	SR/S2/EV	SR/S2/ER	SR/S2/ENTR	SR/S2/L	SR/S2/LMAX
dialogue_txt	Human 1	Human 2	0.8484848484848485	0.09523809523809523	0.509090909090909	0.15151515151515152	0.7037037037037037	0.4909090909090909	0.5409836065573771	0.6875	9.0	0.0989010989010989	0.23076923076923078	-0.0	1.0	1.0	17.0	0.19101123595505617	0.5056179775280899	0.8524051786494785	1.2777777777777777	2.0
