ID	S1	S2	S1/Initiated Expression (IE_S1)	S1/Expression Repetition (ER_S1)	S1/tokens (%)	S2/Initiated Expression (IE_S2)	S2/Expression Repetition (ER_S2)	S2/tokens (%)	Voc. Overlap S1	Voc. Overlap S2	SR/S1/ELS	SR/S1/EV	SR/S1/ER	SR/S1/ENTR	SR/S1/L	SR/S1/LMAX	SR/S2/ELS	SR/S2/EV	SR/S2/ER	SR/S2/ENTR	SR/S2/L	SR/S2/LMAX
dialogue_txt	Human 1	Human 2	0.96	0.06557377049180328	0.3719512195121951	0.04	0.4174757281553398	0.6280487804878049	0.6170212765957447	0.4393939393939394	8.0	0.11594202898550725	0.2463768115942029	-0.0	1.0	1.0	18.0	0.16216216216216217	0.38738738738738737	0.4770713062193297	1.1025641025641026	2.0
