ID	S1	S2	S1/Initiated Expression (IE_S1)	S1/Expression Repetition (ER_S1)	S1/tokens (%)	S2/Initiated Expression (IE_S2)	S2/Expression Repetition (ER_S2)	S2/tokens (%)	Voc. Overlap S1	Voc. Overlap S2	SR/S1/ELS	SR/S1/EV	SR/S1/ER	SR/S1/ENTR	SR/S1/L	SR/S1/LMAX	SR/S2/ELS	SR/S2/EV	SR/S2/ER	SR/S2/ENTR	SR/S2/L	SR/S2/LMAX
dialogue_txt	Human 1	Human 2	0.7073170731707317	0.2947976878612717	0.5133531157270029	0.2926829268292683	0.4146341463414634	0.486646884272997	0.40625	0.3979591836734694	26.0	0.143646408839779	0.4419889502762431	0.849092165846601	1.2321428571428572	3.0	32.0	0.18604651162790697	0.5174418604651163	1.1167245073087881	1.380952380952381	4.0
