ID	S1	S2	S1/Initiated Expression (IE_S1)	S1/Expression Repetition (ER_S1)	S1/tokens (%)	S2/Initiated Expression (IE_S2)	S2/Expression Repetition (ER_S2)	S2/tokens (%)	Voc. Overlap S1	Voc. Overlap S2	SR/S1/ELS	SR/S1/EV	SR/S1/ER	SR/S1/ENTR	SR/S1/L	SR/S1/LMAX	SR/S2/ELS	SR/S2/EV	SR/S2/ER	SR/S2/ENTR	SR/S2/L	SR/S2/LMAX
dialogue_txt	Human 1	Human 2	0.7037037037037037	0.14285714285714285	0.5409090909090909	0.2962962962962963	0.44554455445544555	0.4590909090909091	0.40476190476190477	0.4927536231884058	12.0	0.09448818897637795	0.3228346456692913	0.3372900666170139	1.125	3.0	12.0	0.10909090909090909	0.35454545454545455	-0.0	1.0	1.0
