ID	Num. utterances	Num. tokens	Expression Lexicon Size (ELS)	Expression Variety (EV)	Expression Repetition (ER)	Voc. Overlap	ENTR	L	LMAX
dialogue_txt	14.0	232.0	42.0	0.1810344827586207	0.41379310344827586	0.47058823529411764	1.1943699052613663	1.3981481481481481	4.0
