ID	S1	S2	S1/Initiated Expression (IE_S1)	S1/Expression Repetition (ER_S1)	S1/tokens (%)	S2/Initiated Expression (IE_S2)	S2/Expression Repetition (ER_S2)	S2/tokens (%)	Voc. Overlap S1	Voc. Overlap S2	SR/S1/ELS	SR/S1/EV	SR/S1/ER	SR/S1/ENTR	SR/S1/L	SR/S1/LMAX	SR/S2/ELS	SR/S2/EV	SR/S2/ER	SR/S2/ENTR	SR/S2/L	SR/S2/LMAX
dialogue_txt	Human 1	Human 2	0.6451612903225806	0.17894736842105263	0.3682170542635659	0.3548387096774194	0.4049079754601227	0.6317829457364341	0.47692307692307695	0.36904761904761907	10.0	0.0970873786407767	0.27184466019417475	0.4021791902022728	1.08	2.0	29.0	0.1695906432748538	0.5730994152046783	1.1306330783889205	1.5833333333333333	9.0
