ID	Num. utterances	Num. tokens	Expression Lexicon Size (ELS)	Expression Variety (EV)	Expression Repetition (ER)	Voc. Overlap	ENTR	L	LMAX
dialogue_txt	16.0	258.0	31.0	0.12015503875968993	0.32170542635658916	0.2627118644067797	0.7002531217032464	1.1720430107526882	3.0
