ID	Num. utterances	Num. tokens	Expression Lexicon Size (ELS)	Expression Variety (EV)	Expression Repetition (ER)	Voc. Overlap	ENTR	L	LMAX
dialogue_txt	15.0	242.0	41.0	0.16942148760330578	0.40082644628099173	0.4144144144144144	0.8082101550064196	1.218487394957983	4.0
