ID	Num. utterances	Num. tokens	Expression Lexicon Size (ELS)	Expression Variety (EV)	Expression Repetition (ER)	Voc. Overlap	ENTR	L	LMAX
dialogue_txt	14.0	273.0	54.0	0.1978021978021978	0.3992673992673993	0.39669421487603307	1.0912130602522896	1.4173228346456692	4.0
