ID	Num. utterances	Num. tokens	Expression Lexicon Size (ELS)	Expression Variety (EV)	Expression Repetition (ER)	Voc. Overlap	ENTR	L	LMAX
dialogue_txt	16.0	287.0	31.0	0.10801393728222997	0.29965156794425085	0.2446043165467626	0.6770998799771726	1.169811320754717	3.0
