ID	Num. utterances	Num. tokens	Expression Lexicon Size (ELS)	Expression Variety (EV)	Expression Repetition (ER)	Voc. Overlap	ENTR	L	LMAX
dialogue_txt	16.0	230.0	26.0	0.11304347826086956	0.24782608695652175	0.24770642201834864	0.9192219920264416	1.267605633802817	3.0
