ID	Num. utterances	Num. tokens	Expression Lexicon Size (ELS)	Expression Variety (EV)	Expression Repetition (ER)	Voc. Overlap	ENTR	L	LMAX
dialogue_txt	16.0	171.0	25.0	0.14619883040935672	0.28654970760233917	0.31868131868131866	0.9267415684134134	1.3015873015873016	4.0
