ID	Num. utterances	Num. tokens	Expression Lexicon Size (ELS)	Expression Variety (EV)	Expression Repetition (ER)	Voc. Overlap	ENTR	L	LMAX
dialogue_txt	15.0	312.0	41.0	0.13141025641025642	0.32371794871794873	0.267515923566879	0.8867363559405789	1.2521008403361344	3.0
