ID	S1	S2	S1/Initiated Expression (IE_S1)	S1/Expression Repetition (ER_S1)	S1/tokens (%)	S2/Initiated Expression (IE_S2)	S2/Expression Repetition (ER_S2)	S2/tokens (%)	Voc. Overlap S1	Voc. Overlap S2	SR/S1/ELS	SR/S1/EV	SR/S1/ER	SR/S1/ENTR	SR/S1/L	SR/S1/LMAX	SR/S2/ELS	SR/S2/EV	SR/S2/ER	SR/S2/ENTR	SR/S2/L	SR/S2/LMAX
dialogue_txt	Human 1	Human 2	0.6842105263157895	0.20945945945945946	0.5085910652920962	0.3157894736842105	0.4195804195804196	0.49140893470790376	0.4020618556701031	0.48148148148148145	16.0	0.1032258064516129	0.2838709677419355	0.512709142030877	1.1142857142857143	2.0	23.0	0.152317880794702	0.5165562913907285	1.2570587095626813	1.5714285714285714	5.0
