ID	Num. utterances	Num. tokens	Expression Lexicon Size (ELS)	Expression Variety (EV)	Expression Repetition (ER)	Voc. Overlap	ENTR	L	LMAX
dialogue_txt	15.0	291.0	38.0	0.13058419243986255	0.3127147766323024	0.2805755395683453	0.4211660145082221	1.0854700854700854	2.0
