ID	S1	S2	S1/Initiated Expression (IE_S1)	S1/Expression Repetition (ER_S1)	S1/tokens (%)	S2/Initiated Expression (IE_S2)	S2/Expression Repetition (ER_S2)	S2/tokens (%)	Voc. Overlap S1	Voc. Overlap S2	SR/S1/ELS	SR/S1/EV	SR/S1/ER	SR/S1/ENTR	SR/S1/L	SR/S1/LMAX	SR/S2/ELS	SR/S2/EV	SR/S2/ER	SR/S2/ENTR	SR/S2/L	SR/S2/LMAX
dialogue_txt	Human 1	Human 2	0.7931034482758621	0.22641509433962265	0.3419354838709677	0.20689655172413793	0.5980392156862745	0.6580645161290323	0.6923076923076923	0.5294117647058824	5.0	0.08064516129032258	0.16129032258064516	-0.0	1.0	1.0	20.0	0.18018018018018017	0.5945945945945946	1.2895281606953652	1.619047619047619	6.0
