ID	Num. utterances	Num. tokens	Expression Lexicon Size (ELS)	Expression Variety (EV)	Expression Repetition (ER)	Voc. Overlap	ENTR	L	LMAX
dialogue_txt	17.0	245.0	26.0	0.10612244897959183	0.2530612244897959	0.1984126984126984	0.969403672712902	1.289855072463768	3.0
