ID	Num. utterances	Num. tokens	Expression Lexicon Size (ELS)	Expression Variety (EV)	Expression Repetition (ER)	Voc. Overlap	ENTR	L	LMAX
dialogue_txt	17.0	287.0	48.0	0.1672473867595819	0.47038327526132406	0.3949579831932773	0.9393527767662697	1.326241134751773	8.0
