ID	S1	S2	S1/Initiated Expression (IE_S1)	S1/Expression Repetition (ER_S1)	S1/tokens (%)	S2/Initiated Expression (IE_S2)	S2/Expression Repetition (ER_S2)	S2/tokens (%)	Voc. Overlap S1	Voc. Overlap S2	SR/S1/ELS	SR/S1/EV	SR/S1/ER	SR/S1/ENTR	SR/S1/L	SR/S1/LMAX	SR/S2/ELS	SR/S2/EV	SR/S2/ER	SR/S2/ENTR	SR/S2/L	SR/S2/LMAX
dialogue_txt	Human 1	Human 2	0.7	0.2468354430379747	0.47305389221556887	0.3	0.42045454545454547	0.5269461077844312	0.40217391304347827	0.3894736842105263	22.0	0.13253012048192772	0.4397590361445783	1.0783220795483648	1.44	5.0	30.0	0.16216216216216217	0.5567567567567567	1.634865167527082	1.7704918032786885	5.0
