ID	Num. utterances	Num. tokens	Expression Lexicon Size (ELS)	Expression Variety (EV)	Expression Repetition (ER)	Voc. Overlap	ENTR	L	LMAX
dialogue_txt	16.0	265.0	41.0	0.15471698113207547	0.44528301886792454	0.3465346534653465	1.3976349901588687	1.5841584158415842	7.0
