ID	S1	S2	S1/Initiated Expression (IE_S1)	S1/Expression Repetition (ER_S1)	S1/tokens (%)	S2/Initiated Expression (IE_S2)	S2/Expression Repetition (ER_S2)	S2/tokens (%)	Voc. Overlap S1	Voc. Overlap S2	SR/S1/ELS	SR/S1/EV	SR/S1/ER	SR/S1/ENTR	SR/S1/L	SR/S1/LMAX	SR/S2/ELS	SR/S2/EV	SR/S2/ER	SR/S2/ENTR	SR/S2/L	SR/S2/LMAX
dialogue_txt	Human 1	Human 2	0.7647058823529411	0.25225225225225223	0.5211267605633803	0.23529411764705882	0.49019607843137253	0.4788732394366197	0.49333333333333335	0.578125	15.0	0.1271186440677966	0.3644067796610169	1.014097655573916	1.3125	3.0	15.0	0.13636363636363635	0.42727272727272725	1.014097655573916	1.4375	3.0
