ID	Num. utterances	Num. tokens	Expression Lexicon Size (ELS)	Expression Variety (EV)	Expression Repetition (ER)	Voc. Overlap	ENTR	L	LMAX
dialogue_txt	17.0	277.0	34.0	0.12274368231046931	0.30685920577617326	0.2975206611570248	0.7871265862012689	1.2352941176470589	2.0
