ID	S1	S2	S1/Initiated Expression (IE_S1)	S1/Expression Repetition (ER_S1)	S1/tokens (%)	S2/Initiated Expression (IE_S2)	S2/Expression Repetition (ER_S2)	S2/tokens (%)	Voc. Overlap S1	Voc. Overlap S2	SR/S1/ELS	SR/S1/EV	SR/S1/ER	SR/S1/ENTR	SR/S1/L	SR/S1/LMAX	SR/S2/ELS	SR/S2/EV	SR/S2/ER	SR/S2/ENTR	SR/S2/L	SR/S2/LMAX
dialogue_txt	Human 1	Human 2	0.6470588235294118	0.18018018018018017	0.47844827586206895	0.35294117647058826	0.23140495867768596	0.521551724137931	0.28	0.28	15.0	0.1271186440677966	0.3644067796610169	1.014097655573916	1.3125	3.0	17.0	0.13178294573643412	0.43410852713178294	1.3216069583883467	1.7058823529411764	5.0
