ID	S1	S2	S1/Initiated Expression (IE_S1)	S1/Expression Repetition (ER_S1)	S1/tokens (%)	S2/Initiated Expression (IE_S2)	S2/Expression Repetition (ER_S2)	S2/tokens (%)	Voc. Overlap S1	Voc. Overlap S2	SR/S1/ELS	SR/S1/EV	SR/S1/ER	SR/S1/ENTR	SR/S1/L	SR/S1/LMAX	SR/S2/ELS	SR/S2/EV	SR/S2/ER	SR/S2/ENTR	SR/S2/L	SR/S2/LMAX
dialogue_txt	Human 1	Human 2	0.8214285714285714	0.125	0.47257383966244726	0.17857142857142858	0.264	0.5274261603375527	0.4155844155844156	0.3516483516483517	15.0	0.125	0.31666666666666665	0.43055186701043946	1.088235294117647	2.0	12.0	0.09022556390977443	0.24060150375939848	0.6193821946787638	1.1538461538461537	2.0
