ID	Num. utterances	Num. tokens	Expression Lexicon Size (ELS)	Expression Variety (EV)	Expression Repetition (ER)	Voc. Overlap	ENTR	L	LMAX
dialogue_txt	15.0	316.0	47.0	0.14873417721518986	0.33544303797468356	0.31333333333333335	0.8178429063499182	1.2246376811594204	3.0
