ID	S1	S2	S1/Initiated Expression (IE_S1)	S1/Expression Repetition (ER_S1)	S1/tokens (%)	S2/Initiated Expression (IE_S2)	S2/Expression Repetition (ER_S2)	S2/tokens (%)	Voc. Overlap S1	Voc. Overlap S2	SR/S1/ELS	SR/S1/EV	SR/S1/ER	SR/S1/ENTR	SR/S1/L	SR/S1/LMAX	SR/S2/ELS	SR/S2/EV	SR/S2/ER	SR/S2/ENTR	SR/S2/L	SR/S2/LMAX
dialogue_txt	Human 1	Human 2	0.8928571428571429	0.10256410256410256	0.5131578947368421	0.10714285714285714	0.7027027027027027	0.4868421052631579	0.5263157894736842	0.6521739130434783	7.0	0.08333333333333333	0.2261904761904762	0.5435644431995964	1.125	2.0	14.0	0.1728395061728395	0.48148148148148145	0.8865703508911296	1.2580645161290323	3.0
