ID	S1	S2	S1/Initiated Expression (IE_S1)	S1/Expression Repetition (ER_S1)	S1/tokens (%)	S2/Initiated Expression (IE_S2)	S2/Expression Repetition (ER_S2)	S2/tokens (%)	Voc. Overlap S1	Voc. Overlap S2	SR/S1/ELS	SR/S1/EV	SR/S1/ER	SR/S1/ENTR	SR/S1/L	SR/S1/LMAX	SR/S2/ELS	SR/S2/EV	SR/S2/ER	SR/S2/ENTR	SR/S2/L	SR/S2/LMAX
dialogue_txt	Human 1	Human 2	0.5714285714285714	0.2125	0.32	0.42857142857142855	0.2529411764705882	0.68	0.5370370370370371	0.3118279569892473	8.0	0.0898876404494382	0.2696629213483146	0.4854607607459134	1.2105263157894737	3.0	26.0	0.14444444444444443	0.5055555555555555	1.073569584395302	1.4915254237288136	8.0
