ID	S1	S2	S1/Initiated Expression (IE_S1)	S1/Expression Repetition (ER_S1)	S1/tokens (%)	S2/Initiated Expression (IE_S2)	S2/Expression Repetition (ER_S2)	S2/tokens (%)	Voc. Overlap S1	Voc. Overlap S2	SR/S1/ELS	SR/S1/EV	SR/S1/ER	SR/S1/ENTR	SR/S1/L	SR/S1/LMAX	SR/S2/ELS	SR/S2/EV	SR/S2/ER	SR/S2/ENTR	SR/S2/L	SR/S2/LMAX
dialogue_txt	Human 1	Human 2	0.7727272727272727	0.21693121693121692	0.504	0.22727272727272727	0.5913978494623656	0.496	0.5233644859813084	0.6021505376344086	28.0	0.14213197969543148	0.4517766497461929	1.0540157730728	1.35	3.0	38.0	0.19487179487179487	0.6205128205128205	1.5020227183333705	1.6842105263157894	6.0
