ID	Num. utterances	Num. tokens	Expression Lexicon Size (ELS)	Expression Variety (EV)	Expression Repetition (ER)	Voc. Overlap	ENTR	L	LMAX
dialogue_txt	15.0	207.0	33.0	0.15942028985507245	0.30434782608695654	0.32978723404255317	0.9378312027693505	1.2839506172839505	3.0
