ID	S1	S2	S1/Initiated Expression (IE_S1)	S1/Expression Repetition (ER_S1)	S1/tokens (%)	S2/Initiated Expression (IE_S2)	S2/Expression Repetition (ER_S2)	S2/tokens (%)	Voc. Overlap S1	Voc. Overlap S2	SR/S1/ELS	SR/S1/EV	SR/S1/ER	SR/S1/ENTR	SR/S1/L	SR/S1/LMAX	SR/S2/ELS	SR/S2/EV	SR/S2/ER	SR/S2/ENTR	SR/S2/L	SR/S2/LMAX
dialogue_txt	Human 1	Human 2	0.7441860465116279	0.1896551724137931	0.4218181818181818	0.2558139534883721	0.46540880503144655	0.5781818181818181	0.5625	0.5056179775280899	11.0	0.088	0.24	-0.0	1.0	1.0	32.0	0.1893491124260355	0.5857988165680473	1.2897135556105075	1.6610169491525424	10.0
