ID	S1	S2	S1/Initiated Expression (IE_S1)	S1/Expression Repetition (ER_S1)	S1/tokens (%)	S2/Initiated Expression (IE_S2)	S2/Expression Repetition (ER_S2)	S2/tokens (%)	Voc. Overlap S1	Voc. Overlap S2	SR/S1/ELS	SR/S1/EV	SR/S1/ER	SR/S1/ENTR	SR/S1/L	SR/S1/LMAX	SR/S2/ELS	SR/S2/EV	SR/S2/ER	SR/S2/ENTR	SR/S2/L	SR/S2/LMAX
dialogue_txt	Human 1	Human 2	0.782608695652174	0.1258741258741259	0.5143884892086331	0.21739130434782608	0.5111111111111111	0.4856115107913669	0.4423076923076923	0.5227272727272727	14.0	0.09333333333333334	0.26	0.32984607020714635	1.0606060606060606	2.0	17.0	0.11971830985915492	0.39436619718309857	0.432750158788754	1.1777777777777778	3.0
