ID	Num. utterances	Num. tokens	Expression Lexicon Size (ELS)	Expression Variety (EV)	Expression Repetition (ER)	Voc. Overlap	ENTR	L	LMAX
dialogue_txt	18.0	289.0	44.0	0.1522491349480969	0.4117647058823529	0.40869565217391307	1.3622808401611224	2.043956043956044	19.0
