ID	S1	S2	S1/Initiated Expression (IE_S1)	S1/Expression Repetition (ER_S1)	S1/tokens (%)	S2/Initiated Expression (IE_S2)	S2/Expression Repetition (ER_S2)	S2/tokens (%)	Voc. Overlap S1	Voc. Overlap S2	SR/S1/ELS	SR/S1/EV	SR/S1/ER	SR/S1/ENTR	SR/S1/L	SR/S1/LMAX	SR/S2/ELS	SR/S2/EV	SR/S2/ER	SR/S2/ENTR	SR/S2/L	SR/S2/LMAX
dialogue_txt	Human 1	Human 2	0.5862068965517241	0.22772277227722773	0.4469026548672566	0.41379310344827586	0.4	0.5530973451327433	0.4393939393939394	0.5178571428571429	10.0	0.09259259259259259	0.26851851851851855	0.6193821946787638	1.1538461538461537	2.0	19.0	0.14285714285714285	0.706766917293233	1.9415779290783455	3.2857142857142856	16.0
