ID	Num. utterances	Num. tokens	Expression Lexicon Size (ELS)	Expression Variety (EV)	Expression Repetition (ER)	Voc. Overlap	ENTR	L	LMAX
dialogue_txt	15.0	273.0	39.0	0.14285714285714285	0.31135531135531136	0.34146341463414637	0.5935571949239737	1.1891891891891893	6.0
