ID	Num. utterances	Num. tokens	Expression Lexicon Size (ELS)	Expression Variety (EV)	Expression Repetition (ER)	Voc. Overlap	ENTR	L	LMAX
dialogue_txt	16.0	293.0	42.0	0.14334470989761092	0.2935153583617747	0.2962962962962963	0.6959080095024158	1.170731707317073	3.0
