ID	Num. utterances	Num. tokens	Expression Lexicon Size (ELS)	Expression Variety (EV)	Expression Repetition (ER)	Voc. Overlap	ENTR	L	LMAX
dialogue_txt	17.0	257.0	28.0	0.10894941634241245	0.2490272373540856	0.22142857142857142	0.9021639444306333	1.3116883116883118	5.0
