ID	Num. utterances	Num. tokens	Expression Lexicon Size (ELS)	Expression Variety (EV)	Expression Repetition (ER)	Voc. Overlap	ENTR	L	LMAX
dialogue_txt	16.0	282.0	43.0	0.1524822695035461	0.32978723404255317	0.3488372093023256	0.5707802433257836	1.1349206349206349	2.0
