ID	Num. utterances	Num. tokens	Expression Lexicon Size (ELS)	Expression Variety (EV)	Expression Repetition (ER)	Voc. Overlap	ENTR	L	LMAX
dialogue_txt	16.0	181.0	26.0	0.143646408839779	0.2596685082872928	0.25961538461538464	0.6718446804308709	1.164179104477612	3.0
