ID	S1	S2	S1/Initiated Expression (IE_S1)	S1/Expression Repetition (ER_S1)	S1/tokens (%)	S2/Initiated Expression (IE_S2)	S2/Expression Repetition (ER_S2)	S2/tokens (%)	Voc. Overlap S1	Voc. Overlap S2	SR/S1/ELS	SR/S1/EV	SR/S1/ER	SR/S1/ENTR	SR/S1/L	SR/S1/LMAX	SR/S2/ELS	SR/S2/EV	SR/S2/ER	SR/S2/ENTR	SR/S2/L	SR/S2/LMAX
dialogue_txt	Human 1	Human 2	0.9649122807017544	0.0979020979020979	0.5053003533568905	0.03508771929824561	0.7714285714285715	0.49469964664310956	0.5096153846153846	0.6883116883116883	14.0	0.09333333333333334	0.26	0.32984607020714635	1.0606060606060606	2.0	31.0	0.2108843537414966	0.6122448979591837	0.8477370038432394	1.2608695652173914	4.0
