ID	S1	S2	S1/Initiated Expression (IE_S1)	S1/Expression Repetition (ER_S1)	S1/tokens (%)	S2/Initiated Expression (IE_S2)	S2/Expression Repetition (ER_S2)	S2/tokens (%)	Voc. Overlap S1	Voc. Overlap S2	SR/S1/ELS	SR/S1/EV	SR/S1/ER	SR/S1/ENTR	SR/S1/L	SR/S1/LMAX	SR/S2/ELS	SR/S2/EV	SR/S2/ER	SR/S2/ENTR	SR/S2/L	SR/S2/LMAX
dialogue_txt	Human 1	Human 2	0.7727272727272727	0.1794871794871795	0.35135135135135137	0.22727272727272727	0.2222222222222222	0.6486486486486487	0.48214285714285715	0.2621359223300971	7.0	0.08045977011494253	0.2413793103448276	0.5916727785823274	1.2857142857142858	3.0	23.0	0.1503267973856209	0.37254901960784315	0.8529692179236493	1.2666666666666666	3.0
