ID	Num. utterances	Num. tokens	Expression Lexicon Size (ELS)	Expression Variety (EV)	Expression Repetition (ER)	Voc. Overlap	ENTR	L	LMAX
dialogue_txt	18.0	220.0	28.0	0.12727272727272726	0.36363636363636365	0.38372093023255816	1.2145045090177797	1.4878048780487805	5.0
