ID	S1	S2	S1/Initiated Expression (IE_S1)	S1/Expression Repetition (ER_S1)	S1/tokens (%)	S2/Initiated Expression (IE_S2)	S2/Expression Repetition (ER_S2)	S2/tokens (%)	Voc. Overlap S1	Voc. Overlap S2	SR/S1/ELS	SR/S1/EV	SR/S1/ER	SR/S1/ENTR	SR/S1/L	SR/S1/LMAX	SR/S2/ELS	SR/S2/EV	SR/S2/ER	SR/S2/ENTR	SR/S2/L	SR/S2/LMAX
dialogue_txt	Human 1	Human 2	0.8709677419354839	0.11538461538461539	0.3880597014925373	0.12903225806451613	0.44715447154471544	0.6119402985074627	0.5789473684210527	0.4520547945205479	7.0	0.08333333333333333	0.2261904761904762	0.5435644431995964	1.125	2.0	23.0	0.17692307692307693	0.5384615384615384	1.295807999482637	1.627906976744186	7.0
