ID	Num. utterances	Num. tokens	Expression Lexicon Size (ELS)	Expression Variety (EV)	Expression Repetition (ER)	Voc. Overlap	ENTR	L	LMAX
dialogue_txt	15.0	234.0	28.0	0.11965811965811966	0.2606837606837607	0.24347826086956523	1.0975378398419535	1.3888888888888888	4.0
