ID	Num. utterances	Num. tokens	Expression Lexicon Size (ELS)	Expression Variety (EV)	Expression Repetition (ER)	Voc. Overlap	ENTR	L	LMAX
dialogue_txt	17.0	247.0	37.0	0.14979757085020243	0.3441295546558704	0.3047619047619048	1.1866807601342124	1.4111111111111112	4.0
