ID	Num. utterances	Num. tokens	Expression Lexicon Size (ELS)	Expression Variety (EV)	Expression Repetition (ER)	Voc. Overlap	ENTR	L	LMAX
dialogue_txt	16.0	242.0	32.0	0.1322314049586777	0.32231404958677684	0.29411764705882354	0.8186230882563208	1.2210526315789474	3.0
