ID	S1	S2	S1/Initiated Expression (IE_S1)	S1/Expression Repetition (ER_S1)	S1/tokens (%)	S2/Initiated Expression (IE_S2)	S2/Expression Repetition (ER_S2)	S2/tokens (%)	Voc. Overlap S1	Voc. Overlap S2	SR/S1/ELS	SR/S1/EV	SR/S1/ER	SR/S1/ENTR	SR/S1/L	SR/S1/LMAX	SR/S2/ELS	SR/S2/EV	SR/S2/ER	SR/S2/ENTR	SR/S2/L	SR/S2/LMAX
dialogue_txt	Human 1	Human 2	0.8125	0.1978021978021978	0.3760330578512397	0.1875	0.3973509933774834	0.6239669421487604	0.5384615384615384	0.39325842696629215	12.0	0.12121212121212122	0.2828282828282828	-0.0	1.0	1.0	23.0	0.14465408805031446	0.4968553459119497	1.0825884772333692	1.5576923076923077	8.0
