ID	S1	S2	S1/Initiated Expression (IE_S1)	S1/Expression Repetition (ER_S1)	S1/tokens (%)	S2/Initiated Expression (IE_S2)	S2/Expression Repetition (ER_S2)	S2/tokens (%)	Voc. Overlap S1	Voc. Overlap S2	SR/S1/ELS	SR/S1/EV	SR/S1/ER	SR/S1/ENTR	SR/S1/L	SR/S1/LMAX	SR/S2/ELS	SR/S2/EV	SR/S2/ER	SR/S2/ENTR	SR/S2/L	SR/S2/LMAX
dialogue_txt	Human 1	Human 2	0.7741935483870968	0.19230769230769232	0.4868913857677903	0.22580645161290322	0.35036496350364965	0.5131086142322098	0.3953488372093023	0.4	14.0	0.10218978102189781	0.3357664233576642	0.4854607607459134	1.105263157894737	2.0	23.0	0.15862068965517243	0.47586206896551725	1.2041334779037127	1.4166666666666667	4.0
