ID	S1	S2	S1/Initiated Expression (IE_S1)	S1/Expression Repetition (ER_S1)	S1/tokens (%)	S2/Initiated Expression (IE_S2)	S2/Expression Repetition (ER_S2)	S2/tokens (%)	Voc. Overlap S1	Voc. Overlap S2	SR/S1/ELS	SR/S1/EV	SR/S1/ER	SR/S1/ENTR	SR/S1/L	SR/S1/LMAX	SR/S2/ELS	SR/S2/EV	SR/S2/ER	SR/S2/ENTR	SR/S2/L	SR/S2/LMAX
dialogue_txt	Human 1	Human 2	0.6875	0.10909090909090909	0.3021978021978022	0.3125	0.2047244094488189	0.6978021978021978	0.5238095238095238	0.3142857142857143	5.0	0.08064516129032258	0.1935483870967742	0.8112781244591328	1.5	3.0	22.0	0.16296296296296298	0.5777777777777777	1.275661449559119	1.711111111111111	9.0
