ID	Num. utterances	Num. tokens	Expression Lexicon Size (ELS)	Expression Variety (EV)	Expression Repetition (ER)	Voc. Overlap	ENTR	L	LMAX
dialogue_txt	16.0	297.0	29.0	0.09764309764309764	0.2255892255892256	0.22758620689655173	0.727714564156309	1.1956521739130435	4.0
