ID	Num. utterances	Num. tokens	Expression Lexicon Size (ELS)	Expression Variety (EV)	Expression Repetition (ER)	Voc. Overlap	ENTR	L	LMAX
dialogue_txt	16.0	254.0	43.0	0.16929133858267717	0.3228346456692913	0.3389830508474576	0.9841045646880733	1.2990654205607477	3.0
