ID	S1	S2	S1/Initiated Expression (IE_S1)	S1/Expression Repetition (ER_S1)	S1/tokens (%)	S2/Initiated Expression (IE_S2)	S2/Expression Repetition (ER_S2)	S2/tokens (%)	Voc. Overlap S1	Voc. Overlap S2	SR/S1/ELS	SR/S1/EV	SR/S1/ER	SR/S1/ENTR	SR/S1/L	SR/S1/LMAX	SR/S2/ELS	SR/S2/EV	SR/S2/ER	SR/S2/ENTR	SR/S2/L	SR/S2/LMAX
dialogue_txt	Human 1	Human 2	0.6666666666666666	0.17045454545454544	0.43781094527363185	0.3333333333333333	0.3274336283185841	0.5621890547263682	0.5	0.41025641025641024	12.0	0.12631578947368421	0.29473684210526313	0.4021791902022728	1.08	2.0	16.0	0.1322314049586777	0.4214876033057851	1.0529407605626346	1.3888888888888888	4.0
