ID	Num. utterances	Num. tokens	Expression Lexicon Size (ELS)	Expression Variety (EV)	Expression Repetition (ER)	Voc. Overlap	ENTR	L	LMAX
dialogue_txt	16.0	263.0	46.0	0.17490494296577946	0.3650190114068441	0.39655172413793105	1.3369026625007796	1.490566037735849	5.0
