ID	S1	S2	S1/Initiated Expression (IE_S1)	S1/Expression Repetition (ER_S1)	S1/tokens (%)	S2/Initiated Expression (IE_S2)	S2/Expression Repetition (ER_S2)	S2/tokens (%)	Voc. Overlap S1	Voc. Overlap S2	SR/S1/ELS	SR/S1/EV	SR/S1/ER	SR/S1/ENTR	SR/S1/L	SR/S1/LMAX	SR/S2/ELS	SR/S2/EV	SR/S2/ER	SR/S2/ENTR	SR/S2/L	SR/S2/LMAX
dialogue_txt	Human 1	Human 2	0.4782608695652174	0.18681318681318682	0.4117647058823529	0.5217391304347826	0.33076923076923076	0.5882352941176471	0.4411764705882353	0.39473684210526316	9.0	0.09183673469387756	0.23469387755102042	0.5032583347756457	1.1111111111111112	2.0	19.0	0.1386861313868613	0.46715328467153283	1.6718470893367292	1.7837837837837838	4.0
