ID	Num. utterances	Num. tokens	Expression Lexicon Size (ELS)	Expression Variety (EV)	Expression Repetition (ER)	Voc. Overlap	ENTR	L	LMAX
dialogue_txt	14.0	242.0	24.0	0.09917355371900827	0.22727272727272727	0.1968503937007874	0.6609623351442084	1.1714285714285715	2.0
