ID	Num. utterances	Num. tokens	Expression Lexicon Size (ELS)	Expression Variety (EV)	Expression Repetition (ER)	Voc. Overlap	ENTR	L	LMAX
dialogue_txt	16.0	313.0	28.0	0.08945686900958466	0.21405750798722045	0.1807909604519774	0.34781691357106326	1.065217391304348	2.0
