ID	S1	S2	S1/Initiated Expression (IE_S1)	S1/Expression Repetition (ER_S1)	S1/tokens (%)	S2/Initiated Expression (IE_S2)	S2/Expression Repetition (ER_S2)	S2/tokens (%)	Voc. Overlap S1	Voc. Overlap S2	SR/S1/ELS	SR/S1/EV	SR/S1/ER	SR/S1/ENTR	SR/S1/L	SR/S1/LMAX	SR/S2/ELS	SR/S2/EV	SR/S2/ER	SR/S2/ENTR	SR/S2/L	SR/S2/LMAX
dialogue_txt	Human 1	Human 2	0.775	0.16058394160583941	0.5756302521008403	0.225	0.5643564356435643	0.42436974789915966	0.48863636363636365	0.6323529411764706	19.0	0.1310344827586207	0.36551724137931035	0.693127415328288	1.186046511627907	2.0	14.0	0.12727272727272726	0.38181818181818183	0.3372900666170139	1.1875	4.0
