ID	S1	S2	S1/Initiated Expression (IE_S1)	S1/Expression Repetition (ER_S1)	S1/tokens (%)	S2/Initiated Expression (IE_S2)	S2/Expression Repetition (ER_S2)	S2/tokens (%)	Voc. Overlap S1	Voc. Overlap S2	SR/S1/ELS	SR/S1/EV	SR/S1/ER	SR/S1/ENTR	SR/S1/L	SR/S1/LMAX	SR/S2/ELS	SR/S2/EV	SR/S2/ER	SR/S2/ENTR	SR/S2/L	SR/S2/LMAX
dialogue_txt	Human 1	Human 2	0.8125	0.17567567567567569	0.6820276497695853	0.1875	0.6376811594202898	0.31797235023041476	0.3402061855670103	0.7674418604651163	16.0	0.1032258064516129	0.2838709677419355	0.512709142030877	1.1142857142857143	2.0	13.0	0.16883116883116883	0.44155844155844154	0.7495952572594798	1.2142857142857142	2.0
