ID	Num. utterances	Num. tokens	Expression Lexicon Size (ELS)	Expression Variety (EV)	Expression Repetition (ER)	Voc. Overlap	ENTR	L	LMAX
dialogue_txt	16.0	280.0	43.0	0.15357142857142858	0.29642857142857143	0.35658914728682173	0.7119308861690796	1.1801801801801801	3.0
