ID	Num. utterances	Num. tokens	Expression Lexicon Size (ELS)	Expression Variety (EV)	Expression Repetition (ER)	Voc. Overlap	ENTR	L	LMAX
dialogue_txt	14.0	196.0	31.0	0.15816326530612246	0.3520408163265306	0.3617021276595745	0.8286658567785236	1.3918918918918919	6.0
