ID	Num. utterances	Num. tokens	Expression Lexicon Size (ELS)	Expression Variety (EV)	Expression Repetition (ER)	Voc. Overlap	ENTR	L	LMAX
dialogue_txt	17.0	219.0	21.0	0.0958904109589041	0.2922374429223744	0.2072072072072072	0.570401499427012	1.2647058823529411	7.0
