ID	S1	S2	S1/Initiated Expression (IE_S1)	S1/Expression Repetition (ER_S1)	S1/tokens (%)	S2/Initiated Expression (IE_S2)	S2/Expression Repetition (ER_S2)	S2/tokens (%)	Voc. Overlap S1	Voc. Overlap S2	SR/S1/ELS	SR/S1/EV	SR/S1/ER	SR/S1/ENTR	SR/S1/L	SR/S1/LMAX	SR/S2/ELS	SR/S2/EV	SR/S2/ER	SR/S2/ENTR	SR/S2/L	SR/S2/LMAX
dialogue_txt	Human 1	Human 2	0.7619047619047619	0.19672131147540983	0.2785388127853881	0.23809523809523808	0.3291139240506329	0.7214611872146118	0.5609756097560976	0.24731182795698925	10.0	0.14492753623188406	0.37681159420289856	0.8812908992306927	1.3	2.0	24.0	0.1437125748502994	0.5209580838323353	1.2710687290536027	1.5272727272727273	6.0
