ID	Num. utterances	Num. tokens	Expression Lexicon Size (ELS)	Expression Variety (EV)	Expression Repetition (ER)	Voc. Overlap	ENTR	L	LMAX
dialogue_txt	18.0	340.0	42.0	0.12352941176470589	0.3088235294117647	0.27607361963190186	0.855976672839158	1.2479338842975207	3.0
