ID	Num. utterances	Num. tokens	Expression Lexicon Size (ELS)	Expression Variety (EV)	Expression Repetition (ER)	Voc. Overlap	ENTR	L	LMAX
dialogue_txt	14.0	228.0	37.0	0.16228070175438597	0.30701754385964913	0.3162393162393162	0.8956637947512012	1.264367816091954	3.0
