ID	Num. utterances	Num. tokens	Expression Lexicon Size (ELS)	Expression Variety (EV)	Expression Repetition (ER)	Voc. Overlap	ENTR	L	LMAX
dialogue_txt	16.0	297.0	44.0	0.14814814814814814	0.3468013468013468	0.3533834586466165	0.9821970313472499	1.3089430894308942	4.0
