ID	S1	S2	S1/Initiated Expression (IE_S1)	S1/Expression Repetition (ER_S1)	S1/tokens (%)	S2/Initiated Expression (IE_S2)	S2/Expression Repetition (ER_S2)	S2/tokens (%)	Voc. Overlap S1	Voc. Overlap S2	SR/S1/ELS	SR/S1/EV	SR/S1/ER	SR/S1/ENTR	SR/S1/L	SR/S1/LMAX	SR/S2/ELS	SR/S2/EV	SR/S2/ER	SR/S2/ENTR	SR/S2/L	SR/S2/LMAX
dialogue_txt	Human 1	Human 2	0.8163265306122449	0.17985611510791366	0.486013986013986	0.1836734693877551	0.5374149659863946	0.513986013986014	0.5568181818181818	0.532608695652174	17.0	0.11643835616438356	0.3698630136986301	0.9707450578356165	1.394736842105263	5.0	25.0	0.16233766233766234	0.474025974025974	1.198483227129662	1.4509803921568627	5.0
