ID	Num. utterances	Num. tokens	Expression Lexicon Size (ELS)	Expression Variety (EV)	Expression Repetition (ER)	Voc. Overlap	ENTR	L	LMAX
dialogue_txt	15.0	194.0	38.0	0.1958762886597938	0.34536082474226804	0.4823529411764706	1.1248799299921821	1.423529411764706	6.0
