ID	Num. utterances	Num. tokens	Expression Lexicon Size (ELS)	Expression Variety (EV)	Expression Repetition (ER)	Voc. Overlap	ENTR	L	LMAX
dialogue_txt	15.0	213.0	22.0	0.10328638497652583	0.20187793427230047	0.19166666666666668	0.5197027865043055	1.1166666666666667	2.0
