ID	Num. utterances	Num. tokens	Expression Lexicon Size (ELS)	Expression Variety (EV)	Expression Repetition (ER)	Voc. Overlap	ENTR	L	LMAX
dialogue_txt	15.0	272.0	23.0	0.08455882352941177	0.19852941176470587	0.15476190476190477	0.5340042729285396	1.1216216216216217	2.0
