ID	S1	S2	S1/Initiated Expression (IE_S1)	S1/Expression Repetition (ER_S1)	S1/tokens (%)	S2/Initiated Expression (IE_S2)	S2/Expression Repetition (ER_S2)	S2/tokens (%)	Voc. Overlap S1	Voc. Overlap S2	SR/S1/ELS	SR/S1/EV	SR/S1/ER	SR/S1/ENTR	SR/S1/L	SR/S1/LMAX	SR/S2/ELS	SR/S2/EV	SR/S2/ER	SR/S2/ENTR	SR/S2/L	SR/S2/LMAX
dialogue_txt	Human 1	Human 2	0.43478260869565216	0.21374045801526717	0.48161764705882354	0.5652173913043478	0.18439716312056736	0.5183823529411765	0.2708333333333333	0.2653061224489796	16.0	0.11594202898550725	0.2971014492753623	0.6402064333604701	1.1764705882352942	3.0	21.0	0.14093959731543623	0.37583892617449666	0.6751914401458716	1.1777777777777778	2.0
