ID	Num. utterances	Num. tokens	Expression Lexicon Size (ELS)	Expression Variety (EV)	Expression Repetition (ER)	Voc. Overlap	ENTR	L	LMAX
dialogue_txt	16.0	338.0	56.0	0.16568047337278108	0.3875739644970414	0.37333333333333335	0.7885932592045735	1.2467532467532467	7.0
