ID	S1	S2	S1/Initiated Expression (IE_S1)	S1/Expression Repetition (ER_S1)	S1/tokens (%)	S2/Initiated Expression (IE_S2)	S2/Expression Repetition (ER_S2)	S2/tokens (%)	Voc. Overlap S1	Voc. Overlap S2	SR/S1/ELS	SR/S1/EV	SR/S1/ER	SR/S1/ENTR	SR/S1/L	SR/S1/LMAX	SR/S2/ELS	SR/S2/EV	SR/S2/ER	SR/S2/ENTR	SR/S2/L	SR/S2/LMAX
dialogue_txt	Human 1	Human 2	0.6666666666666666	0.10606060606060606	0.39759036144578314	0.3333333333333333	0.36	0.6024096385542169	0.5263157894736842	0.45454545454545453	3.0	0.0410958904109589	0.0821917808219178	-0.0	1.0	1.0	15.0	0.14018691588785046	0.3644859813084112	0.6962122601251458	1.1875	2.0
