ID	S1	S2	S1/Initiated Expression (IE_S1)	S1/Expression Repetition (ER_S1)	S1/tokens (%)	S2/Initiated Expression (IE_S2)	S2/Expression Repetition (ER_S2)	S2/tokens (%)	Voc. Overlap S1	Voc. Overlap S2	SR/S1/ELS	SR/S1/EV	SR/S1/ER	SR/S1/ENTR	SR/S1/L	SR/S1/LMAX	SR/S2/ELS	SR/S2/EV	SR/S2/ER	SR/S2/ENTR	SR/S2/L	SR/S2/LMAX
dialogue_txt	Human 1	Human 2	0.8043478260869565	0.2543352601156069	0.5274390243902439	0.1956521739130435	0.5548387096774193	0.4725609756097561	0.46875	0.5172413793103449	26.0	0.143646408839779	0.4419889502762431	0.849092165846601	1.2321428571428572	3.0	29.0	0.17791411042944785	0.5828220858895705	1.25747834008382	1.4545454545454546	4.0
