ID	Num. utterances	Num. tokens	Expression Lexicon Size (ELS)	Expression Variety (EV)	Expression Repetition (ER)	Voc. Overlap	ENTR	L	LMAX
dialogue_txt	13.0	245.0	33.0	0.1346938775510204	0.27346938775510204	0.25384615384615383	0.5625393752025972	1.1318681318681318	2.0
