ID	S1	S2	S1/Initiated Expression (IE_S1)	S1/Expression Repetition (ER_S1)	S1/tokens (%)	S2/Initiated Expression (IE_S2)	S2/Expression Repetition (ER_S2)	S2/tokens (%)	Voc. Overlap S1	Voc. Overlap S2	SR/S1/ELS	SR/S1/EV	SR/S1/ER	SR/S1/ENTR	SR/S1/L	SR/S1/LMAX	SR/S2/ELS	SR/S2/EV	SR/S2/ER	SR/S2/ENTR	SR/S2/L	SR/S2/LMAX
dialogue_txt	Human 1	Human 2	0.8444444444444444	0.13385826771653545	0.48659003831417624	0.15555555555555556	0.6044776119402985	0.5134099616858238	0.5365853658536586	0.5789473684210527	17.0	0.1259259259259259	0.34074074074074073	0.6394571324851641	1.162162162162162	2.0	25.0	0.176056338028169	0.5211267605633803	1.038106747375295	1.3272727272727274	3.0
