ID	Num. utterances	Num. tokens	Expression Lexicon Size (ELS)	Expression Variety (EV)	Expression Repetition (ER)	Voc. Overlap	ENTR	L	LMAX
dialogue_txt	16.0	261.0	45.0	0.1724137931034483	0.37547892720306514	0.38596491228070173	0.9463309097182295	1.293103448275862	5.0
