ID	Num. utterances	Num. tokens	Expression Lexicon Size (ELS)	Expression Variety (EV)	Expression Repetition (ER)	Voc. Overlap	ENTR	L	LMAX
dialogue_txt	16.0	285.0	42.0	0.14736842105263157	0.3157894736842105	0.3333333333333333	0.588587073932458	1.1416666666666666	2.0
