ID	Num. utterances	Num. tokens	Expression Lexicon Size (ELS)	Expression Variety (EV)	Expression Repetition (ER)	Voc. Overlap	ENTR	L	LMAX
dialogue_txt	15.0	182.0	41.0	0.22527472527472528	0.43956043956043955	0.4810126582278481	1.2744083423397334	1.4588235294117646	4.0
