ID	Num. utterances	Num. tokens	Expression Lexicon Size (ELS)	Expression Variety (EV)	Expression Repetition (ER)	Voc. Overlap	ENTR	L	LMAX
dialogue_txt	13.0	188.0	33.0	0.17553191489361702	0.34574468085106386	0.3793103448275862	1.1376044755849941	1.4133333333333333	4.0
