ID	S1	S2	S1/Initiated Expression (IE_S1)	S1/Expression Repetition (ER_S1)	S1/tokens (%)	S2/Initiated Expression (IE_S2)	S2/Expression Repetition (ER_S2)	S2/tokens (%)	Voc. Overlap S1	Voc. Overlap S2	SR/S1/ELS	SR/S1/EV	SR/S1/ER	SR/S1/ENTR	SR/S1/L	SR/S1/LMAX	SR/S2/ELS	SR/S2/EV	SR/S2/ER	SR/S2/ENTR	SR/S2/L	SR/S2/LMAX
dialogue_txt	Human 1	Human 2	0.8181818181818182	0.1282051282051282	0.4148936170212766	0.18181818181818182	0.5	0.5851063829787234	0.5789473684210527	0.5238095238095238	7.0	0.08333333333333333	0.2261904761904762	0.5435644431995964	1.125	2.0	23.0	0.19658119658119658	0.48717948717948717	1.0488412604661608	1.380952380952381	4.0
