ID	Num. utterances	Num. tokens	Expression Lexicon Size (ELS)	Expression Variety (EV)	Expression Repetition (ER)	Voc. Overlap	ENTR	L	LMAX
dialogue_txt	16.0	254.0	38.0	0.14960629921259844	0.2952755905511811	0.3482142857142857	0.9527021836092285	1.3043478260869565	5.0
