ID	Num. utterances	Num. tokens	Expression Lexicon Size (ELS)	Expression Variety (EV)	Expression Repetition (ER)	Voc. Overlap	ENTR	L	LMAX
dialogue_txt	16.0	277.0	49.0	0.17689530685920576	0.3862815884476534	0.39344262295081966	1.0104040200169997	1.3442622950819672	4.0
