ID	S1	S2	S1/Initiated Expression (IE_S1)	S1/Expression Repetition (ER_S1)	S1/tokens (%)	S2/Initiated Expression (IE_S2)	S2/Expression Repetition (ER_S2)	S2/tokens (%)	Voc. Overlap S1	Voc. Overlap S2	SR/S1/ELS	SR/S1/EV	SR/S1/ER	SR/S1/ENTR	SR/S1/L	SR/S1/LMAX	SR/S2/ELS	SR/S2/EV	SR/S2/ER	SR/S2/ENTR	SR/S2/L	SR/S2/LMAX
dialogue_txt	Human 1	Human 2	0.8043478260869565	0.1610738255033557	0.5085324232081911	0.1956521739130435	0.5277777777777778	0.49146757679180886	0.4489795918367347	0.5057471264367817	14.0	0.08974358974358974	0.27564102564102566	0.7355085815538398	1.206896551724138	2.0	29.0	0.19205298013245034	0.48344370860927155	1.1595115491253793	1.4074074074074074	3.0
