ID	Num. utterances	Num. tokens	Expression Lexicon Size (ELS)	Expression Variety (EV)	Expression Repetition (ER)	Voc. Overlap	ENTR	L	LMAX
dialogue_txt	14.0	293.0	46.0	0.15699658703071673	0.3412969283276451	0.3120567375886525	0.7881133310528374	1.2131147540983607	3.0
