ID	Num. utterances	Num. tokens	Expression Lexicon Size (ELS)	Expression Variety (EV)	Expression Repetition (ER)	Voc. Overlap	ENTR	L	LMAX
dialogue_txt	16.0	196.0	38.0	0.19387755102040816	0.413265306122449	0.43956043956043955	1.359418870666366	1.5731707317073171	4.0
