ID	S1	S2	S1/Initiated Expression (IE_S1)	S1/Expression Repetition (ER_S1)	S1/tokens (%)	S2/Initiated Expression (IE_S2)	S2/Expression Repetition (ER_S2)	S2/tokens (%)	Voc. Overlap S1	Voc. Overlap S2	SR/S1/ELS	SR/S1/EV	SR/S1/ER	SR/S1/ENTR	SR/S1/L	SR/S1/LMAX	SR/S2/ELS	SR/S2/EV	SR/S2/ER	SR/S2/ENTR	SR/S2/L	SR/S2/LMAX
dialogue_txt	Human 1	Human 2	0.9210526315789473	0.13186813186813187	0.4642857142857143	0.07894736842105263	0.6571428571428571	0.5357142857142857	0.6153846153846154	0.6060606060606061	12.0	0.12121212121212122	0.2828282828282828	-0.0	1.0	1.0	20.0	0.17699115044247787	0.49557522123893805	1.0843365498332875	1.3571428571428572	3.0
