ID	Num. utterances	Num. tokens	Expression Lexicon Size (ELS)	Expression Variety (EV)	Expression Repetition (ER)	Voc. Overlap	ENTR	L	LMAX
dialogue_txt	14.0	202.0	26.0	0.12871287128712872	0.24752475247524752	0.2636363636363636	0.5179624931548434	1.1168831168831168	3.0
