ID	S1	S2	S1/Initiated Expression (IE_S1)	S1/Expression Repetition (ER_S1)	S1/tokens (%)	S2/Initiated Expression (IE_S2)	S2/Expression Repetition (ER_S2)	S2/tokens (%)	Voc. Overlap S1	Voc. Overlap S2	SR/S1/ELS	SR/S1/EV	SR/S1/ER	SR/S1/ENTR	SR/S1/L	SR/S1/LMAX	SR/S2/ELS	SR/S2/EV	SR/S2/ER	SR/S2/ENTR	SR/S2/L	SR/S2/LMAX
dialogue_txt	Human 1	Human 2	0.6666666666666666	0.25	0.5064935064935064	0.3333333333333333	0.4342105263157895	0.4935064935064935	0.4639175257731959	0.5113636363636364	22.0	0.13414634146341464	0.39634146341463417	0.5095157180881823	1.1132075471698113	2.0	27.0	0.16875	0.48125	1.2103333715523814	1.4545454545454546	4.0
