ID	S1	S2	S1/Initiated Expression (IE_S1)	S1/Expression Repetition (ER_S1)	S1/tokens (%)	S2/Initiated Expression (IE_S2)	S2/Expression Repetition (ER_S2)	S2/tokens (%)	Voc. Overlap S1	Voc. Overlap S2	SR/S1/ELS	SR/S1/EV	SR/S1/ER	SR/S1/ENTR	SR/S1/L	SR/S1/LMAX	SR/S2/ELS	SR/S2/EV	SR/S2/ER	SR/S2/ENTR	SR/S2/L	SR/S2/LMAX
dialogue_txt	Human 1	Human 2	0.7254901960784313	0.17751479289940827	0.5434083601286174	0.27450980392156865	0.5070422535211268	0.4565916398713826	0.46464646464646464	0.5542168674698795	26.0	0.14689265536723164	0.4067796610169492	0.83294582353614	1.2641509433962264	2.0	26.0	0.17333333333333334	0.49333333333333335	0.4586858162005403	1.096774193548387	2.0
