ID	Num. utterances	Num. tokens	Expression Lexicon Size (ELS)	Expression Variety (EV)	Expression Repetition (ER)	Voc. Overlap	ENTR	L	LMAX
dialogue_txt	15.0	146.0	24.0	0.1643835616438356	0.3082191780821918	0.40540540540540543	1.226351331613238	1.588235294117647	8.0
