ID	S1	S2	S1/Initiated Expression (IE_S1)	S1/Expression Repetition (ER_S1)	S1/tokens (%)	S2/Initiated Expression (IE_S2)	S2/Expression Repetition (ER_S2)	S2/tokens (%)	Voc. Overlap S1	Voc. Overlap S2	SR/S1/ELS	SR/S1/EV	SR/S1/ER	SR/S1/ENTR	SR/S1/L	SR/S1/LMAX	SR/S2/ELS	SR/S2/EV	SR/S2/ER	SR/S2/ENTR	SR/S2/L	SR/S2/LMAX
dialogue_txt	Human 1	Human 2	0.8913043478260869	0.19642857142857142	0.4686192468619247	0.10869565217391304	0.6141732283464567	0.5313807531380753	0.5454545454545454	0.5753424657534246	15.0	0.125	0.31666666666666665	0.43055186701043946	1.088235294117647	2.0	25.0	0.18518518518518517	0.5185185185185185	1.0709011693212478	1.4285714285714286	4.0
