ID	S1	S2	S1/Initiated Expression (IE_S1)	S1/Expression Repetition (ER_S1)	S1/tokens (%)	S2/Initiated Expression (IE_S2)	S2/Expression Repetition (ER_S2)	S2/tokens (%)	Voc. Overlap S1	Voc. Overlap S2	SR/S1/ELS	SR/S1/EV	SR/S1/ER	SR/S1/ENTR	SR/S1/L	SR/S1/LMAX	SR/S2/ELS	SR/S2/EV	SR/S2/ER	SR/S2/ENTR	SR/S2/L	SR/S2/LMAX
dialogue_txt	Human 1	Human 2	0.7435897435897436	0.18947368421052632	0.4298642533936652	0.2564102564102564	0.5396825396825397	0.5701357466063348	0.6461538461538462	0.5526315789473685	10.0	0.0970873786407767	0.27184466019417475	0.4021791902022728	1.08	2.0	20.0	0.14925373134328357	0.4701492537313433	0.8076702057269436	1.2608695652173914	4.0
