ID	S1	S2	S1/Initiated Expression (IE_S1)	S1/Expression Repetition (ER_S1)	S1/tokens (%)	S2/Initiated Expression (IE_S2)	S2/Expression Repetition (ER_S2)	S2/tokens (%)	Voc. Overlap S1	Voc. Overlap S2	SR/S1/ELS	SR/S1/EV	SR/S1/ER	SR/S1/ENTR	SR/S1/L	SR/S1/LMAX	SR/S2/ELS	SR/S2/EV	SR/S2/ER	SR/S2/ENTR	SR/S2/L	SR/S2/LMAX
dialogue_txt	Human 1	Human 2	0.725	0.21621621621621623	0.4820846905537459	0.275	0.49056603773584906	0.5179153094462541	0.4942528735632184	0.43434343434343436	22.0	0.14102564102564102	0.4230769230769231	0.8176338568998316	1.22	3.0	25.0	0.1497005988023952	0.4491017964071856	0.8793343951523034	1.2456140350877194	3.0
