ID	S1	S2	S1/Initiated Expression (IE_S1)	S1/Expression Repetition (ER_S1)	S1/tokens (%)	S2/Initiated Expression (IE_S2)	S2/Expression Repetition (ER_S2)	S2/tokens (%)	Voc. Overlap S1	Voc. Overlap S2	SR/S1/ELS	SR/S1/EV	SR/S1/ER	SR/S1/ENTR	SR/S1/L	SR/S1/LMAX	SR/S2/ELS	SR/S2/EV	SR/S2/ER	SR/S2/ENTR	SR/S2/L	SR/S2/LMAX
dialogue_txt	Human 1	Human 2	0.6585365853658537	0.25675675675675674	0.4582043343653251	0.34146341463414637	0.44571428571428573	0.541795665634675	0.47126436781609193	0.4270833333333333	22.0	0.14102564102564102	0.4230769230769231	0.8176338568998316	1.22	3.0	32.0	0.17486338797814208	0.5683060109289617	1.2834466655084162	1.5285714285714285	6.0
