ID	S1	S2	S1/Initiated Expression (IE_S1)	S1/Expression Repetition (ER_S1)	S1/tokens (%)	S2/Initiated Expression (IE_S2)	S2/Expression Repetition (ER_S2)	S2/tokens (%)	Voc. Overlap S1	Voc. Overlap S2	SR/S1/ELS	SR/S1/EV	SR/S1/ER	SR/S1/ENTR	SR/S1/L	SR/S1/LMAX	SR/S2/ELS	SR/S2/EV	SR/S2/ER	SR/S2/ENTR	SR/S2/L	SR/S2/LMAX
dialogue_txt	Human 1	Human 2	0.8222222222222222	0.19205298013245034	0.5050167224080268	0.17777777777777778	0.5472972972972973	0.49498327759197325	0.46938775510204084	0.5822784810126582	20.0	0.12578616352201258	0.33962264150943394	0.9557047234094589	1.2820512820512822	3.0	28.0	0.1794871794871795	0.5128205128205128	1.3369111637437805	1.537037037037037	3.0
