ID	Num. utterances	Num. tokens	Expression Lexicon Size (ELS)	Expression Variety (EV)	Expression Repetition (ER)	Voc. Overlap	ENTR	L	LMAX
dialogue_txt	19.0	437.0	54.0	0.12356979405034325	0.3707093821510298	0.27040816326530615	0.6292565708665229	1.1475409836065573	3.0
