ID	S1	S2	S1/Initiated Expression (IE_S1)	S1/Expression Repetition (ER_S1)	S1/tokens (%)	S2/Initiated Expression (IE_S2)	S2/Expression Repetition (ER_S2)	S2/tokens (%)	Voc. Overlap S1	Voc. Overlap S2	SR/S1/ELS	SR/S1/EV	SR/S1/ER	SR/S1/ENTR	SR/S1/L	SR/S1/LMAX	SR/S2/ELS	SR/S2/EV	SR/S2/ER	SR/S2/ENTR	SR/S2/L	SR/S2/LMAX
dialogue_txt	Human 1	Human 2	0.44	0.23863636363636365	0.3728813559322034	0.56	0.17567567567567569	0.6271186440677966	0.352112676056338	0.2403846153846154	4.0	0.042105263157894736	0.16842105263157894	0.7219280948873623	1.4	3.0	19.0	0.12179487179487179	0.33974358974358976	0.7592757847892833	1.2195121951219512	2.0
