ID	S1	S2	S1/Initiated Expression (IE_S1)	S1/Expression Repetition (ER_S1)	S1/tokens (%)	S2/Initiated Expression (IE_S2)	S2/Expression Repetition (ER_S2)	S2/tokens (%)	Voc. Overlap S1	Voc. Overlap S2	SR/S1/ELS	SR/S1/EV	SR/S1/ER	SR/S1/ENTR	SR/S1/L	SR/S1/LMAX	SR/S2/ELS	SR/S2/EV	SR/S2/ER	SR/S2/ENTR	SR/S2/L	SR/S2/LMAX
dialogue_txt	Human 1	Human 2	0.782608695652174	0.12727272727272726	0.35714285714285715	0.21739130434782608	0.31313131313131315	0.6428571428571429	0.6428571428571429	0.4153846153846154	5.0	0.08064516129032258	0.1935483870967742	0.8112781244591328	1.5	3.0	10.0	0.09345794392523364	0.42990654205607476	1.0230370655328809	2.0952380952380953	8.0
