ID	Num. utterances	Num. tokens	Expression Lexicon Size (ELS)	Expression Variety (EV)	Expression Repetition (ER)	Voc. Overlap	ENTR	L	LMAX
dialogue_txt	16.0	193.0	28.0	0.14507772020725387	0.31088082901554404	0.3541666666666667	0.723201308298161	1.2535211267605635	4.0
