ID	S1	S2	S1/Initiated Expression (IE_S1)	S1/Expression Repetition (ER_S1)	S1/tokens (%)	S2/Initiated Expression (IE_S2)	S2/Expression Repetition (ER_S2)	S2/tokens (%)	Voc. Overlap S1	Voc. Overlap S2	SR/S1/ELS	SR/S1/EV	SR/S1/ER	SR/S1/ENTR	SR/S1/L	SR/S1/LMAX	SR/S2/ELS	SR/S2/EV	SR/S2/ER	SR/S2/ENTR	SR/S2/L	SR/S2/LMAX
dialogue_txt	Human 1	Human 2	0.7857142857142857	0.15492957746478872	0.36787564766839376	0.21428571428571427	0.4016393442622951	0.6321243523316062	0.6296296296296297	0.4473684210526316	7.0	0.08860759493670886	0.21518987341772153	0.5916727785823274	1.1428571428571428	2.0	21.0	0.16153846153846155	0.45384615384615384	1.1668750678823046	1.425	3.0
