ID	Num. utterances	Num. tokens	Expression Lexicon Size (ELS)	Expression Variety (EV)	Expression Repetition (ER)	Voc. Overlap	ENTR	L	LMAX
dialogue_txt	17.0	312.0	33.0	0.10576923076923077	0.2692307692307692	0.21264367816091953	0.4742659446679749	1.1009174311926606	3.0
