ID	S1	S2	S1/Initiated Expression (IE_S1)	S1/Expression Repetition (ER_S1)	S1/tokens (%)	S2/Initiated Expression (IE_S2)	S2/Expression Repetition (ER_S2)	S2/tokens (%)	Voc. Overlap S1	Voc. Overlap S2	SR/S1/ELS	SR/S1/EV	SR/S1/ER	SR/S1/ENTR	SR/S1/L	SR/S1/LMAX	SR/S2/ELS	SR/S2/EV	SR/S2/ER	SR/S2/ENTR	SR/S2/L	SR/S2/LMAX
dialogue_txt	Human 1	Human 2	0.7619047619047619	0.208	0.4416961130742049	0.23809523809523808	0.44936708860759494	0.558303886925795	0.4883720930232558	0.47191011235955055	19.0	0.14285714285714285	0.3533834586466165	0.4612160405139095	1.0975609756097562	2.0	33.0	0.19879518072289157	0.5602409638554217	1.036186417911213	1.3428571428571427	3.0
