ID	Num. utterances	Num. tokens	Expression Lexicon Size (ELS)	Expression Variety (EV)	Expression Repetition (ER)	Voc. Overlap	ENTR	L	LMAX
dialogue_txt	15.0	232.0	38.0	0.16379310344827586	0.3879310344827586	0.29464285714285715	1.027950452108538	1.3195876288659794	3.0
