ID	Num. utterances	Num. tokens	Expression Lexicon Size (ELS)	Expression Variety (EV)	Expression Repetition (ER)	Voc. Overlap	ENTR	L	LMAX
dialogue_txt	18.0	318.0	24.0	0.07547169811320754	0.16352201257861634	0.14367816091954022	0.6689128250884092	1.162162162162162	3.0
