ID	Num. utterances	Num. tokens	Expression Lexicon Size (ELS)	Expression Variety (EV)	Expression Repetition (ER)	Voc. Overlap	ENTR	L	LMAX
dialogue_txt	16.0	239.0	28.0	0.11715481171548117	0.27615062761506276	0.27049180327868855	0.7081295792306317	1.2837837837837838	7.0
