ID	Num. utterances	Num. tokens	Expression Lexicon Size (ELS)	Expression Variety (EV)	Expression Repetition (ER)	Voc. Overlap	ENTR	L	LMAX
dialogue_txt	13.0	198.0	25.0	0.12626262626262627	0.2676767676767677	0.30392156862745096	0.4853317402406918	1.1369863013698631	3.0
