ID	Num. utterances	Num. tokens	Expression Lexicon Size (ELS)	Expression Variety (EV)	Expression Repetition (ER)	Voc. Overlap	ENTR	L	LMAX
dialogue_txt	14.0	183.0	31.0	0.16939890710382513	0.31693989071038253	0.3595505617977528	1.1024467616675373	1.358974358974359	4.0
