ID	S1	S2	S1/Initiated Expression (IE_S1)	S1/Expression Repetition (ER_S1)	S1/tokens (%)	S2/Initiated Expression (IE_S2)	S2/Expression Repetition (ER_S2)	S2/tokens (%)	Voc. Overlap S1	Voc. Overlap S2	SR/S1/ELS	SR/S1/EV	SR/S1/ER	SR/S1/ENTR	SR/S1/L	SR/S1/LMAX	SR/S2/ELS	SR/S2/EV	SR/S2/ER	SR/S2/ENTR	SR/S2/L	SR/S2/LMAX
dialogue_txt	Human 1	Human 2	0.673469387755102	0.2080536912751678	0.4885245901639344	0.32653061224489793	0.5576923076923077	0.5114754098360655	0.4897959183673469	0.6	14.0	0.08974358974358974	0.27564102564102566	0.7355085815538398	1.206896551724138	2.0	31.0	0.1901840490797546	0.5950920245398773	1.3444210882034642	1.6964285714285714	6.0
