ID	Num. utterances	Num. tokens	Expression Lexicon Size (ELS)	Expression Variety (EV)	Expression Repetition (ER)	Voc. Overlap	ENTR	L	LMAX
dialogue_txt	14.0	305.0	49.0	0.16065573770491803	0.38688524590163936	0.36923076923076925	0.9370941706686304	1.3076923076923077	4.0
