ID	S1	S2	S1/Initiated Expression (IE_S1)	S1/Expression Repetition (ER_S1)	S1/tokens (%)	S2/Initiated Expression (IE_S2)	S2/Expression Repetition (ER_S2)	S2/tokens (%)	Voc. Overlap S1	Voc. Overlap S2	SR/S1/ELS	SR/S1/EV	SR/S1/ER	SR/S1/ENTR	SR/S1/L	SR/S1/LMAX	SR/S2/ELS	SR/S2/EV	SR/S2/ER	SR/S2/ENTR	SR/S2/L	SR/S2/LMAX
dialogue_txt	Human 1	Human 2	0.8666666666666667	0.20689655172413793	0.359504132231405	0.13333333333333333	0.6193548387096774	0.640495867768595	0.6111111111111112	0.4782608695652174	12.0	0.125	0.3645833333333333	1.0676111603502403	1.434782608695652	4.0	18.0	0.10909090909090909	0.6060606060606061	2.1706536600327326	4.3076923076923075	15.0
