ID	S1	S2	S1/Initiated Expression (IE_S1)	S1/Expression Repetition (ER_S1)	S1/tokens (%)	S2/Initiated Expression (IE_S2)	S2/Expression Repetition (ER_S2)	S2/tokens (%)	Voc. Overlap S1	Voc. Overlap S2	SR/S1/ELS	SR/S1/EV	SR/S1/ER	SR/S1/ENTR	SR/S1/L	SR/S1/LMAX	SR/S2/ELS	SR/S2/EV	SR/S2/ER	SR/S2/ENTR	SR/S2/L	SR/S2/LMAX
dialogue_txt	Human 1	Human 2	0.6190476190476191	0.20833333333333334	0.34951456310679613	0.38095238095238093	0.23134328358208955	0.6504854368932039	0.46938775510204084	0.2987012987012987	6.0	0.0759493670886076	0.3037974683544304	1.1488348542809166	1.5714285714285714	4.0	24.0	0.16901408450704225	0.5140845070422535	1.2308502908862673	1.4285714285714286	4.0
