ID	Num. utterances	Num. tokens	Expression Lexicon Size (ELS)	Expression Variety (EV)	Expression Repetition (ER)	Voc. Overlap	ENTR	L	LMAX
dialogue_txt	15.0	213.0	34.0	0.1596244131455399	0.29577464788732394	0.32075471698113206	0.5357150195407703	1.1222222222222222	2.0
