ID	S1	S2	S1/Initiated Expression (IE_S1)	S1/Expression Repetition (ER_S1)	S1/tokens (%)	S2/Initiated Expression (IE_S2)	S2/Expression Repetition (ER_S2)	S2/tokens (%)	Voc. Overlap S1	Voc. Overlap S2	SR/S1/ELS	SR/S1/EV	SR/S1/ER	SR/S1/ENTR	SR/S1/L	SR/S1/LMAX	SR/S2/ELS	SR/S2/EV	SR/S2/ER	SR/S2/ENTR	SR/S2/L	SR/S2/LMAX
dialogue_txt	Human 1	Human 2	0.6785714285714286	0.22950819672131148	0.28110599078341014	0.32142857142857145	0.3525641025641026	0.7188940092165899	0.6382978723404256	0.40540540540540543	8.0	0.11594202898550725	0.2463768115942029	-0.0	1.0	1.0	23.0	0.1402439024390244	0.6219512195121951	1.4689980138731564	2.4634146341463414	15.0
