ID	Num. utterances	Num. tokens	Expression Lexicon Size (ELS)	Expression Variety (EV)	Expression Repetition (ER)	Voc. Overlap	ENTR	L	LMAX
dialogue_txt	18.0	199.0	31.0	0.15577889447236182	0.3015075376884422	0.3047619047619048	0.7166336117927454	1.1973684210526316	2.0
