ID	Num. utterances	Num. tokens	Expression Lexicon Size (ELS)	Expression Variety (EV)	Expression Repetition (ER)	Voc. Overlap	ENTR	L	LMAX
dialogue_txt	8.0	118.0	22.0	0.1864406779661017	0.3135593220338983	0.38095238095238093	0.3138129641688651	1.1132075471698113	3.0
