ID	S1	S2	S1/Initiated Expression (IE_S1)	S1/Expression Repetition (ER_S1)	S1/tokens (%)	S2/Initiated Expression (IE_S2)	S2/Expression Repetition (ER_S2)	S2/tokens (%)	Voc. Overlap S1	Voc. Overlap S2	SR/S1/ELS	SR/S1/EV	SR/S1/ER	SR/S1/ENTR	SR/S1/L	SR/S1/LMAX	SR/S2/ELS	SR/S2/EV	SR/S2/ER	SR/S2/ENTR	SR/S2/L	SR/S2/LMAX
dialogue_txt	Human 1	Human 2	0.8421052631578947	0.11711711711711711	0.4493927125506073	0.15789473684210525	0.6691176470588235	0.5506072874493927	0.5454545454545454	0.6176470588235294	12.0	0.10084033613445378	0.2857142857142857	-0.0	1.0	1.0	27.0	0.1875	0.6180555555555556	1.7872768363334637	1.8823529411764706	5.0
