ID	S1	S2	S1/Initiated Expression (IE_S1)	S1/Expression Repetition (ER_S1)	S1/tokens (%)	S2/Initiated Expression (IE_S2)	S2/Expression Repetition (ER_S2)	S2/tokens (%)	Voc. Overlap S1	Voc. Overlap S2	SR/S1/ELS	SR/S1/EV	SR/S1/ER	SR/S1/ENTR	SR/S1/L	SR/S1/LMAX	SR/S2/ELS	SR/S2/EV	SR/S2/ER	SR/S2/ENTR	SR/S2/L	SR/S2/LMAX
dialogue_txt	Human 1	Human 2	0.9	0.12631578947368421	0.3877551020408163	0.1	0.58	0.6122448979591837	0.6153846153846154	0.5194805194805194	10.0	0.0970873786407767	0.27184466019417475	0.4021791902022728	1.08	2.0	34.0	0.21518987341772153	0.6075949367088608	0.772558571308465	1.2	3.0
