ID	Num. utterances	Num. tokens	Expression Lexicon Size (ELS)	Expression Variety (EV)	Expression Repetition (ER)	Voc. Overlap	ENTR	L	LMAX
dialogue_txt	15.0	269.0	43.0	0.15985130111524162	0.3345724907063197	0.3283582089552239	0.7647620030783278	1.2035398230088497	4.0
