ID	S1	S2	S1/Initiated Expression (IE_S1)	S1/Expression Repetition (ER_S1)	S1/tokens (%)	S2/Initiated Expression (IE_S2)	S2/Expression Repetition (ER_S2)	S2/tokens (%)	Voc. Overlap S1	Voc. Overlap S2	SR/S1/ELS	SR/S1/EV	SR/S1/ER	SR/S1/ENTR	SR/S1/L	SR/S1/LMAX	SR/S2/ELS	SR/S2/EV	SR/S2/ER	SR/S2/ENTR	SR/S2/L	SR/S2/LMAX
dialogue_txt	Human 1	Human 2	0.6666666666666666	0.1509433962264151	0.22083333333333333	0.3333333333333333	0.1443850267379679	0.7791666666666667	0.5128205128205128	0.22727272727272727	5.0	0.08064516129032258	0.16129032258064516	-0.0	1.0	1.0	33.0	0.1683673469387755	0.6530612244897959	2.0704998530065035	2.25	8.0
