ID	S1	S2	S1/Initiated Expression (IE_S1)	S1/Expression Repetition (ER_S1)	S1/tokens (%)	S2/Initiated Expression (IE_S2)	S2/Expression Repetition (ER_S2)	S2/tokens (%)	Voc. Overlap S1	Voc. Overlap S2	SR/S1/ELS	SR/S1/EV	SR/S1/ER	SR/S1/ENTR	SR/S1/L	SR/S1/LMAX	SR/S2/ELS	SR/S2/EV	SR/S2/ER	SR/S2/ENTR	SR/S2/L	SR/S2/LMAX
dialogue_txt	Human 1	Human 2	0.9393939393939394	0.11594202898550725	0.345	0.06060606060606061	0.5190839694656488	0.655	0.6491228070175439	0.49333333333333335	6.0	0.07894736842105263	0.18421052631578946	-0.0	1.0	1.0	28.0	0.2014388489208633	0.5899280575539568	1.198117421130403	1.5	4.0
