ID	Num. utterances	Num. tokens	Expression Lexicon Size (ELS)	Expression Variety (EV)	Expression Repetition (ER)	Voc. Overlap	ENTR	L	LMAX
dialogue_txt	16.0	309.0	34.0	0.11003236245954692	0.22653721682847897	0.22641509433962265	0.7393001317135056	1.2247191011235956	5.0
