ID	Num. utterances	Num. tokens	Expression Lexicon Size (ELS)	Expression Variety (EV)	Expression Repetition (ER)	Voc. Overlap	ENTR	L	LMAX
dialogue_txt	21.0	307.0	41.0	0.13355048859934854	0.2703583061889251	0.28289473684210525	0.6706514056796242	1.1612903225806452	3.0
