ID	Num. utterances	Num. tokens	Expression Lexicon Size (ELS)	Expression Variety (EV)	Expression Repetition (ER)	Voc. Overlap	ENTR	L	LMAX
dialogue_txt	15.0	273.0	26.0	0.09523809523809523	0.21611721611721613	0.19875776397515527	0.7133091442588197	1.2025316455696202	4.0
