ID	Num. utterances	Num. tokens	Expression Lexicon Size (ELS)	Expression Variety (EV)	Expression Repetition (ER)	Voc. Overlap	ENTR	L	LMAX
dialogue_txt	18.0	242.0	27.0	0.1115702479338843	0.30991735537190085	0.24347826086956523	0.4576374535189965	1.098901098901099	3.0
