ID	S1	S2	S1/Initiated Expression (IE_S1)	S1/Expression Repetition (ER_S1)	S1/tokens (%)	S2/Initiated Expression (IE_S2)	S2/Expression Repetition (ER_S2)	S2/tokens (%)	Voc. Overlap S1	Voc. Overlap S2	SR/S1/ELS	SR/S1/EV	SR/S1/ER	SR/S1/ENTR	SR/S1/L	SR/S1/LMAX	SR/S2/ELS	SR/S2/EV	SR/S2/ER	SR/S2/ENTR	SR/S2/L	SR/S2/LMAX
dialogue_txt	Human 1	Human 2	0.7692307692307693	0.1125	0.3755868544600939	0.23076923076923078	0.48120300751879697	0.6244131455399061	0.5932203389830508	0.49295774647887325	6.0	0.06896551724137931	0.1724137931034483	-0.0	1.0	1.0	27.0	0.19148936170212766	0.5460992907801419	1.3372823580977733	1.58	3.0
