ID	S1	S2	S1/Initiated Expression (IE_S1)	S1/Expression Repetition (ER_S1)	S1/tokens (%)	S2/Initiated Expression (IE_S2)	S2/Expression Repetition (ER_S2)	S2/tokens (%)	Voc. Overlap S1	Voc. Overlap S2	SR/S1/ELS	SR/S1/EV	SR/S1/ER	SR/S1/ENTR	SR/S1/L	SR/S1/LMAX	SR/S2/ELS	SR/S2/EV	SR/S2/ER	SR/S2/ENTR	SR/S2/L	SR/S2/LMAX
dialogue_txt	Human 1	Human 2	0.7	0.22988505747126436	0.42028985507246375	0.3	0.35833333333333334	0.5797101449275363	0.5370370370370371	0.35802469135802467	12.0	0.125	0.3645833333333333	1.0676111603502403	1.434782608695652	4.0	14.0	0.1076923076923077	0.3	0.9055872616982603	1.2666666666666666	3.0
