ID	S1	S2	S1/Initiated Expression (IE_S1)	S1/Expression Repetition (ER_S1)	S1/tokens (%)	S2/Initiated Expression (IE_S2)	S2/Expression Repetition (ER_S2)	S2/tokens (%)	Voc. Overlap S1	Voc. Overlap S2	SR/S1/ELS	SR/S1/EV	SR/S1/ER	SR/S1/ENTR	SR/S1/L	SR/S1/LMAX	SR/S2/ELS	SR/S2/EV	SR/S2/ER	SR/S2/ENTR	SR/S2/L	SR/S2/LMAX
dialogue_txt	Human 1	Human 2	0.8269230769230769	0.15748031496062992	0.49416342412451364	0.17307692307692307	0.6615384615384615	0.5058365758754864	0.5679012345679012	0.6571428571428571	16.0	0.11940298507462686	0.34328358208955223	0.6394571324851641	1.162162162162162	2.0	31.0	0.2246376811594203	0.6231884057971014	1.2397273836591063	1.4655172413793103	5.0
