ID	Num. utterances	Num. tokens	Expression Lexicon Size (ELS)	Expression Variety (EV)	Expression Repetition (ER)	Voc. Overlap	ENTR	L	LMAX
dialogue_txt	18.0	204.0	22.0	0.10784313725490197	0.24019607843137256	0.2376237623762376	0.8047175193210769	1.2459016393442623	2.0
