ID	S1	S2	S1/Initiated Expression (IE_S1)	S1/Expression Repetition (ER_S1)	S1/tokens (%)	S2/Initiated Expression (IE_S2)	S2/Expression Repetition (ER_S2)	S2/tokens (%)	Voc. Overlap S1	Voc. Overlap S2	SR/S1/ELS	SR/S1/EV	SR/S1/ER	SR/S1/ENTR	SR/S1/L	SR/S1/LMAX	SR/S2/ELS	SR/S2/EV	SR/S2/ER	SR/S2/ENTR	SR/S2/L	SR/S2/LMAX
dialogue_txt	Human 1	Human 2	0.7941176470588235	0.15343915343915343	0.7269230769230769	0.20588235294117646	0.5211267605633803	0.27307692307692305	0.3177570093457944	0.6415094339622641	28.0	0.14213197969543148	0.4517766497461929	1.0540157730728	1.35	3.0	9.0	0.1125	0.2625	0.5032583347756457	1.1111111111111112	2.0
