ID	Num. utterances	Num. tokens	Expression Lexicon Size (ELS)	Expression Variety (EV)	Expression Repetition (ER)	Voc. Overlap	ENTR	L	LMAX
dialogue_txt	16.0	316.0	40.0	0.12658227848101267	0.2848101265822785	0.27564102564102566	1.2448454917281486	1.4326923076923077	5.0
