ID	S1	S2	S1/Initiated Expression (IE_S1)	S1/Expression Repetition (ER_S1)	S1/tokens (%)	S2/Initiated Expression (IE_S2)	S2/Expression Repetition (ER_S2)	S2/tokens (%)	Voc. Overlap S1	Voc. Overlap S2	SR/S1/ELS	SR/S1/EV	SR/S1/ER	SR/S1/ENTR	SR/S1/L	SR/S1/LMAX	SR/S2/ELS	SR/S2/EV	SR/S2/ER	SR/S2/ENTR	SR/S2/L	SR/S2/LMAX
dialogue_txt	Human 1	Human 2	0.7435897435897436	0.2072072072072072	0.5068493150684932	0.2564102564102564	0.5092592592592593	0.4931506849315068	0.5064935064935064	0.609375	12.0	0.10084033613445378	0.2857142857142857	-0.0	1.0	1.0	18.0	0.15517241379310345	0.46551724137931033	1.0214554656116668	1.368421052631579	4.0
