ID	Num. utterances	Num. tokens	Expression Lexicon Size (ELS)	Expression Variety (EV)	Expression Repetition (ER)	Voc. Overlap	ENTR	L	LMAX
dialogue_txt	15.0	199.0	18.0	0.09045226130653267	0.19095477386934673	0.22340425531914893	0.21929730813217538	1.0350877192982457	2.0
