ID	Num. utterances	Num. tokens	Expression Lexicon Size (ELS)	Expression Variety (EV)	Expression Repetition (ER)	Voc. Overlap	ENTR	L	LMAX
dialogue_txt	15.0	247.0	48.0	0.19433198380566802	0.3684210526315789	0.4563106796116505	0.9283430298192147	1.3043478260869565	4.0
