ID	Num. utterances	Num. tokens	Expression Lexicon Size (ELS)	Expression Variety (EV)	Expression Repetition (ER)	Voc. Overlap	ENTR	L	LMAX
dialogue_txt	15.0	263.0	38.0	0.1444866920152091	0.33460076045627374	0.3277310924369748	0.49486822993554413	1.1083333333333334	2.0
