ID	S1	S2	S1/Initiated Expression (IE_S1)	S1/Expression Repetition (ER_S1)	S1/tokens (%)	S2/Initiated Expression (IE_S2)	S2/Expression Repetition (ER_S2)	S2/tokens (%)	Voc. Overlap S1	Voc. Overlap S2	SR/S1/ELS	SR/S1/EV	SR/S1/ER	SR/S1/ENTR	SR/S1/L	SR/S1/LMAX	SR/S2/ELS	SR/S2/EV	SR/S2/ER	SR/S2/ENTR	SR/S2/L	SR/S2/LMAX
dialogue_txt	Human 1	Human 2	0.4090909090909091	0.21212121212121213	0.33	0.5909090909090909	0.2537313432835821	0.67	0.45614035087719296	0.325	3.0	0.0410958904109589	0.0821917808219178	-0.0	1.0	1.0	22.0	0.15602836879432624	0.475177304964539	1.172146703950916	1.425531914893617	3.0
