ID	Num. utterances	Num. tokens	Expression Lexicon Size (ELS)	Expression Variety (EV)	Expression Repetition (ER)	Voc. Overlap	ENTR	L	LMAX
dialogue_txt	16.0	244.0	37.0	0.15163934426229508	0.3319672131147541	0.33620689655172414	0.6293466835301262	1.1470588235294117	3.0
