ID	Num. utterances	Num. tokens	Expression Lexicon Size (ELS)	Expression Variety (EV)	Expression Repetition (ER)	Voc. Overlap	ENTR	L	LMAX
dialogue_txt	15.0	243.0	23.0	0.09465020576131687	0.23045267489711935	0.2032520325203252	0.8712412945776474	1.289855072463768	4.0
