ID	Num. utterances	Num. tokens	Expression Lexicon Size (ELS)	Expression Variety (EV)	Expression Repetition (ER)	Voc. Overlap	ENTR	L	LMAX
dialogue_txt	15.0	144.0	25.0	0.1736111111111111	0.2777777777777778	0.37333333333333335	0.9110601558074904	1.2727272727272727	3.0
