ID	Num. utterances	Num. tokens	Expression Lexicon Size (ELS)	Expression Variety (EV)	Expression Repetition (ER)	Voc. Overlap	ENTR	L	LMAX
dialogue_txt	16.0	223.0	31.0	0.13901345291479822	0.2825112107623318	0.2689075630252101	0.5687008669370752	1.1341463414634145	2.0
