ID	S1	S2	S1/Initiated Expression (IE_S1)	S1/Expression Repetition (ER_S1)	S1/tokens (%)	S2/Initiated Expression (IE_S2)	S2/Expression Repetition (ER_S2)	S2/tokens (%)	Voc. Overlap S1	Voc. Overlap S2	SR/S1/ELS	SR/S1/EV	SR/S1/ER	SR/S1/ENTR	SR/S1/L	SR/S1/LMAX	SR/S2/ELS	SR/S2/EV	SR/S2/ER	SR/S2/ENTR	SR/S2/L	SR/S2/LMAX
dialogue_txt	Human 1	Human 2	0.75	0.20270270270270271	0.5121107266435986	0.25	0.524822695035461	0.48788927335640137	0.422680412371134	0.5256410256410257	16.0	0.1032258064516129	0.2838709677419355	0.512709142030877	1.1142857142857143	2.0	27.0	0.18120805369127516	0.5302013422818792	0.6805608607443593	1.2333333333333334	5.0
