ID	Num. utterances	Num. tokens	Expression Lexicon Size (ELS)	Expression Variety (EV)	Expression Repetition (ER)	Voc. Overlap	ENTR	L	LMAX
dialogue_txt	14.0	193.0	26.0	0.13471502590673576	0.24352331606217617	0.2980769230769231	0.49546672729553354	1.1126760563380282	3.0
