ID	S1	S2	S1/Initiated Expression (IE_S1)	S1/Expression Repetition (ER_S1)	S1/tokens (%)	S2/Initiated Expression (IE_S2)	S2/Expression Repetition (ER_S2)	S2/tokens (%)	Voc. Overlap S1	Voc. Overlap S2	SR/S1/ELS	SR/S1/EV	SR/S1/ER	SR/S1/ENTR	SR/S1/L	SR/S1/LMAX	SR/S2/ELS	SR/S2/EV	SR/S2/ER	SR/S2/ENTR	SR/S2/L	SR/S2/LMAX
dialogue_txt	Human 1	Human 2	0.6923076923076923	0.1935483870967742	0.48186528497409326	0.3076923076923077	0.29	0.5181347150259067	0.4492753623188406	0.4696969696969697	8.0	0.08	0.21	0.5225593745369408	1.1176470588235294	2.0	15.0	0.14018691588785046	0.3364485981308411	0.7355085815538398	1.206896551724138	2.0
