ID	Num. utterances	Num. tokens	Expression Lexicon Size (ELS)	Expression Variety (EV)	Expression Repetition (ER)	Voc. Overlap	ENTR	L	LMAX
dialogue_txt	15.0	224.0	19.0	0.08482142857142858	0.16517857142857142	0.15873015873015872	0.39124356362925566	1.0769230769230769	2.0
