ID	Num. utterances	Num. tokens	Expression Lexicon Size (ELS)	Expression Variety (EV)	Expression Repetition (ER)	Voc. Overlap	ENTR	L	LMAX
dialogue_txt	13.0	185.0	23.0	0.12432432432432433	0.34054054054054056	0.29473684210526313	0.8368134394495642	1.2602739726027397	4.0
