ID	Num. utterances	Num. tokens	Expression Lexicon Size (ELS)	Expression Variety (EV)	Expression Repetition (ER)	Voc. Overlap	ENTR	L	LMAX
dialogue_txt	13.0	168.0	23.0	0.13690476190476192	0.25595238095238093	0.2716049382716049	0.9690109462883812	1.3272727272727274	4.0
