ID	S1	S2	S1/Initiated Expression (IE_S1)	S1/Expression Repetition (ER_S1)	S1/tokens (%)	S2/Initiated Expression (IE_S2)	S2/Expression Repetition (ER_S2)	S2/tokens (%)	Voc. Overlap S1	Voc. Overlap S2	SR/S1/ELS	SR/S1/EV	SR/S1/ER	SR/S1/ENTR	SR/S1/L	SR/S1/LMAX	SR/S2/ELS	SR/S2/EV	SR/S2/ER	SR/S2/ENTR	SR/S2/L	SR/S2/LMAX
dialogue_txt	Human 1	Human 2	0.7878787878787878	0.16393442622950818	0.2904761904761905	0.21212121212121213	0.40939597315436244	0.7095238095238096	0.6595744680851063	0.3563218390804598	8.0	0.11594202898550725	0.2463768115942029	-0.0	1.0	1.0	25.0	0.1592356687898089	0.47770700636942676	1.1331344929633769	1.4150943396226414	3.0
