ID	Num. utterances	Num. tokens	Expression Lexicon Size (ELS)	Expression Variety (EV)	Expression Repetition (ER)	Voc. Overlap	ENTR	L	LMAX
dialogue_txt	13.0	254.0	26.0	0.10236220472440945	0.20078740157480315	0.18421052631578946	0.9637459942073318	1.2857142857142858	3.0
