ID	S1	S2	S1/Initiated Expression (IE_S1)	S1/Expression Repetition (ER_S1)	S1/tokens (%)	S2/Initiated Expression (IE_S2)	S2/Expression Repetition (ER_S2)	S2/tokens (%)	Voc. Overlap S1	Voc. Overlap S2	SR/S1/ELS	SR/S1/EV	SR/S1/ER	SR/S1/ENTR	SR/S1/L	SR/S1/LMAX	SR/S2/ELS	SR/S2/EV	SR/S2/ER	SR/S2/ENTR	SR/S2/L	SR/S2/LMAX
dialogue_txt	Human 1	Human 2	0.6538461538461539	0.13333333333333333	0.41338582677165353	0.34615384615384615	0.2483221476510067	0.5866141732283464	0.35443037974683544	0.27722772277227725	8.0	0.07142857142857142	0.17857142857142858	-0.0	1.0	1.0	23.0	0.14838709677419354	0.4129032258064516	0.8663137138648348	1.24	3.0
