ID	Num. utterances	Num. tokens	Expression Lexicon Size (ELS)	Expression Variety (EV)	Expression Repetition (ER)	Voc. Overlap	ENTR	L	LMAX
dialogue_txt	14.0	257.0	42.0	0.16342412451361868	0.36186770428015563	0.38392857142857145	0.8530271872720743	1.2338709677419355	3.0
