ID	S1	S2	S1/Initiated Expression (IE_S1)	S1/Expression Repetition (ER_S1)	S1/tokens (%)	S2/Initiated Expression (IE_S2)	S2/Expression Repetition (ER_S2)	S2/tokens (%)	Voc. Overlap S1	Voc. Overlap S2	SR/S1/ELS	SR/S1/EV	SR/S1/ER	SR/S1/ENTR	SR/S1/L	SR/S1/LMAX	SR/S2/ELS	SR/S2/EV	SR/S2/ER	SR/S2/ENTR	SR/S2/L	SR/S2/LMAX
dialogue_txt	Human 1	Human 2	0.9310344827586207	0.07692307692307693	0.49056603773584906	0.06896551724137931	0.7654320987654321	0.5094339622641509	0.6842105263157895	0.7959183673469388	7.0	0.08333333333333333	0.2261904761904762	0.5435644431995964	1.125	2.0	13.0	0.14772727272727273	0.5454545454545454	1.6691803368667308	1.8461538461538463	4.0
