ID	S1	S2	S1/Initiated Expression (IE_S1)	S1/Expression Repetition (ER_S1)	S1/tokens (%)	S2/Initiated Expression (IE_S2)	S2/Expression Repetition (ER_S2)	S2/tokens (%)	Voc. Overlap S1	Voc. Overlap S2	SR/S1/ELS	SR/S1/EV	SR/S1/ER	SR/S1/ENTR	SR/S1/L	SR/S1/LMAX	SR/S2/ELS	SR/S2/EV	SR/S2/ER	SR/S2/ENTR	SR/S2/L	SR/S2/LMAX
dialogue_txt	Human 1	Human 2	0.819672131147541	0.15384615384615385	0.5248447204968945	0.18032786885245902	0.6666666666666666	0.4751552795031056	0.5656565656565656	0.7	26.0	0.14689265536723164	0.4067796610169492	0.83294582353614	1.2641509433962264	2.0	30.0	0.18633540372670807	0.5962732919254659	1.2551880960645947	1.9019607843137254	12.0
