ID	Num. utterances	Num. tokens	Expression Lexicon Size (ELS)	Expression Variety (EV)	Expression Repetition (ER)	Voc. Overlap	ENTR	L	LMAX
dialogue_txt	16.0	322.0	61.0	0.18944099378881987	0.39751552795031053	0.45528455284552843	1.181146039744951	1.452054794520548	7.0
