ID	Num. utterances	Num. tokens	Expression Lexicon Size (ELS)	Expression Variety (EV)	Expression Repetition (ER)	Voc. Overlap	ENTR	L	LMAX
dialogue_txt	19.0	273.0	33.0	0.12087912087912088	0.25274725274725274	0.25925925925925924	0.6587435307694673	1.1704545454545454	2.0
