ID	Num. utterances	Num. tokens	Expression Lexicon Size (ELS)	Expression Variety (EV)	Expression Repetition (ER)	Voc. Overlap	ENTR	L	LMAX
dialogue_txt	16.0	257.0	35.0	0.13618677042801555	0.36186770428015563	0.33613445378151263	0.8487690140849076	1.2685185185185186	4.0
