ID	S1	S2	S1/Initiated Expression (IE_S1)	S1/Expression Repetition (ER_S1)	S1/tokens (%)	S2/Initiated Expression (IE_S2)	S2/Expression Repetition (ER_S2)	S2/tokens (%)	Voc. Overlap S1	Voc. Overlap S2	SR/S1/ELS	SR/S1/EV	SR/S1/ER	SR/S1/ENTR	SR/S1/L	SR/S1/LMAX	SR/S2/ELS	SR/S2/EV	SR/S2/ER	SR/S2/ENTR	SR/S2/L	SR/S2/LMAX
dialogue_txt	Human 1	Human 2	0.7567567567567568	0.11888111888111888	0.4831081081081081	0.24324324324324326	0.39869281045751637	0.5168918918918919	0.40384615384615385	0.46153846153846156	14.0	0.09333333333333334	0.26	0.32984607020714635	1.0606060606060606	2.0	27.0	0.16875	0.5	1.0377724203178627	1.3333333333333333	3.0
