ID	Num. utterances	Num. tokens	Expression Lexicon Size (ELS)	Expression Variety (EV)	Expression Repetition (ER)	Voc. Overlap	ENTR	L	LMAX
dialogue_txt	18.0	215.0	32.0	0.14883720930232558	0.34418604651162793	0.3235294117647059	0.7773046477411426	1.2247191011235956	4.0
