ID	Num. utterances	Num. tokens	Expression Lexicon Size (ELS)	Expression Variety (EV)	Expression Repetition (ER)	Voc. Overlap	ENTR	L	LMAX
dialogue_txt	19.0	283.0	49.0	0.17314487632508835	0.36042402826855124	0.3582089552238806	1.1088304599756098	1.4173913043478261	7.0
