ID	Num. utterances	Num. tokens	Expression Lexicon Size (ELS)	Expression Variety (EV)	Expression Repetition (ER)	Voc. Overlap	ENTR	L	LMAX
dialogue_txt	16.0	265.0	31.0	0.1169811320754717	0.28679245283018867	0.24444444444444444	0.4705779608633642	1.121212121212121	4.0
