ID	Num. utterances	Num. tokens	Expression Lexicon Size (ELS)	Expression Variety (EV)	Expression Repetition (ER)	Voc. Overlap	ENTR	L	LMAX
dialogue_txt	16.0	285.0	40.0	0.14035087719298245	0.34385964912280703	0.3464566929133858	0.6815941934740036	1.165289256198347	3.0
