ID	Num. utterances	Num. tokens	Expression Lexicon Size (ELS)	Expression Variety (EV)	Expression Repetition (ER)	Voc. Overlap	ENTR	L	LMAX
dialogue_txt	18.0	247.0	39.0	0.15789473684210525	0.3522267206477733	0.35135135135135137	0.9051686200591932	1.297029702970297	4.0
