ID	Num. utterances	Num. tokens	Expression Lexicon Size (ELS)	Expression Variety (EV)	Expression Repetition (ER)	Voc. Overlap	ENTR	L	LMAX
dialogue_txt	16.0	301.0	26.0	0.08637873754152824	0.23255813953488372	0.18543046357615894	0.14981136747274795	1.021505376344086	2.0
