ID	Num. utterances	Num. tokens	Expression Lexicon Size (ELS)	Expression Variety (EV)	Expression Repetition (ER)	Voc. Overlap	ENTR	L	LMAX
dialogue_txt	14.0	238.0	19.0	0.07983193277310924	0.17647058823529413	0.14893617021276595	0.7007495497162062	1.1896551724137931	2.0
