ID	Num. utterances	Num. tokens	Expression Lexicon Size (ELS)	Expression Variety (EV)	Expression Repetition (ER)	Voc. Overlap	ENTR	L	LMAX
dialogue_txt	16.0	322.0	51.0	0.15838509316770186	0.40062111801242234	0.34782608695652173	0.9343637007669356	1.2816901408450705	5.0
