ID	Num. utterances	Num. tokens	Expression Lexicon Size (ELS)	Expression Variety (EV)	Expression Repetition (ER)	Voc. Overlap	ENTR	L	LMAX
dialogue_txt	15.0	217.0	22.0	0.10138248847926268	0.2764976958525346	0.22018348623853212	0.9615648844697222	1.2923076923076924	4.0
