ID	Num. utterances	Num. tokens	Expression Lexicon Size (ELS)	Expression Variety (EV)	Expression Repetition (ER)	Voc. Overlap	ENTR	L	LMAX
dialogue_txt	17.0	330.0	53.0	0.1606060606060606	0.36666666666666664	0.3466666666666667	0.7690584564382322	1.2094594594594594	4.0
