ID	S1	S2	S1/Initiated Expression (IE_S1)	S1/Expression Repetition (ER_S1)	S1/tokens (%)	S2/Initiated Expression (IE_S2)	S2/Expression Repetition (ER_S2)	S2/tokens (%)	Voc. Overlap S1	Voc. Overlap S2	SR/S1/ELS	SR/S1/EV	SR/S1/ER	SR/S1/ENTR	SR/S1/L	SR/S1/LMAX	SR/S2/ELS	SR/S2/EV	SR/S2/ER	SR/S2/ENTR	SR/S2/L	SR/S2/LMAX
dialogue_txt	Human 1	Human 2	0.7241379310344828	0.16379310344827586	0.6408839779005525	0.27586206896551724	0.5538461538461539	0.35911602209944754	0.4074074074074074	0.7333333333333333	14.0	0.11475409836065574	0.26229508196721313	0.6051865766334206	1.1481481481481481	2.0	9.0	0.125	0.3611111111111111	0.8997437586982626	1.3157894736842106	2.0
