ID	S1	S2	S1/Initiated Expression (IE_S1)	S1/Expression Repetition (ER_S1)	S1/tokens (%)	S2/Initiated Expression (IE_S2)	S2/Expression Repetition (ER_S2)	S2/tokens (%)	Voc. Overlap S1	Voc. Overlap S2	SR/S1/ELS	SR/S1/EV	SR/S1/ER	SR/S1/ENTR	SR/S1/L	SR/S1/LMAX	SR/S2/ELS	SR/S2/EV	SR/S2/ER	SR/S2/ENTR	SR/S2/L	SR/S2/LMAX
dialogue_txt	Human 1	Human 2	0.8709677419354839	0.2072072072072072	0.5414634146341464	0.12903225806451613	0.5425531914893617	0.4585365853658537	0.5066666666666667	0.59375	15.0	0.1271186440677966	0.3644067796610169	1.014097655573916	1.3125	3.0	15.0	0.14705882352941177	0.4019607843137255	1.1783043483886713	1.4137931034482758	3.0
