ID	S1	S2	S1/Initiated Expression (IE_S1)	S1/Expression Repetition (ER_S1)	S1/tokens (%)	S2/Initiated Expression (IE_S2)	S2/Expression Repetition (ER_S2)	S2/tokens (%)	Voc. Overlap S1	Voc. Overlap S2	SR/S1/ELS	SR/S1/EV	SR/S1/ER	SR/S1/ENTR	SR/S1/L	SR/S1/LMAX	SR/S2/ELS	SR/S2/EV	SR/S2/ER	SR/S2/ENTR	SR/S2/L	SR/S2/LMAX
dialogue_txt	Human 1	Human 2	0.6923076923076923	0.2184873949579832	0.4146341463414634	0.3076923076923077	0.27380952380952384	0.5853658536585366	0.36904761904761907	0.28440366972477066	12.0	0.09448818897637795	0.3228346456692913	0.3372900666170139	1.125	3.0	19.0	0.10734463276836158	0.4463276836158192	1.1915380699133888	2.2285714285714286	18.0
