ID	Num. utterances	Num. tokens	Expression Lexicon Size (ELS)	Expression Variety (EV)	Expression Repetition (ER)	Voc. Overlap	ENTR	L	LMAX
dialogue_txt	18.0	147.0	19.0	0.1292517006802721	0.2653061224489796	0.24096385542168675	0.7578334077676067	1.2444444444444445	4.0
