ID	Num. utterances	Num. tokens	Expression Lexicon Size (ELS)	Expression Variety (EV)	Expression Repetition (ER)	Voc. Overlap	ENTR	L	LMAX
dialogue_txt	17.0	322.0	62.0	0.19254658385093168	0.42857142857142855	0.4782608695652174	0.6745030612454445	1.1629213483146068	3.0
