ID	S1	S2	S1/Initiated Expression (IE_S1)	S1/Expression Repetition (ER_S1)	S1/tokens (%)	S2/Initiated Expression (IE_S2)	S2/Expression Repetition (ER_S2)	S2/tokens (%)	Voc. Overlap S1	Voc. Overlap S2	SR/S1/ELS	SR/S1/EV	SR/S1/ER	SR/S1/ENTR	SR/S1/L	SR/S1/LMAX	SR/S2/ELS	SR/S2/EV	SR/S2/ER	SR/S2/ENTR	SR/S2/L	SR/S2/LMAX
dialogue_txt	Human 1	Human 2	0.6666666666666666	0.2184873949579832	0.49173553719008267	0.3333333333333333	0.4146341463414634	0.5082644628099173	0.4642857142857143	0.4642857142857143	12.0	0.09448818897637795	0.3228346456692913	0.3372900666170139	1.125	3.0	16.0	0.12121212121212122	0.42424242424242425	1.3752793655393791	1.8666666666666667	7.0
