ID	Num. utterances	Num. tokens	Expression Lexicon Size (ELS)	Expression Variety (EV)	Expression Repetition (ER)	Voc. Overlap	ENTR	L	LMAX
dialogue_txt	19.0	412.0	42.0	0.10194174757281553	0.2669902912621359	0.22018348623853212	0.48890859144051524	1.1063829787234043	2.0
