ID	S1	S2	S1/Initiated Expression (IE_S1)	S1/Expression Repetition (ER_S1)	S1/tokens (%)	S2/Initiated Expression (IE_S2)	S2/Expression Repetition (ER_S2)	S2/tokens (%)	Voc. Overlap S1	Voc. Overlap S2	SR/S1/ELS	SR/S1/EV	SR/S1/ER	SR/S1/ENTR	SR/S1/L	SR/S1/LMAX	SR/S2/ELS	SR/S2/EV	SR/S2/ER	SR/S2/ENTR	SR/S2/L	SR/S2/LMAX
dialogue_txt	Human 1	Human 2	0.8095238095238095	0.17898832684824903	0.6237864077669902	0.19047619047619047	0.4129032258064516	0.3762135922330097	0.2981366459627329	0.45714285714285713	32.0	0.12030075187969924	0.38345864661654133	0.6900836911817917	1.1686746987951808	3.0	19.0	0.11515151515151516	0.3696969696969697	0.46816664055233254	1.1153846153846154	3.0
