ID	Num. utterances	Num. tokens	Expression Lexicon Size (ELS)	Expression Variety (EV)	Expression Repetition (ER)	Voc. Overlap	ENTR	L	LMAX
dialogue_txt	19.0	452.0	77.0	0.17035398230088494	0.415929203539823	0.4074074074074074	0.7376039129100194	1.1869565217391305	3.0
