ID	Num. utterances	Num. tokens	Expression Lexicon Size (ELS)	Expression Variety (EV)	Expression Repetition (ER)	Voc. Overlap	ENTR	L	LMAX
dialogue_txt	15.0	266.0	43.0	0.16165413533834586	0.3157894736842105	0.33076923076923076	0.8426719046486654	1.2522522522522523	4.0
