ID	S1	S2	S1/Initiated Expression (IE_S1)	S1/Expression Repetition (ER_S1)	S1/tokens (%)	S2/Initiated Expression (IE_S2)	S2/Expression Repetition (ER_S2)	S2/tokens (%)	Voc. Overlap S1	Voc. Overlap S2	SR/S1/ELS	SR/S1/EV	SR/S1/ER	SR/S1/ENTR	SR/S1/L	SR/S1/LMAX	SR/S2/ELS	SR/S2/EV	SR/S2/ER	SR/S2/ENTR	SR/S2/L	SR/S2/LMAX
dialogue_txt	Human 1	Human 2	0.7906976744186046	0.16923076923076924	0.48872180451127817	0.20930232558139536	0.45588235294117646	0.5112781954887218	0.5	0.4942528735632184	14.0	0.10218978102189781	0.3357664233576642	0.4854607607459134	1.105263157894737	2.0	24.0	0.16666666666666666	0.4375	0.49716776141607527	1.1090909090909091	2.0
