ID	Num. utterances	Num. tokens	Expression Lexicon Size (ELS)	Expression Variety (EV)	Expression Repetition (ER)	Voc. Overlap	ENTR	L	LMAX
dialogue_txt	16.0	313.0	58.0	0.1853035143769968	0.36421725239616615	0.38461538461538464	1.0205597335351868	1.3214285714285714	5.0
