ID	S1	S2	S1/Initiated Expression (IE_S1)	S1/Expression Repetition (ER_S1)	S1/tokens (%)	S2/Initiated Expression (IE_S2)	S2/Expression Repetition (ER_S2)	S2/tokens (%)	Voc. Overlap S1	Voc. Overlap S2	SR/S1/ELS	SR/S1/EV	SR/S1/ER	SR/S1/ENTR	SR/S1/L	SR/S1/LMAX	SR/S2/ELS	SR/S2/EV	SR/S2/ER	SR/S2/ENTR	SR/S2/L	SR/S2/LMAX
dialogue_txt	Human 1	Human 2	0.5909090909090909	0.22105263157894736	0.37109375	0.4090909090909091	0.2919254658385093	0.62890625	0.4	0.3291139240506329	10.0	0.0970873786407767	0.27184466019417475	0.4021791902022728	1.08	2.0	21.0	0.1242603550295858	0.5976331360946746	2.1539954724199015	2.477272727272727	10.0
