ID	Num. utterances	Num. tokens	Expression Lexicon Size (ELS)	Expression Variety (EV)	Expression Repetition (ER)	Voc. Overlap	ENTR	L	LMAX
dialogue_txt	18.0	356.0	49.0	0.13764044943820225	0.38764044943820225	0.36551724137931035	1.3035984884252367	1.4848484848484849	6.0
