ID	Num. utterances	Num. tokens	Expression Lexicon Size (ELS)	Expression Variety (EV)	Expression Repetition (ER)	Voc. Overlap	ENTR	L	LMAX
dialogue_txt	13.0	202.0	20.0	0.09900990099009901	0.18316831683168316	0.20192307692307693	0.5095157180881823	1.1132075471698113	2.0
