ID	Num. utterances	Num. tokens	Expression Lexicon Size (ELS)	Expression Variety (EV)	Expression Repetition (ER)	Voc. Overlap	ENTR	L	LMAX
dialogue_txt	16.0	162.0	26.0	0.16049382716049382	0.30246913580246915	0.35294117647058826	1.0331737299469321	1.3225806451612903	3.0
