ID	S1	S2	S1/Initiated Expression (IE_S1)	S1/Expression Repetition (ER_S1)	S1/tokens (%)	S2/Initiated Expression (IE_S2)	S2/Expression Repetition (ER_S2)	S2/tokens (%)	Voc. Overlap S1	Voc. Overlap S2	SR/S1/ELS	SR/S1/EV	SR/S1/ER	SR/S1/ENTR	SR/S1/L	SR/S1/LMAX	SR/S2/ELS	SR/S2/EV	SR/S2/ER	SR/S2/ENTR	SR/S2/L	SR/S2/LMAX
dialogue_txt	Human 1	Human 2	0.8461538461538461	0.16393442622950818	0.3765432098765432	0.15384615384615385	0.38613861386138615	0.6234567901234568	0.6382978723404256	0.4411764705882353	8.0	0.11594202898550725	0.2463768115942029	-0.0	1.0	1.0	15.0	0.13761467889908258	0.3944954128440367	0.7871265862012689	1.2352941176470589	2.0
