ID	Num. utterances	Num. tokens	Expression Lexicon Size (ELS)	Expression Variety (EV)	Expression Repetition (ER)	Voc. Overlap	ENTR	L	LMAX
dialogue_txt	16.0	285.0	27.0	0.09473684210526316	0.23859649122807017	0.20279720279720279	0.4586858162005403	1.096774193548387	2.0
