ID	Num. utterances	Num. tokens	Expression Lexicon Size (ELS)	Expression Variety (EV)	Expression Repetition (ER)	Voc. Overlap	ENTR	L	LMAX
dialogue_txt	15.0	229.0	31.0	0.13537117903930132	0.30131004366812225	0.33962264150943394	0.7640121973348635	1.2588235294117647	5.0
