ID	Num. utterances	Num. tokens	Expression Lexicon Size (ELS)	Expression Variety (EV)	Expression Repetition (ER)	Voc. Overlap	ENTR	L	LMAX
dialogue_txt	14.0	290.0	46.0	0.15862068965517243	0.3793103448275862	0.4074074074074074	1.2434733959985718	1.5087719298245614	4.0
