ID	Num. utterances	Num. tokens	Expression Lexicon Size (ELS)	Expression Variety (EV)	Expression Repetition (ER)	Voc. Overlap	ENTR	L	LMAX
dialogue_txt	13.0	165.0	24.0	0.14545454545454545	0.2909090909090909	0.2857142857142857	0.8601246181653536	1.2758620689655173	4.0
