ID	S1	S2	S1/Initiated Expression (IE_S1)	S1/Expression Repetition (ER_S1)	S1/tokens (%)	S2/Initiated Expression (IE_S2)	S2/Expression Repetition (ER_S2)	S2/tokens (%)	Voc. Overlap S1	Voc. Overlap S2	SR/S1/ELS	SR/S1/EV	SR/S1/ER	SR/S1/ENTR	SR/S1/L	SR/S1/LMAX	SR/S2/ELS	SR/S2/EV	SR/S2/ER	SR/S2/ENTR	SR/S2/L	SR/S2/LMAX
dialogue_txt	Human 1	Human 2	0.8275862068965517	0.0979020979020979	0.6745283018867925	0.1724137931034483	0.5652173913043478	0.32547169811320753	0.2980769230769231	0.6739130434782609	14.0	0.09333333333333334	0.26	0.32984607020714635	1.0606060606060606	2.0	11.0	0.14473684210526316	0.35526315789473684	0.6840384356390417	1.1818181818181819	2.0
