ID	Num. utterances	Num. tokens	Expression Lexicon Size (ELS)	Expression Variety (EV)	Expression Repetition (ER)	Voc. Overlap	ENTR	L	LMAX
dialogue_txt	16.0	284.0	54.0	0.19014084507042253	0.352112676056338	0.4112903225806452	0.6813376808312612	1.1870503597122302	5.0
