ID	S1	S2	S1/Initiated Expression (IE_S1)	S1/Expression Repetition (ER_S1)	S1/tokens (%)	S2/Initiated Expression (IE_S2)	S2/Expression Repetition (ER_S2)	S2/tokens (%)	Voc. Overlap S1	Voc. Overlap S2	SR/S1/ELS	SR/S1/EV	SR/S1/ER	SR/S1/ENTR	SR/S1/L	SR/S1/LMAX	SR/S2/ELS	SR/S2/EV	SR/S2/ER	SR/S2/ENTR	SR/S2/L	SR/S2/LMAX
dialogue_txt	Human 1	Human 2	0.6875	0.1875	0.3418803418803419	0.3125	0.38311688311688313	0.6581196581196581	0.6111111111111112	0.35106382978723405	8.0	0.0898876404494382	0.2696629213483146	0.4854607607459134	1.2105263157894737	3.0	27.0	0.16463414634146342	0.4878048780487805	0.9726349893250704	1.4107142857142858	7.0
