ID	S1	S2	S1/Initiated Expression (IE_S1)	S1/Expression Repetition (ER_S1)	S1/tokens (%)	S2/Initiated Expression (IE_S2)	S2/Expression Repetition (ER_S2)	S2/tokens (%)	Voc. Overlap S1	Voc. Overlap S2	SR/S1/ELS	SR/S1/EV	SR/S1/ER	SR/S1/ENTR	SR/S1/L	SR/S1/LMAX	SR/S2/ELS	SR/S2/EV	SR/S2/ER	SR/S2/ENTR	SR/S2/L	SR/S2/LMAX
dialogue_txt	Human 1	Human 2	0.7719298245614035	0.1834319526627219	0.513677811550152	0.22807017543859648	0.6	0.48632218844984804	0.5656565656565656	0.6746987951807228	26.0	0.14689265536723164	0.4067796610169492	0.83294582353614	1.2641509433962264	2.0	33.0	0.19642857142857142	0.5476190476190477	1.0949596974898776	1.3582089552238805	3.0
