ID	Num. utterances	Num. tokens	Expression Lexicon Size (ELS)	Expression Variety (EV)	Expression Repetition (ER)	Voc. Overlap	ENTR	L	LMAX
dialogue_txt	18.0	223.0	29.0	0.13004484304932734	0.26905829596412556	0.2605042016806723	0.6572232121696766	1.1794871794871795	4.0
