ID	S1	S2	S1/Initiated Expression (IE_S1)	S1/Expression Repetition (ER_S1)	S1/tokens (%)	S2/Initiated Expression (IE_S2)	S2/Expression Repetition (ER_S2)	S2/tokens (%)	Voc. Overlap S1	Voc. Overlap S2	SR/S1/ELS	SR/S1/EV	SR/S1/ER	SR/S1/ENTR	SR/S1/L	SR/S1/LMAX	SR/S2/ELS	SR/S2/EV	SR/S2/ER	SR/S2/ENTR	SR/S2/L	SR/S2/LMAX
dialogue_txt	Human 1	Human 2	0.875	0.08029197080291971	0.479020979020979	0.125	0.46308724832214765	0.5209790209790209	0.44086021505376344	0.4939759036144578	11.0	0.07534246575342465	0.21232876712328766	0.4262286569981449	1.173913043478261	3.0	26.0	0.16455696202531644	0.46835443037974683	0.5851569902762292	1.1403508771929824	2.0
