ID	Num. utterances	Num. tokens	Expression Lexicon Size (ELS)	Expression Variety (EV)	Expression Repetition (ER)	Voc. Overlap	ENTR	L	LMAX
dialogue_txt	18.0	371.0	46.0	0.12398921832884097	0.29110512129380056	0.2922077922077922	1.0226496633476545	1.3174603174603174	3.0
