ID	S1	S2	S1/Initiated Expression (IE_S1)	S1/Expression Repetition (ER_S1)	S1/tokens (%)	S2/Initiated Expression (IE_S2)	S2/Expression Repetition (ER_S2)	S2/tokens (%)	Voc. Overlap S1	Voc. Overlap S2	SR/S1/ELS	SR/S1/EV	SR/S1/ER	SR/S1/ENTR	SR/S1/L	SR/S1/LMAX	SR/S2/ELS	SR/S2/EV	SR/S2/ER	SR/S2/ENTR	SR/S2/L	SR/S2/LMAX
dialogue_txt	Human 1	Human 2	0.631578947368421	0.19696969696969696	0.34196891191709844	0.3684210526315789	0.23622047244094488	0.6580310880829016	0.47619047619047616	0.25316455696202533	8.0	0.1111111111111111	0.3611111111111111	1.4294732983598408	1.7333333333333334	3.0	20.0	0.14925373134328357	0.4626865671641791	1.280019973431558	1.4761904761904763	4.0
