ID	S1	S2	S1/Initiated Expression (IE_S1)	S1/Expression Repetition (ER_S1)	S1/tokens (%)	S2/Initiated Expression (IE_S2)	S2/Expression Repetition (ER_S2)	S2/tokens (%)	Voc. Overlap S1	Voc. Overlap S2	SR/S1/ELS	SR/S1/EV	SR/S1/ER	SR/S1/ENTR	SR/S1/L	SR/S1/LMAX	SR/S2/ELS	SR/S2/EV	SR/S2/ER	SR/S2/ENTR	SR/S2/L	SR/S2/LMAX
dialogue_txt	Human 1	Human 2	0.7647058823529411	0.07407407407407407	0.45	0.23529411764705882	0.30303030303030304	0.55	0.4634146341463415	0.4222222222222222	4.0	0.06896551724137931	0.1724137931034483	-0.0	1.0	1.0	11.0	0.15714285714285714	0.44285714285714284	1.4166422780956525	1.6	4.0
