ID	S1	S2	S1/Initiated Expression (IE_S1)	S1/Expression Repetition (ER_S1)	S1/tokens (%)	S2/Initiated Expression (IE_S2)	S2/Expression Repetition (ER_S2)	S2/tokens (%)	Voc. Overlap S1	Voc. Overlap S2	SR/S1/ELS	SR/S1/EV	SR/S1/ER	SR/S1/ENTR	SR/S1/L	SR/S1/LMAX	SR/S2/ELS	SR/S2/EV	SR/S2/ER	SR/S2/ENTR	SR/S2/L	SR/S2/LMAX
dialogue_txt	Human 1	Human 2	0.7727272727272727	0.17692307692307693	0.6161137440758294	0.22727272727272727	0.4444444444444444	0.38388625592417064	0.26744186046511625	0.4791666666666667	14.0	0.10218978102189781	0.3357664233576642	0.4854607607459134	1.105263157894737	2.0	15.0	0.16853932584269662	0.4943820224719101	0.9780155566622415	1.2941176470588236	3.0
