ID	Num. utterances	Num. tokens	Expression Lexicon Size (ELS)	Expression Variety (EV)	Expression Repetition (ER)	Voc. Overlap	ENTR	L	LMAX
dialogue_txt	15.0	215.0	37.0	0.17209302325581396	0.3953488372093023	0.43333333333333335	1.652404515429601	1.763157894736842	6.0
