ID	Num. utterances	Num. tokens	Expression Lexicon Size (ELS)	Expression Variety (EV)	Expression Repetition (ER)	Voc. Overlap	ENTR	L	LMAX
dialogue_txt	18.0	185.0	25.0	0.13513513513513514	0.2648648648648649	0.3010752688172043	0.7703884938762248	1.2272727272727273	4.0
