ID	Num. utterances	Num. tokens	Expression Lexicon Size (ELS)	Expression Variety (EV)	Expression Repetition (ER)	Voc. Overlap	ENTR	L	LMAX
dialogue_txt	19.0	486.0	65.0	0.1337448559670782	0.36213991769547327	0.2694063926940639	0.8382791844423152	1.2338308457711442	4.0
