ID	S1	S2	S1/Initiated Expression (IE_S1)	S1/Expression Repetition (ER_S1)	S1/tokens (%)	S2/Initiated Expression (IE_S2)	S2/Expression Repetition (ER_S2)	S2/tokens (%)	Voc. Overlap S1	Voc. Overlap S2	SR/S1/ELS	SR/S1/EV	SR/S1/ER	SR/S1/ENTR	SR/S1/L	SR/S1/LMAX	SR/S2/ELS	SR/S2/EV	SR/S2/ER	SR/S2/ENTR	SR/S2/L	SR/S2/LMAX
dialogue_txt	Human 1	Human 2	0.813953488372093	0.2	0.5284552845528455	0.18604651162790697	0.5172413793103449	0.4715447154471545	0.47674418604651164	0.5466666666666666	14.0	0.10218978102189781	0.3357664233576642	0.4854607607459134	1.105263157894737	2.0	21.0	0.1693548387096774	0.43548387096774194	0.9637459942073318	1.2857142857142858	3.0
