ID	S1	S2	S1/Initiated Expression (IE_S1)	S1/Expression Repetition (ER_S1)	S1/tokens (%)	S2/Initiated Expression (IE_S2)	S2/Expression Repetition (ER_S2)	S2/tokens (%)	Voc. Overlap S1	Voc. Overlap S2	SR/S1/ELS	SR/S1/EV	SR/S1/ER	SR/S1/ENTR	SR/S1/L	SR/S1/LMAX	SR/S2/ELS	SR/S2/EV	SR/S2/ER	SR/S2/ENTR	SR/S2/L	SR/S2/LMAX
dialogue_txt	Human 1	Human 2	0.6774193548387096	0.2125984251968504	0.625615763546798	0.3225806451612903	0.42105263157894735	0.37438423645320196	0.3780487804878049	0.5961538461538461	17.0	0.1259259259259259	0.34074074074074073	0.6394571324851641	1.162162162162162	2.0	12.0	0.14285714285714285	0.39285714285714285	0.362051251733998	1.0689655172413792	2.0
