ID	Num. utterances	Num. tokens	Expression Lexicon Size (ELS)	Expression Variety (EV)	Expression Repetition (ER)	Voc. Overlap	ENTR	L	LMAX
dialogue_txt	19.0	266.0	25.0	0.09398496240601503	0.20300751879699247	0.20588235294117646	0.8563076800086391	1.2361111111111112	3.0
