ID	Num. utterances	Num. tokens	Expression Lexicon Size (ELS)	Expression Variety (EV)	Expression Repetition (ER)	Voc. Overlap	ENTR	L	LMAX
dialogue_txt	13.0	173.0	19.0	0.10982658959537572	0.18497109826589594	0.24444444444444444	0.47543164626872064	1.1020408163265305	2.0
