ID	Num. utterances	Num. tokens	Expression Lexicon Size (ELS)	Expression Variety (EV)	Expression Repetition (ER)	Voc. Overlap	ENTR	L	LMAX
dialogue_txt	15.0	238.0	26.0	0.1092436974789916	0.24789915966386555	0.2248062015503876	0.46506984488164627	1.0987654320987654	2.0
