ID	Num. utterances	Num. tokens	Expression Lexicon Size (ELS)	Expression Variety (EV)	Expression Repetition (ER)	Voc. Overlap	ENTR	L	LMAX
dialogue_txt	13.0	230.0	41.0	0.1782608695652174	0.36086956521739133	0.39622641509433965	0.904361906968038	1.2666666666666666	3.0
