ID	S1	S2	S1/Initiated Expression (IE_S1)	S1/Expression Repetition (ER_S1)	S1/tokens (%)	S2/Initiated Expression (IE_S2)	S2/Expression Repetition (ER_S2)	S2/tokens (%)	Voc. Overlap S1	Voc. Overlap S2	SR/S1/ELS	SR/S1/EV	SR/S1/ER	SR/S1/ENTR	SR/S1/L	SR/S1/LMAX	SR/S2/ELS	SR/S2/EV	SR/S2/ER	SR/S2/ENTR	SR/S2/L	SR/S2/LMAX
dialogue_txt	Human 1	Human 2	0.7833333333333333	0.15151515151515152	0.4881656804733728	0.21666666666666667	0.6011560693641619	0.5118343195266272	0.5229357798165137	0.6195652173913043	19.0	0.10982658959537572	0.32947976878612717	0.4394969869215133	1.0909090909090908	2.0	33.0	0.18232044198895028	0.6022099447513812	0.9856760779127163	1.5507246376811594	9.0
