ID	S1	S2	S1/Initiated Expression (IE_S1)	S1/Expression Repetition (ER_S1)	S1/tokens (%)	S2/Initiated Expression (IE_S2)	S2/Expression Repetition (ER_S2)	S2/tokens (%)	Voc. Overlap S1	Voc. Overlap S2	SR/S1/ELS	SR/S1/EV	SR/S1/ER	SR/S1/ENTR	SR/S1/L	SR/S1/LMAX	SR/S2/ELS	SR/S2/EV	SR/S2/ER	SR/S2/ENTR	SR/S2/L	SR/S2/LMAX
dialogue_txt	Human 1	Human 2	0.7096774193548387	0.19791666666666666	0.38866396761133604	0.2903225806451613	0.3841059602649007	0.611336032388664	0.5806451612903226	0.4090909090909091	14.0	0.1346153846153846	0.33653846153846156	0.34511731494495296	1.064516129032258	2.0	24.0	0.1509433962264151	0.5031446540880503	1.4505487382985964	1.6153846153846154	4.0
