ID	Num. utterances	Num. tokens	Expression Lexicon Size (ELS)	Expression Variety (EV)	Expression Repetition (ER)	Voc. Overlap	ENTR	L	LMAX
dialogue_txt	19.0	341.0	60.0	0.17595307917888564	0.45161290322580644	0.4892086330935252	1.0692952265574442	1.527027027027027	13.0
