ID	Num. utterances	Num. tokens	Expression Lexicon Size (ELS)	Expression Variety (EV)	Expression Repetition (ER)	Voc. Overlap	ENTR	L	LMAX
dialogue_txt	16.0	277.0	46.0	0.16606498194945848	0.37184115523465705	0.35294117647058826	0.7751176506935045	1.2283464566929134	2.0
