ID	Num. utterances	Num. tokens	Expression Lexicon Size (ELS)	Expression Variety (EV)	Expression Repetition (ER)	Voc. Overlap	ENTR	L	LMAX
dialogue_txt	19.0	452.0	58.0	0.12831858407079647	0.336283185840708	0.3062200956937799	0.8524427545391682	1.2419354838709677	4.0
