ID	Num. utterances	Num. tokens	Expression Lexicon Size (ELS)	Expression Variety (EV)	Expression Repetition (ER)	Voc. Overlap	ENTR	L	LMAX
dialogue_txt	14.0	182.0	30.0	0.16483516483516483	0.33516483516483514	0.3711340206185567	1.1563868141642457	1.408450704225352	4.0
