ID	Num. utterances	Num. tokens	Expression Lexicon Size (ELS)	Expression Variety (EV)	Expression Repetition (ER)	Voc. Overlap	ENTR	L	LMAX
dialogue_txt	16.0	299.0	28.0	0.09364548494983277	0.24414715719063546	0.20714285714285716	0.5834301588925535	1.1326530612244898	3.0
