ID	Num. utterances	Num. tokens	Expression Lexicon Size (ELS)	Expression Variety (EV)	Expression Repetition (ER)	Voc. Overlap	ENTR	L	LMAX
dialogue_txt	16.0	276.0	39.0	0.14130434782608695	0.3007246376811594	0.31343283582089554	0.6462841189389682	1.152542372881356	3.0
