ID	S1	S2	S1/Initiated Expression (IE_S1)	S1/Expression Repetition (ER_S1)	S1/tokens (%)	S2/Initiated Expression (IE_S2)	S2/Expression Repetition (ER_S2)	S2/tokens (%)	Voc. Overlap S1	Voc. Overlap S2	SR/S1/ELS	SR/S1/EV	SR/S1/ER	SR/S1/ENTR	SR/S1/L	SR/S1/LMAX	SR/S2/ELS	SR/S2/EV	SR/S2/ER	SR/S2/ENTR	SR/S2/L	SR/S2/LMAX
dialogue_txt	Human 1	Human 2	0.8095238095238095	0.2711864406779661	0.3430232558139535	0.19047619047619047	0.336283185840708	0.6569767441860465	0.4883720930232558	0.30434782608695654	8.0	0.11940298507462686	0.31343283582089554	-0.0	1.0	1.0	18.0	0.1487603305785124	0.45454545454545453	0.419921097375718	1.0851063829787233	2.0
