ID	S1	S2	S1/Initiated Expression (IE_S1)	S1/Expression Repetition (ER_S1)	S1/tokens (%)	S2/Initiated Expression (IE_S2)	S2/Expression Repetition (ER_S2)	S2/tokens (%)	Voc. Overlap S1	Voc. Overlap S2	SR/S1/ELS	SR/S1/EV	SR/S1/ER	SR/S1/ENTR	SR/S1/L	SR/S1/LMAX	SR/S2/ELS	SR/S2/EV	SR/S2/ER	SR/S2/ENTR	SR/S2/L	SR/S2/LMAX
dialogue_txt	Human 1	Human 2	0.675	0.23668639053254437	0.4884393063583815	0.325	0.3050847457627119	0.5115606936416185	0.3838383838383838	0.33043478260869563	26.0	0.14689265536723164	0.4067796610169492	0.83294582353614	1.2641509433962264	2.0	22.0	0.11891891891891893	0.372972972972973	0.47434543756223957	1.1016949152542372	2.0
