ID	S1	S2	S1/Initiated Expression (IE_S1)	S1/Expression Repetition (ER_S1)	S1/tokens (%)	S2/Initiated Expression (IE_S2)	S2/Expression Repetition (ER_S2)	S2/tokens (%)	Voc. Overlap S1	Voc. Overlap S2	SR/S1/ELS	SR/S1/EV	SR/S1/ER	SR/S1/ENTR	SR/S1/L	SR/S1/LMAX	SR/S2/ELS	SR/S2/EV	SR/S2/ER	SR/S2/ENTR	SR/S2/L	SR/S2/LMAX
dialogue_txt	Human 1	Human 2	0.8085106382978723	0.1678832116788321	0.49818181818181817	0.19148936170212766	0.5507246376811594	0.5018181818181818	0.5340909090909091	0.5802469135802469	19.0	0.1310344827586207	0.36551724137931035	0.693127415328288	1.186046511627907	2.0	30.0	0.20408163265306123	0.5714285714285714	1.1085580040630627	1.360655737704918	4.0
