ID	S1	S2	S1/Initiated Expression (IE_S1)	S1/Expression Repetition (ER_S1)	S1/tokens (%)	S2/Initiated Expression (IE_S2)	S2/Expression Repetition (ER_S2)	S2/tokens (%)	Voc. Overlap S1	Voc. Overlap S2	SR/S1/ELS	SR/S1/EV	SR/S1/ER	SR/S1/ENTR	SR/S1/L	SR/S1/LMAX	SR/S2/ELS	SR/S2/EV	SR/S2/ER	SR/S2/ENTR	SR/S2/L	SR/S2/LMAX
dialogue_txt	Human 1	Human 2	0.6774193548387096	0.16964285714285715	0.4628099173553719	0.3225806451612903	0.3	0.5371900826446281	0.42857142857142855	0.44	15.0	0.125	0.31666666666666665	0.43055186701043946	1.088235294117647	2.0	21.0	0.15217391304347827	0.463768115942029	0.9822877333688933	1.4772727272727273	7.0
