ID	S1	S2	S1/Initiated Expression (IE_S1)	S1/Expression Repetition (ER_S1)	S1/tokens (%)	S2/Initiated Expression (IE_S2)	S2/Expression Repetition (ER_S2)	S2/tokens (%)	Voc. Overlap S1	Voc. Overlap S2	SR/S1/ELS	SR/S1/EV	SR/S1/ER	SR/S1/ENTR	SR/S1/L	SR/S1/LMAX	SR/S2/ELS	SR/S2/EV	SR/S2/ER	SR/S2/ENTR	SR/S2/L	SR/S2/LMAX
dialogue_txt	Human 1	Human 2	0.7391304347826086	0.18095238095238095	0.4150197628458498	0.2608695652173913	0.49324324324324326	0.5849802371541502	0.6962025316455697	0.5670103092783505	8.0	0.07142857142857142	0.17857142857142858	-0.0	1.0	1.0	20.0	0.12987012987012986	0.3961038961038961	0.9123163027543335	1.2608695652173914	3.0
