ID	Num. utterances	Num. tokens	Expression Lexicon Size (ELS)	Expression Variety (EV)	Expression Repetition (ER)	Voc. Overlap	ENTR	L	LMAX
dialogue_txt	13.0	253.0	46.0	0.18181818181818182	0.36363636363636365	0.45454545454545453	1.1464524861615177	1.3888888888888888	3.0
