ID	S1	S2	S1/Initiated Expression (IE_S1)	S1/Expression Repetition (ER_S1)	S1/tokens (%)	S2/Initiated Expression (IE_S2)	S2/Expression Repetition (ER_S2)	S2/tokens (%)	Voc. Overlap S1	Voc. Overlap S2	SR/S1/ELS	SR/S1/EV	SR/S1/ER	SR/S1/ENTR	SR/S1/L	SR/S1/LMAX	SR/S2/ELS	SR/S2/EV	SR/S2/ER	SR/S2/ENTR	SR/S2/L	SR/S2/LMAX
dialogue_txt	Human 1	Human 2	0.71875	0.1827956989247312	0.465	0.28125	0.32710280373831774	0.535	0.5072463768115942	0.4430379746835443	8.0	0.08	0.21	0.5225593745369408	1.1176470588235294	2.0	9.0	0.07894736842105263	0.21929824561403508	0.4394969869215133	1.0909090909090908	2.0
