ID	S1	S2	S1/Initiated Expression (IE_S1)	S1/Expression Repetition (ER_S1)	S1/tokens (%)	S2/Initiated Expression (IE_S2)	S2/Expression Repetition (ER_S2)	S2/tokens (%)	Voc. Overlap S1	Voc. Overlap S2	SR/S1/ELS	SR/S1/EV	SR/S1/ER	SR/S1/ENTR	SR/S1/L	SR/S1/LMAX	SR/S2/ELS	SR/S2/EV	SR/S2/ER	SR/S2/ENTR	SR/S2/L	SR/S2/LMAX
dialogue_txt	Human 1	Human 2	0.5405405405405406	0.21678321678321677	0.4750830564784053	0.4594594594594595	0.3037974683544304	0.5249169435215947	0.3793103448275862	0.38372093023255816	20.0	0.13245033112582782	0.3973509933774834	0.8315435491770659	1.2272727272727273	3.0	25.0	0.15060240963855423	0.536144578313253	1.43348111489794	1.78	9.0
