ID	S1	S2	S1/Initiated Expression (IE_S1)	S1/Expression Repetition (ER_S1)	S1/tokens (%)	S2/Initiated Expression (IE_S2)	S2/Expression Repetition (ER_S2)	S2/tokens (%)	Voc. Overlap S1	Voc. Overlap S2	SR/S1/ELS	SR/S1/EV	SR/S1/ER	SR/S1/ENTR	SR/S1/L	SR/S1/LMAX	SR/S2/ELS	SR/S2/EV	SR/S2/ER	SR/S2/ENTR	SR/S2/L	SR/S2/LMAX
dialogue_txt	Human 1	Human 2	0.8333333333333334	0.09322033898305085	0.5108225108225108	0.16666666666666666	0.5221238938053098	0.48917748917748916	0.4025974025974026	0.5636363636363636	13.0	0.104	0.264	0.6051865766334206	1.1481481481481481	2.0	13.0	0.10743801652892562	0.5867768595041323	2.0294069451656007	3.9444444444444446	19.0
