ID	Num. utterances	Num. tokens	Expression Lexicon Size (ELS)	Expression Variety (EV)	Expression Repetition (ER)	Voc. Overlap	ENTR	L	LMAX
dialogue_txt	18.0	241.0	38.0	0.15767634854771784	0.2821576763485477	0.3474576271186441	0.8170562578004406	1.2197802197802199	3.0
