ID	S1	S2	S1/Initiated Expression (IE_S1)	S1/Expression Repetition (ER_S1)	S1/tokens (%)	S2/Initiated Expression (IE_S2)	S2/Expression Repetition (ER_S2)	S2/tokens (%)	Voc. Overlap S1	Voc. Overlap S2	SR/S1/ELS	SR/S1/EV	SR/S1/ER	SR/S1/ENTR	SR/S1/L	SR/S1/LMAX	SR/S2/ELS	SR/S2/EV	SR/S2/ER	SR/S2/ENTR	SR/S2/L	SR/S2/LMAX
dialogue_txt	Human 1	Human 2	0.8157894736842105	0.10218978102189781	0.5684647302904564	0.18421052631578946	0.5192307692307693	0.4315352697095436	0.44086021505376344	0.6212121212121212	11.0	0.07534246575342465	0.21232876712328766	0.4262286569981449	1.173913043478261	3.0	10.0	0.08849557522123894	0.3185840707964602	1.0971245697587872	1.36	3.0
