ID	Num. utterances	Num. tokens	Expression Lexicon Size (ELS)	Expression Variety (EV)	Expression Repetition (ER)	Voc. Overlap	ENTR	L	LMAX
dialogue_txt	14.0	259.0	28.0	0.10810810810810811	0.27413127413127414	0.2246376811594203	0.7063700965247547	1.1744186046511629	3.0
