ID	S1	S2	S1/Initiated Expression (IE_S1)	S1/Expression Repetition (ER_S1)	S1/tokens (%)	S2/Initiated Expression (IE_S2)	S2/Expression Repetition (ER_S2)	S2/tokens (%)	Voc. Overlap S1	Voc. Overlap S2	SR/S1/ELS	SR/S1/EV	SR/S1/ER	SR/S1/ENTR	SR/S1/L	SR/S1/LMAX	SR/S2/ELS	SR/S2/EV	SR/S2/ER	SR/S2/ENTR	SR/S2/L	SR/S2/LMAX
dialogue_txt	Human 1	Human 2	0.8636363636363636	0.07692307692307693	0.40625	0.13636363636363635	0.2807017543859649	0.59375	0.42105263157894735	0.3870967741935484	7.0	0.08333333333333333	0.2261904761904762	0.5435644431995964	1.125	2.0	16.0	0.1322314049586777	0.512396694214876	1.6895267631333588	1.9090909090909092	6.0
