ID	Num. utterances	Num. tokens	Expression Lexicon Size (ELS)	Expression Variety (EV)	Expression Repetition (ER)	Voc. Overlap	ENTR	L	LMAX
dialogue_txt	16.0	301.0	32.0	0.10631229235880399	0.21926910299003322	0.19148936170212766	0.6991413063352632	1.1888888888888889	2.0
