ID	S1	S2	S1/Initiated Expression (IE_S1)	S1/Expression Repetition (ER_S1)	S1/tokens (%)	S2/Initiated Expression (IE_S2)	S2/Expression Repetition (ER_S2)	S2/tokens (%)	Voc. Overlap S1	Voc. Overlap S2	SR/S1/ELS	SR/S1/EV	SR/S1/ER	SR/S1/ENTR	SR/S1/L	SR/S1/LMAX	SR/S2/ELS	SR/S2/EV	SR/S2/ER	SR/S2/ENTR	SR/S2/L	SR/S2/LMAX
dialogue_txt	Human 1	Human 2	0.7209302325581395	0.2072072072072072	0.392226148409894	0.27906976744186046	0.4127906976744186	0.607773851590106	0.6103896103896104	0.44339622641509435	12.0	0.10084033613445378	0.2857142857142857	-0.0	1.0	1.0	24.0	0.13333333333333333	0.42777777777777776	1.0963168070940197	1.3584905660377358	3.0
