ID	Num. utterances	Num. tokens	Expression Lexicon Size (ELS)	Expression Variety (EV)	Expression Repetition (ER)	Voc. Overlap	ENTR	L	LMAX
dialogue_txt	18.0	237.0	42.0	0.17721518987341772	0.35864978902953587	0.4148936170212766	0.9826817324242788	1.3055555555555556	3.0
