ID	Num. utterances	Num. tokens	Expression Lexicon Size (ELS)	Expression Variety (EV)	Expression Repetition (ER)	Voc. Overlap	ENTR	L	LMAX
dialogue_txt	14.0	286.0	29.0	0.10139860139860139	0.22727272727272727	0.20567375886524822	0.7271087006027429	1.2469135802469136	4.0
