ID	S1	S2	S1/Initiated Expression (IE_S1)	S1/Expression Repetition (ER_S1)	S1/tokens (%)	S2/Initiated Expression (IE_S2)	S2/Expression Repetition (ER_S2)	S2/tokens (%)	Voc. Overlap S1	Voc. Overlap S2	SR/S1/ELS	SR/S1/EV	SR/S1/ER	SR/S1/ENTR	SR/S1/L	SR/S1/LMAX	SR/S2/ELS	SR/S2/EV	SR/S2/ER	SR/S2/ENTR	SR/S2/L	SR/S2/LMAX
dialogue_txt	Human 1	Human 2	0.7391304347826086	0.20253164556962025	0.49221183800623053	0.2608695652173913	0.49079754601226994	0.5077881619937694	0.4782608695652174	0.5057471264367817	22.0	0.13253012048192772	0.4397590361445783	1.0783220795483648	1.44	5.0	29.0	0.1686046511627907	0.5348837209302325	1.5685285306072436	1.7818181818181817	8.0
