ID	S1	S2	S1/Initiated Expression (IE_S1)	S1/Expression Repetition (ER_S1)	S1/tokens (%)	S2/Initiated Expression (IE_S2)	S2/Expression Repetition (ER_S2)	S2/tokens (%)	Voc. Overlap S1	Voc. Overlap S2	SR/S1/ELS	SR/S1/EV	SR/S1/ER	SR/S1/ENTR	SR/S1/L	SR/S1/LMAX	SR/S2/ELS	SR/S2/EV	SR/S2/ER	SR/S2/ENTR	SR/S2/L	SR/S2/LMAX
dialogue_txt	Human 1	Human 2	0.6585365853658537	0.2578125	0.4444444444444444	0.34146341463414637	0.40625	0.5555555555555556	0.5189873417721519	0.44086021505376344	18.0	0.13333333333333333	0.35555555555555557	0.6193821946787638	1.1538461538461537	2.0	25.0	0.1497005988023952	0.48502994011976047	1.3386913626239056	1.6122448979591837	7.0
