ID	Num. utterances	Num. tokens	Expression Lexicon Size (ELS)	Expression Variety (EV)	Expression Repetition (ER)	Voc. Overlap	ENTR	L	LMAX
dialogue_txt	13.0	239.0	32.0	0.13389121338912133	0.26778242677824265	0.2426470588235294	0.7014861946553989	1.1728395061728396	3.0
