ID	S1	S2	S1/Initiated Expression (IE_S1)	S1/Expression Repetition (ER_S1)	S1/tokens (%)	S2/Initiated Expression (IE_S2)	S2/Expression Repetition (ER_S2)	S2/tokens (%)	Voc. Overlap S1	Voc. Overlap S2	SR/S1/ELS	SR/S1/EV	SR/S1/ER	SR/S1/ENTR	SR/S1/L	SR/S1/LMAX	SR/S2/ELS	SR/S2/EV	SR/S2/ER	SR/S2/ENTR	SR/S2/L	SR/S2/LMAX
dialogue_txt	Human 1	Human 2	0.8055555555555556	0.17346938775510204	0.36704119850187267	0.19444444444444445	0.30177514792899407	0.6329588014981273	0.582089552238806	0.375	12.0	0.11214953271028037	0.2616822429906542	0.4021791902022728	1.08	2.0	25.0	0.1404494382022472	0.47191011235955055	1.5822364080372404	1.6666666666666667	5.0
