ID	S1	S2	S1/Initiated Expression (IE_S1)	S1/Expression Repetition (ER_S1)	S1/tokens (%)	S2/Initiated Expression (IE_S2)	S2/Expression Repetition (ER_S2)	S2/tokens (%)	Voc. Overlap S1	Voc. Overlap S2	SR/S1/ELS	SR/S1/EV	SR/S1/ER	SR/S1/ENTR	SR/S1/L	SR/S1/LMAX	SR/S2/ELS	SR/S2/EV	SR/S2/ER	SR/S2/ENTR	SR/S2/L	SR/S2/LMAX
dialogue_txt	Human 1	Human 2	0.6842105263157895	0.2459016393442623	0.2663755458515284	0.3157894736842105	0.23214285714285715	0.7336244541484717	0.5365853658536586	0.2558139534883721	10.0	0.14492753623188406	0.37681159420289856	0.8812908992306927	1.3	2.0	27.0	0.15254237288135594	0.5536723163841808	1.7496231067057824	2.02	8.0
