ID	S1	S2	S1/Initiated Expression (IE_S1)	S1/Expression Repetition (ER_S1)	S1/tokens (%)	S2/Initiated Expression (IE_S2)	S2/Expression Repetition (ER_S2)	S2/tokens (%)	Voc. Overlap S1	Voc. Overlap S2	SR/S1/ELS	SR/S1/EV	SR/S1/ER	SR/S1/ENTR	SR/S1/L	SR/S1/LMAX	SR/S2/ELS	SR/S2/EV	SR/S2/ER	SR/S2/ENTR	SR/S2/L	SR/S2/LMAX
dialogue_txt	Human 1	Human 2	0.7272727272727273	0.12087912087912088	0.3540856031128405	0.2727272727272727	0.27710843373493976	0.6459143968871596	0.38461538461538464	0.2808988764044944	12.0	0.12121212121212122	0.2828282828282828	-0.0	1.0	1.0	23.0	0.13218390804597702	0.46551724137931033	1.5398070003680888	1.6521739130434783	4.0
