ID	Num. utterances	Num. tokens	Expression Lexicon Size (ELS)	Expression Variety (EV)	Expression Repetition (ER)	Voc. Overlap	ENTR	L	LMAX
dialogue_txt	16.0	318.0	41.0	0.1289308176100629	0.3081761006289308	0.30612244897959184	0.6950199575422727	1.1705426356589148	3.0
