ID	Num. utterances	Num. tokens	Expression Lexicon Size (ELS)	Expression Variety (EV)	Expression Repetition (ER)	Voc. Overlap	ENTR	L	LMAX
dialogue_txt	14.0	214.0	25.0	0.11682242990654206	0.2523364485981308	0.25862068965517243	0.6450499982850293	1.1538461538461537	3.0
