ID	S1	S2	S1/Initiated Expression (IE_S1)	S1/Expression Repetition (ER_S1)	S1/tokens (%)	S2/Initiated Expression (IE_S2)	S2/Expression Repetition (ER_S2)	S2/tokens (%)	Voc. Overlap S1	Voc. Overlap S2	SR/S1/ELS	SR/S1/EV	SR/S1/ER	SR/S1/ENTR	SR/S1/L	SR/S1/LMAX	SR/S2/ELS	SR/S2/EV	SR/S2/ER	SR/S2/ENTR	SR/S2/L	SR/S2/LMAX
dialogue_txt	Human 1	Human 2	0.6	0.18181818181818182	0.308411214953271	0.4	0.28378378378378377	0.6915887850467289	0.5263157894736842	0.33707865168539325	3.0	0.0410958904109589	0.0821917808219178	-0.0	1.0	1.0	25.0	0.16129032258064516	0.49032258064516127	1.1667822090902842	1.471698113207547	4.0
