ID	Num. utterances	Num. tokens	Expression Lexicon Size (ELS)	Expression Variety (EV)	Expression Repetition (ER)	Voc. Overlap	ENTR	L	LMAX
dialogue_txt	14.0	253.0	34.0	0.13438735177865613	0.30434782608695654	0.29545454545454547	0.7002375709922604	1.1782178217821782	3.0
