ID	S1	S2	S1/Initiated Expression (IE_S1)	S1/Expression Repetition (ER_S1)	S1/tokens (%)	S2/Initiated Expression (IE_S2)	S2/Expression Repetition (ER_S2)	S2/tokens (%)	Voc. Overlap S1	Voc. Overlap S2	SR/S1/ELS	SR/S1/EV	SR/S1/ER	SR/S1/ENTR	SR/S1/L	SR/S1/LMAX	SR/S2/ELS	SR/S2/EV	SR/S2/ER	SR/S2/ENTR	SR/S2/L	SR/S2/LMAX
dialogue_txt	Human 1	Human 2	0.85	0.14583333333333334	0.4423963133640553	0.15	0.7107438016528925	0.5576036866359447	0.6774193548387096	0.6774193548387096	14.0	0.1346153846153846	0.33653846153846156	0.34511731494495296	1.064516129032258	2.0	22.0	0.17054263565891473	0.5348837209302325	1.2601599909867478	1.5	5.0
