ID	Num. utterances	Num. tokens	Expression Lexicon Size (ELS)	Expression Variety (EV)	Expression Repetition (ER)	Voc. Overlap	ENTR	L	LMAX
dialogue_txt	13.0	165.0	23.0	0.1393939393939394	0.23636363636363636	0.27058823529411763	1.1850078365176204	1.5681818181818181	5.0
