ID	S1	S2	S1/Initiated Expression (IE_S1)	S1/Expression Repetition (ER_S1)	S1/tokens (%)	S2/Initiated Expression (IE_S2)	S2/Expression Repetition (ER_S2)	S2/tokens (%)	Voc. Overlap S1	Voc. Overlap S2	SR/S1/ELS	SR/S1/EV	SR/S1/ER	SR/S1/ENTR	SR/S1/L	SR/S1/LMAX	SR/S2/ELS	SR/S2/EV	SR/S2/ER	SR/S2/ENTR	SR/S2/L	SR/S2/LMAX
dialogue_txt	Human 1	Human 2	0.723404255319149	0.14093959731543623	0.5228070175438596	0.2765957446808511	0.5661764705882353	0.47719298245614034	0.4387755102040816	0.6056338028169014	14.0	0.08974358974358974	0.27564102564102566	0.7355085815538398	1.206896551724138	2.0	29.0	0.20279720279720279	0.6223776223776224	1.3680576250300014	1.679245283018868	7.0
