ID	Num. utterances	Num. tokens	Expression Lexicon Size (ELS)	Expression Variety (EV)	Expression Repetition (ER)	Voc. Overlap	ENTR	L	LMAX
dialogue_txt	14.0	282.0	49.0	0.17375886524822695	0.35815602836879434	0.35833333333333334	0.8973798691307058	1.2671755725190839	3.0
