ID	Num. utterances	Num. tokens	Expression Lexicon Size (ELS)	Expression Variety (EV)	Expression Repetition (ER)	Voc. Overlap	ENTR	L	LMAX
dialogue_txt	16.0	273.0	45.0	0.16483516483516483	0.3772893772893773	0.38738738738738737	1.046213437643002	1.319327731092437	4.0
