ID	Num. utterances	Num. tokens	Expression Lexicon Size (ELS)	Expression Variety (EV)	Expression Repetition (ER)	Voc. Overlap	ENTR	L	LMAX
dialogue_txt	15.0	196.0	30.0	0.15306122448979592	0.32653061224489793	0.3548387096774194	1.4427808043632857	1.6885245901639345	7.0
