ID	Num. utterances	Num. tokens	Expression Lexicon Size (ELS)	Expression Variety (EV)	Expression Repetition (ER)	Voc. Overlap	ENTR	L	LMAX
dialogue_txt	14.0	210.0	27.0	0.12857142857142856	0.2904761904761905	0.3069306930693069	1.096801586642763	1.3714285714285714	4.0
