ID	S1	S2	S1/Initiated Expression (IE_S1)	S1/Expression Repetition (ER_S1)	S1/tokens (%)	S2/Initiated Expression (IE_S2)	S2/Expression Repetition (ER_S2)	S2/tokens (%)	Voc. Overlap S1	Voc. Overlap S2	SR/S1/ELS	SR/S1/EV	SR/S1/ER	SR/S1/ENTR	SR/S1/L	SR/S1/LMAX	SR/S2/ELS	SR/S2/EV	SR/S2/ER	SR/S2/ENTR	SR/S2/L	SR/S2/LMAX
dialogue_txt	Human 1	Human 2	0.7297297297297297	0.20430107526881722	0.45365853658536587	0.2702702702702703	0.5178571428571429	0.5463414634146342	0.5942028985507246	0.640625	8.0	0.08	0.21	0.5225593745369408	1.1176470588235294	2.0	21.0	0.17647058823529413	0.5042016806722689	1.3791504554669136	1.5945945945945945	5.0
