ID	Num. utterances	Num. tokens	Expression Lexicon Size (ELS)	Expression Variety (EV)	Expression Repetition (ER)	Voc. Overlap	ENTR	L	LMAX
dialogue_txt	16.0	191.0	19.0	0.09947643979057591	0.31413612565445026	0.29333333333333333	1.4201793358045587	1.9038461538461537	5.0
