ID	S1	S2	S1/Initiated Expression (IE_S1)	S1/Expression Repetition (ER_S1)	S1/tokens (%)	S2/Initiated Expression (IE_S2)	S2/Expression Repetition (ER_S2)	S2/tokens (%)	Voc. Overlap S1	Voc. Overlap S2	SR/S1/ELS	SR/S1/EV	SR/S1/ER	SR/S1/ENTR	SR/S1/L	SR/S1/LMAX	SR/S2/ELS	SR/S2/EV	SR/S2/ER	SR/S2/ENTR	SR/S2/L	SR/S2/LMAX
dialogue_txt	Human 1	Human 2	0.6875	0.17886178861788618	0.41414141414141414	0.3125	0.3045977011494253	0.5858585858585859	0.45454545454545453	0.3465346534653465	22.0	0.16793893129770993	0.42748091603053434	0.6581912658132185	1.1702127659574468	2.0	26.0	0.14285714285714285	0.4835164835164835	1.3265787424309128	1.4912280701754386	4.0
