ID	Num. utterances	Num. tokens	Expression Lexicon Size (ELS)	Expression Variety (EV)	Expression Repetition (ER)	Voc. Overlap	ENTR	L	LMAX
dialogue_txt	16.0	247.0	27.0	0.10931174089068826	0.31983805668016196	0.2682926829268293	0.7672801878446637	1.2696629213483146	6.0
