ID	S1	S2	S1/Initiated Expression (IE_S1)	S1/Expression Repetition (ER_S1)	S1/tokens (%)	S2/Initiated Expression (IE_S2)	S2/Expression Repetition (ER_S2)	S2/tokens (%)	Voc. Overlap S1	Voc. Overlap S2	SR/S1/ELS	SR/S1/EV	SR/S1/ER	SR/S1/ENTR	SR/S1/L	SR/S1/LMAX	SR/S2/ELS	SR/S2/EV	SR/S2/ER	SR/S2/ENTR	SR/S2/L	SR/S2/LMAX
dialogue_txt	Human 1	Human 2	0.8888888888888888	0.12087912087912088	0.3684210526315789	0.1111111111111111	0.4358974358974359	0.631578947368421	0.5076923076923077	0.3626373626373626	12.0	0.12121212121212122	0.2828282828282828	-0.0	1.0	1.0	23.0	0.1402439024390244	0.4695121951219512	1.0178015074140134	1.3214285714285714	4.0
