ID	Num. utterances	Num. tokens	Expression Lexicon Size (ELS)	Expression Variety (EV)	Expression Repetition (ER)	Voc. Overlap	ENTR	L	LMAX
dialogue_txt	16.0	293.0	40.0	0.13651877133105803	0.3037542662116041	0.34959349593495936	0.6890351621866414	1.2542372881355932	8.0
