ID	Num. utterances	Num. tokens	Expression Lexicon Size (ELS)	Expression Variety (EV)	Expression Repetition (ER)	Voc. Overlap	ENTR	L	LMAX
dialogue_txt	17.0	287.0	37.0	0.1289198606271777	0.34494773519163763	0.29545454545454547	0.8944309419783083	1.2767857142857142	5.0
