ID	S1	S2	S1/Initiated Expression (IE_S1)	S1/Expression Repetition (ER_S1)	S1/tokens (%)	S2/Initiated Expression (IE_S2)	S2/Expression Repetition (ER_S2)	S2/tokens (%)	Voc. Overlap S1	Voc. Overlap S2	SR/S1/ELS	SR/S1/EV	SR/S1/ER	SR/S1/ENTR	SR/S1/L	SR/S1/LMAX	SR/S2/ELS	SR/S2/EV	SR/S2/ER	SR/S2/ENTR	SR/S2/L	SR/S2/LMAX
dialogue_txt	Human 1	Human 2	0.6216216216216216	0.2605042016806723	0.4146341463414634	0.3783783783783784	0.40476190476190477	0.5853658536585366	0.4642857142857143	0.4482758620689655	12.0	0.09448818897637795	0.3228346456692913	0.3372900666170139	1.125	3.0	27.0	0.15254237288135594	0.5988700564971752	1.52806482778344	2.06	11.0
