ID	Num. utterances	Num. tokens	Expression Lexicon Size (ELS)	Expression Variety (EV)	Expression Repetition (ER)	Voc. Overlap	ENTR	L	LMAX
dialogue_txt	15.0	272.0	40.0	0.14705882352941177	0.31985294117647056	0.29770992366412213	0.4420086022277248	1.0916666666666666	2.0
