ID	Num. utterances	Num. tokens	Expression Lexicon Size (ELS)	Expression Variety (EV)	Expression Repetition (ER)	Voc. Overlap	ENTR	L	LMAX
dialogue_txt	13.0	240.0	28.0	0.11666666666666667	0.24583333333333332	0.21804511278195488	0.6840384356390417	1.1818181818181819	2.0
