ID	Num. utterances	Num. tokens	Expression Lexicon Size (ELS)	Expression Variety (EV)	Expression Repetition (ER)	Voc. Overlap	ENTR	L	LMAX
dialogue_txt	16.0	341.0	45.0	0.13196480938416422	0.3284457478005865	0.3161290322580645	1.023217388374854	1.3228346456692914	3.0
