ID	S1	S2	S1/Initiated Expression (IE_S1)	S1/Expression Repetition (ER_S1)	S1/tokens (%)	S2/Initiated Expression (IE_S2)	S2/Expression Repetition (ER_S2)	S2/tokens (%)	Voc. Overlap S1	Voc. Overlap S2	SR/S1/ELS	SR/S1/EV	SR/S1/ER	SR/S1/ENTR	SR/S1/L	SR/S1/LMAX	SR/S2/ELS	SR/S2/EV	SR/S2/ER	SR/S2/ENTR	SR/S2/L	SR/S2/LMAX
dialogue_txt	Human 1	Human 2	0.6923076923076923	0.18840579710144928	0.36507936507936506	0.3076923076923077	0.375	0.6349206349206349	0.5087719298245614	0.4142857142857143	6.0	0.07894736842105263	0.18421052631578946	-0.0	1.0	1.0	22.0	0.171875	0.5625	1.4562848509536392	1.825	7.0
