ID	S1	S2	S1/Initiated Expression (IE_S1)	S1/Expression Repetition (ER_S1)	S1/tokens (%)	S2/Initiated Expression (IE_S2)	S2/Expression Repetition (ER_S2)	S2/tokens (%)	Voc. Overlap S1	Voc. Overlap S2	SR/S1/ELS	SR/S1/EV	SR/S1/ER	SR/S1/ENTR	SR/S1/L	SR/S1/LMAX	SR/S2/ELS	SR/S2/EV	SR/S2/ER	SR/S2/ENTR	SR/S2/L	SR/S2/LMAX
dialogue_txt	Human 1	Human 2	0.7407407407407407	0.13636363636363635	0.4055299539170507	0.25925925925925924	0.43410852713178294	0.5944700460829493	0.5	0.4444444444444444	12.0	0.12631578947368421	0.29473684210526313	0.4021791902022728	1.08	2.0	24.0	0.17518248175182483	0.5985401459854015	1.293276694897047	1.5098039215686274	5.0
