ID	Num. utterances	Num. tokens	Expression Lexicon Size (ELS)	Expression Variety (EV)	Expression Repetition (ER)	Voc. Overlap	ENTR	L	LMAX
dialogue_txt	16.0	285.0	37.0	0.12982456140350876	0.3192982456140351	0.2803030303030303	1.2543870597901314	1.876543209876543	22.0
