ID	S1	S2	S1/Initiated Expression (IE_S1)	S1/Expression Repetition (ER_S1)	S1/tokens (%)	S2/Initiated Expression (IE_S2)	S2/Expression Repetition (ER_S2)	S2/tokens (%)	Voc. Overlap S1	Voc. Overlap S2	SR/S1/ELS	SR/S1/EV	SR/S1/ER	SR/S1/ENTR	SR/S1/L	SR/S1/LMAX	SR/S2/ELS	SR/S2/EV	SR/S2/ER	SR/S2/ENTR	SR/S2/L	SR/S2/LMAX
dialogue_txt	Human 1	Human 2	0.6486486486486487	0.1897810218978102	0.4807017543859649	0.35135135135135137	0.4391891891891892	0.519298245614035	0.42045454545454547	0.4567901234567901	14.0	0.09655172413793103	0.296551724137931	0.8503259045049341	1.3214285714285714	4.0	27.0	0.17307692307692307	0.5576923076923077	1.5777984547095198	1.9361702127659575	7.0
