ID	Num. utterances	Num. tokens	Expression Lexicon Size (ELS)	Expression Variety (EV)	Expression Repetition (ER)	Voc. Overlap	ENTR	L	LMAX
dialogue_txt	13.0	172.0	24.0	0.13953488372093023	0.23255813953488372	0.23595505617977527	1.185876443710733	1.4285714285714286	3.0
