ID	Num. utterances	Num. tokens	Expression Lexicon Size (ELS)	Expression Variety (EV)	Expression Repetition (ER)	Voc. Overlap	ENTR	L	LMAX
dialogue_txt	16.0	333.0	30.0	0.09009009009009009	0.2222222222222222	0.20754716981132076	0.6695920597928517	1.175257731958763	2.0
