ID	Num. utterances	Num. tokens	Expression Lexicon Size (ELS)	Expression Variety (EV)	Expression Repetition (ER)	Voc. Overlap	ENTR	L	LMAX
dialogue_txt	19.0	246.0	47.0	0.1910569105691057	0.3902439024390244	0.49514563106796117	1.14156830782011	1.4537037037037037	9.0
