ID	Num. utterances	Num. tokens	Expression Lexicon Size (ELS)	Expression Variety (EV)	Expression Repetition (ER)	Voc. Overlap	ENTR	L	LMAX
dialogue_txt	14.0	285.0	35.0	0.12280701754385964	0.3298245614035088	0.3412698412698413	1.0830345289868781	1.7582417582417582	23.0
