ID	S1	S2	S1/Initiated Expression (IE_S1)	S1/Expression Repetition (ER_S1)	S1/tokens (%)	S2/Initiated Expression (IE_S2)	S2/Expression Repetition (ER_S2)	S2/tokens (%)	Voc. Overlap S1	Voc. Overlap S2	SR/S1/ELS	SR/S1/EV	SR/S1/ER	SR/S1/ENTR	SR/S1/L	SR/S1/LMAX	SR/S2/ELS	SR/S2/EV	SR/S2/ER	SR/S2/ENTR	SR/S2/L	SR/S2/LMAX
dialogue_txt	Human 1	Human 2	0.6046511627906976	0.26993865030674846	0.5292207792207793	0.3953488372093023	0.3793103448275862	0.4707792207792208	0.46	0.48936170212765956	22.0	0.12941176470588237	0.40588235294117647	1.194545119186222	1.4893617021276595	3.0	23.0	0.1503267973856209	0.477124183006536	0.48953863320020075	1.4081632653061225	8.0
