ID	Num. utterances	Num. tokens	Expression Lexicon Size (ELS)	Expression Variety (EV)	Expression Repetition (ER)	Voc. Overlap	ENTR	L	LMAX
dialogue_txt	16.0	278.0	30.0	0.1079136690647482	0.24100719424460432	0.2318840579710145	0.6947570868163	1.1868131868131868	2.0
