ID	S1	S2	S1/Initiated Expression (IE_S1)	S1/Expression Repetition (ER_S1)	S1/tokens (%)	S2/Initiated Expression (IE_S2)	S2/Expression Repetition (ER_S2)	S2/tokens (%)	Voc. Overlap S1	Voc. Overlap S2	SR/S1/ELS	SR/S1/EV	SR/S1/ER	SR/S1/ENTR	SR/S1/L	SR/S1/LMAX	SR/S2/ELS	SR/S2/EV	SR/S2/ER	SR/S2/ENTR	SR/S2/L	SR/S2/LMAX
dialogue_txt	Human 1	Human 2	0.7916666666666666	0.2222222222222222	0.5108108108108108	0.20833333333333334	0.5248618784530387	0.4891891891891892	0.38317757009345793	0.44086021505376344	28.0	0.14213197969543148	0.4517766497461929	1.0540157730728	1.35	3.0	27.0	0.14210526315789473	0.5736842105263158	1.4428099275664452	1.875	8.0
