ID	S1	S2	S1/Initiated Expression (IE_S1)	S1/Expression Repetition (ER_S1)	S1/tokens (%)	S2/Initiated Expression (IE_S2)	S2/Expression Repetition (ER_S2)	S2/tokens (%)	Voc. Overlap S1	Voc. Overlap S2	SR/S1/ELS	SR/S1/EV	SR/S1/ER	SR/S1/ENTR	SR/S1/L	SR/S1/LMAX	SR/S2/ELS	SR/S2/EV	SR/S2/ER	SR/S2/ENTR	SR/S2/L	SR/S2/LMAX
dialogue_txt	Human 1	Human 2	0.7735849056603774	0.22784810126582278	0.5249169435215947	0.22641509433962265	0.6013986013986014	0.4750830564784053	0.532608695652174	0.6533333333333333	22.0	0.13253012048192772	0.4397590361445783	1.0783220795483648	1.44	5.0	28.0	0.18421052631578946	0.5789473684210527	1.2581043013772928	1.6	5.0
