ID	Num. utterances	Num. tokens	Expression Lexicon Size (ELS)	Expression Variety (EV)	Expression Repetition (ER)	Voc. Overlap	ENTR	L	LMAX
dialogue_txt	15.0	269.0	39.0	0.1449814126394052	0.30111524163568776	0.32786885245901637	0.8075240622398903	1.2181818181818183	3.0
