ID	S1	S2	S1/Initiated Expression (IE_S1)	S1/Expression Repetition (ER_S1)	S1/tokens (%)	S2/Initiated Expression (IE_S2)	S2/Expression Repetition (ER_S2)	S2/tokens (%)	Voc. Overlap S1	Voc. Overlap S2	SR/S1/ELS	SR/S1/EV	SR/S1/ER	SR/S1/ENTR	SR/S1/L	SR/S1/LMAX	SR/S2/ELS	SR/S2/EV	SR/S2/ER	SR/S2/ENTR	SR/S2/L	SR/S2/LMAX
dialogue_txt	Human 1	Human 2	0.8113207547169812	0.15384615384615385	0.5487012987012987	0.18867924528301888	0.5611510791366906	0.4512987012987013	0.5252525252525253	0.611764705882353	26.0	0.14689265536723164	0.4067796610169492	0.83294582353614	1.2641509433962264	2.0	25.0	0.17006802721088435	0.46938775510204084	0.4637773498877516	1.098360655737705	2.0
