ID	S1	S2	S1/Initiated Expression (IE_S1)	S1/Expression Repetition (ER_S1)	S1/tokens (%)	S2/Initiated Expression (IE_S2)	S2/Expression Repetition (ER_S2)	S2/tokens (%)	Voc. Overlap S1	Voc. Overlap S2	SR/S1/ELS	SR/S1/EV	SR/S1/ER	SR/S1/ENTR	SR/S1/L	SR/S1/LMAX	SR/S2/ELS	SR/S2/EV	SR/S2/ER	SR/S2/ENTR	SR/S2/L	SR/S2/LMAX
dialogue_txt	Human 1	Human 2	0.7254901960784313	0.18691588785046728	0.39338235294117646	0.27450980392156865	0.5333333333333333	0.6066176470588235	0.5802469135802469	0.5465116279069767	13.0	0.1111111111111111	0.27350427350427353	0.362051251733998	1.0689655172413792	2.0	34.0	0.19318181818181818	0.5738636363636364	1.0433312471503746	1.3287671232876712	4.0
