ID	Num. utterances	Num. tokens	Expression Lexicon Size (ELS)	Expression Variety (EV)	Expression Repetition (ER)	Voc. Overlap	ENTR	L	LMAX
dialogue_txt	17.0	284.0	27.0	0.09507042253521127	0.20774647887323944	0.17088607594936708	0.5392163432092414	1.123456790123457	2.0
