ID	Num. utterances	Num. tokens	Expression Lexicon Size (ELS)	Expression Variety (EV)	Expression Repetition (ER)	Voc. Overlap	ENTR	L	LMAX
dialogue_txt	16.0	225.0	42.0	0.18666666666666668	0.31555555555555553	0.34951456310679613	1.5970321462578843	1.6666666666666667	5.0
