ID	Num. utterances	Num. tokens	Expression Lexicon Size (ELS)	Expression Variety (EV)	Expression Repetition (ER)	Voc. Overlap	ENTR	L	LMAX
dialogue_txt	15.0	227.0	33.0	0.14537444933920704	0.3568281938325991	0.3211009174311927	0.7614431714849547	1.2323232323232323	4.0
