ID	S1	S2	S1/Initiated Expression (IE_S1)	S1/Expression Repetition (ER_S1)	S1/tokens (%)	S2/Initiated Expression (IE_S2)	S2/Expression Repetition (ER_S2)	S2/tokens (%)	Voc. Overlap S1	Voc. Overlap S2	SR/S1/ELS	SR/S1/EV	SR/S1/ER	SR/S1/ENTR	SR/S1/L	SR/S1/LMAX	SR/S2/ELS	SR/S2/EV	SR/S2/ER	SR/S2/ENTR	SR/S2/L	SR/S2/LMAX
dialogue_txt	Human 1	Human 2	0.85	0.1794871794871795	0.40344827586206894	0.15	0.3699421965317919	0.596551724137931	0.5362318840579711	0.3394495412844037	19.0	0.15079365079365079	0.4126984126984127	1.242370874393215	1.457142857142857	3.0	29.0	0.15934065934065933	0.4010989010989011	1.0270582666007906	1.3214285714285714	3.0
