ID	Num. utterances	Num. tokens	Expression Lexicon Size (ELS)	Expression Variety (EV)	Expression Repetition (ER)	Voc. Overlap	ENTR	L	LMAX
dialogue_txt	13.0	158.0	30.0	0.189873417721519	0.3987341772151899	0.3918918918918919	0.7318843430636693	1.1842105263157894	3.0
