ID	Num. utterances	Num. tokens	Expression Lexicon Size (ELS)	Expression Variety (EV)	Expression Repetition (ER)	Voc. Overlap	ENTR	L	LMAX
dialogue_txt	16.0	181.0	30.0	0.16574585635359115	0.292817679558011	0.3870967741935484	0.9606659404269605	1.2916666666666667	3.0
