ID	S1	S2	S1/Initiated Expression (IE_S1)	S1/Expression Repetition (ER_S1)	S1/tokens (%)	S2/Initiated Expression (IE_S2)	S2/Expression Repetition (ER_S2)	S2/tokens (%)	Voc. Overlap S1	Voc. Overlap S2	SR/S1/ELS	SR/S1/EV	SR/S1/ER	SR/S1/ENTR	SR/S1/L	SR/S1/LMAX	SR/S2/ELS	SR/S2/EV	SR/S2/ER	SR/S2/ENTR	SR/S2/L	SR/S2/LMAX
dialogue_txt	Human 1	Human 2	0.7241379310344828	0.14285714285714285	0.4298245614035088	0.27586206896551724	0.3076923076923077	0.5701754385964912	0.4626865671641791	0.3875	12.0	0.11214953271028037	0.2616822429906542	0.4021791902022728	1.08	2.0	18.0	0.12949640287769784	0.3669064748201439	0.7085966983474103	1.3823529411764706	4.0
