ID	S1	S2	S1/Initiated Expression (IE_S1)	S1/Expression Repetition (ER_S1)	S1/tokens (%)	S2/Initiated Expression (IE_S2)	S2/Expression Repetition (ER_S2)	S2/tokens (%)	Voc. Overlap S1	Voc. Overlap S2	SR/S1/ELS	SR/S1/EV	SR/S1/ER	SR/S1/ENTR	SR/S1/L	SR/S1/LMAX	SR/S2/ELS	SR/S2/EV	SR/S2/ER	SR/S2/ENTR	SR/S2/L	SR/S2/LMAX
dialogue_txt	Human 1	Human 2	0.7073170731707317	0.17346938775510204	0.4279475982532751	0.2926829268292683	0.46564885496183206	0.5720524017467249	0.5588235294117647	0.5135135135135135	9.0	0.08490566037735849	0.25471698113207547	0.9530138853315971	1.3157894736842106	3.0	27.0	0.19424460431654678	0.5611510791366906	1.0089847317410945	1.3859649122807018	5.0
