ID	Num. utterances	Num. tokens	Expression Lexicon Size (ELS)	Expression Variety (EV)	Expression Repetition (ER)	Voc. Overlap	ENTR	L	LMAX
dialogue_txt	15.0	204.0	23.0	0.11274509803921569	0.21568627450980393	0.20491803278688525	0.32984607020714635	1.0606060606060606	2.0
