ID	Num. utterances	Num. tokens	Expression Lexicon Size (ELS)	Expression Variety (EV)	Expression Repetition (ER)	Voc. Overlap	ENTR	L	LMAX
dialogue_txt	16.0	253.0	37.0	0.14624505928853754	0.3715415019762846	0.3644859813084112	0.7940604910225963	1.2523364485981308	6.0
