ID	Num. utterances	Num. tokens	Expression Lexicon Size (ELS)	Expression Variety (EV)	Expression Repetition (ER)	Voc. Overlap	ENTR	L	LMAX
dialogue_txt	15.0	259.0	24.0	0.09266409266409266	0.19305019305019305	0.19014084507042253	0.31273337639664334	1.056338028169014	2.0
