ID	Num. utterances	Num. tokens	Expression Lexicon Size (ELS)	Expression Variety (EV)	Expression Repetition (ER)	Voc. Overlap	ENTR	L	LMAX
dialogue_txt	14.0	260.0	28.0	0.1076923076923077	0.28076923076923077	0.2191780821917808	0.7608708930937779	1.1954022988505748	3.0
