ID	S1	S2	S1/Initiated Expression (IE_S1)	S1/Expression Repetition (ER_S1)	S1/tokens (%)	S2/Initiated Expression (IE_S2)	S2/Expression Repetition (ER_S2)	S2/tokens (%)	Voc. Overlap S1	Voc. Overlap S2	SR/S1/ELS	SR/S1/EV	SR/S1/ER	SR/S1/ENTR	SR/S1/L	SR/S1/LMAX	SR/S2/ELS	SR/S2/EV	SR/S2/ER	SR/S2/ENTR	SR/S2/L	SR/S2/LMAX
dialogue_txt	Human 1	Human 2	0.7735849056603774	0.18243243243243243	0.49498327759197325	0.22641509433962265	0.5496688741721855	0.5050167224080268	0.5402298850574713	0.5465116279069767	22.0	0.14102564102564102	0.4230769230769231	0.8176338568998316	1.22	3.0	29.0	0.18238993710691823	0.5408805031446541	1.0300433912983409	1.4193548387096775	7.0
