ID	Num. utterances	Num. tokens	Expression Lexicon Size (ELS)	Expression Variety (EV)	Expression Repetition (ER)	Voc. Overlap	ENTR	L	LMAX
dialogue_txt	15.0	176.0	29.0	0.16477272727272727	0.39204545454545453	0.3924050632911392	1.4474981666940234	1.6984126984126984	7.0
