ID	S1	S2	S1/Initiated Expression (IE_S1)	S1/Expression Repetition (ER_S1)	S1/tokens (%)	S2/Initiated Expression (IE_S2)	S2/Expression Repetition (ER_S2)	S2/tokens (%)	Voc. Overlap S1	Voc. Overlap S2	SR/S1/ELS	SR/S1/EV	SR/S1/ER	SR/S1/ENTR	SR/S1/L	SR/S1/LMAX	SR/S2/ELS	SR/S2/EV	SR/S2/ER	SR/S2/ENTR	SR/S2/L	SR/S2/LMAX
dialogue_txt	Human 1	Human 2	0.64	0.1875	0.3888888888888889	0.36	0.23295454545454544	0.6111111111111112	0.33766233766233766	0.24528301886792453	15.0	0.125	0.31666666666666665	0.43055186701043946	1.088235294117647	2.0	27.0	0.14673913043478262	0.46195652173913043	1.3067765894062977	1.5	4.0
