ID	Num. utterances	Num. tokens	Expression Lexicon Size (ELS)	Expression Variety (EV)	Expression Repetition (ER)	Voc. Overlap	ENTR	L	LMAX
dialogue_txt	14.0	279.0	51.0	0.1827956989247312	0.3870967741935484	0.3870967741935484	0.6665783579949205	1.173913043478261	2.0
