ID	Num. utterances	Num. tokens	Expression Lexicon Size (ELS)	Expression Variety (EV)	Expression Repetition (ER)	Voc. Overlap	ENTR	L	LMAX
dialogue_txt	15.0	199.0	21.0	0.10552763819095477	0.21608040201005024	0.2553191489361702	0.574828144380386	1.1379310344827587	3.0
