ID	Num. utterances	Num. tokens	Expression Lexicon Size (ELS)	Expression Variety (EV)	Expression Repetition (ER)	Voc. Overlap	ENTR	L	LMAX
dialogue_txt	17.0	305.0	33.0	0.10819672131147541	0.26229508196721313	0.2028985507246377	0.9961905166523448	1.3085106382978724	3.0
