ID	Num. utterances	Num. tokens	Expression Lexicon Size (ELS)	Expression Variety (EV)	Expression Repetition (ER)	Voc. Overlap	ENTR	L	LMAX
dialogue_txt	16.0	284.0	45.0	0.15845070422535212	0.2992957746478873	0.2962962962962963	0.7874693898512506	1.2072072072072073	3.0
