ID	Num. utterances	Num. tokens	Expression Lexicon Size (ELS)	Expression Variety (EV)	Expression Repetition (ER)	Voc. Overlap	ENTR	L	LMAX
dialogue_txt	14.0	273.0	45.0	0.16483516483516483	0.32967032967032966	0.31746031746031744	1.0524300344610606	1.3333333333333333	3.0
