ID	Num. utterances	Num. tokens	Expression Lexicon Size (ELS)	Expression Variety (EV)	Expression Repetition (ER)	Voc. Overlap	ENTR	L	LMAX
dialogue_txt	16.0	293.0	51.0	0.17406143344709898	0.3310580204778157	0.3609022556390977	0.557813750828694	1.13013698630137	2.0
