ID	S1	S2	S1/Initiated Expression (IE_S1)	S1/Expression Repetition (ER_S1)	S1/tokens (%)	S2/Initiated Expression (IE_S2)	S2/Expression Repetition (ER_S2)	S2/tokens (%)	Voc. Overlap S1	Voc. Overlap S2	SR/S1/ELS	SR/S1/EV	SR/S1/ER	SR/S1/ENTR	SR/S1/L	SR/S1/LMAX	SR/S2/ELS	SR/S2/EV	SR/S2/ER	SR/S2/ENTR	SR/S2/L	SR/S2/LMAX
dialogue_txt	Human 1	Human 2	0.7254901960784313	0.2125984251968504	0.4334470989761092	0.27450980392156865	0.42168674698795183	0.5665529010238908	0.5853658536585366	0.48484848484848486	17.0	0.1259259259259259	0.34074074074074073	0.6394571324851641	1.162162162162162	2.0	33.0	0.1896551724137931	0.5287356321839081	0.7193856441631259	1.1794871794871795	3.0
