ID	S1	S2	S1/Initiated Expression (IE_S1)	S1/Expression Repetition (ER_S1)	S1/tokens (%)	S2/Initiated Expression (IE_S2)	S2/Expression Repetition (ER_S2)	S2/tokens (%)	Voc. Overlap S1	Voc. Overlap S2	SR/S1/ELS	SR/S1/EV	SR/S1/ER	SR/S1/ENTR	SR/S1/L	SR/S1/LMAX	SR/S2/ELS	SR/S2/EV	SR/S2/ER	SR/S2/ENTR	SR/S2/L	SR/S2/LMAX
dialogue_txt	Human 1	Human 2	0.7037037037037037	0.14285714285714285	0.4150197628458498	0.2962962962962963	0.31756756756756754	0.5849802371541502	0.379746835443038	0.30303030303030304	8.0	0.07142857142857142	0.17857142857142858	-0.0	1.0	1.0	19.0	0.12337662337662338	0.42207792207792205	0.9653723546781459	1.3125	4.0
