ID	S1	S2	S1/Initiated Expression (IE_S1)	S1/Expression Repetition (ER_S1)	S1/tokens (%)	S2/Initiated Expression (IE_S2)	S2/Expression Repetition (ER_S2)	S2/tokens (%)	Voc. Overlap S1	Voc. Overlap S2	SR/S1/ELS	SR/S1/EV	SR/S1/ER	SR/S1/ENTR	SR/S1/L	SR/S1/LMAX	SR/S2/ELS	SR/S2/EV	SR/S2/ER	SR/S2/ENTR	SR/S2/L	SR/S2/LMAX
dialogue_txt	Human 1	Human 2	0.5454545454545454	0.32075471698113206	0.225531914893617	0.45454545454545453	0.13736263736263737	0.774468085106383	0.5641025641025641	0.2037037037037037	5.0	0.08064516129032258	0.16129032258064516	-0.0	1.0	1.0	31.0	0.16230366492146597	0.5026178010471204	1.3427295063616989	1.537313432835821	3.0
