ID	S1	S2	S1/Initiated Expression (IE_S1)	S1/Expression Repetition (ER_S1)	S1/tokens (%)	S2/Initiated Expression (IE_S2)	S2/Expression Repetition (ER_S2)	S2/tokens (%)	Voc. Overlap S1	Voc. Overlap S2	SR/S1/ELS	SR/S1/EV	SR/S1/ER	SR/S1/ENTR	SR/S1/L	SR/S1/LMAX	SR/S2/ELS	SR/S2/EV	SR/S2/ER	SR/S2/ENTR	SR/S2/L	SR/S2/LMAX
dialogue_txt	Human 1	Human 2	0.9534883720930233	0.1292517006802721	0.5787401574803149	0.046511627906976744	0.7570093457943925	0.421259842519685	0.44329896907216493	0.7288135593220338	21.0	0.13548387096774195	0.36774193548387096	0.5586293734521992	1.1304347826086956	2.0	18.0	0.1565217391304348	0.5826086956521739	1.7552816925978099	1.8857142857142857	6.0
