ID	S1	S2	S1/Initiated Expression (IE_S1)	S1/Expression Repetition (ER_S1)	S1/tokens (%)	S2/Initiated Expression (IE_S2)	S2/Expression Repetition (ER_S2)	S2/tokens (%)	Voc. Overlap S1	Voc. Overlap S2	SR/S1/ELS	SR/S1/EV	SR/S1/ER	SR/S1/ENTR	SR/S1/L	SR/S1/LMAX	SR/S2/ELS	SR/S2/EV	SR/S2/ER	SR/S2/ENTR	SR/S2/L	SR/S2/LMAX
dialogue_txt	Human 1	Human 2	0.6666666666666666	0.1864406779661017	0.4957983193277311	0.3333333333333333	0.2916666666666667	0.5042016806722689	0.4805194805194805	0.43529411764705883	13.0	0.104	0.264	0.6051865766334206	1.1481481481481481	2.0	12.0	0.09375	0.25	0.7950402793845222	1.24	2.0
