ID	S1	S2	S1/Initiated Expression (IE_S1)	S1/Expression Repetition (ER_S1)	S1/tokens (%)	S2/Initiated Expression (IE_S2)	S2/Expression Repetition (ER_S2)	S2/tokens (%)	Voc. Overlap S1	Voc. Overlap S2	SR/S1/ELS	SR/S1/EV	SR/S1/ER	SR/S1/ENTR	SR/S1/L	SR/S1/LMAX	SR/S2/ELS	SR/S2/EV	SR/S2/ER	SR/S2/ENTR	SR/S2/L	SR/S2/LMAX
dialogue_txt	Human 1	Human 2	0.65625	0.15	0.38461538461538464	0.34375	0.325	0.6153846153846154	0.4358974358974359	0.37777777777777777	11.0	0.102803738317757	0.21495327102803738	-0.0	1.0	1.0	33.0	0.19642857142857142	0.5416666666666666	1.215005662327781	1.5901639344262295	7.0
