ID	S1	S2	S1/Initiated Expression (IE_S1)	S1/Expression Repetition (ER_S1)	S1/tokens (%)	S2/Initiated Expression (IE_S2)	S2/Expression Repetition (ER_S2)	S2/tokens (%)	Voc. Overlap S1	Voc. Overlap S2	SR/S1/ELS	SR/S1/EV	SR/S1/ER	SR/S1/ENTR	SR/S1/L	SR/S1/LMAX	SR/S2/ELS	SR/S2/EV	SR/S2/ER	SR/S2/ENTR	SR/S2/L	SR/S2/LMAX
dialogue_txt	Human 1	Human 2	0.7380952380952381	0.2283464566929134	0.4774436090225564	0.2619047619047619	0.4748201438848921	0.5225563909774437	0.5185185185185185	0.5454545454545454	16.0	0.11940298507462686	0.34328358208955223	0.6394571324851641	1.162162162162162	2.0	26.0	0.17687074829931973	0.5374149659863946	1.746887732705476	1.8604651162790697	6.0
