ID	S1	S2	S1/Initiated Expression (IE_S1)	S1/Expression Repetition (ER_S1)	S1/tokens (%)	S2/Initiated Expression (IE_S2)	S2/Expression Repetition (ER_S2)	S2/tokens (%)	Voc. Overlap S1	Voc. Overlap S2	SR/S1/ELS	SR/S1/EV	SR/S1/ER	SR/S1/ENTR	SR/S1/L	SR/S1/LMAX	SR/S2/ELS	SR/S2/EV	SR/S2/ER	SR/S2/ENTR	SR/S2/L	SR/S2/LMAX
dialogue_txt	Human 1	Human 2	0.8064516129032258	0.09821428571428571	0.5209302325581395	0.1935483870967742	0.4077669902912621	0.4790697674418605	0.4025974025974026	0.47692307692307695	15.0	0.125	0.31666666666666665	0.43055186701043946	1.088235294117647	2.0	18.0	0.16216216216216217	0.40540540540540543	0.9275265884316758	1.3428571428571427	2.0
