ID	Num. utterances	Num. tokens	Expression Lexicon Size (ELS)	Expression Variety (EV)	Expression Repetition (ER)	Voc. Overlap	ENTR	L	LMAX
dialogue_txt	16.0	288.0	34.0	0.11805555555555555	0.2361111111111111	0.22972972972972974	0.5225593745369408	1.1176470588235294	2.0
