ID	S1	S2	S1/Initiated Expression (IE_S1)	S1/Expression Repetition (ER_S1)	S1/tokens (%)	S2/Initiated Expression (IE_S2)	S2/Expression Repetition (ER_S2)	S2/tokens (%)	Voc. Overlap S1	Voc. Overlap S2	SR/S1/ELS	SR/S1/EV	SR/S1/ER	SR/S1/ENTR	SR/S1/L	SR/S1/LMAX	SR/S2/ELS	SR/S2/EV	SR/S2/ER	SR/S2/ENTR	SR/S2/L	SR/S2/LMAX
dialogue_txt	Human 1	Human 2	0.8378378378378378	0.13513513513513514	0.4826086956521739	0.16216216216216217	0.680672268907563	0.5173913043478261	0.5324675324675324	0.6507936507936508	12.0	0.10084033613445378	0.2857142857142857	-0.0	1.0	1.0	21.0	0.16535433070866143	0.5511811023622047	1.6148992964380022	1.7857142857142858	5.0
