ID	Num. utterances	Num. tokens	Expression Lexicon Size (ELS)	Expression Variety (EV)	Expression Repetition (ER)	Voc. Overlap	ENTR	L	LMAX
dialogue_txt	16.0	255.0	47.0	0.1843137254901961	0.38823529411764707	0.37719298245614036	0.946924914683068	1.3130434782608695	4.0
