ID	S1	S2	S1/Initiated Expression (IE_S1)	S1/Expression Repetition (ER_S1)	S1/tokens (%)	S2/Initiated Expression (IE_S2)	S2/Expression Repetition (ER_S2)	S2/tokens (%)	Voc. Overlap S1	Voc. Overlap S2	SR/S1/ELS	SR/S1/EV	SR/S1/ER	SR/S1/ENTR	SR/S1/L	SR/S1/LMAX	SR/S2/ELS	SR/S2/EV	SR/S2/ER	SR/S2/ENTR	SR/S2/L	SR/S2/LMAX
dialogue_txt	Human 1	Human 2	0.5588235294117647	0.2689075630252101	0.40893470790378006	0.4411764705882353	0.3023255813953488	0.5910652920962199	0.4533333333333333	0.3434343434343434	15.0	0.11811023622047244	0.3779527559055118	1.0537703474884237	1.3333333333333333	3.0	29.0	0.16111111111111112	0.5055555555555555	0.9633722974560815	1.2878787878787878	3.0
