ID	Num. utterances	Num. tokens	Expression Lexicon Size (ELS)	Expression Variety (EV)	Expression Repetition (ER)	Voc. Overlap	ENTR	L	LMAX
dialogue_txt	17.0	323.0	47.0	0.14551083591331268	0.3993808049535604	0.4251968503937008	1.4250684504788034	1.8849557522123894	14.0
