ID	S1	S2	S1/Initiated Expression (IE_S1)	S1/Expression Repetition (ER_S1)	S1/tokens (%)	S2/Initiated Expression (IE_S2)	S2/Expression Repetition (ER_S2)	S2/tokens (%)	Voc. Overlap S1	Voc. Overlap S2	SR/S1/ELS	SR/S1/EV	SR/S1/ER	SR/S1/ENTR	SR/S1/L	SR/S1/LMAX	SR/S2/ELS	SR/S2/EV	SR/S2/ER	SR/S2/ENTR	SR/S2/L	SR/S2/LMAX
dialogue_txt	Human 1	Human 2	0.7872340425531915	0.1962025316455696	0.4891640866873065	0.2127659574468085	0.593939393939394	0.5108359133126935	0.5869565217391305	0.6067415730337079	22.0	0.13253012048192772	0.4397590361445783	1.0783220795483648	1.44	5.0	30.0	0.1724137931034483	0.6149425287356322	1.223397117295888	1.625	8.0
