ID	Num. utterances	Num. tokens	Expression Lexicon Size (ELS)	Expression Variety (EV)	Expression Repetition (ER)	Voc. Overlap	ENTR	L	LMAX
dialogue_txt	16.0	324.0	62.0	0.19135802469135801	0.4074074074074074	0.4318181818181818	0.7603931849390964	1.2195121951219512	4.0
