ID	Num. utterances	Num. tokens	Expression Lexicon Size (ELS)	Expression Variety (EV)	Expression Repetition (ER)	Voc. Overlap	ENTR	L	LMAX
dialogue_txt	16.0	354.0	54.0	0.15254237288135594	0.3757062146892655	0.3669064748201439	0.8127363315076125	1.2364864864864864	4.0
