ID	Num. utterances	Num. tokens	Expression Lexicon Size (ELS)	Expression Variety (EV)	Expression Repetition (ER)	Voc. Overlap	ENTR	L	LMAX
dialogue_txt	15.0	190.0	25.0	0.13157894736842105	0.26842105263157895	0.28421052631578947	1.1829860594599402	1.4333333333333333	5.0
