ID	S1	S2	S1/Initiated Expression (IE_S1)	S1/Expression Repetition (ER_S1)	S1/tokens (%)	S2/Initiated Expression (IE_S2)	S2/Expression Repetition (ER_S2)	S2/tokens (%)	Voc. Overlap S1	Voc. Overlap S2	SR/S1/ELS	SR/S1/EV	SR/S1/ER	SR/S1/ENTR	SR/S1/L	SR/S1/LMAX	SR/S2/ELS	SR/S2/EV	SR/S2/ER	SR/S2/ENTR	SR/S2/L	SR/S2/LMAX
dialogue_txt	Human 1	Human 2	0.7777777777777778	0.11904761904761904	0.5029940119760479	0.2222222222222222	0.4819277108433735	0.49700598802395207	0.45901639344262296	0.5384615384615384	9.0	0.0989010989010989	0.23076923076923078	-0.0	1.0	1.0	13.0	0.14285714285714285	0.38461538461538464	1.188721875540867	1.4166666666666667	3.0
