ID	S1	S2	S1/Initiated Expression (IE_S1)	S1/Expression Repetition (ER_S1)	S1/tokens (%)	S2/Initiated Expression (IE_S2)	S2/Expression Repetition (ER_S2)	S2/tokens (%)	Voc. Overlap S1	Voc. Overlap S2	SR/S1/ELS	SR/S1/EV	SR/S1/ER	SR/S1/ENTR	SR/S1/L	SR/S1/LMAX	SR/S2/ELS	SR/S2/EV	SR/S2/ER	SR/S2/ENTR	SR/S2/L	SR/S2/LMAX
dialogue_txt	Human 1	Human 2	0.5714285714285714	0.23333333333333334	0.449438202247191	0.42857142857142855	0.22448979591836735	0.550561797752809	0.3684210526315789	0.3181818181818182	15.0	0.11811023622047244	0.3228346456692913	0.29747224891928964	1.0526315789473684	2.0	23.0	0.14838709677419354	0.4967741935483871	1.1391653284207475	1.6382978723404256	8.0
