ID	Num. utterances	Num. tokens	Expression Lexicon Size (ELS)	Expression Variety (EV)	Expression Repetition (ER)	Voc. Overlap	ENTR	L	LMAX
dialogue_txt	16.0	330.0	50.0	0.15151515151515152	0.37575757575757573	0.3357142857142857	0.8658931791807439	1.2380952380952381	4.0
