ID	S1	S2	S1/Initiated Expression (IE_S1)	S1/Expression Repetition (ER_S1)	S1/tokens (%)	S2/Initiated Expression (IE_S2)	S2/Expression Repetition (ER_S2)	S2/tokens (%)	Voc. Overlap S1	Voc. Overlap S2	SR/S1/ELS	SR/S1/EV	SR/S1/ER	SR/S1/ENTR	SR/S1/L	SR/S1/LMAX	SR/S2/ELS	SR/S2/EV	SR/S2/ER	SR/S2/ENTR	SR/S2/L	SR/S2/LMAX
dialogue_txt	Human 1	Human 2	0.6538461538461539	0.1676300578034682	0.6653846153846154	0.34615384615384615	0.3448275862068966	0.3346153846153846	0.25	0.47058823529411764	26.0	0.143646408839779	0.4419889502762431	0.849092165846601	1.2321428571428572	3.0	13.0	0.1368421052631579	0.4421052631578947	1.291314688649721	1.6	5.0
