ID	Num. utterances	Num. tokens	Expression Lexicon Size (ELS)	Expression Variety (EV)	Expression Repetition (ER)	Voc. Overlap	ENTR	L	LMAX
dialogue_txt	15.0	313.0	41.0	0.13099041533546327	0.3258785942492013	0.27564102564102566	0.93530895576984	1.2892561983471074	3.0
