ID	Num. utterances	Num. tokens	Expression Lexicon Size (ELS)	Expression Variety (EV)	Expression Repetition (ER)	Voc. Overlap	ENTR	L	LMAX
dialogue_txt	19.0	227.0	31.0	0.13656387665198239	0.2907488986784141	0.27358490566037735	1.4277135854671745	1.5616438356164384	5.0
