ID	S1	S2	S1/Initiated Expression (IE_S1)	S1/Expression Repetition (ER_S1)	S1/tokens (%)	S2/Initiated Expression (IE_S2)	S2/Expression Repetition (ER_S2)	S2/tokens (%)	Voc. Overlap S1	Voc. Overlap S2	SR/S1/ELS	SR/S1/EV	SR/S1/ER	SR/S1/ENTR	SR/S1/L	SR/S1/LMAX	SR/S2/ELS	SR/S2/EV	SR/S2/ER	SR/S2/ENTR	SR/S2/L	SR/S2/LMAX
dialogue_txt	Human 1	Human 2	0.5151515151515151	0.26993865030674846	0.5109717868338558	0.48484848484848486	0.2692307692307692	0.4890282131661442	0.34	0.3617021276595745	22.0	0.12941176470588237	0.40588235294117647	1.194545119186222	1.4893617021276595	3.0	21.0	0.12804878048780488	0.45121951219512196	1.047664915277975	1.697674418604651	8.0
