ID	Num. utterances	Num. tokens	Expression Lexicon Size (ELS)	Expression Variety (EV)	Expression Repetition (ER)	Voc. Overlap	ENTR	L	LMAX
dialogue_txt	15.0	212.0	22.0	0.10377358490566038	0.19811320754716982	0.21367521367521367	0.32984607020714635	1.0606060606060606	2.0
