ID	S1	S2	S1/Initiated Expression (IE_S1)	S1/Expression Repetition (ER_S1)	S1/tokens (%)	S2/Initiated Expression (IE_S2)	S2/Expression Repetition (ER_S2)	S2/tokens (%)	Voc. Overlap S1	Voc. Overlap S2	SR/S1/ELS	SR/S1/EV	SR/S1/ER	SR/S1/ENTR	SR/S1/L	SR/S1/LMAX	SR/S2/ELS	SR/S2/EV	SR/S2/ER	SR/S2/ENTR	SR/S2/L	SR/S2/LMAX
dialogue_txt	Human 1	Human 2	0.64	0.23846153846153847	0.5882352941176471	0.36	0.31868131868131866	0.4117647058823529	0.313953488372093	0.4426229508196721	14.0	0.10218978102189781	0.3357664233576642	0.4854607607459134	1.105263157894737	2.0	11.0	0.1111111111111111	0.31313131313131315	0.8404914014731815	1.2608695652173914	3.0
