ID	S1	S2	S1/Initiated Expression (IE_S1)	S1/Expression Repetition (ER_S1)	S1/tokens (%)	S2/Initiated Expression (IE_S2)	S2/Expression Repetition (ER_S2)	S2/tokens (%)	Voc. Overlap S1	Voc. Overlap S2	SR/S1/ELS	SR/S1/EV	SR/S1/ER	SR/S1/ENTR	SR/S1/L	SR/S1/LMAX	SR/S2/ELS	SR/S2/EV	SR/S2/ER	SR/S2/ENTR	SR/S2/L	SR/S2/LMAX
dialogue_txt	Human 1	Human 2	0.8888888888888888	0.08888888888888889	0.2830188679245283	0.1111111111111111	0.38596491228070173	0.7169811320754716	0.7142857142857143	0.36764705882352944	4.0	0.07547169811320754	0.16981132075471697	0.863120568566631	1.2857142857142858	2.0	20.0	0.16393442622950818	0.5491803278688525	1.3752580686696534	1.5714285714285714	5.0
