ID	Num. utterances	Num. tokens	Expression Lexicon Size (ELS)	Expression Variety (EV)	Expression Repetition (ER)	Voc. Overlap	ENTR	L	LMAX
dialogue_txt	16.0	333.0	49.0	0.14714714714714713	0.33933933933933935	0.3269230769230769	0.8706348600853805	1.2608695652173914	5.0
