ID	Num. utterances	Num. tokens	Expression Lexicon Size (ELS)	Expression Variety (EV)	Expression Repetition (ER)	Voc. Overlap	ENTR	L	LMAX
dialogue_txt	16.0	268.0	27.0	0.10074626865671642	0.208955223880597	0.23387096774193547	0.883223024563301	1.3380281690140845	6.0
