ID	S1	S2	S1/Initiated Expression (IE_S1)	S1/Expression Repetition (ER_S1)	S1/tokens (%)	S2/Initiated Expression (IE_S2)	S2/Expression Repetition (ER_S2)	S2/tokens (%)	Voc. Overlap S1	Voc. Overlap S2	SR/S1/ELS	SR/S1/EV	SR/S1/ER	SR/S1/ENTR	SR/S1/L	SR/S1/LMAX	SR/S2/ELS	SR/S2/EV	SR/S2/ER	SR/S2/ENTR	SR/S2/L	SR/S2/LMAX
dialogue_txt	Human 1	Human 2	0.8285714285714286	0.17391304347826086	0.32857142857142857	0.17142857142857143	0.48936170212765956	0.6714285714285714	0.6842105263157895	0.52	6.0	0.07894736842105263	0.18421052631578946	-0.0	1.0	1.0	22.0	0.1476510067114094	0.6912751677852349	1.5795113260786042	2.3181818181818183	12.0
