ID	S1	S2	S1/Initiated Expression (IE_S1)	S1/Expression Repetition (ER_S1)	S1/tokens (%)	S2/Initiated Expression (IE_S2)	S2/Expression Repetition (ER_S2)	S2/tokens (%)	Voc. Overlap S1	Voc. Overlap S2	SR/S1/ELS	SR/S1/EV	SR/S1/ER	SR/S1/ENTR	SR/S1/L	SR/S1/LMAX	SR/S2/ELS	SR/S2/EV	SR/S2/ER	SR/S2/ENTR	SR/S2/L	SR/S2/LMAX
dialogue_txt	Human 1	Human 2	0.6363636363636364	0.24615384615384617	0.49242424242424243	0.36363636363636365	0.3582089552238806	0.5075757575757576	0.4069767441860465	0.4166666666666667	14.0	0.10218978102189781	0.3357664233576642	0.4854607607459134	1.105263157894737	2.0	23.0	0.1619718309859155	0.45774647887323944	1.1357742370456676	1.3829787234042554	3.0
