ID	S1	S2	S1/Initiated Expression (IE_S1)	S1/Expression Repetition (ER_S1)	S1/tokens (%)	S2/Initiated Expression (IE_S2)	S2/Expression Repetition (ER_S2)	S2/tokens (%)	Voc. Overlap S1	Voc. Overlap S2	SR/S1/ELS	SR/S1/EV	SR/S1/ER	SR/S1/ENTR	SR/S1/L	SR/S1/LMAX	SR/S2/ELS	SR/S2/EV	SR/S2/ER	SR/S2/ENTR	SR/S2/L	SR/S2/LMAX
dialogue_txt	Human 1	Human 2	0.8181818181818182	0.13043478260869565	0.350253807106599	0.18181818181818182	0.53125	0.649746192893401	0.6842105263157895	0.5	6.0	0.07894736842105263	0.18421052631578946	-0.0	1.0	1.0	21.0	0.15441176470588236	0.49264705882352944	1.1391653284207475	1.3829787234042554	4.0
