ID	S1	S2	S1/Initiated Expression (IE_S1)	S1/Expression Repetition (ER_S1)	S1/tokens (%)	S2/Initiated Expression (IE_S2)	S2/Expression Repetition (ER_S2)	S2/tokens (%)	Voc. Overlap S1	Voc. Overlap S2	SR/S1/ELS	SR/S1/EV	SR/S1/ER	SR/S1/ENTR	SR/S1/L	SR/S1/LMAX	SR/S2/ELS	SR/S2/EV	SR/S2/ER	SR/S2/ENTR	SR/S2/L	SR/S2/LMAX
dialogue_txt	Human 1	Human 2	0.8181818181818182	0.0979020979020979	0.48148148148148145	0.18181818181818182	0.36363636363636365	0.5185185185185185	0.3269230769230769	0.3617021276595745	14.0	0.09333333333333334	0.26	0.32984607020714635	1.0606060606060606	2.0	27.0	0.16770186335403728	0.515527950310559	1.060012741435098	1.3898305084745763	4.0
