ID	Num. utterances	Num. tokens	Expression Lexicon Size (ELS)	Expression Variety (EV)	Expression Repetition (ER)	Voc. Overlap	ENTR	L	LMAX
dialogue_txt	13.0	198.0	29.0	0.14646464646464646	0.32323232323232326	0.3368421052631579	0.9184242008592141	1.3066666666666666	4.0
