ID	Num. utterances	Num. tokens	Expression Lexicon Size (ELS)	Expression Variety (EV)	Expression Repetition (ER)	Voc. Overlap	ENTR	L	LMAX
dialogue_txt	19.0	225.0	49.0	0.21777777777777776	0.4222222222222222	0.46808510638297873	0.9234405696435799	1.2678571428571428	3.0
