ID	S1	S2	S1/Initiated Expression (IE_S1)	S1/Expression Repetition (ER_S1)	S1/tokens (%)	S2/Initiated Expression (IE_S2)	S2/Expression Repetition (ER_S2)	S2/tokens (%)	Voc. Overlap S1	Voc. Overlap S2	SR/S1/ELS	SR/S1/EV	SR/S1/ER	SR/S1/ENTR	SR/S1/L	SR/S1/LMAX	SR/S2/ELS	SR/S2/EV	SR/S2/ER	SR/S2/ENTR	SR/S2/L	SR/S2/LMAX
dialogue_txt	Human 1	Human 2	0.65625	0.1981981981981982	0.3881118881118881	0.34375	0.2857142857142857	0.6118881118881119	0.44155844155844154	0.34	12.0	0.10084033613445378	0.2857142857142857	-0.0	1.0	1.0	28.0	0.15300546448087432	0.4918032786885246	0.9100828003427555	1.2923076923076924	4.0
