ID	Num. utterances	Num. tokens	Expression Lexicon Size (ELS)	Expression Variety (EV)	Expression Repetition (ER)	Voc. Overlap	ENTR	L	LMAX
dialogue_txt	15.0	236.0	30.0	0.1271186440677966	0.211864406779661	0.21830985915492956	0.6242741010130388	1.155844155844156	2.0
