ID	Num. utterances	Num. tokens	Expression Lexicon Size (ELS)	Expression Variety (EV)	Expression Repetition (ER)	Voc. Overlap	ENTR	L	LMAX
dialogue_txt	15.0	296.0	40.0	0.13513513513513514	0.31756756756756754	0.29577464788732394	0.476439191098034	1.1023622047244095	2.0
