ID	S1	S2	S1/Initiated Expression (IE_S1)	S1/Expression Repetition (ER_S1)	S1/tokens (%)	S2/Initiated Expression (IE_S2)	S2/Expression Repetition (ER_S2)	S2/tokens (%)	Voc. Overlap S1	Voc. Overlap S2	SR/S1/ELS	SR/S1/EV	SR/S1/ER	SR/S1/ENTR	SR/S1/L	SR/S1/LMAX	SR/S2/ELS	SR/S2/EV	SR/S2/ER	SR/S2/ENTR	SR/S2/L	SR/S2/LMAX
dialogue_txt	Human 1	Human 2	0.7407407407407407	0.12408759124087591	0.47079037800687284	0.25925925925925924	0.2857142857142857	0.5292096219931272	0.34408602150537637	0.3368421052631579	11.0	0.07534246575342465	0.21232876712328766	0.4262286569981449	1.173913043478261	3.0	22.0	0.13496932515337423	0.43558282208588955	0.9653723546781459	1.4375	7.0
