ID	S1	S2	S1/Initiated Expression (IE_S1)	S1/Expression Repetition (ER_S1)	S1/tokens (%)	S2/Initiated Expression (IE_S2)	S2/Expression Repetition (ER_S2)	S2/tokens (%)	Voc. Overlap S1	Voc. Overlap S2	SR/S1/ELS	SR/S1/EV	SR/S1/ER	SR/S1/ENTR	SR/S1/L	SR/S1/LMAX	SR/S2/ELS	SR/S2/EV	SR/S2/ER	SR/S2/ENTR	SR/S2/L	SR/S2/LMAX
dialogue_txt	Human 1	Human 2	0.7169811320754716	0.24050632911392406	0.5146579804560261	0.2830188679245283	0.5906040268456376	0.48534201954397393	0.4673913043478261	0.581081081081081	22.0	0.13253012048192772	0.4397590361445783	1.0783220795483648	1.44	5.0	27.0	0.17088607594936708	0.5759493670886076	1.3038890505368361	1.4666666666666666	4.0
