ID	Num. utterances	Num. tokens	Expression Lexicon Size (ELS)	Expression Variety (EV)	Expression Repetition (ER)	Voc. Overlap	ENTR	L	LMAX
dialogue_txt	17.0	307.0	53.0	0.17263843648208468	0.41042345276872966	0.34959349593495936	1.414906146191184	1.5307692307692307	5.0
