ID	Num. utterances	Num. tokens	Expression Lexicon Size (ELS)	Expression Variety (EV)	Expression Repetition (ER)	Voc. Overlap	ENTR	L	LMAX
dialogue_txt	17.0	331.0	41.0	0.12386706948640483	0.3595166163141994	0.25333333333333335	1.0894520661386793	1.3414634146341464	4.0
