ID	S1	S2	S1/Initiated Expression (IE_S1)	S1/Expression Repetition (ER_S1)	S1/tokens (%)	S2/Initiated Expression (IE_S2)	S2/Expression Repetition (ER_S2)	S2/tokens (%)	Voc. Overlap S1	Voc. Overlap S2	SR/S1/ELS	SR/S1/EV	SR/S1/ER	SR/S1/ENTR	SR/S1/L	SR/S1/LMAX	SR/S2/ELS	SR/S2/EV	SR/S2/ER	SR/S2/ENTR	SR/S2/L	SR/S2/LMAX
dialogue_txt	Human 1	Human 2	0.7317073170731707	0.25949367088607594	0.4773413897280967	0.2682926829268293	0.4508670520231214	0.5226586102719033	0.41304347826086957	0.3958333333333333	22.0	0.13253012048192772	0.4397590361445783	1.0783220795483648	1.44	5.0	30.0	0.16483516483516483	0.489010989010989	1.1441833309992433	1.421875	4.0
