ID	S1	S2	S1/Initiated Expression (IE_S1)	S1/Expression Repetition (ER_S1)	S1/tokens (%)	S2/Initiated Expression (IE_S2)	S2/Expression Repetition (ER_S2)	S2/tokens (%)	Voc. Overlap S1	Voc. Overlap S2	SR/S1/ELS	SR/S1/EV	SR/S1/ER	SR/S1/ENTR	SR/S1/L	SR/S1/LMAX	SR/S2/ELS	SR/S2/EV	SR/S2/ER	SR/S2/ENTR	SR/S2/L	SR/S2/LMAX
dialogue_txt	Human 1	Human 2	0.7419354838709677	0.14772727272727273	0.38596491228070173	0.25806451612903225	0.37142857142857144	0.6140350877192983	0.484375	0.38271604938271603	12.0	0.12631578947368421	0.29473684210526313	0.4021791902022728	1.08	2.0	26.0	0.17567567567567569	0.5	0.8314743880097293	1.263157894736842	2.0
