ID	Num. utterances	Num. tokens	Expression Lexicon Size (ELS)	Expression Variety (EV)	Expression Repetition (ER)	Voc. Overlap	ENTR	L	LMAX
dialogue_txt	16.0	292.0	29.0	0.09931506849315068	0.1952054794520548	0.2357142857142857	0.722985867046413	1.2159090909090908	4.0
