ID	S1	S2	S1/Initiated Expression (IE_S1)	S1/Expression Repetition (ER_S1)	S1/tokens (%)	S2/Initiated Expression (IE_S2)	S2/Expression Repetition (ER_S2)	S2/tokens (%)	Voc. Overlap S1	Voc. Overlap S2	SR/S1/ELS	SR/S1/EV	SR/S1/ER	SR/S1/ENTR	SR/S1/L	SR/S1/LMAX	SR/S2/ELS	SR/S2/EV	SR/S2/ER	SR/S2/ENTR	SR/S2/L	SR/S2/LMAX
dialogue_txt	Human 1	Human 2	0.4827586206896552	0.2206896551724138	0.4965753424657534	0.5172413793103449	0.2108843537414966	0.5034246575342466	0.34444444444444444	0.34831460674157305	22.0	0.1437908496732026	0.4117647058823529	0.9637459942073318	1.3333333333333333	4.0	20.0	0.12903225806451613	0.43870967741935485	1.2620522888271428	1.446808510638298	4.0
