ID	Num. utterances	Num. tokens	Expression Lexicon Size (ELS)	Expression Variety (EV)	Expression Repetition (ER)	Voc. Overlap	ENTR	L	LMAX
dialogue_txt	18.0	203.0	32.0	0.15763546798029557	0.3399014778325123	0.3229166666666667	0.7732266742876344	1.2272727272727273	2.0
