ID	Num. utterances	Num. tokens	Expression Lexicon Size (ELS)	Expression Variety (EV)	Expression Repetition (ER)	Voc. Overlap	ENTR	L	LMAX
dialogue_txt	16.0	300.0	44.0	0.14666666666666667	0.33666666666666667	0.35074626865671643	0.7198033147296933	1.1954887218045114	4.0
