ID	S1	S2	S1/Initiated Expression (IE_S1)	S1/Expression Repetition (ER_S1)	S1/tokens (%)	S2/Initiated Expression (IE_S2)	S2/Expression Repetition (ER_S2)	S2/tokens (%)	Voc. Overlap S1	Voc. Overlap S2	SR/S1/ELS	SR/S1/EV	SR/S1/ER	SR/S1/ENTR	SR/S1/L	SR/S1/LMAX	SR/S2/ELS	SR/S2/EV	SR/S2/ER	SR/S2/ENTR	SR/S2/L	SR/S2/LMAX
dialogue_txt	Human 1	Human 2	0.8	0.1619047619047619	0.46875	0.2	0.4369747899159664	0.53125	0.4936708860759494	0.43820224719101125	8.0	0.07142857142857142	0.17857142857142858	-0.0	1.0	1.0	16.0	0.128	0.36	0.4770713062193297	1.1025641025641026	2.0
