ID	Num. utterances	Num. tokens	Expression Lexicon Size (ELS)	Expression Variety (EV)	Expression Repetition (ER)	Voc. Overlap	ENTR	L	LMAX
dialogue_txt	17.0	296.0	29.0	0.09797297297297297	0.21283783783783783	0.19607843137254902	0.5687008669370752	1.1341463414634145	2.0
