ID	Num. utterances	Num. tokens	Expression Lexicon Size (ELS)	Expression Variety (EV)	Expression Repetition (ER)	Voc. Overlap	ENTR	L	LMAX
dialogue_txt	17.0	290.0	37.0	0.12758620689655173	0.296551724137931	0.2635135135135135	0.6401145282636426	1.1858407079646018	5.0
