ID	Num. utterances	Num. tokens	Expression Lexicon Size (ELS)	Expression Variety (EV)	Expression Repetition (ER)	Voc. Overlap	ENTR	L	LMAX
dialogue_txt	16.0	276.0	38.0	0.13768115942028986	0.2753623188405797	0.29457364341085274	0.9943965983576961	1.3061224489795917	4.0
