ID	S1	S2	S1/Initiated Expression (IE_S1)	S1/Expression Repetition (ER_S1)	S1/tokens (%)	S2/Initiated Expression (IE_S2)	S2/Expression Repetition (ER_S2)	S2/tokens (%)	Voc. Overlap S1	Voc. Overlap S2	SR/S1/ELS	SR/S1/EV	SR/S1/ER	SR/S1/ENTR	SR/S1/L	SR/S1/LMAX	SR/S2/ELS	SR/S2/EV	SR/S2/ER	SR/S2/ENTR	SR/S2/L	SR/S2/LMAX
dialogue_txt	Human 1	Human 2	0.7333333333333333	0.17006802721088435	0.5364963503649635	0.26666666666666666	0.3858267716535433	0.4635036496350365	0.3595505617977528	0.5245901639344263	19.0	0.12337662337662338	0.37012987012987014	1.0369678910772295	1.3243243243243243	3.0	21.0	0.15671641791044777	0.6791044776119403	1.8024669627236165	2.742857142857143	13.0
