ID	Num. utterances	Num. tokens	Expression Lexicon Size (ELS)	Expression Variety (EV)	Expression Repetition (ER)	Voc. Overlap	ENTR	L	LMAX
dialogue_txt	14.0	274.0	30.0	0.10948905109489052	0.27007299270072993	0.2711864406779661	0.5192300197391869	1.116504854368932	2.0
