ID	Num. utterances	Num. tokens	Expression Lexicon Size (ELS)	Expression Variety (EV)	Expression Repetition (ER)	Voc. Overlap	ENTR	L	LMAX
dialogue_txt	17.0	277.0	42.0	0.15162454873646208	0.34657039711191334	0.3305785123966942	0.7244709806926934	1.1833333333333333	3.0
