ID	S1	S2	S1/Initiated Expression (IE_S1)	S1/Expression Repetition (ER_S1)	S1/tokens (%)	S2/Initiated Expression (IE_S2)	S2/Expression Repetition (ER_S2)	S2/tokens (%)	Voc. Overlap S1	Voc. Overlap S2	SR/S1/ELS	SR/S1/EV	SR/S1/ER	SR/S1/ENTR	SR/S1/L	SR/S1/LMAX	SR/S2/ELS	SR/S2/EV	SR/S2/ER	SR/S2/ENTR	SR/S2/L	SR/S2/LMAX
dialogue_txt	Human 1	Human 2	0.8095238095238095	0.20634920634920634	0.6823104693140795	0.19047619047619047	0.6477272727272727	0.3176895306859206	0.37383177570093457	0.7407407407407407	28.0	0.14213197969543148	0.4517766497461929	1.0540157730728	1.35	3.0	18.0	0.18556701030927836	0.4742268041237113	0.5689955935892812	1.15	3.0
