ID	Num. utterances	Num. tokens	Expression Lexicon Size (ELS)	Expression Variety (EV)	Expression Repetition (ER)	Voc. Overlap	ENTR	L	LMAX
dialogue_txt	16.0	297.0	43.0	0.1447811447811448	0.4208754208754209	0.38461538461538464	1.3897955282811096	1.6036036036036037	8.0
