ID	Num. utterances	Num. tokens	Expression Lexicon Size (ELS)	Expression Variety (EV)	Expression Repetition (ER)	Voc. Overlap	ENTR	L	LMAX
dialogue_txt	16.0	262.0	38.0	0.1450381679389313	0.3015267175572519	0.2923076923076923	0.7746214693626265	1.2211538461538463	4.0
