ID	S1	S2	S1/Initiated Expression (IE_S1)	S1/Expression Repetition (ER_S1)	S1/tokens (%)	S2/Initiated Expression (IE_S2)	S2/Expression Repetition (ER_S2)	S2/tokens (%)	Voc. Overlap S1	Voc. Overlap S2	SR/S1/ELS	SR/S1/EV	SR/S1/ER	SR/S1/ENTR	SR/S1/L	SR/S1/LMAX	SR/S2/ELS	SR/S2/EV	SR/S2/ER	SR/S2/ENTR	SR/S2/L	SR/S2/LMAX
dialogue_txt	Human 1	Human 2	0.9038461538461539	0.0979020979020979	0.5053003533568905	0.09615384615384616	0.6214285714285714	0.49469964664310956	0.5288461538461539	0.5913978494623656	14.0	0.09333333333333334	0.26	0.32984607020714635	1.0606060606060606	2.0	27.0	0.1836734693877551	0.46258503401360546	0.20062232431271465	1.03125	2.0
