ID	Num. utterances	Num. tokens	Expression Lexicon Size (ELS)	Expression Variety (EV)	Expression Repetition (ER)	Voc. Overlap	ENTR	L	LMAX
dialogue_txt	14.0	283.0	52.0	0.18374558303886926	0.3568904593639576	0.3873239436619718	0.840843735478867	1.2615384615384615	6.0
