ID	Num. utterances	Num. tokens	Expression Lexicon Size (ELS)	Expression Variety (EV)	Expression Repetition (ER)	Voc. Overlap	ENTR	L	LMAX
dialogue_txt	16.0	310.0	39.0	0.12580645161290321	0.29354838709677417	0.25949367088607594	0.9003427269347155	1.2568807339449541	4.0
