ID	S1	S2	S1/Initiated Expression (IE_S1)	S1/Expression Repetition (ER_S1)	S1/tokens (%)	S2/Initiated Expression (IE_S2)	S2/Expression Repetition (ER_S2)	S2/tokens (%)	Voc. Overlap S1	Voc. Overlap S2	SR/S1/ELS	SR/S1/EV	SR/S1/ER	SR/S1/ENTR	SR/S1/L	SR/S1/LMAX	SR/S2/ELS	SR/S2/EV	SR/S2/ER	SR/S2/ENTR	SR/S2/L	SR/S2/LMAX
dialogue_txt	Human 1	Human 2	0.7948717948717948	0.21621621621621623	0.4774193548387097	0.20512820512820512	0.36419753086419754	0.5225806451612903	0.47126436781609193	0.36607142857142855	22.0	0.14102564102564102	0.4230769230769231	0.8176338568998316	1.22	3.0	21.0	0.12352941176470589	0.3764705882352941	0.9794636179479979	1.3191489361702127	4.0
