ID	S1	S2	S1/Initiated Expression (IE_S1)	S1/Expression Repetition (ER_S1)	S1/tokens (%)	S2/Initiated Expression (IE_S2)	S2/Expression Repetition (ER_S2)	S2/tokens (%)	Voc. Overlap S1	Voc. Overlap S2	SR/S1/ELS	SR/S1/EV	SR/S1/ER	SR/S1/ENTR	SR/S1/L	SR/S1/LMAX	SR/S2/ELS	SR/S2/EV	SR/S2/ER	SR/S2/ENTR	SR/S2/L	SR/S2/LMAX
dialogue_txt	Human 1	Human 2	0.6060606060606061	0.20245398773006135	0.5191082802547771	0.3939393939393939	0.3509933774834437	0.48089171974522293	0.32	0.3333333333333333	22.0	0.12941176470588237	0.40588235294117647	1.194545119186222	1.4893617021276595	3.0	19.0	0.11949685534591195	0.4339622641509434	1.0238995733215066	1.3333333333333333	4.0
