ID	Num. utterances	Num. tokens	Expression Lexicon Size (ELS)	Expression Variety (EV)	Expression Repetition (ER)	Voc. Overlap	ENTR	L	LMAX
dialogue_txt	16.0	272.0	46.0	0.16911764705882354	0.3713235294117647	0.3559322033898305	1.3358326030651182	1.4862385321100917	5.0
