ID	S1	S2	S1/Initiated Expression (IE_S1)	S1/Expression Repetition (ER_S1)	S1/tokens (%)	S2/Initiated Expression (IE_S2)	S2/Expression Repetition (ER_S2)	S2/tokens (%)	Voc. Overlap S1	Voc. Overlap S2	SR/S1/ELS	SR/S1/EV	SR/S1/ER	SR/S1/ENTR	SR/S1/L	SR/S1/LMAX	SR/S2/ELS	SR/S2/EV	SR/S2/ER	SR/S2/ENTR	SR/S2/L	SR/S2/LMAX
dialogue_txt	Human 1	Human 2	0.8787878787878788	0.15254237288135594	0.3277777777777778	0.12121212121212122	0.5041322314049587	0.6722222222222223	0.7209302325581395	0.4696969696969697	8.0	0.11940298507462686	0.31343283582089554	-0.0	1.0	1.0	21.0	0.16279069767441862	0.4496124031007752	1.0488412604661608	1.3333333333333333	3.0
