ID	Num. utterances	Num. tokens	Expression Lexicon Size (ELS)	Expression Variety (EV)	Expression Repetition (ER)	Voc. Overlap	ENTR	L	LMAX
dialogue_txt	16.0	251.0	29.0	0.11553784860557768	0.23904382470119523	0.2661290322580645	0.6248940964703633	1.2025316455696202	5.0
