ID	S1	S2	S1/Initiated Expression (IE_S1)	S1/Expression Repetition (ER_S1)	S1/tokens (%)	S2/Initiated Expression (IE_S2)	S2/Expression Repetition (ER_S2)	S2/tokens (%)	Voc. Overlap S1	Voc. Overlap S2	SR/S1/ELS	SR/S1/EV	SR/S1/ER	SR/S1/ENTR	SR/S1/L	SR/S1/LMAX	SR/S2/ELS	SR/S2/EV	SR/S2/ER	SR/S2/ENTR	SR/S2/L	SR/S2/LMAX
dialogue_txt	Human 1	Human 2	0.7843137254901961	0.14960629921259844	0.49034749034749037	0.21568627450980393	0.5681818181818182	0.5096525096525096	0.5853658536585366	0.6075949367088608	17.0	0.1259259259259259	0.34074074074074073	0.6394571324851641	1.162162162162162	2.0	26.0	0.18571428571428572	0.5214285714285715	0.5608251769947302	1.1333333333333333	3.0
