ID	Num. utterances	Num. tokens	Expression Lexicon Size (ELS)	Expression Variety (EV)	Expression Repetition (ER)	Voc. Overlap	ENTR	L	LMAX
dialogue_txt	15.0	198.0	31.0	0.15656565656565657	0.2878787878787879	0.3235294117647059	0.6660335065990881	1.2098765432098766	5.0
