ID	Num. utterances	Num. tokens	Expression Lexicon Size (ELS)	Expression Variety (EV)	Expression Repetition (ER)	Voc. Overlap	ENTR	L	LMAX
dialogue_txt	16.0	273.0	22.0	0.08058608058608059	0.20512820512820512	0.20454545454545456	0.6705250693158381	1.1756756756756757	2.0
