ID	Num. utterances	Num. tokens	Expression Lexicon Size (ELS)	Expression Variety (EV)	Expression Repetition (ER)	Voc. Overlap	ENTR	L	LMAX
dialogue_txt	15.0	245.0	35.0	0.14285714285714285	0.3346938775510204	0.29914529914529914	1.0918097065517753	1.3645833333333333	5.0
