ID	Num. utterances	Num. tokens	Expression Lexicon Size (ELS)	Expression Variety (EV)	Expression Repetition (ER)	Voc. Overlap	ENTR	L	LMAX
dialogue_txt	16.0	264.0	34.0	0.12878787878787878	0.25757575757575757	0.2595419847328244	0.9003383297995279	1.2553191489361701	3.0
