ID	S1	S2	S1/Initiated Expression (IE_S1)	S1/Expression Repetition (ER_S1)	S1/tokens (%)	S2/Initiated Expression (IE_S2)	S2/Expression Repetition (ER_S2)	S2/tokens (%)	Voc. Overlap S1	Voc. Overlap S2	SR/S1/ELS	SR/S1/EV	SR/S1/ER	SR/S1/ENTR	SR/S1/L	SR/S1/LMAX	SR/S2/ELS	SR/S2/EV	SR/S2/ER	SR/S2/ENTR	SR/S2/L	SR/S2/LMAX
dialogue_txt	Human 1	Human 2	0.8823529411764706	0.09009009009009009	0.42045454545454547	0.11764705882352941	0.3790849673202614	0.5795454545454546	0.44155844155844154	0.38636363636363635	12.0	0.10084033613445378	0.2857142857142857	-0.0	1.0	1.0	25.0	0.15527950310559005	0.4906832298136646	1.176636526296754	1.4385964912280702	3.0
