ID	S1	S2	S1/Initiated Expression (IE_S1)	S1/Expression Repetition (ER_S1)	S1/tokens (%)	S2/Initiated Expression (IE_S2)	S2/Expression Repetition (ER_S2)	S2/tokens (%)	Voc. Overlap S1	Voc. Overlap S2	SR/S1/ELS	SR/S1/EV	SR/S1/ER	SR/S1/ENTR	SR/S1/L	SR/S1/LMAX	SR/S2/ELS	SR/S2/EV	SR/S2/ER	SR/S2/ENTR	SR/S2/L	SR/S2/LMAX
dialogue_txt	Human 1	Human 2	0.64	0.19736842105263158	0.3917525773195876	0.36	0.2542372881355932	0.6082474226804123	0.5454545454545454	0.3488372093023256	10.0	0.11904761904761904	0.27380952380952384	0.7642045065086203	1.2222222222222223	2.0	16.0	0.12698412698412698	0.31746031746031744	0.3033748360864139	1.054054054054054	2.0
