ID	S1	S2	S1/Initiated Expression (IE_S1)	S1/Expression Repetition (ER_S1)	S1/tokens (%)	S2/Initiated Expression (IE_S2)	S2/Expression Repetition (ER_S2)	S2/tokens (%)	Voc. Overlap S1	Voc. Overlap S2	SR/S1/ELS	SR/S1/EV	SR/S1/ER	SR/S1/ENTR	SR/S1/L	SR/S1/LMAX	SR/S2/ELS	SR/S2/EV	SR/S2/ER	SR/S2/ENTR	SR/S2/L	SR/S2/LMAX
dialogue_txt	Human 1	Human 2	0.35	0.19318181818181818	0.36666666666666664	0.65	0.17105263157894737	0.6333333333333333	0.3380281690140845	0.2376237623762376	4.0	0.042105263157894736	0.16842105263157894	0.7219280948873623	1.4	3.0	21.0	0.13125	0.3875	0.668213698712926	1.2553191489361701	5.0
