ID	Num. utterances	Num. tokens	Expression Lexicon Size (ELS)	Expression Variety (EV)	Expression Repetition (ER)	Voc. Overlap	ENTR	L	LMAX
dialogue_txt	14.0	254.0	44.0	0.1732283464566929	0.32677165354330706	0.3384615384615385	0.49213954661766224	1.1074380165289257	2.0
