ID	Num. utterances	Num. tokens	Expression Lexicon Size (ELS)	Expression Variety (EV)	Expression Repetition (ER)	Voc. Overlap	ENTR	L	LMAX
dialogue_txt	16.0	245.0	43.0	0.17551020408163265	0.34285714285714286	0.36036036036036034	0.8356531731900206	1.346938775510204	9.0
