ID	S1	S2	S1/Initiated Expression (IE_S1)	S1/Expression Repetition (ER_S1)	S1/tokens (%)	S2/Initiated Expression (IE_S2)	S2/Expression Repetition (ER_S2)	S2/tokens (%)	Voc. Overlap S1	Voc. Overlap S2	SR/S1/ELS	SR/S1/EV	SR/S1/ER	SR/S1/ENTR	SR/S1/L	SR/S1/LMAX	SR/S2/ELS	SR/S2/EV	SR/S2/ER	SR/S2/ENTR	SR/S2/L	SR/S2/LMAX
dialogue_txt	Human 1	Human 2	0.8983050847457628	0.13513513513513514	0.4111111111111111	0.1016949152542373	0.7672955974842768	0.5888888888888889	0.8051948051948052	0.7654320987654321	12.0	0.10084033613445378	0.2857142857142857	-0.0	1.0	1.0	27.0	0.16167664670658682	0.6287425149700598	1.8123338501313069	2.4130434782608696	11.0
