ID	Num. utterances	Num. tokens	Expression Lexicon Size (ELS)	Expression Variety (EV)	Expression Repetition (ER)	Voc. Overlap	ENTR	L	LMAX
dialogue_txt	15.0	215.0	17.0	0.07906976744186046	0.11627906976744186	0.1592920353982301	0.4262286569981449	1.0869565217391304	2.0
