ID	Num. utterances	Num. tokens	Expression Lexicon Size (ELS)	Expression Variety (EV)	Expression Repetition (ER)	Voc. Overlap	ENTR	L	LMAX
dialogue_txt	15.0	182.0	27.0	0.14835164835164835	0.25274725274725274	0.29245283018867924	1.1775542810977582	1.6037735849056605	8.0
