ID	Num. utterances	Num. tokens	Expression Lexicon Size (ELS)	Expression Variety (EV)	Expression Repetition (ER)	Voc. Overlap	ENTR	L	LMAX
dialogue_txt	16.0	224.0	41.0	0.18303571428571427	0.4419642857142857	0.41304347826086957	0.8785539107584056	1.2792792792792793	5.0
