ID	Num. utterances	Num. tokens	Expression Lexicon Size (ELS)	Expression Variety (EV)	Expression Repetition (ER)	Voc. Overlap	ENTR	L	LMAX
dialogue_txt	15.0	260.0	30.0	0.11538461538461539	0.27692307692307694	0.23846153846153847	0.8460873875953614	1.2333333333333334	3.0
