ID	Num. utterances	Num. tokens	Expression Lexicon Size (ELS)	Expression Variety (EV)	Expression Repetition (ER)	Voc. Overlap	ENTR	L	LMAX
dialogue_txt	14.0	203.0	23.0	0.11330049261083744	0.270935960591133	0.29357798165137616	0.5964456803536042	1.2133333333333334	4.0
