ID	Num. utterances	Num. tokens	Expression Lexicon Size (ELS)	Expression Variety (EV)	Expression Repetition (ER)	Voc. Overlap	ENTR	L	LMAX
dialogue_txt	16.0	190.0	31.0	0.1631578947368421	0.3263157894736842	0.3626373626373626	1.0793832873731397	1.3571428571428572	4.0
