ID	Num. utterances	Num. tokens	Expression Lexicon Size (ELS)	Expression Variety (EV)	Expression Repetition (ER)	Voc. Overlap	ENTR	L	LMAX
dialogue_txt	15.0	228.0	27.0	0.11842105263157894	0.29385964912280704	0.24166666666666667	0.41381685030363374	1.0833333333333333	2.0
