ID	S1	S2	S1/Initiated Expression (IE_S1)	S1/Expression Repetition (ER_S1)	S1/tokens (%)	S2/Initiated Expression (IE_S2)	S2/Expression Repetition (ER_S2)	S2/tokens (%)	Voc. Overlap S1	Voc. Overlap S2	SR/S1/ELS	SR/S1/EV	SR/S1/ER	SR/S1/ENTR	SR/S1/L	SR/S1/LMAX	SR/S2/ELS	SR/S2/EV	SR/S2/ER	SR/S2/ENTR	SR/S2/L	SR/S2/LMAX
dialogue_txt	Human 1	Human 2	0.8484848484848485	0.11363636363636363	0.4943820224719101	0.15151515151515152	0.6111111111111112	0.5056179775280899	0.5070422535211268	0.631578947368421	4.0	0.042105263157894736	0.16842105263157894	0.7219280948873623	1.4	3.0	15.0	0.15306122448979592	0.41836734693877553	0.6838104214057896	1.1935483870967742	3.0
