ID	Num. utterances	Num. tokens	Expression Lexicon Size (ELS)	Expression Variety (EV)	Expression Repetition (ER)	Voc. Overlap	ENTR	L	LMAX
dialogue_txt	16.0	276.0	41.0	0.14855072463768115	0.35507246376811596	0.3064516129032258	0.6468142979714664	1.165289256198347	2.0
