ID	Num. utterances	Num. tokens	Expression Lexicon Size (ELS)	Expression Variety (EV)	Expression Repetition (ER)	Voc. Overlap	ENTR	L	LMAX
dialogue_txt	14.0	204.0	38.0	0.18627450980392157	0.3284313725490196	0.3804347826086957	0.9577159142118143	1.303370786516854	3.0
