ID	Num. utterances	Num. tokens	Expression Lexicon Size (ELS)	Expression Variety (EV)	Expression Repetition (ER)	Voc. Overlap	ENTR	L	LMAX
dialogue_txt	14.0	252.0	32.0	0.12698412698412698	0.2976190476190476	0.2923076923076923	0.8602516959754963	1.2474226804123711	4.0
