ID	S1	S2	S1/Initiated Expression (IE_S1)	S1/Expression Repetition (ER_S1)	S1/tokens (%)	S2/Initiated Expression (IE_S2)	S2/Expression Repetition (ER_S2)	S2/tokens (%)	Voc. Overlap S1	Voc. Overlap S2	SR/S1/ELS	SR/S1/EV	SR/S1/ER	SR/S1/ENTR	SR/S1/L	SR/S1/LMAX	SR/S2/ELS	SR/S2/EV	SR/S2/ER	SR/S2/ENTR	SR/S2/L	SR/S2/LMAX
dialogue_txt	Human 1	Human 2	0.6862745098039216	0.2080536912751678	0.4950166112956811	0.3137254901960784	0.618421052631579	0.5049833887043189	0.5	0.6447368421052632	14.0	0.08974358974358974	0.27564102564102566	0.7355085815538398	1.206896551724138	2.0	24.0	0.1509433962264151	0.5974842767295597	1.6720367060465504	2.1555555555555554	14.0
