ID	S1	S2	S1/Initiated Expression (IE_S1)	S1/Expression Repetition (ER_S1)	S1/tokens (%)	S2/Initiated Expression (IE_S2)	S2/Expression Repetition (ER_S2)	S2/tokens (%)	Voc. Overlap S1	Voc. Overlap S2	SR/S1/ELS	SR/S1/EV	SR/S1/ER	SR/S1/ENTR	SR/S1/L	SR/S1/LMAX	SR/S2/ELS	SR/S2/EV	SR/S2/ER	SR/S2/ENTR	SR/S2/L	SR/S2/LMAX
dialogue_txt	Human 1	Human 2	0.9090909090909091	0.06666666666666667	0.22058823529411764	0.09090909090909091	0.10062893081761007	0.7794117647058824	0.4	0.1794871794871795	4.0	0.07547169811320754	0.16981132075471697	0.863120568566631	1.2857142857142858	2.0	31.0	0.18562874251497005	0.6167664670658682	1.9332562958901771	2.122448979591837	8.0
