ID	Num. utterances	Num. tokens	Expression Lexicon Size (ELS)	Expression Variety (EV)	Expression Repetition (ER)	Voc. Overlap	ENTR	L	LMAX
dialogue_txt	15.0	254.0	35.0	0.1377952755905512	0.28346456692913385	0.27906976744186046	0.6708561590207726	1.1758241758241759	2.0
