ID	S1	S2	S1/Initiated Expression (IE_S1)	S1/Expression Repetition (ER_S1)	S1/tokens (%)	S2/Initiated Expression (IE_S2)	S2/Expression Repetition (ER_S2)	S2/tokens (%)	Voc. Overlap S1	Voc. Overlap S2	SR/S1/ELS	SR/S1/EV	SR/S1/ER	SR/S1/ENTR	SR/S1/L	SR/S1/LMAX	SR/S2/ELS	SR/S2/EV	SR/S2/ER	SR/S2/ENTR	SR/S2/L	SR/S2/LMAX
dialogue_txt	Human 1	Human 2	0.8947368421052632	0.08974358974358974	0.5379310344827586	0.10526315789473684	0.5074626865671642	0.46206896551724136	0.38596491228070173	0.5641025641025641	7.0	0.08333333333333333	0.2261904761904762	0.5435644431995964	1.125	2.0	14.0	0.1891891891891892	0.5135135135135135	0.8497511372532973	1.2758620689655173	2.0
