ID	S1	S2	S1/Initiated Expression (IE_S1)	S1/Expression Repetition (ER_S1)	S1/tokens (%)	S2/Initiated Expression (IE_S2)	S2/Expression Repetition (ER_S2)	S2/tokens (%)	Voc. Overlap S1	Voc. Overlap S2	SR/S1/ELS	SR/S1/EV	SR/S1/ER	SR/S1/ENTR	SR/S1/L	SR/S1/LMAX	SR/S2/ELS	SR/S2/EV	SR/S2/ER	SR/S2/ENTR	SR/S2/L	SR/S2/LMAX
dialogue_txt	Human 1	Human 2	0.9069767441860465	0.15384615384615385	0.41785714285714287	0.09302325581395349	0.4601226993865031	0.5821428571428572	0.6231884057971014	0.4215686274509804	19.0	0.15079365079365079	0.4126984126984127	1.242370874393215	1.457142857142857	3.0	27.0	0.1569767441860465	0.45348837209302323	0.8608641175360349	1.271186440677966	4.0
