ID	Num. utterances	Num. tokens	Expression Lexicon Size (ELS)	Expression Variety (EV)	Expression Repetition (ER)	Voc. Overlap	ENTR	L	LMAX
dialogue_txt	14.0	221.0	19.0	0.08597285067873303	0.248868778280543	0.24175824175824176	0.7870046561900532	1.2352941176470589	4.0
