ID	Num. utterances	Num. tokens	Expression Lexicon Size (ELS)	Expression Variety (EV)	Expression Repetition (ER)	Voc. Overlap	ENTR	L	LMAX
dialogue_txt	14.0	259.0	26.0	0.10038610038610038	0.20077220077220076	0.20408163265306123	0.9149393623682365	1.2714285714285714	4.0
