ID	S1	S2	S1/Initiated Expression (IE_S1)	S1/Expression Repetition (ER_S1)	S1/tokens (%)	S2/Initiated Expression (IE_S2)	S2/Expression Repetition (ER_S2)	S2/tokens (%)	Voc. Overlap S1	Voc. Overlap S2	SR/S1/ELS	SR/S1/EV	SR/S1/ER	SR/S1/ENTR	SR/S1/L	SR/S1/LMAX	SR/S2/ELS	SR/S2/EV	SR/S2/ER	SR/S2/ENTR	SR/S2/L	SR/S2/LMAX
dialogue_txt	Human 1	Human 2	0.6470588235294118	0.2116788321167883	0.43354430379746833	0.35294117647058826	0.31843575418994413	0.5664556962025317	0.38636363636363635	0.37362637362637363	14.0	0.09655172413793103	0.296551724137931	0.8503259045049341	1.3214285714285714	4.0	27.0	0.1443850267379679	0.5775401069518716	2.0886750728595707	2.2115384615384617	8.0
