ID	S1	S2	S1/Initiated Expression (IE_S1)	S1/Expression Repetition (ER_S1)	S1/tokens (%)	S2/Initiated Expression (IE_S2)	S2/Expression Repetition (ER_S2)	S2/tokens (%)	Voc. Overlap S1	Voc. Overlap S2	SR/S1/ELS	SR/S1/EV	SR/S1/ER	SR/S1/ENTR	SR/S1/L	SR/S1/LMAX	SR/S2/ELS	SR/S2/EV	SR/S2/ER	SR/S2/ENTR	SR/S2/L	SR/S2/LMAX
dialogue_txt	Human 1	Human 2	0.9090909090909091	0.08791208791208792	0.40444444444444444	0.09090909090909091	0.5223880597014925	0.5955555555555555	0.5692307692307692	0.43529411764705883	12.0	0.12121212121212122	0.2828282828282828	-0.0	1.0	1.0	19.0	0.13380281690140844	0.4225352112676056	1.2987949406953985	1.5	3.0
