ID	Num. utterances	Num. tokens	Expression Lexicon Size (ELS)	Expression Variety (EV)	Expression Repetition (ER)	Voc. Overlap	ENTR	L	LMAX
dialogue_txt	8.0	114.0	18.0	0.15789473684210525	0.30701754385964913	0.3442622950819672	1.2123793774467717	1.5405405405405406	4.0
