ID	Num. utterances	Num. tokens	Expression Lexicon Size (ELS)	Expression Variety (EV)	Expression Repetition (ER)	Voc. Overlap	ENTR	L	LMAX
dialogue_txt	19.0	265.0	30.0	0.11320754716981132	0.2490566037735849	0.22580645161290322	1.034513809900778	1.3214285714285714	4.0
