ID	Num. utterances	Num. tokens	Expression Lexicon Size (ELS)	Expression Variety (EV)	Expression Repetition (ER)	Voc. Overlap	ENTR	L	LMAX
dialogue_txt	18.0	206.0	23.0	0.11165048543689321	0.1941747572815534	0.21359223300970873	0.9353400851297832	1.2727272727272727	3.0
