ID	Num. utterances	Num. tokens	Expression Lexicon Size (ELS)	Expression Variety (EV)	Expression Repetition (ER)	Voc. Overlap	ENTR	L	LMAX
dialogue_txt	17.0	344.0	50.0	0.14534883720930233	0.37790697674418605	0.33098591549295775	0.8410867676922485	1.269736842105263	2.0
