ID	S1	S2	S1/Initiated Expression (IE_S1)	S1/Expression Repetition (ER_S1)	S1/tokens (%)	S2/Initiated Expression (IE_S2)	S2/Expression Repetition (ER_S2)	S2/tokens (%)	Voc. Overlap S1	Voc. Overlap S2	SR/S1/ELS	SR/S1/EV	SR/S1/ER	SR/S1/ENTR	SR/S1/L	SR/S1/LMAX	SR/S2/ELS	SR/S2/EV	SR/S2/ER	SR/S2/ENTR	SR/S2/L	SR/S2/LMAX
dialogue_txt	Human 1	Human 2	0.717391304347826	0.17647058823529413	0.5275862068965518	0.2826086956521739	0.48905109489051096	0.4724137931034483	0.44761904761904764	0.5529411764705883	17.0	0.10625	0.33125	0.7742433029172697	1.263157894736842	4.0	21.0	0.14482758620689656	0.42758620689655175	0.9953502195164977	1.302325581395349	3.0
