ID	S1	S2	S1/Initiated Expression (IE_S1)	S1/Expression Repetition (ER_S1)	S1/tokens (%)	S2/Initiated Expression (IE_S2)	S2/Expression Repetition (ER_S2)	S2/tokens (%)	Voc. Overlap S1	Voc. Overlap S2	SR/S1/ELS	SR/S1/EV	SR/S1/ER	SR/S1/ENTR	SR/S1/L	SR/S1/LMAX	SR/S2/ELS	SR/S2/EV	SR/S2/ER	SR/S2/ENTR	SR/S2/L	SR/S2/LMAX
dialogue_txt	Human 1	Human 2	0.88	0.14201183431952663	0.5075075075075075	0.12	0.4878048780487805	0.4924924924924925	0.48484848484848486	0.4752475247524752	26.0	0.14689265536723164	0.4067796610169492	0.83294582353614	1.2641509433962264	2.0	26.0	0.1511627906976744	0.43023255813953487	0.7540340561971326	1.2166666666666666	2.0
