ID	S1	S2	S1/Initiated Expression (IE_S1)	S1/Expression Repetition (ER_S1)	S1/tokens (%)	S2/Initiated Expression (IE_S2)	S2/Expression Repetition (ER_S2)	S2/tokens (%)	Voc. Overlap S1	Voc. Overlap S2	SR/S1/ELS	SR/S1/EV	SR/S1/ER	SR/S1/ENTR	SR/S1/L	SR/S1/LMAX	SR/S2/ELS	SR/S2/EV	SR/S2/ER	SR/S2/ENTR	SR/S2/L	SR/S2/LMAX
dialogue_txt	Human 1	Human 2	0.7142857142857143	0.14102564102564102	0.4785276073619632	0.2857142857142857	0.2823529411764706	0.5214723926380368	0.45614035087719296	0.4126984126984127	7.0	0.08333333333333333	0.2261904761904762	0.5435644431995964	1.125	2.0	10.0	0.10869565217391304	0.2826086956521739	0.9864267287308424	1.4444444444444444	4.0
