ID	Num. utterances	Num. tokens	Expression Lexicon Size (ELS)	Expression Variety (EV)	Expression Repetition (ER)	Voc. Overlap	ENTR	L	LMAX
dialogue_txt	16.0	226.0	20.0	0.08849557522123894	0.2345132743362832	0.16666666666666666	0.5801954953637369	1.1384615384615384	2.0
