ID	Num. utterances	Num. tokens	Expression Lexicon Size (ELS)	Expression Variety (EV)	Expression Repetition (ER)	Voc. Overlap	ENTR	L	LMAX
dialogue_txt	15.0	257.0	41.0	0.15953307392996108	0.3229571984435798	0.3728813559322034	0.511968294043992	1.1140350877192982	2.0
