ID	Num. utterances	Num. tokens	Expression Lexicon Size (ELS)	Expression Variety (EV)	Expression Repetition (ER)	Voc. Overlap	ENTR	L	LMAX
dialogue_txt	19.0	277.0	26.0	0.09386281588447654	0.24548736462093862	0.20454545454545456	0.8170562578004406	1.2197802197802199	3.0
