ID	S1	S2	S1/Initiated Expression (IE_S1)	S1/Expression Repetition (ER_S1)	S1/tokens (%)	S2/Initiated Expression (IE_S2)	S2/Expression Repetition (ER_S2)	S2/tokens (%)	Voc. Overlap S1	Voc. Overlap S2	SR/S1/ELS	SR/S1/EV	SR/S1/ER	SR/S1/ENTR	SR/S1/L	SR/S1/LMAX	SR/S2/ELS	SR/S2/EV	SR/S2/ER	SR/S2/ENTR	SR/S2/L	SR/S2/LMAX
dialogue_txt	Human 1	Human 2	0.6888888888888889	0.26011560693641617	0.5073313782991202	0.3111111111111111	0.4107142857142857	0.49266862170087977	0.4166666666666667	0.4166666666666667	26.0	0.143646408839779	0.4419889502762431	0.849092165846601	1.2321428571428572	3.0	27.0	0.1534090909090909	0.5227272727272727	1.1993738131103717	1.540983606557377	8.0
