ID	Num. utterances	Num. tokens	Expression Lexicon Size (ELS)	Expression Variety (EV)	Expression Repetition (ER)	Voc. Overlap	ENTR	L	LMAX
dialogue_txt	17.0	306.0	45.0	0.14705882352941177	0.34967320261437906	0.3384615384615385	1.018507849731358	1.3253968253968254	3.0
