ID	Num. utterances	Num. tokens	Expression Lexicon Size (ELS)	Expression Variety (EV)	Expression Repetition (ER)	Voc. Overlap	ENTR	L	LMAX
dialogue_txt	16.0	278.0	31.0	0.11151079136690648	0.23741007194244604	0.22962962962962963	0.6761627418829197	1.1782178217821782	2.0
