ID	S1	S2	S1/Initiated Expression (IE_S1)	S1/Expression Repetition (ER_S1)	S1/tokens (%)	S2/Initiated Expression (IE_S2)	S2/Expression Repetition (ER_S2)	S2/tokens (%)	Voc. Overlap S1	Voc. Overlap S2	SR/S1/ELS	SR/S1/EV	SR/S1/ER	SR/S1/ENTR	SR/S1/L	SR/S1/LMAX	SR/S2/ELS	SR/S2/EV	SR/S2/ER	SR/S2/ENTR	SR/S2/L	SR/S2/LMAX
dialogue_txt	Human 1	Human 2	0.6060606060606061	0.21904761904761905	0.4268292682926829	0.3939393939393939	0.3262411347517731	0.573170731707317	0.4936708860759494	0.42391304347826086	8.0	0.07142857142857142	0.17857142857142858	-0.0	1.0	1.0	20.0	0.1360544217687075	0.4421768707482993	1.0340238311909427	1.326086956521739	3.0
