ID	S1	S2	S1/Initiated Expression (IE_S1)	S1/Expression Repetition (ER_S1)	S1/tokens (%)	S2/Initiated Expression (IE_S2)	S2/Expression Repetition (ER_S2)	S2/tokens (%)	Voc. Overlap S1	Voc. Overlap S2	SR/S1/ELS	SR/S1/EV	SR/S1/ER	SR/S1/ENTR	SR/S1/L	SR/S1/LMAX	SR/S2/ELS	SR/S2/EV	SR/S2/ER	SR/S2/ENTR	SR/S2/L	SR/S2/LMAX
dialogue_txt	Human 1	Human 2	0.7948717948717948	0.1503267973856209	0.523972602739726	0.20512820512820512	0.4316546762589928	0.476027397260274	0.42857142857142855	0.4838709677419355	17.0	0.10625	0.33125	0.7742433029172697	1.263157894736842	4.0	23.0	0.1564625850340136	0.41496598639455784	0.461490598683101	1.1132075471698113	3.0
