ID	S1	S2	S1/Initiated Expression (IE_S1)	S1/Expression Repetition (ER_S1)	S1/tokens (%)	S2/Initiated Expression (IE_S2)	S2/Expression Repetition (ER_S2)	S2/tokens (%)	Voc. Overlap S1	Voc. Overlap S2	SR/S1/ELS	SR/S1/EV	SR/S1/ER	SR/S1/ENTR	SR/S1/L	SR/S1/LMAX	SR/S2/ELS	SR/S2/EV	SR/S2/ER	SR/S2/ENTR	SR/S2/L	SR/S2/LMAX
dialogue_txt	Human 1	Human 2	0.7567567567567568	0.2138728323699422	0.5562700964630225	0.24324324324324326	0.427536231884058	0.4437299035369775	0.3541666666666667	0.43037974683544306	26.0	0.143646408839779	0.4419889502762431	0.849092165846601	1.2321428571428572	3.0	25.0	0.17123287671232876	0.5136986301369864	1.208215626166519	1.5625	3.0
