ID	S1	S2	S1/Initiated Expression (IE_S1)	S1/Expression Repetition (ER_S1)	S1/tokens (%)	S2/Initiated Expression (IE_S2)	S2/Expression Repetition (ER_S2)	S2/tokens (%)	Voc. Overlap S1	Voc. Overlap S2	SR/S1/ELS	SR/S1/EV	SR/S1/ER	SR/S1/ENTR	SR/S1/L	SR/S1/LMAX	SR/S2/ELS	SR/S2/EV	SR/S2/ER	SR/S2/ENTR	SR/S2/L	SR/S2/LMAX
dialogue_txt	Human 1	Human 2	0.8823529411764706	0.09090909090909091	0.5116279069767442	0.11764705882352941	0.5952380952380952	0.4883720930232558	0.53125	0.6666666666666666	12.0	0.12631578947368421	0.29473684210526313	0.4021791902022728	1.08	2.0	13.0	0.14130434782608695	0.33695652173913043	0.6193821946787638	1.1538461538461537	2.0
