ID	Num. utterances	Num. tokens	Expression Lexicon Size (ELS)	Expression Variety (EV)	Expression Repetition (ER)	Voc. Overlap	ENTR	L	LMAX
dialogue_txt	14.0	217.0	24.0	0.11059907834101383	0.20276497695852536	0.20967741935483872	0.8519325792170331	1.2333333333333334	3.0
