ID	Num. utterances	Num. tokens	Expression Lexicon Size (ELS)	Expression Variety (EV)	Expression Repetition (ER)	Voc. Overlap	ENTR	L	LMAX
dialogue_txt	15.0	219.0	37.0	0.1689497716894977	0.3470319634703196	0.3739130434782609	1.1212910857031169	1.3793103448275863	4.0
