ID	S1	S2	S1/Initiated Expression (IE_S1)	S1/Expression Repetition (ER_S1)	S1/tokens (%)	S2/Initiated Expression (IE_S2)	S2/Expression Repetition (ER_S2)	S2/tokens (%)	Voc. Overlap S1	Voc. Overlap S2	SR/S1/ELS	SR/S1/EV	SR/S1/ER	SR/S1/ENTR	SR/S1/L	SR/S1/LMAX	SR/S2/ELS	SR/S2/EV	SR/S2/ER	SR/S2/ENTR	SR/S2/L	SR/S2/LMAX
dialogue_txt	Human 1	Human 2	0.7333333333333333	0.1694915254237288	0.271889400921659	0.26666666666666666	0.33544303797468356	0.728110599078341	0.7209302325581395	0.3069306930693069	8.0	0.11940298507462686	0.31343283582089554	-0.0	1.0	1.0	21.0	0.12650602409638553	0.42771084337349397	1.0031961942140901	1.3137254901960784	3.0
