ID	S1	S2	S1/Initiated Expression (IE_S1)	S1/Expression Repetition (ER_S1)	S1/tokens (%)	S2/Initiated Expression (IE_S2)	S2/Expression Repetition (ER_S2)	S2/tokens (%)	Voc. Overlap S1	Voc. Overlap S2	SR/S1/ELS	SR/S1/EV	SR/S1/ER	SR/S1/ENTR	SR/S1/L	SR/S1/LMAX	SR/S2/ELS	SR/S2/EV	SR/S2/ER	SR/S2/ENTR	SR/S2/L	SR/S2/LMAX
dialogue_txt	Human 1	Human 2	0.6744186046511628	0.1610738255033557	0.5209790209790209	0.32558139534883723	0.45255474452554745	0.479020979020979	0.4489795918367347	0.4835164835164835	14.0	0.08974358974358974	0.27564102564102566	0.7355085815538398	1.206896551724138	2.0	26.0	0.18055555555555555	0.4722222222222222	0.5787946246321198	1.1379310344827587	2.0
