ID	S1	S2	S1/Initiated Expression (IE_S1)	S1/Expression Repetition (ER_S1)	S1/tokens (%)	S2/Initiated Expression (IE_S2)	S2/Expression Repetition (ER_S2)	S2/tokens (%)	Voc. Overlap S1	Voc. Overlap S2	SR/S1/ELS	SR/S1/EV	SR/S1/ER	SR/S1/ENTR	SR/S1/L	SR/S1/LMAX	SR/S2/ELS	SR/S2/EV	SR/S2/ER	SR/S2/ENTR	SR/S2/L	SR/S2/LMAX
dialogue_txt	Human 1	Human 2	0.7837837837837838	0.14414414414414414	0.3964285714285714	0.21621621621621623	0.378698224852071	0.6035714285714285	0.4935064935064935	0.475	12.0	0.10084033613445378	0.2857142857142857	-0.0	1.0	1.0	33.0	0.1864406779661017	0.6440677966101694	1.9252734257545978	2.0508474576271185	7.0
