ID	Num. utterances	Num. tokens	Expression Lexicon Size (ELS)	Expression Variety (EV)	Expression Repetition (ER)	Voc. Overlap	ENTR	L	LMAX
dialogue_txt	18.0	243.0	20.0	0.0823045267489712	0.16872427983539096	0.19298245614035087	0.5725804656237687	1.1355932203389831	2.0
