ID	S1	S2	S1/Initiated Expression (IE_S1)	S1/Expression Repetition (ER_S1)	S1/tokens (%)	S2/Initiated Expression (IE_S2)	S2/Expression Repetition (ER_S2)	S2/tokens (%)	Voc. Overlap S1	Voc. Overlap S2	SR/S1/ELS	SR/S1/EV	SR/S1/ER	SR/S1/ENTR	SR/S1/L	SR/S1/LMAX	SR/S2/ELS	SR/S2/EV	SR/S2/ER	SR/S2/ENTR	SR/S2/L	SR/S2/LMAX
dialogue_txt	Human 1	Human 2	0.8888888888888888	0.12612612612612611	0.4826086956521739	0.1111111111111111	0.3445378151260504	0.5173913043478261	0.37333333333333335	0.3783783783783784	15.0	0.1271186440677966	0.3644067796610169	1.014097655573916	1.3125	3.0	16.0	0.12598425196850394	0.4251968503937008	1.1086047620597919	1.375	3.0
