ID	Num. utterances	Num. tokens	Expression Lexicon Size (ELS)	Expression Variety (EV)	Expression Repetition (ER)	Voc. Overlap	ENTR	L	LMAX
dialogue_txt	15.0	230.0	27.0	0.11739130434782609	0.2391304347826087	0.23140495867768596	0.7303800063615657	1.2285714285714286	3.0
