ID	S1	S2	S1/Initiated Expression (IE_S1)	S1/Expression Repetition (ER_S1)	S1/tokens (%)	S2/Initiated Expression (IE_S2)	S2/Expression Repetition (ER_S2)	S2/tokens (%)	Voc. Overlap S1	Voc. Overlap S2	SR/S1/ELS	SR/S1/EV	SR/S1/ER	SR/S1/ENTR	SR/S1/L	SR/S1/LMAX	SR/S2/ELS	SR/S2/EV	SR/S2/ER	SR/S2/ENTR	SR/S2/L	SR/S2/LMAX
dialogue_txt	Human 1	Human 2	0.7419354838709677	0.17346938775510204	0.4100418410041841	0.25806451612903225	0.40425531914893614	0.5899581589958159	0.5671641791044776	0.4634146341463415	12.0	0.11214953271028037	0.2616822429906542	0.4021791902022728	1.08	2.0	23.0	0.15333333333333332	0.48	1.2832226755786877	1.4791666666666667	4.0
