ID	S1	S2	S1/Initiated Expression (IE_S1)	S1/Expression Repetition (ER_S1)	S1/tokens (%)	S2/Initiated Expression (IE_S2)	S2/Expression Repetition (ER_S2)	S2/tokens (%)	Voc. Overlap S1	Voc. Overlap S2	SR/S1/ELS	SR/S1/EV	SR/S1/ER	SR/S1/ENTR	SR/S1/L	SR/S1/LMAX	SR/S2/ELS	SR/S2/EV	SR/S2/ER	SR/S2/ENTR	SR/S2/L	SR/S2/LMAX
dialogue_txt	Human 1	Human 2	0.4782608695652174	0.21978021978021978	0.3905579399141631	0.5217391304347826	0.2605633802816901	0.6094420600858369	0.35294117647058826	0.2727272727272727	9.0	0.09183673469387756	0.23469387755102042	0.5032583347756457	1.1111111111111112	2.0	21.0	0.14093959731543623	0.4563758389261745	1.4839804573173703	1.5952380952380953	4.0
