ID	S1	S2	S1/Initiated Expression (IE_S1)	S1/Expression Repetition (ER_S1)	S1/tokens (%)	S2/Initiated Expression (IE_S2)	S2/Expression Repetition (ER_S2)	S2/tokens (%)	Voc. Overlap S1	Voc. Overlap S2	SR/S1/ELS	SR/S1/EV	SR/S1/ER	SR/S1/ENTR	SR/S1/L	SR/S1/LMAX	SR/S2/ELS	SR/S2/EV	SR/S2/ER	SR/S2/ENTR	SR/S2/L	SR/S2/LMAX
dialogue_txt	Human 1	Human 2	0.65625	0.1836734693877551	0.5	0.34375	0.38095238095238093	0.5	0.35051546391752575	0.37362637362637363	21.0	0.13548387096774195	0.36774193548387096	0.5586293734521992	1.1304347826086956	2.0	24.0	0.15483870967741936	0.4645161290322581	1.3744823423408508	1.553191489361702	5.0
