ID	Num. utterances	Num. tokens	Expression Lexicon Size (ELS)	Expression Variety (EV)	Expression Repetition (ER)	Voc. Overlap	ENTR	L	LMAX
dialogue_txt	19.0	442.0	69.0	0.15610859728506787	0.37104072398190047	0.32524271844660196	0.7258305270403451	1.2010050251256281	4.0
