ID	Num. utterances	Num. tokens	Expression Lexicon Size (ELS)	Expression Variety (EV)	Expression Repetition (ER)	Voc. Overlap	ENTR	L	LMAX
dialogue_txt	19.0	462.0	72.0	0.15584415584415584	0.40476190476190477	0.43243243243243246	0.8508175883189064	1.2883720930232558	10.0
