ID	Num. utterances	Num. tokens	Expression Lexicon Size (ELS)	Expression Variety (EV)	Expression Repetition (ER)	Voc. Overlap	ENTR	L	LMAX
dialogue_txt	16.0	329.0	62.0	0.1884498480243161	0.4376899696048632	0.41605839416058393	0.9664294211809339	1.3076923076923077	6.0
