ID	Num. utterances	Num. tokens	Expression Lexicon Size (ELS)	Expression Variety (EV)	Expression Repetition (ER)	Voc. Overlap	ENTR	L	LMAX
dialogue_txt	17.0	318.0	29.0	0.09119496855345911	0.2389937106918239	0.18497109826589594	0.6278191534832797	1.1573033707865168	2.0
