ID	Num. utterances	Num. tokens	Expression Lexicon Size (ELS)	Expression Variety (EV)	Expression Repetition (ER)	Voc. Overlap	ENTR	L	LMAX
dialogue_txt	16.0	284.0	41.0	0.1443661971830986	0.31338028169014087	0.33093525179856115	0.8530919367895249	1.238938053097345	3.0
