ID	S1	S2	S1/Initiated Expression (IE_S1)	S1/Expression Repetition (ER_S1)	S1/tokens (%)	S2/Initiated Expression (IE_S2)	S2/Expression Repetition (ER_S2)	S2/tokens (%)	Voc. Overlap S1	Voc. Overlap S2	SR/S1/ELS	SR/S1/EV	SR/S1/ER	SR/S1/ENTR	SR/S1/L	SR/S1/LMAX	SR/S2/ELS	SR/S2/EV	SR/S2/ER	SR/S2/ENTR	SR/S2/L	SR/S2/LMAX
dialogue_txt	Human 1	Human 2	0.7567567567567568	0.26436781609195403	0.348	0.24324324324324326	0.558282208588957	0.652	0.6851851851851852	0.5	12.0	0.125	0.3645833333333333	1.0676111603502403	1.434782608695652	4.0	26.0	0.15028901734104047	0.6416184971098265	2.120951219180542	2.933333333333333	11.0
