ID	S1	S2	S1/Initiated Expression (IE_S1)	S1/Expression Repetition (ER_S1)	S1/tokens (%)	S2/Initiated Expression (IE_S2)	S2/Expression Repetition (ER_S2)	S2/tokens (%)	Voc. Overlap S1	Voc. Overlap S2	SR/S1/ELS	SR/S1/EV	SR/S1/ER	SR/S1/ENTR	SR/S1/L	SR/S1/LMAX	SR/S2/ELS	SR/S2/EV	SR/S2/ER	SR/S2/ENTR	SR/S2/L	SR/S2/LMAX
dialogue_txt	Human 1	Human 2	0.7647058823529411	0.17692307692307693	0.48148148148148145	0.23529411764705882	0.34285714285714286	0.5185185185185185	0.4186046511627907	0.4090909090909091	14.0	0.10218978102189781	0.3357664233576642	0.4854607607459134	1.105263157894737	2.0	23.0	0.1554054054054054	0.44594594594594594	0.962280140500009	1.2857142857142858	3.0
