ID	Num. utterances	Num. tokens	Expression Lexicon Size (ELS)	Expression Variety (EV)	Expression Repetition (ER)	Voc. Overlap	ENTR	L	LMAX
dialogue_txt	14.0	234.0	34.0	0.1452991452991453	0.2905982905982906	0.30434782608695654	0.9274110081049807	1.2758620689655173	4.0
