ID	Num. utterances	Num. tokens	Expression Lexicon Size (ELS)	Expression Variety (EV)	Expression Repetition (ER)	Voc. Overlap	ENTR	L	LMAX
dialogue_txt	16.0	330.0	46.0	0.1393939393939394	0.2909090909090909	0.28662420382165604	0.8609120384134211	1.2439024390243902	3.0
