ID	Num. utterances	Num. tokens	Expression Lexicon Size (ELS)	Expression Variety (EV)	Expression Repetition (ER)	Voc. Overlap	ENTR	L	LMAX
dialogue_txt	15.0	239.0	38.0	0.1589958158995816	0.3682008368200837	0.36893203883495146	1.4503408474613952	1.6071428571428572	6.0
