ID	S1	S2	S1/Initiated Expression (IE_S1)	S1/Expression Repetition (ER_S1)	S1/tokens (%)	S2/Initiated Expression (IE_S2)	S2/Expression Repetition (ER_S2)	S2/tokens (%)	Voc. Overlap S1	Voc. Overlap S2	SR/S1/ELS	SR/S1/EV	SR/S1/ER	SR/S1/ENTR	SR/S1/L	SR/S1/LMAX	SR/S2/ELS	SR/S2/EV	SR/S2/ER	SR/S2/ENTR	SR/S2/L	SR/S2/LMAX
dialogue_txt	Human 1	Human 2	0.8181818181818182	0.10714285714285714	0.3684210526315789	0.18181818181818182	0.3958333333333333	0.631578947368421	0.5245901639344263	0.3855421686746988	9.0	0.0989010989010989	0.23076923076923078	-0.0	1.0	1.0	23.0	0.1513157894736842	0.5197368421052632	1.4524746693187702	1.6808510638297873	7.0
