ID	Num. utterances	Num. tokens	Expression Lexicon Size (ELS)	Expression Variety (EV)	Expression Repetition (ER)	Voc. Overlap	ENTR	L	LMAX
dialogue_txt	15.0	306.0	40.0	0.13071895424836602	0.27124183006535946	0.2781456953642384	0.6473861629748782	1.1592920353982301	3.0
