ID	Num. utterances	Num. tokens	Expression Lexicon Size (ELS)	Expression Variety (EV)	Expression Repetition (ER)	Voc. Overlap	ENTR	L	LMAX
dialogue_txt	13.0	204.0	30.0	0.14705882352941177	0.30392156862745096	0.26605504587155965	0.6641593279528073	1.1728395061728396	2.0
