ID	Num. utterances	Num. tokens	Expression Lexicon Size (ELS)	Expression Variety (EV)	Expression Repetition (ER)	Voc. Overlap	ENTR	L	LMAX
dialogue_txt	15.0	199.0	34.0	0.1708542713567839	0.4020100502512563	0.32989690721649484	0.671601270783059	1.1616161616161615	3.0
