ID	S1	S2	S1/Initiated Expression (IE_S1)	S1/Expression Repetition (ER_S1)	S1/tokens (%)	S2/Initiated Expression (IE_S2)	S2/Expression Repetition (ER_S2)	S2/tokens (%)	Voc. Overlap S1	Voc. Overlap S2	SR/S1/ELS	SR/S1/EV	SR/S1/ER	SR/S1/ENTR	SR/S1/L	SR/S1/LMAX	SR/S2/ELS	SR/S2/EV	SR/S2/ER	SR/S2/ENTR	SR/S2/L	SR/S2/LMAX
dialogue_txt	Human 1	Human 2	0.8235294117647058	0.13636363636363635	0.44221105527638194	0.17647058823529413	0.6126126126126126	0.5577889447236181	0.4507042253521127	0.5517241379310345	4.0	0.042105263157894736	0.16842105263157894	0.7219280948873623	1.4	3.0	24.0	0.20168067226890757	0.5714285714285714	0.7969614699373722	1.2115384615384615	3.0
