ID	S1	S2	S1/Initiated Expression (IE_S1)	S1/Expression Repetition (ER_S1)	S1/tokens (%)	S2/Initiated Expression (IE_S2)	S2/Expression Repetition (ER_S2)	S2/tokens (%)	Voc. Overlap S1	Voc. Overlap S2	SR/S1/ELS	SR/S1/EV	SR/S1/ER	SR/S1/ENTR	SR/S1/L	SR/S1/LMAX	SR/S2/ELS	SR/S2/EV	SR/S2/ER	SR/S2/ENTR	SR/S2/L	SR/S2/LMAX
dialogue_txt	Human 1	Human 2	0.6111111111111112	0.14545454545454545	0.27638190954773867	0.3888888888888889	0.1875	0.7236180904522613	0.5238095238095238	0.3055555555555556	5.0	0.08064516129032258	0.1935483870967742	0.8112781244591328	1.5	3.0	24.0	0.15789473684210525	0.5921052631578947	1.6722943240798587	2.021276595744681	10.0
