ID	Num. utterances	Num. tokens	Expression Lexicon Size (ELS)	Expression Variety (EV)	Expression Repetition (ER)	Voc. Overlap	ENTR	L	LMAX
dialogue_txt	16.0	255.0	30.0	0.11764705882352941	0.26666666666666666	0.2366412213740458	0.5090185406519984	1.1348314606741574	4.0
