ID	Num. utterances	Num. tokens	Expression Lexicon Size (ELS)	Expression Variety (EV)	Expression Repetition (ER)	Voc. Overlap	ENTR	L	LMAX
dialogue_txt	18.0	283.0	26.0	0.09187279151943463	0.18021201413427562	0.19078947368421054	0.5586293734521992	1.1304347826086956	2.0
