ID	Num. utterances	Num. tokens	Expression Lexicon Size (ELS)	Expression Variety (EV)	Expression Repetition (ER)	Voc. Overlap	ENTR	L	LMAX
dialogue_txt	18.0	271.0	37.0	0.13653136531365315	0.2656826568265683	0.29770992366412213	0.9162735610197289	1.2736842105263158	4.0
