ID	S1	S2	S1/Initiated Expression (IE_S1)	S1/Expression Repetition (ER_S1)	S1/tokens (%)	S2/Initiated Expression (IE_S2)	S2/Expression Repetition (ER_S2)	S2/tokens (%)	Voc. Overlap S1	Voc. Overlap S2	SR/S1/ELS	SR/S1/EV	SR/S1/ER	SR/S1/ENTR	SR/S1/L	SR/S1/LMAX	SR/S2/ELS	SR/S2/EV	SR/S2/ER	SR/S2/ENTR	SR/S2/L	SR/S2/LMAX
dialogue_txt	Human 1	Human 2	0.8918918918918919	0.06569343065693431	0.5055350553505535	0.10810810810810811	0.4701492537313433	0.4944649446494465	0.41935483870967744	0.5064935064935064	11.0	0.07534246575342465	0.21232876712328766	0.4262286569981449	1.173913043478261	3.0	24.0	0.16783216783216784	0.5104895104895105	1.203970934998576	1.4150943396226414	4.0
