ID	S1	S2	S1/Initiated Expression (IE_S1)	S1/Expression Repetition (ER_S1)	S1/tokens (%)	S2/Initiated Expression (IE_S2)	S2/Expression Repetition (ER_S2)	S2/tokens (%)	Voc. Overlap S1	Voc. Overlap S2	SR/S1/ELS	SR/S1/EV	SR/S1/ER	SR/S1/ENTR	SR/S1/L	SR/S1/LMAX	SR/S2/ELS	SR/S2/EV	SR/S2/ER	SR/S2/ENTR	SR/S2/L	SR/S2/LMAX
dialogue_txt	Human 1	Human 2	0.7959183673469388	0.2543352601156069	0.5242424242424243	0.20408163265306123	0.5477707006369427	0.47575757575757577	0.4895833333333333	0.5529411764705883	26.0	0.143646408839779	0.4419889502762431	0.849092165846601	1.2321428571428572	3.0	29.0	0.17575757575757575	0.5575757575757576	1.2148041857803529	1.4307692307692308	4.0
