ID	S1	S2	S1/Initiated Expression (IE_S1)	S1/Expression Repetition (ER_S1)	S1/tokens (%)	S2/Initiated Expression (IE_S2)	S2/Expression Repetition (ER_S2)	S2/tokens (%)	Voc. Overlap S1	Voc. Overlap S2	SR/S1/ELS	SR/S1/EV	SR/S1/ER	SR/S1/ENTR	SR/S1/L	SR/S1/LMAX	SR/S2/ELS	SR/S2/EV	SR/S2/ER	SR/S2/ENTR	SR/S2/L	SR/S2/LMAX
dialogue_txt	Human 1	Human 2	0.5666666666666667	0.10606060606060606	0.34196891191709844	0.43333333333333335	0.4251968503937008	0.6580310880829016	0.5964912280701754	0.4927536231884058	3.0	0.0410958904109589	0.0821917808219178	-0.0	1.0	1.0	25.0	0.1865671641791045	0.582089552238806	1.158110639855753	1.396551724137931	3.0
