ID	Num. utterances	Num. tokens	Expression Lexicon Size (ELS)	Expression Variety (EV)	Expression Repetition (ER)	Voc. Overlap	ENTR	L	LMAX
dialogue_txt	14.0	193.0	30.0	0.15544041450777202	0.3160621761658031	0.3695652173913043	1.0860944276411673	1.3896103896103895	3.0
