ID	Num. utterances	Num. tokens	Expression Lexicon Size (ELS)	Expression Variety (EV)	Expression Repetition (ER)	Voc. Overlap	ENTR	L	LMAX
dialogue_txt	15.0	296.0	48.0	0.16216216216216217	0.3581081081081081	0.3208955223880597	1.1739166764986735	1.393162393162393	5.0
