ID	S1	S2	S1/Initiated Expression (IE_S1)	S1/Expression Repetition (ER_S1)	S1/tokens (%)	S2/Initiated Expression (IE_S2)	S2/Expression Repetition (ER_S2)	S2/tokens (%)	Voc. Overlap S1	Voc. Overlap S2	SR/S1/ELS	SR/S1/EV	SR/S1/ER	SR/S1/ENTR	SR/S1/L	SR/S1/LMAX	SR/S2/ELS	SR/S2/EV	SR/S2/ER	SR/S2/ENTR	SR/S2/L	SR/S2/LMAX
dialogue_txt	Human 1	Human 2	0.7708333333333334	0.20245398773006135	0.5506756756756757	0.22916666666666666	0.5488721804511278	0.44932432432432434	0.43	0.5584415584415584	22.0	0.12941176470588237	0.40588235294117647	1.194545119186222	1.4893617021276595	3.0	25.0	0.1773049645390071	0.5035460992907801	0.6204001861704125	1.15	3.0
