ID	S1	S2	S1/Initiated Expression (IE_S1)	S1/Expression Repetition (ER_S1)	S1/tokens (%)	S2/Initiated Expression (IE_S2)	S2/Expression Repetition (ER_S2)	S2/tokens (%)	Voc. Overlap S1	Voc. Overlap S2	SR/S1/ELS	SR/S1/EV	SR/S1/ER	SR/S1/ENTR	SR/S1/L	SR/S1/LMAX	SR/S2/ELS	SR/S2/EV	SR/S2/ER	SR/S2/ENTR	SR/S2/L	SR/S2/LMAX
dialogue_txt	Human 1	Human 2	0.7407407407407407	0.17391304347826086	0.36507936507936506	0.25925925925925924	0.36666666666666664	0.6349206349206349	0.5614035087719298	0.4	6.0	0.07894736842105263	0.18421052631578946	-0.0	1.0	1.0	20.0	0.15625	0.4765625	0.7228578977329687	1.4285714285714286	8.0
