ID	S1	S2	S1/Initiated Expression (IE_S1)	S1/Expression Repetition (ER_S1)	S1/tokens (%)	S2/Initiated Expression (IE_S2)	S2/Expression Repetition (ER_S2)	S2/tokens (%)	Voc. Overlap S1	Voc. Overlap S2	SR/S1/ELS	SR/S1/EV	SR/S1/ER	SR/S1/ENTR	SR/S1/L	SR/S1/LMAX	SR/S2/ELS	SR/S2/EV	SR/S2/ER	SR/S2/ENTR	SR/S2/L	SR/S2/LMAX
dialogue_txt	Human 1	Human 2	0.7	0.17894736842105263	0.35714285714285715	0.3	0.391812865497076	0.6428571428571429	0.5230769230769231	0.3953488372093023	10.0	0.0970873786407767	0.27184466019417475	0.4021791902022728	1.08	2.0	30.0	0.16759776536312848	0.553072625698324	1.4370157522198965	1.606060606060606	6.0
