ID	S1	S2	S1/Initiated Expression (IE_S1)	S1/Expression Repetition (ER_S1)	S1/tokens (%)	S2/Initiated Expression (IE_S2)	S2/Expression Repetition (ER_S2)	S2/tokens (%)	Voc. Overlap S1	Voc. Overlap S2	SR/S1/ELS	SR/S1/EV	SR/S1/ER	SR/S1/ENTR	SR/S1/L	SR/S1/LMAX	SR/S2/ELS	SR/S2/EV	SR/S2/ER	SR/S2/ENTR	SR/S2/L	SR/S2/LMAX
dialogue_txt	Human 1	Human 2	0.8333333333333334	0.13559322033898305	0.28921568627450983	0.16666666666666666	0.496551724137931	0.7107843137254902	0.7441860465116279	0.5	8.0	0.11940298507462686	0.31343283582089554	-0.0	1.0	1.0	24.0	0.1568627450980392	0.7254901960784313	1.4786668786746864	3.108108108108108	22.0
