ID	Num. utterances	Num. tokens	Expression Lexicon Size (ELS)	Expression Variety (EV)	Expression Repetition (ER)	Voc. Overlap	ENTR	L	LMAX
dialogue_txt	15.0	162.0	32.0	0.19753086419753085	0.3395061728395062	0.44155844155844154	1.2012106742883624	1.4393939393939394	4.0
