ID	Num. utterances	Num. tokens	Expression Lexicon Size (ELS)	Expression Variety (EV)	Expression Repetition (ER)	Voc. Overlap	ENTR	L	LMAX
dialogue_txt	19.0	236.0	41.0	0.17372881355932204	0.4110169491525424	0.45454545454545453	1.3011444194315562	1.4848484848484849	5.0
