ID	Num. utterances	Num. tokens	Expression Lexicon Size (ELS)	Expression Variety (EV)	Expression Repetition (ER)	Voc. Overlap	ENTR	L	LMAX
dialogue_txt	15.0	205.0	29.0	0.14146341463414633	0.3073170731707317	0.27450980392156865	0.4574321808988395	1.0963855421686748	2.0
