ID	Num. utterances	Num. tokens	Expression Lexicon Size (ELS)	Expression Variety (EV)	Expression Repetition (ER)	Voc. Overlap	ENTR	L	LMAX
dialogue_txt	15.0	259.0	27.0	0.10424710424710425	0.2471042471042471	0.19548872180451127	0.8352237844998027	1.2530120481927711	4.0
