ID	Num. utterances	Num. tokens	Expression Lexicon Size (ELS)	Expression Variety (EV)	Expression Repetition (ER)	Voc. Overlap	ENTR	L	LMAX
dialogue_txt	16.0	291.0	35.0	0.12027491408934708	0.2508591065292096	0.24503311258278146	0.7356775932957764	1.1855670103092784	3.0
