ID	Num. utterances	Num. tokens	Expression Lexicon Size (ELS)	Expression Variety (EV)	Expression Repetition (ER)	Voc. Overlap	ENTR	L	LMAX
dialogue_txt	14.0	276.0	24.0	0.08695652173913043	0.2644927536231884	0.21487603305785125	0.6171519192002819	1.1529411764705881	2.0
