ID	S1	S2	S1/Initiated Expression (IE_S1)	S1/Expression Repetition (ER_S1)	S1/tokens (%)	S2/Initiated Expression (IE_S2)	S2/Expression Repetition (ER_S2)	S2/tokens (%)	Voc. Overlap S1	Voc. Overlap S2	SR/S1/ELS	SR/S1/EV	SR/S1/ER	SR/S1/ENTR	SR/S1/L	SR/S1/LMAX	SR/S2/ELS	SR/S2/EV	SR/S2/ER	SR/S2/ENTR	SR/S2/L	SR/S2/LMAX
dialogue_txt	Human 1	Human 2	0.7	0.10909090909090909	0.38461538461538464	0.3	0.3068181818181818	0.6153846153846154	0.5476190476190477	0.39655172413793105	5.0	0.08064516129032258	0.1935483870967742	0.8112781244591328	1.5	3.0	13.0	0.13541666666666666	0.3958333333333333	0.7345299214394703	1.2142857142857142	3.0
