ID	S1	S2	S1/Initiated Expression (IE_S1)	S1/Expression Repetition (ER_S1)	S1/tokens (%)	S2/Initiated Expression (IE_S2)	S2/Expression Repetition (ER_S2)	S2/tokens (%)	Voc. Overlap S1	Voc. Overlap S2	SR/S1/ELS	SR/S1/EV	SR/S1/ER	SR/S1/ENTR	SR/S1/L	SR/S1/LMAX	SR/S2/ELS	SR/S2/EV	SR/S2/ER	SR/S2/ENTR	SR/S2/L	SR/S2/LMAX
dialogue_txt	Human 1	Human 2	1.0	0.05555555555555555	0.6352941176470588	0.0	0.6774193548387096	0.36470588235294116	0.4146341463414634	0.7391304347826086	4.0	0.06896551724137931	0.1724137931034483	-0.0	1.0	1.0	4.0	0.11428571428571428	0.2571428571428571	0.863120568566631	1.2857142857142858	2.0
