ID	Num. utterances	Num. tokens	Expression Lexicon Size (ELS)	Expression Variety (EV)	Expression Repetition (ER)	Voc. Overlap	ENTR	L	LMAX
dialogue_txt	18.0	294.0	32.0	0.10884353741496598	0.23809523809523808	0.24427480916030533	0.6468325239446479	1.153061224489796	3.0
