ID	S1	S2	S1/Initiated Expression (IE_S1)	S1/Expression Repetition (ER_S1)	S1/tokens (%)	S2/Initiated Expression (IE_S2)	S2/Expression Repetition (ER_S2)	S2/tokens (%)	Voc. Overlap S1	Voc. Overlap S2	SR/S1/ELS	SR/S1/EV	SR/S1/ER	SR/S1/ENTR	SR/S1/L	SR/S1/LMAX	SR/S2/ELS	SR/S2/EV	SR/S2/ER	SR/S2/ENTR	SR/S2/L	SR/S2/LMAX
dialogue_txt	Human 1	Human 2	0.8108108108108109	0.15384615384615385	0.47950819672131145	0.1891891891891892	0.4094488188976378	0.5204918032786885	0.4782608695652174	0.4230769230769231	19.0	0.15079365079365079	0.4126984126984127	1.242370874393215	1.457142857142857	3.0	18.0	0.1323529411764706	0.375	0.8485481782946159	1.275	2.0
