ID	Num. utterances	Num. tokens	Expression Lexicon Size (ELS)	Expression Variety (EV)	Expression Repetition (ER)	Voc. Overlap	ENTR	L	LMAX
dialogue_txt	14.0	182.0	32.0	0.17582417582417584	0.35714285714285715	0.3953488372093023	0.793863384804167	1.2209302325581395	4.0
