ID	S1	S2	S1/Initiated Expression (IE_S1)	S1/Expression Repetition (ER_S1)	S1/tokens (%)	S2/Initiated Expression (IE_S2)	S2/Expression Repetition (ER_S2)	S2/tokens (%)	Voc. Overlap S1	Voc. Overlap S2	SR/S1/ELS	SR/S1/EV	SR/S1/ER	SR/S1/ENTR	SR/S1/L	SR/S1/LMAX	SR/S2/ELS	SR/S2/EV	SR/S2/ER	SR/S2/ENTR	SR/S2/L	SR/S2/LMAX
dialogue_txt	Human 1	Human 2	0.7407407407407407	0.2542372881355932	0.34705882352941175	0.25925925925925924	0.4774774774774775	0.6529411764705882	0.6976744186046512	0.4838709677419355	8.0	0.11940298507462686	0.31343283582089554	-0.0	1.0	1.0	23.0	0.19327731092436976	0.5378151260504201	1.1492297615162819	1.391304347826087	3.0
