ID	Num. utterances	Num. tokens	Expression Lexicon Size (ELS)	Expression Variety (EV)	Expression Repetition (ER)	Voc. Overlap	ENTR	L	LMAX
dialogue_txt	8.0	131.0	13.0	0.09923664122137404	0.19083969465648856	0.18604651162790697	0.5608251769947301	1.1666666666666667	3.0
