ID	S1	S2	S1/Initiated Expression (IE_S1)	S1/Expression Repetition (ER_S1)	S1/tokens (%)	S2/Initiated Expression (IE_S2)	S2/Expression Repetition (ER_S2)	S2/tokens (%)	Voc. Overlap S1	Voc. Overlap S2	SR/S1/ELS	SR/S1/EV	SR/S1/ER	SR/S1/ENTR	SR/S1/L	SR/S1/LMAX	SR/S2/ELS	SR/S2/EV	SR/S2/ER	SR/S2/ENTR	SR/S2/L	SR/S2/LMAX
dialogue_txt	Human 1	Human 2	0.875	0.13392857142857142	0.45528455284552843	0.125	0.3656716417910448	0.5447154471544715	0.4935064935064935	0.4222222222222222	15.0	0.125	0.31666666666666665	0.43055186701043946	1.088235294117647	2.0	13.0	0.09154929577464789	0.2323943661971831	0.35335933502142136	1.0666666666666667	2.0
