ID	Num. utterances	Num. tokens	Expression Lexicon Size (ELS)	Expression Variety (EV)	Expression Repetition (ER)	Voc. Overlap	ENTR	L	LMAX
dialogue_txt	16.0	257.0	35.0	0.13618677042801555	0.33852140077821014	0.3130434782608696	0.6209872175344419	1.1442307692307692	3.0
