ID	S1	S2	S1/Initiated Expression (IE_S1)	S1/Expression Repetition (ER_S1)	S1/tokens (%)	S2/Initiated Expression (IE_S2)	S2/Expression Repetition (ER_S2)	S2/tokens (%)	Voc. Overlap S1	Voc. Overlap S2	SR/S1/ELS	SR/S1/EV	SR/S1/ER	SR/S1/ENTR	SR/S1/L	SR/S1/LMAX	SR/S2/ELS	SR/S2/EV	SR/S2/ER	SR/S2/ENTR	SR/S2/L	SR/S2/LMAX
dialogue_txt	Human 1	Human 2	0.7428571428571429	0.18947368421052632	0.36964980544747084	0.2571428571428571	0.42592592592592593	0.6303501945525292	0.5538461538461539	0.4186046511627907	10.0	0.0970873786407767	0.27184466019417475	0.4021791902022728	1.08	2.0	29.0	0.17058823529411765	0.5647058823529412	1.2594132928185433	1.4776119402985075	3.0
