ID	Num. utterances	Num. tokens	Expression Lexicon Size (ELS)	Expression Variety (EV)	Expression Repetition (ER)	Voc. Overlap	ENTR	L	LMAX
dialogue_txt	19.0	177.0	30.0	0.1694915254237288	0.3220338983050847	0.32558139534883723	1.2605039940711331	1.4393939393939394	4.0
