ID	Num. utterances	Num. tokens	Expression Lexicon Size (ELS)	Expression Variety (EV)	Expression Repetition (ER)	Voc. Overlap	ENTR	L	LMAX
dialogue_txt	17.0	336.0	37.0	0.11011904761904762	0.34226190476190477	0.2482758620689655	1.0135293660211517	1.3306451612903225	3.0
