ID	S1	S2	S1/Initiated Expression (IE_S1)	S1/Expression Repetition (ER_S1)	S1/tokens (%)	S2/Initiated Expression (IE_S2)	S2/Expression Repetition (ER_S2)	S2/tokens (%)	Voc. Overlap S1	Voc. Overlap S2	SR/S1/ELS	SR/S1/EV	SR/S1/ER	SR/S1/ENTR	SR/S1/L	SR/S1/LMAX	SR/S2/ELS	SR/S2/EV	SR/S2/ER	SR/S2/ENTR	SR/S2/L	SR/S2/LMAX
dialogue_txt	Human 1	Human 2	0.7272727272727273	0.13636363636363635	0.3815028901734104	0.2727272727272727	0.5981308411214953	0.6184971098265896	0.5964912280701754	0.576271186440678	3.0	0.0410958904109589	0.0821917808219178	-0.0	1.0	1.0	22.0	0.19298245614035087	0.5350877192982456	1.6726322004347876	1.7567567567567568	5.0
