ID	S1	S2	S1/Initiated Expression (IE_S1)	S1/Expression Repetition (ER_S1)	S1/tokens (%)	S2/Initiated Expression (IE_S2)	S2/Expression Repetition (ER_S2)	S2/tokens (%)	Voc. Overlap S1	Voc. Overlap S2	SR/S1/ELS	SR/S1/EV	SR/S1/ER	SR/S1/ENTR	SR/S1/L	SR/S1/LMAX	SR/S2/ELS	SR/S2/EV	SR/S2/ER	SR/S2/ENTR	SR/S2/L	SR/S2/LMAX
dialogue_txt	Human 1	Human 2	0.8269230769230769	0.1830065359477124	0.53125	0.17307692307692307	0.6	0.46875	0.5333333333333333	0.6746987951807228	17.0	0.10625	0.33125	0.7742433029172697	1.263157894736842	4.0	27.0	0.1888111888111888	0.48951048951048953	0.8152980892549258	1.2181818181818183	3.0
