ID	S1	S2	S1/Initiated Expression (IE_S1)	S1/Expression Repetition (ER_S1)	S1/tokens (%)	S2/Initiated Expression (IE_S2)	S2/Expression Repetition (ER_S2)	S2/tokens (%)	Voc. Overlap S1	Voc. Overlap S2	SR/S1/ELS	SR/S1/EV	SR/S1/ER	SR/S1/ENTR	SR/S1/L	SR/S1/LMAX	SR/S2/ELS	SR/S2/EV	SR/S2/ER	SR/S2/ENTR	SR/S2/L	SR/S2/LMAX
dialogue_txt	Human 1	Human 2	0.675	0.2331288343558282	0.5241157556270096	0.325	0.3716216216216216	0.4758842443729904	0.39	0.4105263157894737	22.0	0.12941176470588237	0.40588235294117647	1.194545119186222	1.4893617021276595	3.0	20.0	0.1282051282051282	0.42948717948717946	0.8390141432168295	1.3191489361702127	5.0
