ID	S1	S2	S1/Initiated Expression (IE_S1)	S1/Expression Repetition (ER_S1)	S1/tokens (%)	S2/Initiated Expression (IE_S2)	S2/Expression Repetition (ER_S2)	S2/tokens (%)	Voc. Overlap S1	Voc. Overlap S2	SR/S1/ELS	SR/S1/EV	SR/S1/ER	SR/S1/ENTR	SR/S1/L	SR/S1/LMAX	SR/S2/ELS	SR/S2/EV	SR/S2/ER	SR/S2/ENTR	SR/S2/L	SR/S2/LMAX
dialogue_txt	Human 1	Human 2	0.5789473684210527	0.28378378378378377	0.46105919003115264	0.42105263157894735	0.3179190751445087	0.5389408099688473	0.40229885057471265	0.33653846153846156	22.0	0.14102564102564102	0.4230769230769231	0.8176338568998316	1.22	3.0	26.0	0.143646408839779	0.4419889502762431	0.9134853951751389	1.2622950819672132	3.0
