ID	Num. utterances	Num. tokens	Expression Lexicon Size (ELS)	Expression Variety (EV)	Expression Repetition (ER)	Voc. Overlap	ENTR	L	LMAX
dialogue_txt	14.0	286.0	24.0	0.08391608391608392	0.26223776223776224	0.20454545454545456	0.5681031995731034	1.1444444444444444	3.0
