ID	Num. utterances	Num. tokens	Expression Lexicon Size (ELS)	Expression Variety (EV)	Expression Repetition (ER)	Voc. Overlap	ENTR	L	LMAX
dialogue_txt	15.0	275.0	41.0	0.14909090909090908	0.33454545454545453	0.2923076923076923	1.0796474936362908	1.3644859813084111	3.0
