ID	Num. utterances	Num. tokens	Expression Lexicon Size (ELS)	Expression Variety (EV)	Expression Repetition (ER)	Voc. Overlap	ENTR	L	LMAX
dialogue_txt	17.0	372.0	51.0	0.13709677419354838	0.3655913978494624	0.38848920863309355	1.7341310247210433	2.0252100840336134	18.0
