ID	S1	S2	S1/Initiated Expression (IE_S1)	S1/Expression Repetition (ER_S1)	S1/tokens (%)	S2/Initiated Expression (IE_S2)	S2/Expression Repetition (ER_S2)	S2/tokens (%)	Voc. Overlap S1	Voc. Overlap S2	SR/S1/ELS	SR/S1/EV	SR/S1/ER	SR/S1/ENTR	SR/S1/L	SR/S1/LMAX	SR/S2/ELS	SR/S2/EV	SR/S2/ER	SR/S2/ENTR	SR/S2/L	SR/S2/LMAX
dialogue_txt	Human 1	Human 2	0.803921568627451	0.10582010582010581	0.5080645161290323	0.19607843137254902	0.6338797814207651	0.49193548387096775	0.5046728971962616	0.627906976744186	28.0	0.14213197969543148	0.4517766497461929	1.0540157730728	1.35	3.0	31.0	0.16145833333333334	0.6458333333333334	1.5200655629172708	1.7746478873239437	7.0
