ID	Num. utterances	Num. tokens	Expression Lexicon Size (ELS)	Expression Variety (EV)	Expression Repetition (ER)	Voc. Overlap	ENTR	L	LMAX
dialogue_txt	13.0	251.0	33.0	0.13147410358565736	0.2549800796812749	0.2517482517482518	0.8058576010107721	1.2142857142857142	3.0
