ID	Num. utterances	Num. tokens	Expression Lexicon Size (ELS)	Expression Variety (EV)	Expression Repetition (ER)	Voc. Overlap	ENTR	L	LMAX
dialogue_txt	16.0	274.0	42.0	0.15328467153284672	0.29927007299270075	0.36065573770491804	1.050018014449467	1.3431372549019607	5.0
