ID	S1	S2	S1/Initiated Expression (IE_S1)	S1/Expression Repetition (ER_S1)	S1/tokens (%)	S2/Initiated Expression (IE_S2)	S2/Expression Repetition (ER_S2)	S2/tokens (%)	Voc. Overlap S1	Voc. Overlap S2	SR/S1/ELS	SR/S1/EV	SR/S1/ER	SR/S1/ENTR	SR/S1/L	SR/S1/LMAX	SR/S2/ELS	SR/S2/EV	SR/S2/ER	SR/S2/ENTR	SR/S2/L	SR/S2/LMAX
dialogue_txt	Human 1	Human 2	0.6956521739130435	0.13559322033898305	0.28502415458937197	0.30434782608695654	0.17567567567567569	0.714975845410628	0.5348837209302325	0.23469387755102042	8.0	0.11940298507462686	0.31343283582089554	-0.0	1.0	1.0	19.0	0.12179487179487179	0.33974358974358976	0.7918583525674836	1.2380952380952381	2.0
