ID	S1	S2	S1/Initiated Expression (IE_S1)	S1/Expression Repetition (ER_S1)	S1/tokens (%)	S2/Initiated Expression (IE_S2)	S2/Expression Repetition (ER_S2)	S2/tokens (%)	Voc. Overlap S1	Voc. Overlap S2	SR/S1/ELS	SR/S1/EV	SR/S1/ER	SR/S1/ENTR	SR/S1/L	SR/S1/LMAX	SR/S2/ELS	SR/S2/EV	SR/S2/ER	SR/S2/ENTR	SR/S2/L	SR/S2/LMAX
dialogue_txt	Human 1	Human 2	0.7272727272727273	0.07407407407407407	0.4576271186440678	0.2727272727272727	0.234375	0.5423728813559322	0.34146341463414637	0.3333333333333333	4.0	0.06896551724137931	0.1724137931034483	-0.0	1.0	1.0	8.0	0.11764705882352941	0.4264705882352941	1.1595547523787308	1.7058823529411764	4.0
