ID	S1	S2	S1/Initiated Expression (IE_S1)	S1/Expression Repetition (ER_S1)	S1/tokens (%)	S2/Initiated Expression (IE_S2)	S2/Expression Repetition (ER_S2)	S2/tokens (%)	Voc. Overlap S1	Voc. Overlap S2	SR/S1/ELS	SR/S1/EV	SR/S1/ER	SR/S1/ENTR	SR/S1/L	SR/S1/LMAX	SR/S2/ELS	SR/S2/EV	SR/S2/ER	SR/S2/ENTR	SR/S2/L	SR/S2/LMAX
dialogue_txt	Human 1	Human 2	0.7333333333333333	0.1836734693877551	0.3391003460207612	0.26666666666666666	0.24607329842931938	0.6608996539792388	0.47761194029850745	0.2882882882882883	12.0	0.11214953271028037	0.2616822429906542	0.4021791902022728	1.08	2.0	32.0	0.16	0.49	1.1583060750988752	1.391304347826087	4.0
