ID	S1	S2	S1/Initiated Expression (IE_S1)	S1/Expression Repetition (ER_S1)	S1/tokens (%)	S2/Initiated Expression (IE_S2)	S2/Expression Repetition (ER_S2)	S2/tokens (%)	Voc. Overlap S1	Voc. Overlap S2	SR/S1/ELS	SR/S1/EV	SR/S1/ER	SR/S1/ENTR	SR/S1/L	SR/S1/LMAX	SR/S2/ELS	SR/S2/EV	SR/S2/ER	SR/S2/ENTR	SR/S2/L	SR/S2/LMAX
dialogue_txt	Human 1	Human 2	0.7586206896551724	0.14414414414414414	0.40217391304347827	0.2413793103448276	0.26666666666666666	0.5978260869565217	0.38961038961038963	0.3488372093023256	12.0	0.10084033613445378	0.2857142857142857	-0.0	1.0	1.0	29.0	0.1676300578034682	0.6127167630057804	1.7856654030263808	1.8666666666666667	6.0
