ID	Num. utterances	Num. tokens	Expression Lexicon Size (ELS)	Expression Variety (EV)	Expression Repetition (ER)	Voc. Overlap	ENTR	L	LMAX
dialogue_txt	18.0	348.0	65.0	0.1867816091954023	0.3764367816091954	0.42142857142857143	0.9388697226568062	1.2865853658536586	4.0
