ID	Num. utterances	Num. tokens	Expression Lexicon Size (ELS)	Expression Variety (EV)	Expression Repetition (ER)	Voc. Overlap	ENTR	L	LMAX
dialogue_txt	16.0	232.0	26.0	0.11206896551724138	0.28879310344827586	0.2543859649122807	0.7215280580249435	1.2025316455696202	4.0
