ID	Num. utterances	Num. tokens	Expression Lexicon Size (ELS)	Expression Variety (EV)	Expression Repetition (ER)	Voc. Overlap	ENTR	L	LMAX
dialogue_txt	16.0	262.0	24.0	0.0916030534351145	0.22900763358778625	0.24347826086956523	0.3227569588973982	1.0588235294117647	2.0
