ID	S1	S2	S1/Initiated Expression (IE_S1)	S1/Expression Repetition (ER_S1)	S1/tokens (%)	S2/Initiated Expression (IE_S2)	S2/Expression Repetition (ER_S2)	S2/tokens (%)	Voc. Overlap S1	Voc. Overlap S2	SR/S1/ELS	SR/S1/EV	SR/S1/ER	SR/S1/ENTR	SR/S1/L	SR/S1/LMAX	SR/S2/ELS	SR/S2/EV	SR/S2/ER	SR/S2/ENTR	SR/S2/L	SR/S2/LMAX
dialogue_txt	Human 1	Human 2	0.6	0.21621621621621623	0.49333333333333335	0.4	0.34868421052631576	0.5066666666666667	0.3917525773195876	0.4418604651162791	16.0	0.1032258064516129	0.2838709677419355	0.512709142030877	1.1142857142857143	2.0	24.0	0.15	0.48125	1.1808031857899373	1.411764705882353	4.0
