ID	S1	S2	S1/Initiated Expression (IE_S1)	S1/Expression Repetition (ER_S1)	S1/tokens (%)	S2/Initiated Expression (IE_S2)	S2/Expression Repetition (ER_S2)	S2/tokens (%)	Voc. Overlap S1	Voc. Overlap S2	SR/S1/ELS	SR/S1/EV	SR/S1/ER	SR/S1/ENTR	SR/S1/L	SR/S1/LMAX	SR/S2/ELS	SR/S2/EV	SR/S2/ER	SR/S2/ENTR	SR/S2/L	SR/S2/LMAX
dialogue_txt	Human 1	Human 2	0.7241379310344828	0.23076923076923078	0.35294117647058826	0.27586206896551724	0.32167832167832167	0.6470588235294118	0.5714285714285714	0.367816091954023	7.0	0.08045977011494253	0.2413793103448276	0.5916727785823274	1.2857142857142858	3.0	28.0	0.18421052631578946	0.5263157894736842	1.0247926257753428	1.3559322033898304	5.0
