ID	Num. utterances	Num. tokens	Expression Lexicon Size (ELS)	Expression Variety (EV)	Expression Repetition (ER)	Voc. Overlap	ENTR	L	LMAX
dialogue_txt	16.0	262.0	39.0	0.14885496183206107	0.33587786259541985	0.3412698412698413	0.9947523867287796	1.3018867924528301	3.0
