ID	S1	S2	S1/Initiated Expression (IE_S1)	S1/Expression Repetition (ER_S1)	S1/tokens (%)	S2/Initiated Expression (IE_S2)	S2/Expression Repetition (ER_S2)	S2/tokens (%)	Voc. Overlap S1	Voc. Overlap S2	SR/S1/ELS	SR/S1/EV	SR/S1/ER	SR/S1/ENTR	SR/S1/L	SR/S1/LMAX	SR/S2/ELS	SR/S2/EV	SR/S2/ER	SR/S2/ENTR	SR/S2/L	SR/S2/LMAX
dialogue_txt	Human 1	Human 2	0.7096774193548387	0.10606060606060606	0.3333333333333333	0.2903225806451613	0.3787878787878788	0.6666666666666666	0.5964912280701754	0.4146341463414634	3.0	0.0410958904109589	0.0821917808219178	-0.0	1.0	1.0	22.0	0.15827338129496402	0.4460431654676259	1.342705226253072	1.511111111111111	4.0
