ID	Num. utterances	Num. tokens	Expression Lexicon Size (ELS)	Expression Variety (EV)	Expression Repetition (ER)	Voc. Overlap	ENTR	L	LMAX
dialogue_txt	16.0	305.0	37.0	0.12131147540983607	0.32131147540983607	0.2857142857142857	0.9628655186620237	1.3008849557522124	5.0
