ID	S1	S2	S1/Initiated Expression (IE_S1)	S1/Expression Repetition (ER_S1)	S1/tokens (%)	S2/Initiated Expression (IE_S2)	S2/Expression Repetition (ER_S2)	S2/tokens (%)	Voc. Overlap S1	Voc. Overlap S2	SR/S1/ELS	SR/S1/EV	SR/S1/ER	SR/S1/ENTR	SR/S1/L	SR/S1/LMAX	SR/S2/ELS	SR/S2/EV	SR/S2/ER	SR/S2/ENTR	SR/S2/L	SR/S2/LMAX
dialogue_txt	Human 1	Human 2	0.7837837837837838	0.16216216216216217	0.4852459016393443	0.21621621621621623	0.4713375796178344	0.5147540983606558	0.45977011494252873	0.43010752688172044	22.0	0.14102564102564102	0.4230769230769231	0.8176338568998316	1.22	3.0	26.0	0.15757575757575756	0.48484848484848486	0.8622552045515591	1.2380952380952381	3.0
