ID	Num. utterances	Num. tokens	Expression Lexicon Size (ELS)	Expression Variety (EV)	Expression Repetition (ER)	Voc. Overlap	ENTR	L	LMAX
dialogue_txt	18.0	280.0	32.0	0.11428571428571428	0.21071428571428572	0.27205882352941174	0.7594439644714598	1.2023809523809523	3.0
