ID	Num. utterances	Num. tokens	Expression Lexicon Size (ELS)	Expression Variety (EV)	Expression Repetition (ER)	Voc. Overlap	ENTR	L	LMAX
dialogue_txt	13.0	244.0	22.0	0.09016393442622951	0.21721311475409835	0.21481481481481482	0.9000264229312606	1.2615384615384615	3.0
