ID	S1	S2	S1/Initiated Expression (IE_S1)	S1/Expression Repetition (ER_S1)	S1/tokens (%)	S2/Initiated Expression (IE_S2)	S2/Expression Repetition (ER_S2)	S2/tokens (%)	Voc. Overlap S1	Voc. Overlap S2	SR/S1/ELS	SR/S1/EV	SR/S1/ER	SR/S1/ENTR	SR/S1/L	SR/S1/LMAX	SR/S2/ELS	SR/S2/EV	SR/S2/ER	SR/S2/ENTR	SR/S2/L	SR/S2/LMAX
dialogue_txt	Human 1	Human 2	0.8666666666666667	0.17647058823529413	0.3927392739273927	0.13333333333333333	0.46195652173913043	0.6072607260726073	0.5595238095238095	0.42342342342342343	12.0	0.09448818897637795	0.3228346456692913	0.3372900666170139	1.125	3.0	31.0	0.16062176165803108	0.48186528497409326	0.6959695858135277	1.1866666666666668	3.0
