ID	Num. utterances	Num. tokens	Expression Lexicon Size (ELS)	Expression Variety (EV)	Expression Repetition (ER)	Voc. Overlap	ENTR	L	LMAX
dialogue_txt	15.0	246.0	40.0	0.16260162601626016	0.4024390243902439	0.36538461538461536	1.0833777472637918	1.3523809523809525	4.0
