ID	Num. utterances	Num. tokens	Expression Lexicon Size (ELS)	Expression Variety (EV)	Expression Repetition (ER)	Voc. Overlap	ENTR	L	LMAX
dialogue_txt	15.0	226.0	27.0	0.11946902654867257	0.23893805309734514	0.2782608695652174	0.7502849441806874	1.2428571428571429	4.0
