ID	S1	S2	S1/Initiated Expression (IE_S1)	S1/Expression Repetition (ER_S1)	S1/tokens (%)	S2/Initiated Expression (IE_S2)	S2/Expression Repetition (ER_S2)	S2/tokens (%)	Voc. Overlap S1	Voc. Overlap S2	SR/S1/ELS	SR/S1/EV	SR/S1/ER	SR/S1/ENTR	SR/S1/L	SR/S1/LMAX	SR/S2/ELS	SR/S2/EV	SR/S2/ER	SR/S2/ENTR	SR/S2/L	SR/S2/LMAX
dialogue_txt	Human 1	Human 2	0.7037037037037037	0.11486486486486487	0.6548672566371682	0.2962962962962963	0.47435897435897434	0.34513274336283184	0.32989690721649484	0.64	16.0	0.1032258064516129	0.2838709677419355	0.512709142030877	1.1142857142857143	2.0	8.0	0.09302325581395349	0.37209302325581395	0.4854607607459134	1.5263157894736843	6.0
