ID	Num. utterances	Num. tokens	Expression Lexicon Size (ELS)	Expression Variety (EV)	Expression Repetition (ER)	Voc. Overlap	ENTR	L	LMAX
dialogue_txt	16.0	161.0	26.0	0.16149068322981366	0.2608695652173913	0.29473684210526313	1.1464524861615177	1.3888888888888888	3.0
