ID	Num. utterances	Num. tokens	Expression Lexicon Size (ELS)	Expression Variety (EV)	Expression Repetition (ER)	Voc. Overlap	ENTR	L	LMAX
dialogue_txt	14.0	288.0	20.0	0.06944444444444445	0.2222222222222222	0.15441176470588236	0.46012788614713496	1.0972222222222223	2.0
