ID	Num. utterances	Num. tokens	Expression Lexicon Size (ELS)	Expression Variety (EV)	Expression Repetition (ER)	Voc. Overlap	ENTR	L	LMAX
dialogue_txt	15.0	270.0	29.0	0.10740740740740741	0.21481481481481482	0.2012987012987013	0.6500224216483541	1.1666666666666667	2.0
