ID	S1	S2	S1/Initiated Expression (IE_S1)	S1/Expression Repetition (ER_S1)	S1/tokens (%)	S2/Initiated Expression (IE_S2)	S2/Expression Repetition (ER_S2)	S2/tokens (%)	Voc. Overlap S1	Voc. Overlap S2	SR/S1/ELS	SR/S1/EV	SR/S1/ER	SR/S1/ENTR	SR/S1/L	SR/S1/LMAX	SR/S2/ELS	SR/S2/EV	SR/S2/ER	SR/S2/ENTR	SR/S2/L	SR/S2/LMAX
dialogue_txt	Human 1	Human 2	0.8055555555555556	0.11678832116788321	0.4691780821917808	0.19444444444444445	0.38064516129032255	0.5308219178082192	0.3978494623655914	0.42528735632183906	11.0	0.07534246575342465	0.21232876712328766	0.4262286569981449	1.173913043478261	3.0	22.0	0.13414634146341464	0.4573170731707317	1.1525338223824724	1.3877551020408163	4.0
