ID	Num. utterances	Num. tokens	Expression Lexicon Size (ELS)	Expression Variety (EV)	Expression Repetition (ER)	Voc. Overlap	ENTR	L	LMAX
dialogue_txt	14.0	253.0	35.0	0.1383399209486166	0.3359683794466403	0.256198347107438	0.6425267139094082	1.1634615384615385	2.0
