ID	Num. utterances	Num. tokens	Expression Lexicon Size (ELS)	Expression Variety (EV)	Expression Repetition (ER)	Voc. Overlap	ENTR	L	LMAX
dialogue_txt	15.0	216.0	23.0	0.10648148148148148	0.2824074074074074	0.2736842105263158	1.2383930137655872	1.4558823529411764	3.0
