ID	S1	S2	S1/Initiated Expression (IE_S1)	S1/Expression Repetition (ER_S1)	S1/tokens (%)	S2/Initiated Expression (IE_S2)	S2/Expression Repetition (ER_S2)	S2/tokens (%)	Voc. Overlap S1	Voc. Overlap S2	SR/S1/ELS	SR/S1/EV	SR/S1/ER	SR/S1/ENTR	SR/S1/L	SR/S1/LMAX	SR/S2/ELS	SR/S2/EV	SR/S2/ER	SR/S2/ENTR	SR/S2/L	SR/S2/LMAX
dialogue_txt	Human 1	Human 2	0.5833333333333334	0.2457627118644068	0.4609375	0.4166666666666667	0.3188405797101449	0.5390625	0.4675324675324675	0.45569620253164556	13.0	0.104	0.264	0.6051865766334206	1.1481481481481481	2.0	23.0	0.15753424657534246	0.5205479452054794	1.0702145051627516	1.6222222222222222	8.0
