ID	S1	S2	S1/Initiated Expression (IE_S1)	S1/Expression Repetition (ER_S1)	S1/tokens (%)	S2/Initiated Expression (IE_S2)	S2/Expression Repetition (ER_S2)	S2/tokens (%)	Voc. Overlap S1	Voc. Overlap S2	SR/S1/ELS	SR/S1/EV	SR/S1/ER	SR/S1/ENTR	SR/S1/L	SR/S1/LMAX	SR/S2/ELS	SR/S2/EV	SR/S2/ER	SR/S2/ENTR	SR/S2/L	SR/S2/LMAX
dialogue_txt	Human 1	Human 2	0.4594594594594595	0.2966101694915254	0.43703703703703706	0.5405405405405406	0.2565789473684211	0.562962962962963	0.45454545454545453	0.35714285714285715	13.0	0.104	0.264	0.6051865766334206	1.1481481481481481	2.0	20.0	0.125	0.375	0.5293608652873644	1.12	2.0
