ID	S1	S2	S1/Initiated Expression (IE_S1)	S1/Expression Repetition (ER_S1)	S1/tokens (%)	S2/Initiated Expression (IE_S2)	S2/Expression Repetition (ER_S2)	S2/tokens (%)	Voc. Overlap S1	Voc. Overlap S2	SR/S1/ELS	SR/S1/EV	SR/S1/ER	SR/S1/ENTR	SR/S1/L	SR/S1/LMAX	SR/S2/ELS	SR/S2/EV	SR/S2/ER	SR/S2/ENTR	SR/S2/L	SR/S2/LMAX
dialogue_txt	Human 1	Human 2	0.6956521739130435	0.07547169811320754	0.30113636363636365	0.30434782608695654	0.2926829268292683	0.6988636363636364	0.5897435897435898	0.3484848484848485	5.0	0.08064516129032258	0.16129032258064516	-0.0	1.0	1.0	19.0	0.14393939393939395	0.5984848484848485	1.4973462700703384	2.1944444444444446	10.0
