ID	Num. utterances	Num. tokens	Expression Lexicon Size (ELS)	Expression Variety (EV)	Expression Repetition (ER)	Voc. Overlap	ENTR	L	LMAX
dialogue_txt	14.0	249.0	31.0	0.12449799196787148	0.27710843373493976	0.2753623188405797	0.899042593680087	1.2891566265060241	4.0
