ID	Num. utterances	Num. tokens	Expression Lexicon Size (ELS)	Expression Variety (EV)	Expression Repetition (ER)	Voc. Overlap	ENTR	L	LMAX
dialogue_txt	15.0	197.0	27.0	0.13705583756345177	0.3299492385786802	0.2903225806451613	0.9197051517221321	1.3768115942028984	7.0
