ID	S1	S2	S1/Initiated Expression (IE_S1)	S1/Expression Repetition (ER_S1)	S1/tokens (%)	S2/Initiated Expression (IE_S2)	S2/Expression Repetition (ER_S2)	S2/tokens (%)	Voc. Overlap S1	Voc. Overlap S2	SR/S1/ELS	SR/S1/EV	SR/S1/ER	SR/S1/ENTR	SR/S1/L	SR/S1/LMAX	SR/S2/ELS	SR/S2/EV	SR/S2/ER	SR/S2/ENTR	SR/S2/L	SR/S2/LMAX
dialogue_txt	Human 1	Human 2	0.6111111111111112	0.17757009345794392	0.34294871794871795	0.3888888888888889	0.23414634146341465	0.657051282051282	0.4567901234567901	0.30833333333333335	13.0	0.1111111111111111	0.27350427350427353	0.362051251733998	1.0689655172413792	2.0	33.0	0.1527777777777778	0.4722222222222222	1.0959770783520402	1.380281690140845	5.0
