ID	Num. utterances	Num. tokens	Expression Lexicon Size (ELS)	Expression Variety (EV)	Expression Repetition (ER)	Voc. Overlap	ENTR	L	LMAX
dialogue_txt	21.0	312.0	36.0	0.11538461538461539	0.21474358974358973	0.22560975609756098	0.5734593207286955	1.1359223300970873	2.0
