ID	Num. utterances	Num. tokens	Expression Lexicon Size (ELS)	Expression Variety (EV)	Expression Repetition (ER)	Voc. Overlap	ENTR	L	LMAX
dialogue_txt	13.0	198.0	18.0	0.09090909090909091	0.21717171717171718	0.1919191919191919	0.9661236731288237	1.2884615384615385	3.0
