ID	S1	S2	S1/Initiated Expression (IE_S1)	S1/Expression Repetition (ER_S1)	S1/tokens (%)	S2/Initiated Expression (IE_S2)	S2/Expression Repetition (ER_S2)	S2/tokens (%)	Voc. Overlap S1	Voc. Overlap S2	SR/S1/ELS	SR/S1/EV	SR/S1/ER	SR/S1/ENTR	SR/S1/L	SR/S1/LMAX	SR/S2/ELS	SR/S2/EV	SR/S2/ER	SR/S2/ENTR	SR/S2/L	SR/S2/LMAX
dialogue_txt	Human 1	Human 2	0.6153846153846154	0.16666666666666666	0.34554973821989526	0.38461538461538464	0.288	0.6544502617801047	0.5087719298245614	0.35802469135802467	3.0	0.0410958904109589	0.0821917808219178	-0.0	1.0	1.0	20.0	0.15151515151515152	0.42424242424242425	0.9768290662171857	1.3414634146341464	3.0
