ID	S1	S2	S1/Initiated Expression (IE_S1)	S1/Expression Repetition (ER_S1)	S1/tokens (%)	S2/Initiated Expression (IE_S2)	S2/Expression Repetition (ER_S2)	S2/tokens (%)	Voc. Overlap S1	Voc. Overlap S2	SR/S1/ELS	SR/S1/EV	SR/S1/ER	SR/S1/ENTR	SR/S1/L	SR/S1/LMAX	SR/S2/ELS	SR/S2/EV	SR/S2/ER	SR/S2/ENTR	SR/S2/L	SR/S2/LMAX
dialogue_txt	Human 1	Human 2	0.8292682926829268	0.18518518518518517	0.6774193548387096	0.17073170731707318	0.7333333333333333	0.3225806451612903	0.3925233644859813	0.8076923076923077	28.0	0.14213197969543148	0.4517766497461929	1.0540157730728	1.35	3.0	17.0	0.1717171717171717	0.5353535353535354	1.1626848846806317	1.606060606060606	7.0
