ID	Num. utterances	Num. tokens	Expression Lexicon Size (ELS)	Expression Variety (EV)	Expression Repetition (ER)	Voc. Overlap	ENTR	L	LMAX
dialogue_txt	5.0	62.0	6.0	0.0967741935483871	0.14516129032258066	0.1702127659574468	0.6500224216483541	1.1666666666666667	2.0
