ID	S1	S2	S1/Initiated Expression (IE_S1)	S1/Expression Repetition (ER_S1)	S1/tokens (%)	S2/Initiated Expression (IE_S2)	S2/Expression Repetition (ER_S2)	S2/tokens (%)	Voc. Overlap S1	Voc. Overlap S2	SR/S1/ELS	SR/S1/EV	SR/S1/ER	SR/S1/ENTR	SR/S1/L	SR/S1/LMAX	SR/S2/ELS	SR/S2/EV	SR/S2/ER	SR/S2/ENTR	SR/S2/L	SR/S2/LMAX
dialogue_txt	Human 1	Human 2	0.6666666666666666	0.11678832116788321	0.4477124183006536	0.3333333333333333	0.21893491124260356	0.5522875816993464	0.27956989247311825	0.3023255813953488	11.0	0.07534246575342465	0.21232876712328766	0.4262286569981449	1.173913043478261	3.0	29.0	0.16292134831460675	0.5898876404494382	1.7213637541474567	2.0384615384615383	12.0
