ID	Num. utterances	Num. tokens	Expression Lexicon Size (ELS)	Expression Variety (EV)	Expression Repetition (ER)	Voc. Overlap	ENTR	L	LMAX
dialogue_txt	16.0	251.0	32.0	0.12749003984063745	0.26693227091633465	0.2457627118644068	0.894107184144388	1.3108108108108107	2.0
