ID	Num. utterances	Num. tokens	Expression Lexicon Size (ELS)	Expression Variety (EV)	Expression Repetition (ER)	Voc. Overlap	ENTR	L	LMAX
dialogue_txt	15.0	184.0	35.0	0.19021739130434784	0.391304347826087	0.3695652173913043	0.8090292956945677	1.2386363636363635	4.0
