ID	S1	S2	S1/Initiated Expression (IE_S1)	S1/Expression Repetition (ER_S1)	S1/tokens (%)	S2/Initiated Expression (IE_S2)	S2/Expression Repetition (ER_S2)	S2/tokens (%)	Voc. Overlap S1	Voc. Overlap S2	SR/S1/ELS	SR/S1/EV	SR/S1/ER	SR/S1/ENTR	SR/S1/L	SR/S1/LMAX	SR/S2/ELS	SR/S2/EV	SR/S2/ER	SR/S2/ENTR	SR/S2/L	SR/S2/LMAX
dialogue_txt	Human 1	Human 2	0.8285714285714286	0.125	0.4782608695652174	0.17142857142857143	0.6354166666666666	0.5217391304347826	0.4788732394366197	0.6181818181818182	4.0	0.042105263157894736	0.16842105263157894	0.7219280948873623	1.4	3.0	17.0	0.16346153846153846	0.5192307692307693	1.4217709879736131	1.71875	5.0
