ID	Num. utterances	Num. tokens	Expression Lexicon Size (ELS)	Expression Variety (EV)	Expression Repetition (ER)	Voc. Overlap	ENTR	L	LMAX
dialogue_txt	16.0	295.0	54.0	0.18305084745762712	0.4135593220338983	0.4330708661417323	0.9896753282588236	1.2937062937062938	4.0
