ID	S1	S2	S1/Initiated Expression (IE_S1)	S1/Expression Repetition (ER_S1)	S1/tokens (%)	S2/Initiated Expression (IE_S2)	S2/Expression Repetition (ER_S2)	S2/tokens (%)	Voc. Overlap S1	Voc. Overlap S2	SR/S1/ELS	SR/S1/EV	SR/S1/ER	SR/S1/ENTR	SR/S1/L	SR/S1/LMAX	SR/S2/ELS	SR/S2/EV	SR/S2/ER	SR/S2/ENTR	SR/S2/L	SR/S2/LMAX
dialogue_txt	Human 1	Human 2	0.6216216216216216	0.18120805369127516	0.49174917491749176	0.3783783783783784	0.35714285714285715	0.5082508250825083	0.37755102040816324	0.40217391304347827	14.0	0.08974358974358974	0.27564102564102566	0.7355085815538398	1.206896551724138	2.0	28.0	0.17391304347826086	0.4720496894409938	0.625262405223423	1.15625	2.0
