ID	Num. utterances	Num. tokens	Expression Lexicon Size (ELS)	Expression Variety (EV)	Expression Repetition (ER)	Voc. Overlap	ENTR	L	LMAX
dialogue_txt	16.0	183.0	26.0	0.14207650273224043	0.3442622950819672	0.3333333333333333	1.3577306828611744	1.564516129032258	4.0
