ID	S1	S2	S1/Initiated Expression (IE_S1)	S1/Expression Repetition (ER_S1)	S1/tokens (%)	S2/Initiated Expression (IE_S2)	S2/Expression Repetition (ER_S2)	S2/tokens (%)	Voc. Overlap S1	Voc. Overlap S2	SR/S1/ELS	SR/S1/EV	SR/S1/ER	SR/S1/ENTR	SR/S1/L	SR/S1/LMAX	SR/S2/ELS	SR/S2/EV	SR/S2/ER	SR/S2/ENTR	SR/S2/L	SR/S2/LMAX
dialogue_txt	Human 1	Human 2	0.9230769230769231	0.0989010989010989	0.4972677595628415	0.07692307692307693	0.5869565217391305	0.5027322404371585	0.4461538461538462	0.5686274509803921	12.0	0.12121212121212122	0.2828282828282828	-0.0	1.0	1.0	15.0	0.15	0.45	1.1786137171821593	1.4333333333333333	3.0
