ID	Num. utterances	Num. tokens	Expression Lexicon Size (ELS)	Expression Variety (EV)	Expression Repetition (ER)	Voc. Overlap	ENTR	L	LMAX
dialogue_txt	13.0	183.0	28.0	0.15300546448087432	0.30601092896174864	0.3263157894736842	1.3709121449234947	1.6428571428571428	7.0
