ID	Num. utterances	Num. tokens	Expression Lexicon Size (ELS)	Expression Variety (EV)	Expression Repetition (ER)	Voc. Overlap	ENTR	L	LMAX
dialogue_txt	8.0	120.0	19.0	0.15833333333333333	0.23333333333333334	0.34328358208955223	0.4537163391869448	1.0952380952380953	2.0
