ID	Num. utterances	Num. tokens	Expression Lexicon Size (ELS)	Expression Variety (EV)	Expression Repetition (ER)	Voc. Overlap	ENTR	L	LMAX
dialogue_txt	21.0	325.0	33.0	0.10153846153846154	0.23076923076923078	0.20454545454545456	0.5051268137294553	1.1090909090909091	3.0
