ID	Num. utterances	Num. tokens	Expression Lexicon Size (ELS)	Expression Variety (EV)	Expression Repetition (ER)	Voc. Overlap	ENTR	L	LMAX
dialogue_txt	14.0	247.0	29.0	0.11740890688259109	0.29554655870445345	0.2517985611510791	0.9503343840316568	1.2790697674418605	3.0
