ID	S1	S2	S1/Initiated Expression (IE_S1)	S1/Expression Repetition (ER_S1)	S1/tokens (%)	S2/Initiated Expression (IE_S2)	S2/Expression Repetition (ER_S2)	S2/tokens (%)	Voc. Overlap S1	Voc. Overlap S2	SR/S1/ELS	SR/S1/EV	SR/S1/ER	SR/S1/ENTR	SR/S1/L	SR/S1/LMAX	SR/S2/ELS	SR/S2/EV	SR/S2/ER	SR/S2/ENTR	SR/S2/L	SR/S2/LMAX
dialogue_txt	Human 1	Human 2	0.6046511627906976	0.16993464052287582	0.5186440677966102	0.3953488372093023	0.29577464788732394	0.48135593220338985	0.39622641509433965	0.4329896907216495	19.0	0.11801242236024845	0.3105590062111801	0.5907239186406503	1.1578947368421053	3.0	15.0	0.1	0.30666666666666664	0.5617526078313282	1.131578947368421	2.0
