ID	S1	S2	S1/Initiated Expression (IE_S1)	S1/Expression Repetition (ER_S1)	S1/tokens (%)	S2/Initiated Expression (IE_S2)	S2/Expression Repetition (ER_S2)	S2/tokens (%)	Voc. Overlap S1	Voc. Overlap S2	SR/S1/ELS	SR/S1/EV	SR/S1/ER	SR/S1/ENTR	SR/S1/L	SR/S1/LMAX	SR/S2/ELS	SR/S2/EV	SR/S2/ER	SR/S2/ENTR	SR/S2/L	SR/S2/LMAX
dialogue_txt	Human 1	Human 2	0.8823529411764706	0.10071942446043165	0.47440273037542663	0.11764705882352941	0.6363636363636364	0.5255972696245734	0.5454545454545454	0.631578947368421	17.0	0.11643835616438356	0.3698630136986301	0.9707450578356165	1.394736842105263	5.0	33.0	0.20496894409937888	0.6645962732919255	1.7495887139309017	1.9298245614035088	8.0
