ID	S1	S2	S1/Initiated Expression (IE_S1)	S1/Expression Repetition (ER_S1)	S1/tokens (%)	S2/Initiated Expression (IE_S2)	S2/Expression Repetition (ER_S2)	S2/tokens (%)	Voc. Overlap S1	Voc. Overlap S2	SR/S1/ELS	SR/S1/EV	SR/S1/ER	SR/S1/ENTR	SR/S1/L	SR/S1/LMAX	SR/S2/ELS	SR/S2/EV	SR/S2/ER	SR/S2/ENTR	SR/S2/L	SR/S2/LMAX
dialogue_txt	Human 1	Human 2	0.64	0.11363636363636363	0.37130801687763715	0.36	0.5100671140939598	0.6286919831223629	0.6056338028169014	0.5375	4.0	0.042105263157894736	0.16842105263157894	0.7219280948873623	1.4	3.0	25.0	0.1592356687898089	0.5477707006369427	1.8209578044937058	2.022727272727273	7.0
