ID	Num. utterances	Num. tokens	Expression Lexicon Size (ELS)	Expression Variety (EV)	Expression Repetition (ER)	Voc. Overlap	ENTR	L	LMAX
dialogue_txt	16.0	248.0	41.0	0.16532258064516128	0.3870967741935484	0.38613861386138615	0.9735672235793709	1.3271028037383177	6.0
