ID	Num. utterances	Num. tokens	Expression Lexicon Size (ELS)	Expression Variety (EV)	Expression Repetition (ER)	Voc. Overlap	ENTR	L	LMAX
dialogue_txt	19.0	240.0	41.0	0.17083333333333334	0.44583333333333336	0.42045454545454547	1.2336490069312052	1.4299065420560748	5.0
