ID	Num. utterances	Num. tokens	Expression Lexicon Size (ELS)	Expression Variety (EV)	Expression Repetition (ER)	Voc. Overlap	ENTR	L	LMAX
dialogue_txt	15.0	255.0	33.0	0.12941176470588237	0.32941176470588235	0.2713178294573643	0.7537153483720095	1.2164948453608246	2.0
