ID	Num. utterances	Num. tokens	Expression Lexicon Size (ELS)	Expression Variety (EV)	Expression Repetition (ER)	Voc. Overlap	ENTR	L	LMAX
dialogue_txt	14.0	236.0	33.0	0.13983050847457626	0.288135593220339	0.3017241379310345	0.8574363289971182	1.2619047619047619	4.0
