ID	S1	S2	S1/Initiated Expression (IE_S1)	S1/Expression Repetition (ER_S1)	S1/tokens (%)	S2/Initiated Expression (IE_S2)	S2/Expression Repetition (ER_S2)	S2/tokens (%)	Voc. Overlap S1	Voc. Overlap S2	SR/S1/ELS	SR/S1/EV	SR/S1/ER	SR/S1/ENTR	SR/S1/L	SR/S1/LMAX	SR/S2/ELS	SR/S2/EV	SR/S2/ER	SR/S2/ENTR	SR/S2/L	SR/S2/LMAX
dialogue_txt	Human 1	Human 2	0.6585365853658537	0.21138211382113822	0.44565217391304346	0.34146341463414637	0.42483660130718953	0.5543478260869565	0.4875	0.4936708860759494	15.0	0.11450381679389313	0.3282442748091603	0.5225593745369408	1.1176470588235294	2.0	26.0	0.16149068322981366	0.6086956521739131	1.4464468009308322	1.8627450980392157	9.0
