ID	Num. utterances	Num. tokens	Expression Lexicon Size (ELS)	Expression Variety (EV)	Expression Repetition (ER)	Voc. Overlap	ENTR	L	LMAX
dialogue_txt	16.0	280.0	39.0	0.1392857142857143	0.30357142857142855	0.29545454545454547	0.49213954661766224	1.1074380165289257	2.0
