ID	Num. utterances	Num. tokens	Expression Lexicon Size (ELS)	Expression Variety (EV)	Expression Repetition (ER)	Voc. Overlap	ENTR	L	LMAX
dialogue_txt	15.0	212.0	25.0	0.1179245283018868	0.25943396226415094	0.28703703703703703	1.1770225546116342	1.4090909090909092	3.0
