ID	Num. utterances	Num. tokens	Expression Lexicon Size (ELS)	Expression Variety (EV)	Expression Repetition (ER)	Voc. Overlap	ENTR	L	LMAX
dialogue_txt	16.0	167.0	25.0	0.1497005988023952	0.2754491017964072	0.3218390804597701	1.5890489510727384	1.6808510638297873	5.0
