ID	S1	S2	S1/Initiated Expression (IE_S1)	S1/Expression Repetition (ER_S1)	S1/tokens (%)	S2/Initiated Expression (IE_S2)	S2/Expression Repetition (ER_S2)	S2/tokens (%)	Voc. Overlap S1	Voc. Overlap S2	SR/S1/ELS	SR/S1/EV	SR/S1/ER	SR/S1/ENTR	SR/S1/L	SR/S1/LMAX	SR/S2/ELS	SR/S2/EV	SR/S2/ER	SR/S2/ENTR	SR/S2/L	SR/S2/LMAX
dialogue_txt	Human 1	Human 2	0.9122807017543859	0.09090909090909091	0.5143884892086331	0.08771929824561403	0.6592592592592592	0.4856115107913669	0.5384615384615384	0.6153846153846154	14.0	0.09333333333333334	0.26	0.32984607020714635	1.0606060606060606	2.0	26.0	0.18309859154929578	0.44366197183098594	0.362051251733998	1.0689655172413792	2.0
