ID	S1	S2	S1/Initiated Expression (IE_S1)	S1/Expression Repetition (ER_S1)	S1/tokens (%)	S2/Initiated Expression (IE_S2)	S2/Expression Repetition (ER_S2)	S2/tokens (%)	Voc. Overlap S1	Voc. Overlap S2	SR/S1/ELS	SR/S1/EV	SR/S1/ER	SR/S1/ENTR	SR/S1/L	SR/S1/LMAX	SR/S2/ELS	SR/S2/EV	SR/S2/ER	SR/S2/ENTR	SR/S2/L	SR/S2/LMAX
dialogue_txt	Human 1	Human 2	0.7619047619047619	0.16891891891891891	0.5068493150684932	0.23809523809523808	0.5555555555555556	0.4931506849315068	0.4329896907216495	0.5915492957746479	16.0	0.1032258064516129	0.2838709677419355	0.512709142030877	1.1142857142857143	2.0	32.0	0.21052631578947367	0.631578947368421	1.2363602267240839	1.6440677966101696	7.0
