ID	Num. utterances	Num. tokens	Expression Lexicon Size (ELS)	Expression Variety (EV)	Expression Repetition (ER)	Voc. Overlap	ENTR	L	LMAX
dialogue_txt	16.0	289.0	50.0	0.17301038062283736	0.36678200692041524	0.4152542372881356	0.9193094593481503	1.2605633802816902	4.0
