ID	S1	S2	S1/Initiated Expression (IE_S1)	S1/Expression Repetition (ER_S1)	S1/tokens (%)	S2/Initiated Expression (IE_S2)	S2/Expression Repetition (ER_S2)	S2/tokens (%)	Voc. Overlap S1	Voc. Overlap S2	SR/S1/ELS	SR/S1/EV	SR/S1/ER	SR/S1/ENTR	SR/S1/L	SR/S1/LMAX	SR/S2/ELS	SR/S2/EV	SR/S2/ER	SR/S2/ENTR	SR/S2/L	SR/S2/LMAX
dialogue_txt	Human 1	Human 2	0.7631578947368421	0.1810344827586207	0.464	0.23684210526315788	0.4253731343283582	0.536	0.5	0.46511627906976744	11.0	0.088	0.24	-0.0	1.0	1.0	17.0	0.11805555555555555	0.3680555555555556	0.8440628803439406	1.2325581395348837	3.0
