ID	Num. utterances	Num. tokens	Expression Lexicon Size (ELS)	Expression Variety (EV)	Expression Repetition (ER)	Voc. Overlap	ENTR	L	LMAX
dialogue_txt	15.0	219.0	25.0	0.1141552511415525	0.2511415525114155	0.23728813559322035	0.6554444445609847	1.1690140845070423	2.0
