ID	S1	S2	S1/Initiated Expression (IE_S1)	S1/Expression Repetition (ER_S1)	S1/tokens (%)	S2/Initiated Expression (IE_S2)	S2/Expression Repetition (ER_S2)	S2/tokens (%)	Voc. Overlap S1	Voc. Overlap S2	SR/S1/ELS	SR/S1/EV	SR/S1/ER	SR/S1/ENTR	SR/S1/L	SR/S1/LMAX	SR/S2/ELS	SR/S2/EV	SR/S2/ER	SR/S2/ENTR	SR/S2/L	SR/S2/LMAX
dialogue_txt	Human 1	Human 2	0.8666666666666667	0.08888888888888889	0.31690140845070425	0.13333333333333333	0.27835051546391754	0.6830985915492958	0.5142857142857142	0.32727272727272727	4.0	0.07547169811320754	0.16981132075471697	0.863120568566631	1.2857142857142858	2.0	19.0	0.18095238095238095	0.4857142857142857	0.7025645142191262	1.2432432432432432	4.0
