ID	Num. utterances	Num. tokens	Expression Lexicon Size (ELS)	Expression Variety (EV)	Expression Repetition (ER)	Voc. Overlap	ENTR	L	LMAX
dialogue_txt	15.0	232.0	26.0	0.11206896551724138	0.21551724137931033	0.19014084507042253	0.5032583347756457	1.1111111111111112	2.0
