ID	Num. utterances	Num. tokens	Expression Lexicon Size (ELS)	Expression Variety (EV)	Expression Repetition (ER)	Voc. Overlap	ENTR	L	LMAX
dialogue_txt	16.0	259.0	28.0	0.10810810810810811	0.23166023166023167	0.2542372881355932	0.46550244908151295	1.098901098901099	2.0
