ID	S1	S2	S1/Initiated Expression (IE_S1)	S1/Expression Repetition (ER_S1)	S1/tokens (%)	S2/Initiated Expression (IE_S2)	S2/Expression Repetition (ER_S2)	S2/tokens (%)	Voc. Overlap S1	Voc. Overlap S2	SR/S1/ELS	SR/S1/EV	SR/S1/ER	SR/S1/ENTR	SR/S1/L	SR/S1/LMAX	SR/S2/ELS	SR/S2/EV	SR/S2/ER	SR/S2/ENTR	SR/S2/L	SR/S2/LMAX
dialogue_txt	Human 1	Human 2	0.42857142857142855	0.25	0.242914979757085	0.5714285714285714	0.18716577540106952	0.757085020242915	0.5217391304347826	0.24242424242424243	5.0	0.07246376811594203	0.17391304347826086	0.7219280948873623	1.2	2.0	29.0	0.14795918367346939	0.576530612244898	1.6668011950860024	2.0172413793103448	6.0
