ID	Num. utterances	Num. tokens	Expression Lexicon Size (ELS)	Expression Variety (EV)	Expression Repetition (ER)	Voc. Overlap	ENTR	L	LMAX
dialogue_txt	18.0	247.0	21.0	0.08502024291497975	0.20242914979757085	0.19834710743801653	0.6981245731396178	1.1884057971014492	2.0
