ID	S1	S2	S1/Initiated Expression (IE_S1)	S1/Expression Repetition (ER_S1)	S1/tokens (%)	S2/Initiated Expression (IE_S2)	S2/Expression Repetition (ER_S2)	S2/tokens (%)	Voc. Overlap S1	Voc. Overlap S2	SR/S1/ELS	SR/S1/EV	SR/S1/ER	SR/S1/ENTR	SR/S1/L	SR/S1/LMAX	SR/S2/ELS	SR/S2/EV	SR/S2/ER	SR/S2/ENTR	SR/S2/L	SR/S2/LMAX
dialogue_txt	Human 1	Human 2	0.7222222222222222	0.2047244094488189	0.4756554307116105	0.2777777777777778	0.5571428571428572	0.5243445692883895	0.6219512195121951	0.6	17.0	0.1259259259259259	0.34074074074074073	0.6394571324851641	1.162162162162162	2.0	26.0	0.17567567567567569	0.5	0.7424875695421236	1.2105263157894737	2.0
