ID	Num. utterances	Num. tokens	Expression Lexicon Size (ELS)	Expression Variety (EV)	Expression Repetition (ER)	Voc. Overlap	ENTR	L	LMAX
dialogue_txt	17.0	299.0	33.0	0.11036789297658862	0.21739130434782608	0.24503311258278146	0.6520401009706442	1.1758241758241759	3.0
