ID	S1	S2	S1/Initiated Expression (IE_S1)	S1/Expression Repetition (ER_S1)	S1/tokens (%)	S2/Initiated Expression (IE_S2)	S2/Expression Repetition (ER_S2)	S2/tokens (%)	Voc. Overlap S1	Voc. Overlap S2	SR/S1/ELS	SR/S1/EV	SR/S1/ER	SR/S1/ENTR	SR/S1/L	SR/S1/LMAX	SR/S2/ELS	SR/S2/EV	SR/S2/ER	SR/S2/ENTR	SR/S2/L	SR/S2/LMAX
dialogue_txt	Human 1	Human 2	0.6578947368421053	0.24324324324324326	0.44223107569721115	0.34210526315789475	0.45714285714285713	0.5577689243027888	0.4666666666666667	0.4375	15.0	0.1271186440677966	0.3644067796610169	1.014097655573916	1.3125	3.0	23.0	0.1554054054054054	0.49324324324324326	1.2287923792501958	1.446808510638298	3.0
