ID	Num. utterances	Num. tokens	Expression Lexicon Size (ELS)	Expression Variety (EV)	Expression Repetition (ER)	Voc. Overlap	ENTR	L	LMAX
dialogue_txt	14.0	197.0	22.0	0.1116751269035533	0.22842639593908629	0.20754716981132076	1.1961754130549362	1.4772727272727273	3.0
