ID	Num. utterances	Num. tokens	Expression Lexicon Size (ELS)	Expression Variety (EV)	Expression Repetition (ER)	Voc. Overlap	ENTR	L	LMAX
dialogue_txt	16.0	188.0	32.0	0.1702127659574468	0.3617021276595745	0.35106382978723405	0.7208912759569042	1.1797752808988764	3.0
