ID	S1	S2	S1/Initiated Expression (IE_S1)	S1/Expression Repetition (ER_S1)	S1/tokens (%)	S2/Initiated Expression (IE_S2)	S2/Expression Repetition (ER_S2)	S2/tokens (%)	Voc. Overlap S1	Voc. Overlap S2	SR/S1/ELS	SR/S1/EV	SR/S1/ER	SR/S1/ENTR	SR/S1/L	SR/S1/LMAX	SR/S2/ELS	SR/S2/EV	SR/S2/ER	SR/S2/ENTR	SR/S2/L	SR/S2/LMAX
dialogue_txt	Human 1	Human 2	0.8076923076923077	0.22988505747126436	0.33079847908745247	0.19230769230769232	0.23295454545454544	0.6692015209125475	0.5555555555555556	0.26785714285714285	12.0	0.125	0.3645833333333333	1.0676111603502403	1.434782608695652	4.0	25.0	0.13440860215053763	0.43010752688172044	1.0168686308731005	1.3220338983050848	3.0
