ID	Num. utterances	Num. tokens	Expression Lexicon Size (ELS)	Expression Variety (EV)	Expression Repetition (ER)	Voc. Overlap	ENTR	L	LMAX
dialogue_txt	18.0	219.0	32.0	0.1461187214611872	0.3242009132420091	0.31868131868131866	1.104672214051517	1.3670886075949367	3.0
