ID	Num. utterances	Num. tokens	Expression Lexicon Size (ELS)	Expression Variety (EV)	Expression Repetition (ER)	Voc. Overlap	ENTR	L	LMAX
dialogue_txt	18.0	222.0	25.0	0.11261261261261261	0.2972972972972973	0.2857142857142857	1.1934387451434483	1.4210526315789473	3.0
