ID	S1	S2	S1/Initiated Expression (IE_S1)	S1/Expression Repetition (ER_S1)	S1/tokens (%)	S2/Initiated Expression (IE_S2)	S2/Expression Repetition (ER_S2)	S2/tokens (%)	Voc. Overlap S1	Voc. Overlap S2	SR/S1/ELS	SR/S1/EV	SR/S1/ER	SR/S1/ENTR	SR/S1/L	SR/S1/LMAX	SR/S2/ELS	SR/S2/EV	SR/S2/ER	SR/S2/ENTR	SR/S2/L	SR/S2/LMAX
dialogue_txt	Human 1	Human 2	0.5517241379310345	0.19801980198019803	0.4225941422594142	0.4482758620689655	0.32608695652173914	0.5774058577405857	0.42424242424242425	0.35443037974683544	10.0	0.09259259259259259	0.26851851851851855	0.6193821946787638	1.1538461538461537	2.0	23.0	0.15753424657534246	0.5547945205479452	1.3277177807559442	1.588235294117647	5.0
