ID	Num. utterances	Num. tokens	Expression Lexicon Size (ELS)	Expression Variety (EV)	Expression Repetition (ER)	Voc. Overlap	ENTR	L	LMAX
dialogue_txt	15.0	185.0	31.0	0.16756756756756758	0.33513513513513515	0.391304347826087	1.437242382132088	1.5588235294117647	5.0
