ID	S1	S2	S1/Initiated Expression (IE_S1)	S1/Expression Repetition (ER_S1)	S1/tokens (%)	S2/Initiated Expression (IE_S2)	S2/Expression Repetition (ER_S2)	S2/tokens (%)	Voc. Overlap S1	Voc. Overlap S2	SR/S1/ELS	SR/S1/EV	SR/S1/ER	SR/S1/ENTR	SR/S1/L	SR/S1/LMAX	SR/S2/ELS	SR/S2/EV	SR/S2/ER	SR/S2/ENTR	SR/S2/L	SR/S2/LMAX
dialogue_txt	Human 1	Human 2	0.640625	0.2350597609561753	0.5640449438202247	0.359375	0.5	0.43595505617977526	0.41216216216216217	0.5545454545454546	33.0	0.12692307692307692	0.38076923076923075	1.0120119515886774	1.3142857142857143	3.0	37.0	0.18137254901960784	0.5098039215686274	0.8435670886982392	1.2564102564102564	4.0
