ID	Num. utterances	Num. tokens	Expression Lexicon Size (ELS)	Expression Variety (EV)	Expression Repetition (ER)	Voc. Overlap	ENTR	L	LMAX
dialogue_txt	19.0	445.0	64.0	0.14382022471910114	0.350561797752809	0.3096446700507614	0.9011230759185483	1.2513661202185793	4.0
