ID	Num. utterances	Num. tokens	Expression Lexicon Size (ELS)	Expression Variety (EV)	Expression Repetition (ER)	Voc. Overlap	ENTR	L	LMAX
dialogue_txt	16.0	211.0	32.0	0.15165876777251186	0.3412322274881517	0.37894736842105264	1.09874722494659	1.4567901234567902	7.0
