ID	Num. utterances	Num. tokens	Expression Lexicon Size (ELS)	Expression Variety (EV)	Expression Repetition (ER)	Voc. Overlap	ENTR	L	LMAX
dialogue_txt	17.0	346.0	47.0	0.13583815028901733	0.37572254335260113	0.3055555555555556	0.8211927079430136	1.221476510067114	3.0
