ID	S1	S2	S1/Initiated Expression (IE_S1)	S1/Expression Repetition (ER_S1)	S1/tokens (%)	S2/Initiated Expression (IE_S2)	S2/Expression Repetition (ER_S2)	S2/tokens (%)	Voc. Overlap S1	Voc. Overlap S2	SR/S1/ELS	SR/S1/EV	SR/S1/ER	SR/S1/ENTR	SR/S1/L	SR/S1/LMAX	SR/S2/ELS	SR/S2/EV	SR/S2/ER	SR/S2/ENTR	SR/S2/L	SR/S2/LMAX
dialogue_txt	Human 1	Human 2	0.6818181818181818	0.15517241379310345	0.4461538461538462	0.3181818181818182	0.2361111111111111	0.5538461538461539	0.3132530120481928	0.2988505747126437	12.0	0.0975609756097561	0.2845528455284553	0.7495952572594798	1.2142857142857142	2.0	18.0	0.11920529801324503	0.46357615894039733	1.0119654955607627	1.5952380952380953	7.0
