ID	Num. utterances	Num. tokens	Expression Lexicon Size (ELS)	Expression Variety (EV)	Expression Repetition (ER)	Voc. Overlap	ENTR	L	LMAX
dialogue_txt	19.0	323.0	50.0	0.15479876160990713	0.3684210526315789	0.33774834437086093	0.9115374393831266	1.2919708029197081	5.0
