ID	S1	S2	S1/Initiated Expression (IE_S1)	S1/Expression Repetition (ER_S1)	S1/tokens (%)	S2/Initiated Expression (IE_S2)	S2/Expression Repetition (ER_S2)	S2/tokens (%)	Voc. Overlap S1	Voc. Overlap S2	SR/S1/ELS	SR/S1/EV	SR/S1/ER	SR/S1/ENTR	SR/S1/L	SR/S1/LMAX	SR/S2/ELS	SR/S2/EV	SR/S2/ER	SR/S2/ENTR	SR/S2/L	SR/S2/LMAX
dialogue_txt	Human 1	Human 2	0.6	0.22429906542056074	0.335423197492163	0.4	0.28773584905660377	0.664576802507837	0.49382716049382713	0.36036036036036034	13.0	0.1111111111111111	0.27350427350427353	0.362051251733998	1.0689655172413792	2.0	37.0	0.16591928251121077	0.5739910313901345	1.2184694834530314	1.441860465116279	4.0
