ID	Num. utterances	Num. tokens	Expression Lexicon Size (ELS)	Expression Variety (EV)	Expression Repetition (ER)	Voc. Overlap	ENTR	L	LMAX
dialogue_txt	21.0	319.0	40.0	0.12539184952978055	0.2664576802507837	0.2631578947368421	0.8431953160789711	1.2295081967213115	3.0
