ID	Num. utterances	Num. tokens	Expression Lexicon Size (ELS)	Expression Variety (EV)	Expression Repetition (ER)	Voc. Overlap	ENTR	L	LMAX
dialogue_txt	18.0	369.0	49.0	0.13279132791327913	0.3116531165311653	0.29518072289156627	0.6564893984661766	1.1564625850340136	3.0
