ID	Num. utterances	Num. tokens	Expression Lexicon Size (ELS)	Expression Variety (EV)	Expression Repetition (ER)	Voc. Overlap	ENTR	L	LMAX
dialogue_txt	14.0	259.0	19.0	0.07335907335907337	0.20463320463320464	0.15384615384615385	0.6583082221272366	1.1594202898550725	3.0
