ID	Num. utterances	Num. tokens	Expression Lexicon Size (ELS)	Expression Variety (EV)	Expression Repetition (ER)	Voc. Overlap	ENTR	L	LMAX
dialogue_txt	16.0	191.0	31.0	0.16230366492146597	0.39790575916230364	0.4691358024691358	1.4315025677991942	1.5584415584415585	5.0
