ID	Num. utterances	Num. tokens	Expression Lexicon Size (ELS)	Expression Variety (EV)	Expression Repetition (ER)	Voc. Overlap	ENTR	L	LMAX
dialogue_txt	13.0	185.0	13.0	0.07027027027027027	0.12432432432432433	0.13761467889908258	0.4059770384755711	1.0810810810810811	2.0
