ID	Num. utterances	Num. tokens	Expression Lexicon Size (ELS)	Expression Variety (EV)	Expression Repetition (ER)	Voc. Overlap	ENTR	L	LMAX
dialogue_txt	15.0	139.0	21.0	0.1510791366906475	0.302158273381295	0.34328358208955223	1.24726924853191	1.4583333333333333	3.0
