ID	Num. utterances	Num. tokens	Expression Lexicon Size (ELS)	Expression Variety (EV)	Expression Repetition (ER)	Voc. Overlap	ENTR	L	LMAX
dialogue_txt	16.0	304.0	46.0	0.1513157894736842	0.34539473684210525	0.3161764705882353	0.8547145409928916	1.2348484848484849	3.0
