ID	Num. utterances	Num. tokens	Expression Lexicon Size (ELS)	Expression Variety (EV)	Expression Repetition (ER)	Voc. Overlap	ENTR	L	LMAX
dialogue_txt	16.0	303.0	47.0	0.1551155115511551	0.33663366336633666	0.32592592592592595	0.6850372234866376	1.1666666666666667	3.0
