ID	S1	S2	S1/Initiated Expression (IE_S1)	S1/Expression Repetition (ER_S1)	S1/tokens (%)	S2/Initiated Expression (IE_S2)	S2/Expression Repetition (ER_S2)	S2/tokens (%)	Voc. Overlap S1	Voc. Overlap S2	SR/S1/ELS	SR/S1/EV	SR/S1/ER	SR/S1/ENTR	SR/S1/L	SR/S1/LMAX	SR/S2/ELS	SR/S2/EV	SR/S2/ER	SR/S2/ENTR	SR/S2/L	SR/S2/LMAX
dialogue_txt	Human 1	Human 2	0.5652173913043478	0.2	0.28708133971291866	0.43478260869565216	0.2214765100671141	0.7129186602870813	0.5217391304347826	0.27586206896551724	5.0	0.07246376811594203	0.17391304347826086	0.7219280948873623	1.2	2.0	23.0	0.14556962025316456	0.47468354430379744	0.9110601558074904	1.2727272727272727	3.0
