ID	Num. utterances	Num. tokens	Expression Lexicon Size (ELS)	Expression Variety (EV)	Expression Repetition (ER)	Voc. Overlap	ENTR	L	LMAX
dialogue_txt	17.0	294.0	39.0	0.1326530612244898	0.3843537414965986	0.3728813559322034	1.3903232767678773	1.5727272727272728	8.0
