ID	Num. utterances	Num. tokens	Expression Lexicon Size (ELS)	Expression Variety (EV)	Expression Repetition (ER)	Voc. Overlap	ENTR	L	LMAX
dialogue_txt	16.0	215.0	28.0	0.13023255813953488	0.37209302325581395	0.3225806451612903	0.8628419422778826	1.2417582417582418	3.0
