ID	Num. utterances	Num. tokens	Expression Lexicon Size (ELS)	Expression Variety (EV)	Expression Repetition (ER)	Voc. Overlap	ENTR	L	LMAX
dialogue_txt	15.0	229.0	30.0	0.13100436681222707	0.26200873362445415	0.25806451612903225	0.7303800063615659	1.2571428571428571	4.0
