ID	S1	S2	S1/Initiated Expression (IE_S1)	S1/Expression Repetition (ER_S1)	S1/tokens (%)	S2/Initiated Expression (IE_S2)	S2/Expression Repetition (ER_S2)	S2/tokens (%)	Voc. Overlap S1	Voc. Overlap S2	SR/S1/ELS	SR/S1/EV	SR/S1/ER	SR/S1/ENTR	SR/S1/L	SR/S1/LMAX	SR/S2/ELS	SR/S2/EV	SR/S2/ER	SR/S2/ENTR	SR/S2/L	SR/S2/LMAX
dialogue_txt	Human 1	Human 2	0.7608695652173914	0.16993464052287582	0.504950495049505	0.2391304347826087	0.4866666666666667	0.49504950495049505	0.4528301886792453	0.5217391304347826	19.0	0.11801242236024845	0.3105590062111801	0.5907239186406503	1.1578947368421053	3.0	27.0	0.17088607594936708	0.47468354430379744	0.8127221393647517	1.25	4.0
