ID	Num. utterances	Num. tokens	Expression Lexicon Size (ELS)	Expression Variety (EV)	Expression Repetition (ER)	Voc. Overlap	ENTR	L	LMAX
dialogue_txt	14.0	274.0	40.0	0.145985401459854	0.3467153284671533	0.30952380952380953	0.6108856792619226	1.140495867768595	3.0
