ID	Num. utterances	Num. tokens	Expression Lexicon Size (ELS)	Expression Variety (EV)	Expression Repetition (ER)	Voc. Overlap	ENTR	L	LMAX
dialogue_txt	16.0	280.0	36.0	0.12857142857142856	0.29642857142857143	0.28888888888888886	0.8522554237316498	1.233644859813084	3.0
