ID	S1	S2	S1/Initiated Expression (IE_S1)	S1/Expression Repetition (ER_S1)	S1/tokens (%)	S2/Initiated Expression (IE_S2)	S2/Expression Repetition (ER_S2)	S2/tokens (%)	Voc. Overlap S1	Voc. Overlap S2	SR/S1/ELS	SR/S1/EV	SR/S1/ER	SR/S1/ENTR	SR/S1/L	SR/S1/LMAX	SR/S2/ELS	SR/S2/EV	SR/S2/ER	SR/S2/ENTR	SR/S2/L	SR/S2/LMAX
dialogue_txt	Human 1	Human 2	0.7115384615384616	0.1568627450980392	0.47962382445141066	0.28846153846153844	0.5240963855421686	0.5203761755485894	0.4528301886792453	0.5106382978723404	19.0	0.11801242236024845	0.3105590062111801	0.5907239186406503	1.1578947368421053	3.0	28.0	0.16091954022988506	0.4942528735632184	0.5916727785823274	1.1428571428571428	2.0
