ID	S1	S2	S1/Initiated Expression (IE_S1)	S1/Expression Repetition (ER_S1)	S1/tokens (%)	S2/Initiated Expression (IE_S2)	S2/Expression Repetition (ER_S2)	S2/tokens (%)	Voc. Overlap S1	Voc. Overlap S2	SR/S1/ELS	SR/S1/EV	SR/S1/ER	SR/S1/ENTR	SR/S1/L	SR/S1/LMAX	SR/S2/ELS	SR/S2/EV	SR/S2/ER	SR/S2/ENTR	SR/S2/L	SR/S2/LMAX
dialogue_txt	Human 1	Human 2	0.7878787878787878	0.15328467153284672	0.4756944444444444	0.21212121212121213	0.4105960264900662	0.5243055555555556	0.42045454545454547	0.4065934065934066	19.0	0.1310344827586207	0.36551724137931035	0.693127415328288	1.186046511627907	2.0	26.0	0.1625	0.475	0.8431953160789711	1.2622950819672132	4.0
