ID	Num. utterances	Num. tokens	Expression Lexicon Size (ELS)	Expression Variety (EV)	Expression Repetition (ER)	Voc. Overlap	ENTR	L	LMAX
dialogue_txt	13.0	173.0	30.0	0.17341040462427745	0.3583815028901734	0.43037974683544306	1.7716569786956133	2.037037037037037	10.0
