ID	Num. utterances	Num. tokens	Expression Lexicon Size (ELS)	Expression Variety (EV)	Expression Repetition (ER)	Voc. Overlap	ENTR	L	LMAX
dialogue_txt	16.0	305.0	43.0	0.14098360655737704	0.3475409836065574	0.30597014925373134	0.5560554487221581	1.129496402877698	2.0
