ID	Num. utterances	Num. tokens	Expression Lexicon Size (ELS)	Expression Variety (EV)	Expression Repetition (ER)	Voc. Overlap	ENTR	L	LMAX
dialogue_txt	16.0	322.0	42.0	0.13043478260869565	0.3167701863354037	0.2777777777777778	0.8050376394937742	1.2136752136752136	3.0
