ID	Num. utterances	Num. tokens	Expression Lexicon Size (ELS)	Expression Variety (EV)	Expression Repetition (ER)	Voc. Overlap	ENTR	L	LMAX
dialogue_txt	13.0	146.0	23.0	0.15753424657534246	0.3424657534246575	0.2702702702702703	1.2878078647134341	1.4901960784313726	3.0
