ID	Num. utterances	Num. tokens	Expression Lexicon Size (ELS)	Expression Variety (EV)	Expression Repetition (ER)	Voc. Overlap	ENTR	L	LMAX
dialogue_txt	16.0	329.0	43.0	0.13069908814589665	0.3191489361702128	0.38686131386861317	1.8070072109954223	2.632911392405063	26.0
