ID	S1	S2	S1/Initiated Expression (IE_S1)	S1/Expression Repetition (ER_S1)	S1/tokens (%)	S2/Initiated Expression (IE_S2)	S2/Expression Repetition (ER_S2)	S2/tokens (%)	Voc. Overlap S1	Voc. Overlap S2	SR/S1/ELS	SR/S1/EV	SR/S1/ER	SR/S1/ENTR	SR/S1/L	SR/S1/LMAX	SR/S2/ELS	SR/S2/EV	SR/S2/ER	SR/S2/ENTR	SR/S2/L	SR/S2/LMAX
dialogue_txt	Human 1	Human 2	0.8846153846153846	0.11594202898550725	0.4233128834355828	0.11538461538461539	0.5638297872340425	0.5766871165644172	0.43859649122807015	0.4716981132075472	6.0	0.07894736842105263	0.18421052631578946	-0.0	1.0	1.0	21.0	0.20588235294117646	0.5588235294117647	1.4108478748063633	1.5555555555555556	4.0
