ID	S1	S2	S1/Initiated Expression (IE_S1)	S1/Expression Repetition (ER_S1)	S1/tokens (%)	S2/Initiated Expression (IE_S2)	S2/Expression Repetition (ER_S2)	S2/tokens (%)	Voc. Overlap S1	Voc. Overlap S2	SR/S1/ELS	SR/S1/EV	SR/S1/ER	SR/S1/ENTR	SR/S1/L	SR/S1/LMAX	SR/S2/ELS	SR/S2/EV	SR/S2/ER	SR/S2/ENTR	SR/S2/L	SR/S2/LMAX
dialogue_txt	Human 1	Human 2	0.8378378378378378	0.1310344827586207	0.5034722222222222	0.16216216216216217	0.42657342657342656	0.4965277777777778	0.4444444444444444	0.5194805194805194	22.0	0.1437908496732026	0.4117647058823529	0.9637459942073318	1.3333333333333333	4.0	20.0	0.13245033112582782	0.6158940397350994	1.961003104407169	2.3846153846153846	9.0
