ID	Num. utterances	Num. tokens	Expression Lexicon Size (ELS)	Expression Variety (EV)	Expression Repetition (ER)	Voc. Overlap	ENTR	L	LMAX
dialogue_txt	14.0	262.0	51.0	0.1946564885496183	0.3893129770992366	0.42990654205607476	1.1930078833720852	1.4049586776859504	4.0
