ID	Num. utterances	Num. tokens	Expression Lexicon Size (ELS)	Expression Variety (EV)	Expression Repetition (ER)	Voc. Overlap	ENTR	L	LMAX
dialogue_txt	16.0	218.0	22.0	0.10091743119266056	0.21559633027522937	0.2032520325203252	0.5491087450260073	1.126984126984127	2.0
