ID	S1	S2	S1/Initiated Expression (IE_S1)	S1/Expression Repetition (ER_S1)	S1/tokens (%)	S2/Initiated Expression (IE_S2)	S2/Expression Repetition (ER_S2)	S2/tokens (%)	Voc. Overlap S1	Voc. Overlap S2	SR/S1/ELS	SR/S1/EV	SR/S1/ER	SR/S1/ENTR	SR/S1/L	SR/S1/LMAX	SR/S2/ELS	SR/S2/EV	SR/S2/ER	SR/S2/ENTR	SR/S2/L	SR/S2/LMAX
dialogue_txt	Human 1	Human 2	0.7727272727272727	0.13333333333333333	0.3440366972477064	0.22727272727272727	0.25874125874125875	0.6559633027522935	0.4098360655737705	0.28735632183908044	7.0	0.08433734939759036	0.18072289156626506	0.6193821946787638	1.1538461538461537	2.0	21.0	0.1390728476821192	0.48344370860927155	1.4190352743388661	1.75	7.0
