ID	S1	S2	S1/Initiated Expression (IE_S1)	S1/Expression Repetition (ER_S1)	S1/tokens (%)	S2/Initiated Expression (IE_S2)	S2/Expression Repetition (ER_S2)	S2/tokens (%)	Voc. Overlap S1	Voc. Overlap S2	SR/S1/ELS	SR/S1/EV	SR/S1/ER	SR/S1/ENTR	SR/S1/L	SR/S1/LMAX	SR/S2/ELS	SR/S2/EV	SR/S2/ER	SR/S2/ENTR	SR/S2/L	SR/S2/LMAX
dialogue_txt	Human 1	Human 2	0.7241379310344828	0.17692307692307693	0.46099290780141844	0.27586206896551724	0.375	0.5390070921985816	0.36046511627906974	0.34444444444444444	14.0	0.10218978102189781	0.3357664233576642	0.4854607607459134	1.105263157894737	2.0	24.0	0.15	0.48125	0.8042522359016422	1.2456140350877194	2.0
