ID	S1	S2	S1/Initiated Expression (IE_S1)	S1/Expression Repetition (ER_S1)	S1/tokens (%)	S2/Initiated Expression (IE_S2)	S2/Expression Repetition (ER_S2)	S2/tokens (%)	Voc. Overlap S1	Voc. Overlap S2	SR/S1/ELS	SR/S1/EV	SR/S1/ER	SR/S1/ENTR	SR/S1/L	SR/S1/LMAX	SR/S2/ELS	SR/S2/EV	SR/S2/ER	SR/S2/ENTR	SR/S2/L	SR/S2/LMAX
dialogue_txt	Human 1	Human 2	0.7241379310344828	0.14285714285714285	0.3684210526315789	0.27586206896551724	0.3125	0.631578947368421	0.5409836065573771	0.39759036144578314	9.0	0.0989010989010989	0.23076923076923078	-0.0	1.0	1.0	22.0	0.14473684210526316	0.48026315789473684	0.9573702761383474	1.3773584905660377	6.0
