ID	Num. utterances	Num. tokens	Expression Lexicon Size (ELS)	Expression Variety (EV)	Expression Repetition (ER)	Voc. Overlap	ENTR	L	LMAX
dialogue_txt	15.0	230.0	29.0	0.12608695652173912	0.34347826086956523	0.3137254901960784	1.1045367080995456	1.3529411764705883	4.0
