ID	Num. utterances	Num. tokens	Expression Lexicon Size (ELS)	Expression Variety (EV)	Expression Repetition (ER)	Voc. Overlap	ENTR	L	LMAX
dialogue_txt	18.0	294.0	44.0	0.14965986394557823	0.3469387755102041	0.40310077519379844	1.2302602653926633	1.4778761061946903	7.0
