ID	S1	S2	S1/Initiated Expression (IE_S1)	S1/Expression Repetition (ER_S1)	S1/tokens (%)	S2/Initiated Expression (IE_S2)	S2/Expression Repetition (ER_S2)	S2/tokens (%)	Voc. Overlap S1	Voc. Overlap S2	SR/S1/ELS	SR/S1/EV	SR/S1/ER	SR/S1/ENTR	SR/S1/L	SR/S1/LMAX	SR/S2/ELS	SR/S2/EV	SR/S2/ER	SR/S2/ENTR	SR/S2/L	SR/S2/LMAX
dialogue_txt	Human 1	Human 2	0.8421052631578947	0.07	0.4878048780487805	0.15789473684210525	0.5714285714285714	0.5121951219512195	0.5641025641025641	0.6197183098591549	11.0	0.102803738317757	0.21495327102803738	-0.0	1.0	1.0	19.0	0.168141592920354	0.4336283185840708	0.7120640548905479	1.1951219512195121	2.0
