ID	Num. utterances	Num. tokens	Expression Lexicon Size (ELS)	Expression Variety (EV)	Expression Repetition (ER)	Voc. Overlap	ENTR	L	LMAX
dialogue_txt	15.0	260.0	41.0	0.1576923076923077	0.38076923076923075	0.3442622950819672	0.6929344139595323	1.1694915254237288	3.0
