ID	Num. utterances	Num. tokens	Expression Lexicon Size (ELS)	Expression Variety (EV)	Expression Repetition (ER)	Voc. Overlap	ENTR	L	LMAX
dialogue_txt	14.0	278.0	16.0	0.05755395683453238	0.20863309352517986	0.14393939393939395	0.17738945318599736	1.0266666666666666	2.0
