ID	Num. utterances	Num. tokens	Expression Lexicon Size (ELS)	Expression Variety (EV)	Expression Repetition (ER)	Voc. Overlap	ENTR	L	LMAX
dialogue_txt	14.0	265.0	29.0	0.10943396226415095	0.2830188679245283	0.24427480916030533	1.0299126288184481	1.3164556962025316	4.0
