ID	S1	S2	S1/Initiated Expression (IE_S1)	S1/Expression Repetition (ER_S1)	S1/tokens (%)	S2/Initiated Expression (IE_S2)	S2/Expression Repetition (ER_S2)	S2/tokens (%)	Voc. Overlap S1	Voc. Overlap S2	SR/S1/ELS	SR/S1/EV	SR/S1/ER	SR/S1/ENTR	SR/S1/L	SR/S1/LMAX	SR/S2/ELS	SR/S2/EV	SR/S2/ER	SR/S2/ENTR	SR/S2/L	SR/S2/LMAX
dialogue_txt	Human 1	Human 2	0.6111111111111112	0.17105263157894737	0.4367816091954023	0.3888888888888889	0.24489795918367346	0.5632183908045977	0.34545454545454546	0.296875	10.0	0.11904761904761904	0.27380952380952384	0.7642045065086203	1.2222222222222223	2.0	15.0	0.14150943396226415	0.39622641509433965	0.8571484374283715	1.28125	2.0
