ID	Num. utterances	Num. tokens	Expression Lexicon Size (ELS)	Expression Variety (EV)	Expression Repetition (ER)	Voc. Overlap	ENTR	L	LMAX
dialogue_txt	14.0	227.0	23.0	0.1013215859030837	0.21145374449339208	0.1925925925925926	0.5175827525559071	1.1159420289855073	2.0
