ID	Num. utterances	Num. tokens	Expression Lexicon Size (ELS)	Expression Variety (EV)	Expression Repetition (ER)	Voc. Overlap	ENTR	L	LMAX
dialogue_txt	16.0	293.0	41.0	0.13993174061433447	0.3003412969283277	0.34108527131782945	0.9592318281318684	1.2844827586206897	4.0
