ID	Num. utterances	Num. tokens	Expression Lexicon Size (ELS)	Expression Variety (EV)	Expression Repetition (ER)	Voc. Overlap	ENTR	L	LMAX
dialogue_txt	15.0	178.0	36.0	0.20224719101123595	0.3539325842696629	0.42528735632183906	1.0812033697149537	1.3670886075949367	4.0
