ID	Num. utterances	Num. tokens	Expression Lexicon Size (ELS)	Expression Variety (EV)	Expression Repetition (ER)	Voc. Overlap	ENTR	L	LMAX
dialogue_txt	14.0	226.0	29.0	0.12831858407079647	0.2610619469026549	0.27350427350427353	0.9888288515752625	1.3043478260869565	4.0
