ID	S1	S2	S1/Initiated Expression (IE_S1)	S1/Expression Repetition (ER_S1)	S1/tokens (%)	S2/Initiated Expression (IE_S2)	S2/Expression Repetition (ER_S2)	S2/tokens (%)	Voc. Overlap S1	Voc. Overlap S2	SR/S1/ELS	SR/S1/EV	SR/S1/ER	SR/S1/ENTR	SR/S1/L	SR/S1/LMAX	SR/S2/ELS	SR/S2/EV	SR/S2/ER	SR/S2/ENTR	SR/S2/L	SR/S2/LMAX
dialogue_txt	Human 1	Human 2	0.8837209302325582	0.16153846153846155	0.6103286384976526	0.11627906976744186	0.7108433734939759	0.38967136150234744	0.45348837209302323	0.7358490566037735	14.0	0.10218978102189781	0.3357664233576642	0.4854607607459134	1.105263157894737	2.0	17.0	0.18681318681318682	0.4835164835164835	0.6948053635662363	1.2571428571428571	3.0
