ID	Num. utterances	Num. tokens	Expression Lexicon Size (ELS)	Expression Variety (EV)	Expression Repetition (ER)	Voc. Overlap	ENTR	L	LMAX
dialogue_txt	15.0	216.0	16.0	0.07407407407407407	0.2361111111111111	0.1792452830188679	1.028020523625857	1.3636363636363635	4.0
