ID	S1	S2	S1/Initiated Expression (IE_S1)	S1/Expression Repetition (ER_S1)	S1/tokens (%)	S2/Initiated Expression (IE_S2)	S2/Expression Repetition (ER_S2)	S2/tokens (%)	Voc. Overlap S1	Voc. Overlap S2	SR/S1/ELS	SR/S1/EV	SR/S1/ER	SR/S1/ENTR	SR/S1/L	SR/S1/LMAX	SR/S2/ELS	SR/S2/EV	SR/S2/ER	SR/S2/ENTR	SR/S2/L	SR/S2/LMAX
dialogue_txt	Human 1	Human 2	0.7906976744186046	0.15126050420168066	0.4473684210526316	0.20930232558139536	0.5306122448979592	0.5526315789473685	0.5714285714285714	0.5217391304347826	12.0	0.09448818897637795	0.3228346456692913	0.3372900666170139	1.125	3.0	25.0	0.16025641025641027	0.4807692307692308	0.8497511372532973	1.2758620689655173	2.0
