ID	S1	S2	S1/Initiated Expression (IE_S1)	S1/Expression Repetition (ER_S1)	S1/tokens (%)	S2/Initiated Expression (IE_S2)	S2/Expression Repetition (ER_S2)	S2/tokens (%)	Voc. Overlap S1	Voc. Overlap S2	SR/S1/ELS	SR/S1/EV	SR/S1/ER	SR/S1/ENTR	SR/S1/L	SR/S1/LMAX	SR/S2/ELS	SR/S2/EV	SR/S2/ER	SR/S2/ENTR	SR/S2/L	SR/S2/LMAX
dialogue_txt	Human 1	Human 2	0.5769230769230769	0.14285714285714285	0.4117647058823529	0.4230769230769231	0.2866666666666667	0.5882352941176471	0.34177215189873417	0.2621359223300971	8.0	0.07142857142857142	0.17857142857142858	-0.0	1.0	1.0	22.0	0.14102564102564102	0.3974358974358974	0.7745178605709557	1.2040816326530612	3.0
