ID	S1	S2	S1/Initiated Expression (IE_S1)	S1/Expression Repetition (ER_S1)	S1/tokens (%)	S2/Initiated Expression (IE_S2)	S2/Expression Repetition (ER_S2)	S2/tokens (%)	Voc. Overlap S1	Voc. Overlap S2	SR/S1/ELS	SR/S1/EV	SR/S1/ER	SR/S1/ENTR	SR/S1/L	SR/S1/LMAX	SR/S2/ELS	SR/S2/EV	SR/S2/ER	SR/S2/ENTR	SR/S2/L	SR/S2/LMAX
dialogue_txt	Human 1	Human 2	0.8181818181818182	0.09821428571428571	0.45528455284552843	0.18181818181818182	0.3805970149253731	0.5447154471544715	0.4805194805194805	0.40217391304347827	15.0	0.125	0.31666666666666665	0.43055186701043946	1.088235294117647	2.0	20.0	0.14084507042253522	0.3732394366197183	0.5586293734521992	1.1304347826086956	2.0
