ID	S1	S2	S1/Initiated Expression (IE_S1)	S1/Expression Repetition (ER_S1)	S1/tokens (%)	S2/Initiated Expression (IE_S2)	S2/Expression Repetition (ER_S2)	S2/tokens (%)	Voc. Overlap S1	Voc. Overlap S2	SR/S1/ELS	SR/S1/EV	SR/S1/ER	SR/S1/ENTR	SR/S1/L	SR/S1/LMAX	SR/S2/ELS	SR/S2/EV	SR/S2/ER	SR/S2/ENTR	SR/S2/L	SR/S2/LMAX
dialogue_txt	Human 1	Human 2	0.7380952380952381	0.21951219512195122	0.5103734439834025	0.2619047619047619	0.4915254237288136	0.4896265560165975	0.5194805194805194	0.547945205479452	22.0	0.16793893129770993	0.42748091603053434	0.6581912658132185	1.1702127659574468	2.0	19.0	0.15079365079365079	0.4523809523809524	0.4021791902022728	1.08	2.0
