ID	Num. utterances	Num. tokens	Expression Lexicon Size (ELS)	Expression Variety (EV)	Expression Repetition (ER)	Voc. Overlap	ENTR	L	LMAX
dialogue_txt	16.0	241.0	42.0	0.17427385892116182	0.35269709543568467	0.36363636363636365	1.0017713330250977	1.3061224489795917	3.0
