ID	S1	S2	S1/Initiated Expression (IE_S1)	S1/Expression Repetition (ER_S1)	S1/tokens (%)	S2/Initiated Expression (IE_S2)	S2/Expression Repetition (ER_S2)	S2/tokens (%)	Voc. Overlap S1	Voc. Overlap S2	SR/S1/ELS	SR/S1/EV	SR/S1/ER	SR/S1/ENTR	SR/S1/L	SR/S1/LMAX	SR/S2/ELS	SR/S2/EV	SR/S2/ER	SR/S2/ENTR	SR/S2/L	SR/S2/LMAX
dialogue_txt	Human 1	Human 2	0.8157894736842105	0.09821428571428571	0.5185185185185185	0.18421052631578946	0.6538461538461539	0.48148148148148145	0.5657894736842105	0.7288135593220338	11.0	0.09166666666666666	0.225	-0.0	1.0	1.0	16.0	0.14285714285714285	0.5357142857142857	1.5692016899005172	2.107142857142857	7.0
