ID	Num. utterances	Num. tokens	Expression Lexicon Size (ELS)	Expression Variety (EV)	Expression Repetition (ER)	Voc. Overlap	ENTR	L	LMAX
dialogue_txt	15.0	284.0	32.0	0.11267605633802817	0.2711267605633803	0.2518518518518518	0.46584917377204244	1.099009900990099	2.0
