ID	S1	S2	S1/Initiated Expression (IE_S1)	S1/Expression Repetition (ER_S1)	S1/tokens (%)	S2/Initiated Expression (IE_S2)	S2/Expression Repetition (ER_S2)	S2/tokens (%)	Voc. Overlap S1	Voc. Overlap S2	SR/S1/ELS	SR/S1/EV	SR/S1/ER	SR/S1/ENTR	SR/S1/L	SR/S1/LMAX	SR/S2/ELS	SR/S2/EV	SR/S2/ER	SR/S2/ENTR	SR/S2/L	SR/S2/LMAX
dialogue_txt	Human 1	Human 2	0.75	0.19205298013245034	0.4603658536585366	0.25	0.5254237288135594	0.5396341463414634	0.5	0.5104166666666666	20.0	0.12578616352201258	0.33962264150943394	0.9557047234094589	1.2820512820512822	3.0	38.0	0.20540540540540542	0.5783783783783784	0.9312434585979426	1.2804878048780488	4.0
