ID	S1	S2	S1/Initiated Expression (IE_S1)	S1/Expression Repetition (ER_S1)	S1/tokens (%)	S2/Initiated Expression (IE_S2)	S2/Expression Repetition (ER_S2)	S2/tokens (%)	Voc. Overlap S1	Voc. Overlap S2	SR/S1/ELS	SR/S1/EV	SR/S1/ER	SR/S1/ENTR	SR/S1/L	SR/S1/LMAX	SR/S2/ELS	SR/S2/EV	SR/S2/ER	SR/S2/ENTR	SR/S2/L	SR/S2/LMAX
dialogue_txt	Human 1	Human 2	0.75	0.21621621621621623	0.5016949152542373	0.25	0.43537414965986393	0.49830508474576274	0.422680412371134	0.4659090909090909	16.0	0.1032258064516129	0.2838709677419355	0.512709142030877	1.1142857142857143	2.0	24.0	0.15483870967741936	0.4645161290322581	0.9188843576157453	1.2641509433962264	3.0
