ID	Num. utterances	Num. tokens	Expression Lexicon Size (ELS)	Expression Variety (EV)	Expression Repetition (ER)	Voc. Overlap	ENTR	L	LMAX
dialogue_txt	16.0	300.0	43.0	0.14333333333333334	0.26666666666666666	0.2777777777777778	0.7061902263258675	1.188034188034188	3.0
