ID	Num. utterances	Num. tokens	Expression Lexicon Size (ELS)	Expression Variety (EV)	Expression Repetition (ER)	Voc. Overlap	ENTR	L	LMAX
dialogue_txt	17.0	293.0	26.0	0.08873720136518772	0.2593856655290102	0.19858156028368795	0.5175589658450723	1.1149425287356323	3.0
