ID	Num. utterances	Num. tokens	Expression Lexicon Size (ELS)	Expression Variety (EV)	Expression Repetition (ER)	Voc. Overlap	ENTR	L	LMAX
dialogue_txt	16.0	323.0	46.0	0.14241486068111456	0.3746130030959752	0.30597014925373134	1.1049290633994797	1.3587786259541985	4.0
