ID	S1	S2	S1/Initiated Expression (IE_S1)	S1/Expression Repetition (ER_S1)	S1/tokens (%)	S2/Initiated Expression (IE_S2)	S2/Expression Repetition (ER_S2)	S2/tokens (%)	Voc. Overlap S1	Voc. Overlap S2	SR/S1/ELS	SR/S1/EV	SR/S1/ER	SR/S1/ENTR	SR/S1/L	SR/S1/LMAX	SR/S2/ELS	SR/S2/EV	SR/S2/ER	SR/S2/ENTR	SR/S2/L	SR/S2/LMAX
dialogue_txt	Human 1	Human 2	0.5416666666666666	0.18181818181818182	0.4024390243902439	0.4583333333333333	0.2857142857142857	0.5975609756097561	0.49122807017543857	0.417910447761194	3.0	0.0410958904109589	0.0821917808219178	-0.0	1.0	1.0	13.0	0.12380952380952381	0.3142857142857143	0.7495952572594798	1.2142857142857142	2.0
