ID	S1	S2	S1/Initiated Expression (IE_S1)	S1/Expression Repetition (ER_S1)	S1/tokens (%)	S2/Initiated Expression (IE_S2)	S2/Expression Repetition (ER_S2)	S2/tokens (%)	Voc. Overlap S1	Voc. Overlap S2	SR/S1/ELS	SR/S1/EV	SR/S1/ER	SR/S1/ENTR	SR/S1/L	SR/S1/LMAX	SR/S2/ELS	SR/S2/EV	SR/S2/ER	SR/S2/ENTR	SR/S2/L	SR/S2/LMAX
dialogue_txt	Human 1	Human 2	0.5714285714285714	0.16964285714285715	0.4148148148148148	0.42857142857142855	0.3037974683544304	0.5851851851851851	0.38461538461538464	0.3157894736842105	16.0	0.13333333333333333	0.35833333333333334	0.5032583347756457	1.1111111111111112	2.0	27.0	0.16265060240963855	0.4879518072289157	1.119648241796936	1.3666666666666667	4.0
