ID	Num. utterances	Num. tokens	Expression Lexicon Size (ELS)	Expression Variety (EV)	Expression Repetition (ER)	Voc. Overlap	ENTR	L	LMAX
dialogue_txt	14.0	286.0	28.0	0.0979020979020979	0.23426573426573427	0.20149253731343283	0.7694449140302984	1.2045454545454546	3.0
