ID	Num. utterances	Num. tokens	Expression Lexicon Size (ELS)	Expression Variety (EV)	Expression Repetition (ER)	Voc. Overlap	ENTR	L	LMAX
dialogue_txt	15.0	194.0	26.0	0.13402061855670103	0.36597938144329895	0.4027777777777778	1.2818023667963532	1.4666666666666666	4.0
