ID	Num. utterances	Num. tokens	Expression Lexicon Size (ELS)	Expression Variety (EV)	Expression Repetition (ER)	Voc. Overlap	ENTR	L	LMAX
dialogue_txt	14.0	273.0	33.0	0.12087912087912088	0.34798534798534797	0.3089430894308943	0.6575833179296986	1.191304347826087	5.0
