ID	Num. utterances	Num. tokens	Expression Lexicon Size (ELS)	Expression Variety (EV)	Expression Repetition (ER)	Voc. Overlap	ENTR	L	LMAX
dialogue_txt	17.0	374.0	52.0	0.13903743315508021	0.4197860962566845	0.3986013986013986	1.7857198954658489	2.234782608695652	18.0
