ID	Num. utterances	Num. tokens	Expression Lexicon Size (ELS)	Expression Variety (EV)	Expression Repetition (ER)	Voc. Overlap	ENTR	L	LMAX
dialogue_txt	16.0	251.0	32.0	0.12749003984063745	0.2749003984063745	0.24031007751937986	0.46206632763553934	1.0978260869565217	2.0
