ID	Num. utterances	Num. tokens	Expression Lexicon Size (ELS)	Expression Variety (EV)	Expression Repetition (ER)	Voc. Overlap	ENTR	L	LMAX
dialogue_txt	15.0	233.0	35.0	0.15021459227467812	0.3133047210300429	0.3157894736842105	0.9583913180484173	1.3295454545454546	6.0
