ID	Num. utterances	Num. tokens	Expression Lexicon Size (ELS)	Expression Variety (EV)	Expression Repetition (ER)	Voc. Overlap	ENTR	L	LMAX
dialogue_txt	15.0	164.0	27.0	0.16463414634146342	0.27439024390243905	0.32941176470588235	0.9996999491704274	1.3448275862068966	4.0
