ID	S1	S2	S1/Initiated Expression (IE_S1)	S1/Expression Repetition (ER_S1)	S1/tokens (%)	S2/Initiated Expression (IE_S2)	S2/Expression Repetition (ER_S2)	S2/tokens (%)	Voc. Overlap S1	Voc. Overlap S2	SR/S1/ELS	SR/S1/EV	SR/S1/ER	SR/S1/ENTR	SR/S1/L	SR/S1/LMAX	SR/S2/ELS	SR/S2/EV	SR/S2/ER	SR/S2/ENTR	SR/S2/L	SR/S2/LMAX
dialogue_txt	Human 1	Human 2	0.7727272727272727	0.1746987951807229	0.532051282051282	0.22727272727272727	0.4863013698630137	0.46794871794871795	0.46788990825688076	0.504950495049505	19.0	0.10919540229885058	0.3160919540229885	0.760658476840993	1.2564102564102564	4.0	18.0	0.11612903225806452	0.3548387096774194	0.6889489510935038	1.2222222222222223	3.0
