ID	S1	S2	S1/Initiated Expression (IE_S1)	S1/Expression Repetition (ER_S1)	S1/tokens (%)	S2/Initiated Expression (IE_S2)	S2/Expression Repetition (ER_S2)	S2/tokens (%)	Voc. Overlap S1	Voc. Overlap S2	SR/S1/ELS	SR/S1/EV	SR/S1/ER	SR/S1/ENTR	SR/S1/L	SR/S1/LMAX	SR/S2/ELS	SR/S2/EV	SR/S2/ER	SR/S2/ENTR	SR/S2/L	SR/S2/LMAX
dialogue_txt	Human 1	Human 2	0.7368421052631579	0.17117117117117117	0.4036363636363636	0.2631578947368421	0.35365853658536583	0.5963636363636363	0.4675324675324675	0.3711340206185567	12.0	0.10084033613445378	0.2857142857142857	-0.0	1.0	1.0	23.0	0.13372093023255813	0.45348837209302323	1.0089847317410945	1.3157894736842106	3.0
