ID	S1	S2	S1/Initiated Expression (IE_S1)	S1/Expression Repetition (ER_S1)	S1/tokens (%)	S2/Initiated Expression (IE_S2)	S2/Expression Repetition (ER_S2)	S2/tokens (%)	Voc. Overlap S1	Voc. Overlap S2	SR/S1/ELS	SR/S1/EV	SR/S1/ER	SR/S1/ENTR	SR/S1/L	SR/S1/LMAX	SR/S2/ELS	SR/S2/EV	SR/S2/ER	SR/S2/ENTR	SR/S2/L	SR/S2/LMAX
dialogue_txt	Human 1	Human 2	0.8181818181818182	0.15315315315315314	0.4625	0.18181818181818182	0.6589147286821705	0.5375	0.6	0.6521739130434783	15.0	0.1271186440677966	0.3644067796610169	1.014097655573916	1.3125	3.0	31.0	0.22627737226277372	0.5912408759124088	0.9181984234726618	1.2698412698412698	3.0
