ID	Num. utterances	Num. tokens	Expression Lexicon Size (ELS)	Expression Variety (EV)	Expression Repetition (ER)	Voc. Overlap	ENTR	L	LMAX
dialogue_txt	18.0	288.0	30.0	0.10416666666666667	0.2152777777777778	0.21019108280254778	0.6549921407827404	1.1566265060240963	3.0
