ID	S1	S2	S1/Initiated Expression (IE_S1)	S1/Expression Repetition (ER_S1)	S1/tokens (%)	S2/Initiated Expression (IE_S2)	S2/Expression Repetition (ER_S2)	S2/tokens (%)	Voc. Overlap S1	Voc. Overlap S2	SR/S1/ELS	SR/S1/EV	SR/S1/ER	SR/S1/ENTR	SR/S1/L	SR/S1/LMAX	SR/S2/ELS	SR/S2/EV	SR/S2/ER	SR/S2/ENTR	SR/S2/L	SR/S2/LMAX
dialogue_txt	Human 1	Human 2	0.8518518518518519	0.08974358974358974	0.47560975609756095	0.14814814814814814	0.5116279069767442	0.524390243902439	0.5964912280701754	0.576271186440678	7.0	0.08333333333333333	0.2261904761904762	0.5435644431995964	1.125	2.0	12.0	0.12903225806451613	0.41935483870967744	0.9864267287308424	2.111111111111111	10.0
