ID	S1	S2	S1/Initiated Expression (IE_S1)	S1/Expression Repetition (ER_S1)	S1/tokens (%)	S2/Initiated Expression (IE_S2)	S2/Expression Repetition (ER_S2)	S2/tokens (%)	Voc. Overlap S1	Voc. Overlap S2	SR/S1/ELS	SR/S1/EV	SR/S1/ER	SR/S1/ENTR	SR/S1/L	SR/S1/LMAX	SR/S2/ELS	SR/S2/EV	SR/S2/ER	SR/S2/ENTR	SR/S2/L	SR/S2/LMAX
dialogue_txt	Human 1	Human 2	0.5217391304347826	0.23157894736842105	0.4797979797979798	0.4782608695652174	0.3786407766990291	0.5202020202020202	0.38461538461538464	0.44642857142857145	10.0	0.0970873786407767	0.27184466019417475	0.4021791902022728	1.08	2.0	15.0	0.13513513513513514	0.5585585585585585	1.496640762186858	2.0625	8.0
