ID	Num. utterances	Num. tokens	Expression Lexicon Size (ELS)	Expression Variety (EV)	Expression Repetition (ER)	Voc. Overlap	ENTR	L	LMAX
dialogue_txt	16.0	197.0	22.0	0.1116751269035533	0.2233502538071066	0.20388349514563106	0.5665095065529053	1.1333333333333333	2.0
