ID	Num. utterances	Num. tokens	Expression Lexicon Size (ELS)	Expression Variety (EV)	Expression Repetition (ER)	Voc. Overlap	ENTR	L	LMAX
dialogue_txt	16.0	217.0	33.0	0.15207373271889402	0.4423963133640553	0.5333333333333333	1.2431824442267896	1.4545454545454546	6.0
