ID	Num. utterances	Num. tokens	Expression Lexicon Size (ELS)	Expression Variety (EV)	Expression Repetition (ER)	Voc. Overlap	ENTR	L	LMAX
dialogue_txt	19.0	207.0	33.0	0.15942028985507245	0.3961352657004831	0.3372093023255814	1.3985764322465772	1.5348837209302326	4.0
