ID	S1	S2	S1/Initiated Expression (IE_S1)	S1/Expression Repetition (ER_S1)	S1/tokens (%)	S2/Initiated Expression (IE_S2)	S2/Expression Repetition (ER_S2)	S2/tokens (%)	Voc. Overlap S1	Voc. Overlap S2	SR/S1/ELS	SR/S1/EV	SR/S1/ER	SR/S1/ENTR	SR/S1/L	SR/S1/LMAX	SR/S2/ELS	SR/S2/EV	SR/S2/ER	SR/S2/ENTR	SR/S2/L	SR/S2/LMAX
dialogue_txt	Human 1	Human 2	0.7741935483870968	0.1452991452991453	0.36908517350157727	0.22580645161290322	0.515	0.6309148264984227	0.6811594202898551	0.46534653465346537	19.0	0.15079365079365079	0.4126984126984127	1.242370874393215	1.457142857142857	3.0	42.0	0.20095693779904306	0.5933014354066986	1.1134781537326432	1.3820224719101124	5.0
