ID	Num. utterances	Num. tokens	Expression Lexicon Size (ELS)	Expression Variety (EV)	Expression Repetition (ER)	Voc. Overlap	ENTR	L	LMAX
dialogue_txt	19.0	449.0	68.0	0.1514476614699332	0.40089086859688194	0.35638297872340424	0.9296977035953777	1.2701421800947867	5.0
