ID	Num. utterances	Num. tokens	Expression Lexicon Size (ELS)	Expression Variety (EV)	Expression Repetition (ER)	Voc. Overlap	ENTR	L	LMAX
dialogue_txt	17.0	284.0	49.0	0.17253521126760563	0.38028169014084506	0.3816793893129771	0.7907407082529053	1.2142857142857142	4.0
