ID	S1	S2	S1/Initiated Expression (IE_S1)	S1/Expression Repetition (ER_S1)	S1/tokens (%)	S2/Initiated Expression (IE_S2)	S2/Expression Repetition (ER_S2)	S2/tokens (%)	Voc. Overlap S1	Voc. Overlap S2	SR/S1/ELS	SR/S1/EV	SR/S1/ER	SR/S1/ENTR	SR/S1/L	SR/S1/LMAX	SR/S2/ELS	SR/S2/EV	SR/S2/ER	SR/S2/ENTR	SR/S2/L	SR/S2/LMAX
dialogue_txt	Human 1	Human 2	0.7959183673469388	0.21008403361344538	0.41901408450704225	0.20408163265306123	0.503030303030303	0.5809859154929577	0.5952380952380952	0.5154639175257731	12.0	0.09448818897637795	0.3228346456692913	0.3372900666170139	1.125	3.0	29.0	0.16666666666666666	0.5344827586206896	0.6959695858135277	1.1866666666666668	3.0
