ID	Num. utterances	Num. tokens	Expression Lexicon Size (ELS)	Expression Variety (EV)	Expression Repetition (ER)	Voc. Overlap	ENTR	L	LMAX
dialogue_txt	16.0	328.0	49.0	0.14939024390243902	0.3231707317073171	0.35766423357664234	1.409523788719139	1.5714285714285714	6.0
