ID	Num. utterances	Num. tokens	Expression Lexicon Size (ELS)	Expression Variety (EV)	Expression Repetition (ER)	Voc. Overlap	ENTR	L	LMAX
dialogue_txt	15.0	228.0	27.0	0.11842105263157894	0.2719298245614035	0.2689075630252101	1.0159180833727337	1.3157894736842106	4.0
