ID	Num. utterances	Num. tokens	Expression Lexicon Size (ELS)	Expression Variety (EV)	Expression Repetition (ER)	Voc. Overlap	ENTR	L	LMAX
dialogue_txt	18.0	181.0	30.0	0.16574585635359115	0.32044198895027626	0.36046511627906974	0.66046212049841	1.1585365853658536	3.0
