ID	S1	S2	S1/Initiated Expression (IE_S1)	S1/Expression Repetition (ER_S1)	S1/tokens (%)	S2/Initiated Expression (IE_S2)	S2/Expression Repetition (ER_S2)	S2/tokens (%)	Voc. Overlap S1	Voc. Overlap S2	SR/S1/ELS	SR/S1/EV	SR/S1/ER	SR/S1/ENTR	SR/S1/L	SR/S1/LMAX	SR/S2/ELS	SR/S2/EV	SR/S2/ER	SR/S2/ENTR	SR/S2/L	SR/S2/LMAX
dialogue_txt	Human 1	Human 2	0.75	0.20945945945945946	0.5016949152542373	0.25	0.48299319727891155	0.49830508474576274	0.5172413793103449	0.5294117647058824	22.0	0.14102564102564102	0.4230769230769231	0.8176338568998316	1.22	3.0	22.0	0.14193548387096774	0.44516129032258067	1.010281723600417	1.3137254901960784	3.0
