ID	S1	S2	S1/Initiated Expression (IE_S1)	S1/Expression Repetition (ER_S1)	S1/tokens (%)	S2/Initiated Expression (IE_S2)	S2/Expression Repetition (ER_S2)	S2/tokens (%)	Voc. Overlap S1	Voc. Overlap S2	SR/S1/ELS	SR/S1/EV	SR/S1/ER	SR/S1/ENTR	SR/S1/L	SR/S1/LMAX	SR/S2/ELS	SR/S2/EV	SR/S2/ER	SR/S2/ENTR	SR/S2/L	SR/S2/LMAX
dialogue_txt	Human 1	Human 2	0.5294117647058824	0.23809523809523808	0.5017064846416383	0.47058823529411764	0.3219178082191781	0.49829351535836175	0.42696629213483145	0.4935064935064935	19.0	0.12337662337662338	0.37012987012987014	1.0369678910772295	1.3243243243243243	3.0	24.0	0.1568627450980392	0.5947712418300654	1.7016559665024595	2.1951219512195124	10.0
