ID	S1	S2	S1/Initiated Expression (IE_S1)	S1/Expression Repetition (ER_S1)	S1/tokens (%)	S2/Initiated Expression (IE_S2)	S2/Expression Repetition (ER_S2)	S2/tokens (%)	Voc. Overlap S1	Voc. Overlap S2	SR/S1/ELS	SR/S1/EV	SR/S1/ER	SR/S1/ENTR	SR/S1/L	SR/S1/LMAX	SR/S2/ELS	SR/S2/EV	SR/S2/ER	SR/S2/ENTR	SR/S2/L	SR/S2/LMAX
dialogue_txt	Human 1	Human 2	0.64	0.1523809523809524	0.4150197628458498	0.36	0.30405405405405406	0.5849802371541502	0.35443037974683544	0.2857142857142857	8.0	0.07142857142857142	0.17857142857142858	-0.0	1.0	1.0	22.0	0.14285714285714285	0.45454545454545453	1.2501390309288354	1.4680851063829787	3.0
