ID	S1	S2	S1/Initiated Expression (IE_S1)	S1/Expression Repetition (ER_S1)	S1/tokens (%)	S2/Initiated Expression (IE_S2)	S2/Expression Repetition (ER_S2)	S2/tokens (%)	Voc. Overlap S1	Voc. Overlap S2	SR/S1/ELS	SR/S1/EV	SR/S1/ER	SR/S1/ENTR	SR/S1/L	SR/S1/LMAX	SR/S2/ELS	SR/S2/EV	SR/S2/ER	SR/S2/ENTR	SR/S2/L	SR/S2/LMAX
dialogue_txt	Human 1	Human 2	0.84	0.14492753623188406	0.35751295336787564	0.16	0.3709677419354839	0.6424870466321243	0.5263157894736842	0.4	6.0	0.07894736842105263	0.18421052631578946	-0.0	1.0	1.0	18.0	0.13636363636363635	0.45454545454545453	1.0622767441345808	1.3488372093023255	3.0
