ID	S1	S2	S1/Initiated Expression (IE_S1)	S1/Expression Repetition (ER_S1)	S1/tokens (%)	S2/Initiated Expression (IE_S2)	S2/Expression Repetition (ER_S2)	S2/tokens (%)	Voc. Overlap S1	Voc. Overlap S2	SR/S1/ELS	SR/S1/EV	SR/S1/ER	SR/S1/ENTR	SR/S1/L	SR/S1/LMAX	SR/S2/ELS	SR/S2/EV	SR/S2/ER	SR/S2/ENTR	SR/S2/L	SR/S2/LMAX
dialogue_txt	Human 1	Human 2	0.7894736842105263	0.1864406779661017	0.3155080213903743	0.21052631578947367	0.515625	0.6844919786096256	0.7441860465116279	0.49230769230769234	8.0	0.11940298507462686	0.31343283582089554	-0.0	1.0	1.0	29.0	0.21323529411764705	0.5808823529411765	1.2407635063958526	1.4545454545454546	3.0
