ID	Num. utterances	Num. tokens	Expression Lexicon Size (ELS)	Expression Variety (EV)	Expression Repetition (ER)	Voc. Overlap	ENTR	L	LMAX
dialogue_txt	16.0	187.0	38.0	0.20320855614973263	0.4117647058823529	0.42105263157894735	1.1460052473740423	1.3908045977011494	3.0
