ID	Num. utterances	Num. tokens	Expression Lexicon Size (ELS)	Expression Variety (EV)	Expression Repetition (ER)	Voc. Overlap	ENTR	L	LMAX
dialogue_txt	14.0	215.0	33.0	0.15348837209302327	0.28837209302325584	0.3217391304347826	1.0199982742066709	1.3333333333333333	3.0
