ID	Num. utterances	Num. tokens	Expression Lexicon Size (ELS)	Expression Variety (EV)	Expression Repetition (ER)	Voc. Overlap	ENTR	L	LMAX
dialogue_txt	16.0	302.0	33.0	0.10927152317880795	0.25496688741721857	0.2553191489361702	0.7161757479935178	1.1944444444444444	3.0
