ID	S1	S2	S1/Initiated Expression (IE_S1)	S1/Expression Repetition (ER_S1)	S1/tokens (%)	S2/Initiated Expression (IE_S2)	S2/Expression Repetition (ER_S2)	S2/tokens (%)	Voc. Overlap S1	Voc. Overlap S2	SR/S1/ELS	SR/S1/EV	SR/S1/ER	SR/S1/ENTR	SR/S1/L	SR/S1/LMAX	SR/S2/ELS	SR/S2/EV	SR/S2/ER	SR/S2/ENTR	SR/S2/L	SR/S2/LMAX
dialogue_txt	Human 1	Human 2	0.6666666666666666	0.1678832116788321	0.45364238410596025	0.3333333333333333	0.32727272727272727	0.5463576158940397	0.4090909090909091	0.4044943820224719	14.0	0.09655172413793103	0.296551724137931	0.8503259045049341	1.3214285714285714	4.0	28.0	0.16184971098265896	0.5433526011560693	1.6668011950860027	1.7413793103448276	5.0
