ID	Num. utterances	Num. tokens	Expression Lexicon Size (ELS)	Expression Variety (EV)	Expression Repetition (ER)	Voc. Overlap	ENTR	L	LMAX
dialogue_txt	14.0	219.0	27.0	0.1232876712328767	0.3105022831050228	0.29591836734693877	1.291515486399614	1.5507246376811594	6.0
