ID	S1	S2	S1/Initiated Expression (IE_S1)	S1/Expression Repetition (ER_S1)	S1/tokens (%)	S2/Initiated Expression (IE_S2)	S2/Expression Repetition (ER_S2)	S2/tokens (%)	Voc. Overlap S1	Voc. Overlap S2	SR/S1/ELS	SR/S1/EV	SR/S1/ER	SR/S1/ENTR	SR/S1/L	SR/S1/LMAX	SR/S2/ELS	SR/S2/EV	SR/S2/ER	SR/S2/ENTR	SR/S2/L	SR/S2/LMAX
dialogue_txt	Human 1	Human 2	0.8260869565217391	0.10666666666666667	0.3488372093023256	0.17391304347826086	0.2785714285714286	0.6511627906976745	0.4262295081967213	0.3466666666666667	7.0	0.08433734939759036	0.18072289156626506	0.6193821946787638	1.1538461538461537	2.0	25.0	0.16891891891891891	0.5405405405405406	1.1861447090189017	1.58	7.0
