ID	Num. utterances	Num. tokens	Expression Lexicon Size (ELS)	Expression Variety (EV)	Expression Repetition (ER)	Voc. Overlap	ENTR	L	LMAX
dialogue_txt	16.0	140.0	13.0	0.09285714285714286	0.14285714285714285	0.19230769230769232	0.32984607020714635	1.121212121212121	3.0
