ID	Num. utterances	Num. tokens	Expression Lexicon Size (ELS)	Expression Variety (EV)	Expression Repetition (ER)	Voc. Overlap	ENTR	L	LMAX
dialogue_txt	15.0	312.0	45.0	0.14423076923076922	0.3141025641025641	0.2903225806451613	0.8792780951094986	1.246031746031746	3.0
