ID	Num. utterances	Num. tokens	Expression Lexicon Size (ELS)	Expression Variety (EV)	Expression Repetition (ER)	Voc. Overlap	ENTR	L	LMAX
dialogue_txt	17.0	222.0	23.0	0.1036036036036036	0.24324324324324326	0.24770642201834864	0.7483265504380476	1.2903225806451613	5.0
