ID	Num. utterances	Num. tokens	Expression Lexicon Size (ELS)	Expression Variety (EV)	Expression Repetition (ER)	Voc. Overlap	ENTR	L	LMAX
dialogue_txt	17.0	324.0	48.0	0.14814814814814814	0.3148148148148148	0.294478527607362	0.569190343735683	1.1343283582089552	2.0
