ID	S1	S2	S1/Initiated Expression (IE_S1)	S1/Expression Repetition (ER_S1)	S1/tokens (%)	S2/Initiated Expression (IE_S2)	S2/Expression Repetition (ER_S2)	S2/tokens (%)	Voc. Overlap S1	Voc. Overlap S2	SR/S1/ELS	SR/S1/EV	SR/S1/ER	SR/S1/ENTR	SR/S1/L	SR/S1/LMAX	SR/S2/ELS	SR/S2/EV	SR/S2/ER	SR/S2/ENTR	SR/S2/L	SR/S2/LMAX
dialogue_txt	Human 1	Human 2	0.7608695652173914	0.19708029197080293	0.46440677966101696	0.2391304347826087	0.47468354430379744	0.535593220338983	0.5340909090909091	0.47959183673469385	14.0	0.09655172413793103	0.296551724137931	0.8503259045049341	1.3214285714285714	4.0	20.0	0.12048192771084337	0.4036144578313253	0.7367680100024783	1.2075471698113207	2.0
