ID	Num. utterances	Num. tokens	Expression Lexicon Size (ELS)	Expression Variety (EV)	Expression Repetition (ER)	Voc. Overlap	ENTR	L	LMAX
dialogue_txt	13.0	192.0	29.0	0.15104166666666666	0.2916666666666667	0.30392156862745096	0.46637036556720757	1.103896103896104	3.0
