ID	Num. utterances	Num. tokens	Expression Lexicon Size (ELS)	Expression Variety (EV)	Expression Repetition (ER)	Voc. Overlap	ENTR	L	LMAX
dialogue_txt	16.0	308.0	53.0	0.17207792207792208	0.4090909090909091	0.4369747899159664	0.8459276349079541	1.2466666666666666	5.0
