ID	Num. utterances	Num. tokens	Expression Lexicon Size (ELS)	Expression Variety (EV)	Expression Repetition (ER)	Voc. Overlap	ENTR	L	LMAX
dialogue_txt	19.0	227.0	26.0	0.1145374449339207	0.2599118942731278	0.21367521367521367	0.8879763195151349	1.3055555555555556	2.0
