ID	Num. utterances	Num. tokens	Expression Lexicon Size (ELS)	Expression Variety (EV)	Expression Repetition (ER)	Voc. Overlap	ENTR	L	LMAX
dialogue_txt	14.0	278.0	31.0	0.11151079136690648	0.31654676258992803	0.2689075630252101	0.7508446639457529	1.2149532710280373	2.0
