ID	Num. utterances	Num. tokens	Expression Lexicon Size (ELS)	Expression Variety (EV)	Expression Repetition (ER)	Voc. Overlap	ENTR	L	LMAX
dialogue_txt	16.0	227.0	27.0	0.11894273127753303	0.2599118942731278	0.2413793103448276	0.27866980356389914	1.0481927710843373	2.0
