ID	Num. utterances	Num. tokens	Expression Lexicon Size (ELS)	Expression Variety (EV)	Expression Repetition (ER)	Voc. Overlap	ENTR	L	LMAX
dialogue_txt	16.0	124.0	20.0	0.16129032258064516	0.3225806451612903	0.36666666666666664	0.6500224216483541	1.1666666666666667	2.0
