ID	S1	S2	S1/Initiated Expression (IE_S1)	S1/Expression Repetition (ER_S1)	S1/tokens (%)	S2/Initiated Expression (IE_S2)	S2/Expression Repetition (ER_S2)	S2/tokens (%)	Voc. Overlap S1	Voc. Overlap S2	SR/S1/ELS	SR/S1/EV	SR/S1/ER	SR/S1/ENTR	SR/S1/L	SR/S1/LMAX	SR/S2/ELS	SR/S2/EV	SR/S2/ER	SR/S2/ENTR	SR/S2/L	SR/S2/LMAX
dialogue_txt	Human 1	Human 2	0.7441860465116279	0.23404255319148937	0.5136612021857924	0.2558139534883721	0.37640449438202245	0.48633879781420764	0.40384615384615385	0.4	22.0	0.1116751269035533	0.40609137055837563	0.9106559588025549	1.26	3.0	32.0	0.1711229946524064	0.5187165775401069	1.2399349878236574	1.4507042253521127	5.0
