ID	Num. utterances	Num. tokens	Expression Lexicon Size (ELS)	Expression Variety (EV)	Expression Repetition (ER)	Voc. Overlap	ENTR	L	LMAX
dialogue_txt	16.0	296.0	40.0	0.13513513513513514	0.30067567567567566	0.2857142857142857	0.7522759607993073	1.2105263157894737	4.0
