ID	Num. utterances	Num. tokens	Expression Lexicon Size (ELS)	Expression Variety (EV)	Expression Repetition (ER)	Voc. Overlap	ENTR	L	LMAX
dialogue_txt	16.0	265.0	38.0	0.14339622641509434	0.3018867924528302	0.33070866141732286	1.4405464535323171	1.6043956043956045	6.0
