ID	S1	S2	S1/Initiated Expression (IE_S1)	S1/Expression Repetition (ER_S1)	S1/tokens (%)	S2/Initiated Expression (IE_S2)	S2/Expression Repetition (ER_S2)	S2/tokens (%)	Voc. Overlap S1	Voc. Overlap S2	SR/S1/ELS	SR/S1/EV	SR/S1/ER	SR/S1/ENTR	SR/S1/L	SR/S1/LMAX	SR/S2/ELS	SR/S2/EV	SR/S2/ER	SR/S2/ENTR	SR/S2/L	SR/S2/LMAX
dialogue_txt	Human 1	Human 2	0.8571428571428571	0.15436241610738255	0.4983277591973244	0.14285714285714285	0.6333333333333333	0.5016722408026756	0.4489795918367347	0.5641025641025641	14.0	0.08974358974358974	0.27564102564102566	0.7355085815538398	1.206896551724138	2.0	34.0	0.21656050955414013	0.6305732484076433	1.1770573992600006	1.5076923076923077	6.0
