ID	S1	S2	S1/Initiated Expression (IE_S1)	S1/Expression Repetition (ER_S1)	S1/tokens (%)	S2/Initiated Expression (IE_S2)	S2/Expression Repetition (ER_S2)	S2/tokens (%)	Voc. Overlap S1	Voc. Overlap S2	SR/S1/ELS	SR/S1/EV	SR/S1/ER	SR/S1/ENTR	SR/S1/L	SR/S1/LMAX	SR/S2/ELS	SR/S2/EV	SR/S2/ER	SR/S2/ENTR	SR/S2/L	SR/S2/LMAX
dialogue_txt	Human 1	Human 2	0.6071428571428571	0.20535714285714285	0.39436619718309857	0.39285714285714285	0.23255813953488372	0.6056338028169014	0.3974358974358974	0.2719298245614035	16.0	0.13333333333333333	0.35833333333333334	0.5032583347756457	1.1111111111111112	2.0	23.0	0.12777777777777777	0.3888888888888889	0.7253759284051439	1.2222222222222223	4.0
