ID	S1	S2	S1/Initiated Expression (IE_S1)	S1/Expression Repetition (ER_S1)	S1/tokens (%)	S2/Initiated Expression (IE_S2)	S2/Expression Repetition (ER_S2)	S2/tokens (%)	Voc. Overlap S1	Voc. Overlap S2	SR/S1/ELS	SR/S1/EV	SR/S1/ER	SR/S1/ENTR	SR/S1/L	SR/S1/LMAX	SR/S2/ELS	SR/S2/EV	SR/S2/ER	SR/S2/ENTR	SR/S2/L	SR/S2/LMAX
dialogue_txt	Human 1	Human 2	0.8888888888888888	0.044444444444444446	0.33088235294117646	0.1111111111111111	0.2857142857142857	0.6691176470588235	0.5714285714285714	0.3389830508474576	4.0	0.07547169811320754	0.16981132075471697	0.863120568566631	1.2857142857142858	2.0	17.0	0.1717171717171717	0.3939393939393939	0.31599713297842463	1.0571428571428572	2.0
