ID	S1	S2	S1/Initiated Expression (IE_S1)	S1/Expression Repetition (ER_S1)	S1/tokens (%)	S2/Initiated Expression (IE_S2)	S2/Expression Repetition (ER_S2)	S2/tokens (%)	Voc. Overlap S1	Voc. Overlap S2	SR/S1/ELS	SR/S1/EV	SR/S1/ER	SR/S1/ENTR	SR/S1/L	SR/S1/LMAX	SR/S2/ELS	SR/S2/EV	SR/S2/ER	SR/S2/ENTR	SR/S2/L	SR/S2/LMAX
dialogue_txt	Human 1	Human 2	0.5333333333333333	0.23636363636363636	0.275	0.4666666666666667	0.1724137931034483	0.725	0.40476190476190477	0.2537313432835821	5.0	0.08064516129032258	0.1935483870967742	0.8112781244591328	1.5	3.0	23.0	0.1503267973856209	0.6470588235294118	1.9971596310366764	2.3333333333333335	11.0
