ID	Num. utterances	Num. tokens	Expression Lexicon Size (ELS)	Expression Variety (EV)	Expression Repetition (ER)	Voc. Overlap	ENTR	L	LMAX
dialogue_txt	15.0	218.0	24.0	0.11009174311926606	0.27522935779816515	0.2222222222222222	0.49418293484978865	1.1081081081081081	2.0
