ID	S1	S2	S1/Initiated Expression (IE_S1)	S1/Expression Repetition (ER_S1)	S1/tokens (%)	S2/Initiated Expression (IE_S2)	S2/Expression Repetition (ER_S2)	S2/tokens (%)	Voc. Overlap S1	Voc. Overlap S2	SR/S1/ELS	SR/S1/EV	SR/S1/ER	SR/S1/ENTR	SR/S1/L	SR/S1/LMAX	SR/S2/ELS	SR/S2/EV	SR/S2/ER	SR/S2/ENTR	SR/S2/L	SR/S2/LMAX
dialogue_txt	Human 1	Human 2	0.675	0.20689655172413793	0.3918918918918919	0.325	0.3388888888888889	0.6081081081081081	0.4875	0.3786407766990291	11.0	0.088	0.24	-0.0	1.0	1.0	33.0	0.1736842105263158	0.45263157894736844	0.8402626506038277	1.2285714285714286	3.0
