ID	Num. utterances	Num. tokens	Expression Lexicon Size (ELS)	Expression Variety (EV)	Expression Repetition (ER)	Voc. Overlap	ENTR	L	LMAX
dialogue_txt	14.0	277.0	38.0	0.1371841155234657	0.2743682310469314	0.2482758620689655	0.8676971968513674	1.2446808510638299	3.0
