ID	Num. utterances	Num. tokens	Expression Lexicon Size (ELS)	Expression Variety (EV)	Expression Repetition (ER)	Voc. Overlap	ENTR	L	LMAX
dialogue_txt	15.0	208.0	33.0	0.15865384615384615	0.2980769230769231	0.3229166666666667	0.818125409661201	1.2439024390243902	4.0
