ID	S1	S2	S1/Initiated Expression (IE_S1)	S1/Expression Repetition (ER_S1)	S1/tokens (%)	S2/Initiated Expression (IE_S2)	S2/Expression Repetition (ER_S2)	S2/tokens (%)	Voc. Overlap S1	Voc. Overlap S2	SR/S1/ELS	SR/S1/EV	SR/S1/ER	SR/S1/ENTR	SR/S1/L	SR/S1/LMAX	SR/S2/ELS	SR/S2/EV	SR/S2/ER	SR/S2/ENTR	SR/S2/L	SR/S2/LMAX
dialogue_txt	Human 1	Human 2	0.9090909090909091	0.044444444444444446	0.23076923076923078	0.09090909090909091	0.12	0.7692307692307693	0.4	0.17721518987341772	4.0	0.07547169811320754	0.16981132075471697	0.863120568566631	1.2857142857142858	2.0	24.0	0.1518987341772152	0.5569620253164557	1.929614262000522	2.1363636363636362	5.0
