ID	Num. utterances	Num. tokens	Expression Lexicon Size (ELS)	Expression Variety (EV)	Expression Repetition (ER)	Voc. Overlap	ENTR	L	LMAX
dialogue_txt	16.0	249.0	37.0	0.14859437751004015	0.26104417670682734	0.2992125984251969	0.5919671404640159	1.1354166666666667	3.0
