ID	Num. utterances	Num. tokens	Expression Lexicon Size (ELS)	Expression Variety (EV)	Expression Repetition (ER)	Voc. Overlap	ENTR	L	LMAX
dialogue_txt	15.0	298.0	24.0	0.08053691275167785	0.2785234899328859	0.176056338028169	0.4553595475852388	1.0957446808510638	2.0
