ID	Num. utterances	Num. tokens	Expression Lexicon Size (ELS)	Expression Variety (EV)	Expression Repetition (ER)	Voc. Overlap	ENTR	L	LMAX
dialogue_txt	16.0	269.0	33.0	0.12267657992565056	0.26765799256505574	0.24060150375939848	0.654080038794199	1.168421052631579	2.0
