ID	Num. utterances	Num. tokens	Expression Lexicon Size (ELS)	Expression Variety (EV)	Expression Repetition (ER)	Voc. Overlap	ENTR	L	LMAX
dialogue_txt	16.0	319.0	53.0	0.16614420062695925	0.3322884012539185	0.32432432432432434	1.0210421823531153	1.3255813953488371	3.0
