ID	Num. utterances	Num. tokens	Expression Lexicon Size (ELS)	Expression Variety (EV)	Expression Repetition (ER)	Voc. Overlap	ENTR	L	LMAX
dialogue_txt	16.0	327.0	53.0	0.1620795107033639	0.3302752293577982	0.32666666666666666	0.952862966653766	1.2805755395683454	3.0
