ID	S1	S2	S1/Initiated Expression (IE_S1)	S1/Expression Repetition (ER_S1)	S1/tokens (%)	S2/Initiated Expression (IE_S2)	S2/Expression Repetition (ER_S2)	S2/tokens (%)	Voc. Overlap S1	Voc. Overlap S2	SR/S1/ELS	SR/S1/EV	SR/S1/ER	SR/S1/ENTR	SR/S1/L	SR/S1/LMAX	SR/S2/ELS	SR/S2/EV	SR/S2/ER	SR/S2/ENTR	SR/S2/L	SR/S2/LMAX
dialogue_txt	Human 1	Human 2	0.8378378378378378	0.12048192771084337	0.6859504132231405	0.16216216216216217	0.631578947368421	0.3140495867768595	0.3669724770642202	0.7843137254901961	19.0	0.10919540229885058	0.3160919540229885	0.760658476840993	1.2564102564102564	4.0	13.0	0.15294117647058825	0.36470588235294116	0.39124356362925566	1.0769230769230769	2.0
