ID	Num. utterances	Num. tokens	Expression Lexicon Size (ELS)	Expression Variety (EV)	Expression Repetition (ER)	Voc. Overlap	ENTR	L	LMAX
dialogue_txt	15.0	216.0	17.0	0.0787037037037037	0.20833333333333334	0.18095238095238095	0.8179252501386403	1.2542372881355932	2.0
