ID	Num. utterances	Num. tokens	Expression Lexicon Size (ELS)	Expression Variety (EV)	Expression Repetition (ER)	Voc. Overlap	ENTR	L	LMAX
dialogue_txt	16.0	253.0	37.0	0.14624505928853754	0.3438735177865613	0.30158730158730157	0.983734249163316	1.3263157894736841	4.0
