ID	Num. utterances	Num. tokens	Expression Lexicon Size (ELS)	Expression Variety (EV)	Expression Repetition (ER)	Voc. Overlap	ENTR	L	LMAX
dialogue_txt	18.0	255.0	24.0	0.09411764705882353	0.24313725490196078	0.21929824561403508	0.4407916767263536	1.1204819277108433	3.0
