ID	S1	S2	S1/Initiated Expression (IE_S1)	S1/Expression Repetition (ER_S1)	S1/tokens (%)	S2/Initiated Expression (IE_S2)	S2/Expression Repetition (ER_S2)	S2/tokens (%)	Voc. Overlap S1	Voc. Overlap S2	SR/S1/ELS	SR/S1/EV	SR/S1/ER	SR/S1/ENTR	SR/S1/L	SR/S1/LMAX	SR/S2/ELS	SR/S2/EV	SR/S2/ER	SR/S2/ENTR	SR/S2/L	SR/S2/LMAX
dialogue_txt	Human 1	Human 2	0.68	0.24539877300613497	0.5046439628482973	0.32	0.44375	0.4953560371517028	0.46	0.5287356321839081	22.0	0.12941176470588237	0.40588235294117647	1.194545119186222	1.4893617021276595	3.0	31.0	0.18452380952380953	0.5297619047619048	0.6385146263620961	1.161764705882353	2.0
