ID	Num. utterances	Num. tokens	Expression Lexicon Size (ELS)	Expression Variety (EV)	Expression Repetition (ER)	Voc. Overlap	ENTR	L	LMAX
dialogue_txt	16.0	193.0	21.0	0.10880829015544041	0.19689119170984457	0.19166666666666668	0.6219041416291193	1.1538461538461537	3.0
