ID	Num. utterances	Num. tokens	Expression Lexicon Size (ELS)	Expression Variety (EV)	Expression Repetition (ER)	Voc. Overlap	ENTR	L	LMAX
dialogue_txt	15.0	191.0	42.0	0.2198952879581152	0.4031413612565445	0.4810126582278481	1.2854020073793133	1.4659090909090908	4.0
