ID	S1	S2	S1/Initiated Expression (IE_S1)	S1/Expression Repetition (ER_S1)	S1/tokens (%)	S2/Initiated Expression (IE_S2)	S2/Expression Repetition (ER_S2)	S2/tokens (%)	Voc. Overlap S1	Voc. Overlap S2	SR/S1/ELS	SR/S1/EV	SR/S1/ER	SR/S1/ENTR	SR/S1/L	SR/S1/LMAX	SR/S2/ELS	SR/S2/EV	SR/S2/ER	SR/S2/ENTR	SR/S2/L	SR/S2/LMAX
dialogue_txt	Human 1	Human 2	0.5652173913043478	0.2833333333333333	0.25	0.43478260869565216	0.2833333333333333	0.75	0.5652173913043478	0.29545454545454547	5.0	0.07246376811594203	0.17391304347826086	0.7219280948873623	1.2	2.0	33.0	0.1746031746031746	0.6137566137566137	1.5292362570062215	1.7575757575757576	9.0
