ID	Num. utterances	Num. tokens	Expression Lexicon Size (ELS)	Expression Variety (EV)	Expression Repetition (ER)	Voc. Overlap	ENTR	L	LMAX
dialogue_txt	18.0	240.0	23.0	0.09583333333333334	0.2833333333333333	0.24074074074074073	0.388238977512362	1.076086956521739	2.0
