ID	S1	S2	S1/Initiated Expression (IE_S1)	S1/Expression Repetition (ER_S1)	S1/tokens (%)	S2/Initiated Expression (IE_S2)	S2/Expression Repetition (ER_S2)	S2/tokens (%)	Voc. Overlap S1	Voc. Overlap S2	SR/S1/ELS	SR/S1/EV	SR/S1/ER	SR/S1/ENTR	SR/S1/L	SR/S1/LMAX	SR/S2/ELS	SR/S2/EV	SR/S2/ER	SR/S2/ENTR	SR/S2/L	SR/S2/LMAX
dialogue_txt	Human 1	Human 2	0.7105263157894737	0.1875	0.47257383966244726	0.2894736842105263	0.456	0.5274261603375527	0.5194805194805194	0.5633802816901409	15.0	0.125	0.31666666666666665	0.43055186701043946	1.088235294117647	2.0	25.0	0.18796992481203006	0.5112781954887218	0.7793498372920851	1.2307692307692308	2.0
