ID	S1	S2	S1/Initiated Expression (IE_S1)	S1/Expression Repetition (ER_S1)	S1/tokens (%)	S2/Initiated Expression (IE_S2)	S2/Expression Repetition (ER_S2)	S2/tokens (%)	Voc. Overlap S1	Voc. Overlap S2	SR/S1/ELS	SR/S1/EV	SR/S1/ER	SR/S1/ENTR	SR/S1/L	SR/S1/LMAX	SR/S2/ELS	SR/S2/EV	SR/S2/ER	SR/S2/ENTR	SR/S2/L	SR/S2/LMAX
dialogue_txt	Human 1	Human 2	0.9411764705882353	0.12087912087912088	0.3775933609958506	0.058823529411764705	0.49333333333333335	0.6224066390041494	0.6	0.42857142857142855	12.0	0.12121212121212122	0.2828282828282828	-0.0	1.0	1.0	23.0	0.14556962025316456	0.4810126582278481	0.8892758390287985	1.3518518518518519	5.0
