ID	Num. utterances	Num. tokens	Expression Lexicon Size (ELS)	Expression Variety (EV)	Expression Repetition (ER)	Voc. Overlap	ENTR	L	LMAX
dialogue_txt	16.0	241.0	34.0	0.14107883817427386	0.35269709543568467	0.3333333333333333	1.0912077179834674	1.3440860215053763	4.0
