ID	Num. utterances	Num. tokens	Expression Lexicon Size (ELS)	Expression Variety (EV)	Expression Repetition (ER)	Voc. Overlap	ENTR	L	LMAX
dialogue_txt	14.0	261.0	43.0	0.16475095785440613	0.36015325670498083	0.39285714285714285	0.9056065430355572	1.2641509433962264	4.0
