ID	S1	S2	S1/Initiated Expression (IE_S1)	S1/Expression Repetition (ER_S1)	S1/tokens (%)	S2/Initiated Expression (IE_S2)	S2/Expression Repetition (ER_S2)	S2/tokens (%)	Voc. Overlap S1	Voc. Overlap S2	SR/S1/ELS	SR/S1/EV	SR/S1/ER	SR/S1/ENTR	SR/S1/L	SR/S1/LMAX	SR/S2/ELS	SR/S2/EV	SR/S2/ER	SR/S2/ENTR	SR/S2/L	SR/S2/LMAX
dialogue_txt	Human 1	Human 2	0.7419354838709677	0.20118343195266272	0.48424068767908307	0.25806451612903225	0.5388888888888889	0.5157593123209169	0.5858585858585859	0.5471698113207547	26.0	0.14689265536723164	0.4067796610169492	0.83294582353614	1.2641509433962264	2.0	32.0	0.1702127659574468	0.4946808510638298	0.7383131421043028	1.2133333333333334	4.0
