ID	Num. utterances	Num. tokens	Expression Lexicon Size (ELS)	Expression Variety (EV)	Expression Repetition (ER)	Voc. Overlap	ENTR	L	LMAX
dialogue_txt	18.0	191.0	30.0	0.15706806282722513	0.3193717277486911	0.30851063829787234	1.4418519793356552	1.564516129032258	5.0
