ID	S1	S2	S1/Initiated Expression (IE_S1)	S1/Expression Repetition (ER_S1)	S1/tokens (%)	S2/Initiated Expression (IE_S2)	S2/Expression Repetition (ER_S2)	S2/tokens (%)	Voc. Overlap S1	Voc. Overlap S2	SR/S1/ELS	SR/S1/EV	SR/S1/ER	SR/S1/ENTR	SR/S1/L	SR/S1/LMAX	SR/S2/ELS	SR/S2/EV	SR/S2/ER	SR/S2/ENTR	SR/S2/L	SR/S2/LMAX
dialogue_txt	Human 1	Human 2	0.8666666666666667	0.16326530612244897	0.5130890052356021	0.13333333333333333	0.4838709677419355	0.4869109947643979	0.43283582089552236	0.5178571428571429	12.0	0.11214953271028037	0.2616822429906542	0.4021791902022728	1.08	2.0	19.0	0.18627450980392157	0.47058823529411764	0.8314743880097293	1.263157894736842	2.0
