ID	S1	S2	S1/Initiated Expression (IE_S1)	S1/Expression Repetition (ER_S1)	S1/tokens (%)	S2/Initiated Expression (IE_S2)	S2/Expression Repetition (ER_S2)	S2/tokens (%)	Voc. Overlap S1	Voc. Overlap S2	SR/S1/ELS	SR/S1/EV	SR/S1/ER	SR/S1/ENTR	SR/S1/L	SR/S1/LMAX	SR/S2/ELS	SR/S2/EV	SR/S2/ER	SR/S2/ENTR	SR/S2/L	SR/S2/LMAX
dialogue_txt	Human 1	Human 2	0.8823529411764706	0.13114754098360656	0.4765625	0.11764705882352941	0.44776119402985076	0.5234375	0.4878048780487805	0.45454545454545453	10.0	0.14492753623188406	0.37681159420289856	0.8812908992306927	1.3	2.0	8.0	0.10526315789473684	0.3026315789473684	0.4854607607459134	1.105263157894737	2.0
