ID	Num. utterances	Num. tokens	Expression Lexicon Size (ELS)	Expression Variety (EV)	Expression Repetition (ER)	Voc. Overlap	ENTR	L	LMAX
dialogue_txt	17.0	352.0	57.0	0.16193181818181818	0.35511363636363635	0.4244604316546763	1.1527123722745665	1.4551724137931035	10.0
