ID	S1	S2	S1/Initiated Expression (IE_S1)	S1/Expression Repetition (ER_S1)	S1/tokens (%)	S2/Initiated Expression (IE_S2)	S2/Expression Repetition (ER_S2)	S2/tokens (%)	Voc. Overlap S1	Voc. Overlap S2	SR/S1/ELS	SR/S1/EV	SR/S1/ER	SR/S1/ENTR	SR/S1/L	SR/S1/LMAX	SR/S2/ELS	SR/S2/EV	SR/S2/ER	SR/S2/ENTR	SR/S2/L	SR/S2/LMAX
dialogue_txt	Human 1	Human 2	0.8070175438596491	0.19047619047619047	0.5369318181818182	0.19298245614035087	0.5460122699386503	0.4630681818181818	0.5514018691588785	0.6483516483516484	28.0	0.14213197969543148	0.4517766497461929	1.0540157730728	1.35	3.0	30.0	0.1744186046511628	0.5930232558139535	1.3879298538727638	1.640625	6.0
