ID	S1	S2	S1/Initiated Expression (IE_S1)	S1/Expression Repetition (ER_S1)	S1/tokens (%)	S2/Initiated Expression (IE_S2)	S2/Expression Repetition (ER_S2)	S2/tokens (%)	Voc. Overlap S1	Voc. Overlap S2	SR/S1/ELS	SR/S1/EV	SR/S1/ER	SR/S1/ENTR	SR/S1/L	SR/S1/LMAX	SR/S2/ELS	SR/S2/EV	SR/S2/ER	SR/S2/ENTR	SR/S2/L	SR/S2/LMAX
dialogue_txt	Human 1	Human 2	0.5	0.19696969696969696	0.36065573770491804	0.5	0.3247863247863248	0.639344262295082	0.631578947368421	0.4931506849315068	3.0	0.0410958904109589	0.0821917808219178	-0.0	1.0	1.0	15.0	0.12096774193548387	0.3951612903225806	1.129484900006454	1.3823529411764706	3.0
