ID	S1	S2	S1/Initiated Expression (IE_S1)	S1/Expression Repetition (ER_S1)	S1/tokens (%)	S2/Initiated Expression (IE_S2)	S2/Expression Repetition (ER_S2)	S2/tokens (%)	Voc. Overlap S1	Voc. Overlap S2	SR/S1/ELS	SR/S1/EV	SR/S1/ER	SR/S1/ENTR	SR/S1/L	SR/S1/LMAX	SR/S2/ELS	SR/S2/EV	SR/S2/ER	SR/S2/ENTR	SR/S2/L	SR/S2/LMAX
dialogue_txt	Human 1	Human 2	0.71875	0.20809248554913296	0.6731517509727627	0.28125	0.5476190476190477	0.32684824902723736	0.3541666666666667	0.6415094339622641	26.0	0.143646408839779	0.4419889502762431	0.849092165846601	1.2321428571428572	3.0	16.0	0.17391304347826086	0.4673913043478261	0.5007115883735379	1.1428571428571428	3.0
