ID	Num. utterances	Num. tokens	Expression Lexicon Size (ELS)	Expression Variety (EV)	Expression Repetition (ER)	Voc. Overlap	ENTR	L	LMAX
dialogue_txt	16.0	286.0	35.0	0.12237762237762238	0.2692307692307692	0.2556390977443609	0.7793011891766978	1.203883495145631	3.0
