ID	S1	S2	S1/Initiated Expression (IE_S1)	S1/Expression Repetition (ER_S1)	S1/tokens (%)	S2/Initiated Expression (IE_S2)	S2/Expression Repetition (ER_S2)	S2/tokens (%)	Voc. Overlap S1	Voc. Overlap S2	SR/S1/ELS	SR/S1/EV	SR/S1/ER	SR/S1/ENTR	SR/S1/L	SR/S1/LMAX	SR/S2/ELS	SR/S2/EV	SR/S2/ER	SR/S2/ENTR	SR/S2/L	SR/S2/LMAX
dialogue_txt	Human 1	Human 2	0.7428571428571429	0.06060606060606061	0.3473684210526316	0.2571428571428571	0.43548387096774194	0.6526315789473685	0.6140350877192983	0.45454545454545453	3.0	0.0410958904109589	0.0821917808219178	-0.0	1.0	1.0	24.0	0.183206106870229	0.48854961832061067	0.962280140500009	1.3265306122448979	4.0
