ID	Num. utterances	Num. tokens	Expression Lexicon Size (ELS)	Expression Variety (EV)	Expression Repetition (ER)	Voc. Overlap	ENTR	L	LMAX
dialogue_txt	16.0	335.0	55.0	0.16417910447761194	0.3970149253731343	0.362962962962963	1.2644653909428367	1.443661971830986	4.0
