ID	Num. utterances	Num. tokens	Expression Lexicon Size (ELS)	Expression Variety (EV)	Expression Repetition (ER)	Voc. Overlap	ENTR	L	LMAX
dialogue_txt	17.0	332.0	50.0	0.15060240963855423	0.31626506024096385	0.2949640287769784	1.1589526439463853	1.4146341463414633	3.0
