ID	Num. utterances	Num. tokens	Expression Lexicon Size (ELS)	Expression Variety (EV)	Expression Repetition (ER)	Voc. Overlap	ENTR	L	LMAX
dialogue_txt	19.0	422.0	63.0	0.14928909952606634	0.3459715639810427	0.3386243386243386	1.127362638102751	1.3658536585365855	5.0
