ID	Num. utterances	Num. tokens	Expression Lexicon Size (ELS)	Expression Variety (EV)	Expression Repetition (ER)	Voc. Overlap	ENTR	L	LMAX
dialogue_txt	16.0	231.0	38.0	0.1645021645021645	0.35064935064935066	0.33636363636363636	0.7888438324553726	1.2277227722772277	4.0
