ID	Num. utterances	Num. tokens	Expression Lexicon Size (ELS)	Expression Variety (EV)	Expression Repetition (ER)	Voc. Overlap	ENTR	L	LMAX
dialogue_txt	16.0	305.0	58.0	0.1901639344262295	0.4098360655737705	0.42962962962962964	0.9870305353210284	1.364963503649635	9.0
