ID	Num. utterances	Num. tokens	Expression Lexicon Size (ELS)	Expression Variety (EV)	Expression Repetition (ER)	Voc. Overlap	ENTR	L	LMAX
dialogue_txt	14.0	182.0	18.0	0.0989010989010989	0.21428571428571427	0.2037037037037037	0.21929730813217538	1.0350877192982457	2.0
