ID	S1	S2	S1/Initiated Expression (IE_S1)	S1/Expression Repetition (ER_S1)	S1/tokens (%)	S2/Initiated Expression (IE_S2)	S2/Expression Repetition (ER_S2)	S2/tokens (%)	Voc. Overlap S1	Voc. Overlap S2	SR/S1/ELS	SR/S1/EV	SR/S1/ER	SR/S1/ENTR	SR/S1/L	SR/S1/LMAX	SR/S2/ELS	SR/S2/EV	SR/S2/ER	SR/S2/ENTR	SR/S2/L	SR/S2/LMAX
dialogue_txt	Human 1	Human 2	0.6129032258064516	0.21138211382113822	0.45054945054945056	0.3870967741935484	0.32	0.5494505494505495	0.4	0.38095238095238093	15.0	0.11450381679389313	0.3282442748091603	0.5225593745369408	1.1176470588235294	2.0	23.0	0.14556962025316456	0.5253164556962026	1.6327562272729712	1.7872340425531914	5.0
