ID	S1	S2	S1/Initiated Expression (IE_S1)	S1/Expression Repetition (ER_S1)	S1/tokens (%)	S2/Initiated Expression (IE_S2)	S2/Expression Repetition (ER_S2)	S2/tokens (%)	Voc. Overlap S1	Voc. Overlap S2	SR/S1/ELS	SR/S1/EV	SR/S1/ER	SR/S1/ENTR	SR/S1/L	SR/S1/LMAX	SR/S2/ELS	SR/S2/EV	SR/S2/ER	SR/S2/ENTR	SR/S2/L	SR/S2/LMAX
dialogue_txt	Human 1	Human 2	0.8076923076923077	0.1962025316455696	0.541095890410959	0.19230769230769232	0.5895522388059702	0.4589041095890411	0.5760869565217391	0.6794871794871795	22.0	0.13253012048192772	0.4397590361445783	1.0783220795483648	1.44	5.0	23.0	0.16083916083916083	0.5384615384615384	1.2772552219457063	1.6382978723404256	8.0
