ID	S1	S2	S1/Initiated Expression (IE_S1)	S1/Expression Repetition (ER_S1)	S1/tokens (%)	S2/Initiated Expression (IE_S2)	S2/Expression Repetition (ER_S2)	S2/tokens (%)	Voc. Overlap S1	Voc. Overlap S2	SR/S1/ELS	SR/S1/EV	SR/S1/ER	SR/S1/ENTR	SR/S1/L	SR/S1/LMAX	SR/S2/ELS	SR/S2/EV	SR/S2/ER	SR/S2/ENTR	SR/S2/L	SR/S2/LMAX
dialogue_txt	Human 1	Human 2	0.7916666666666666	0.18803418803418803	0.3774193548387097	0.20833333333333334	0.21243523316062177	0.6225806451612903	0.36231884057971014	0.22935779816513763	19.0	0.15079365079365079	0.4126984126984127	1.242370874393215	1.457142857142857	3.0	36.0	0.1782178217821782	0.5297029702970297	1.1433754273043246	1.3717948717948718	4.0
