ID	S1	S2	S1/Initiated Expression (IE_S1)	S1/Expression Repetition (ER_S1)	S1/tokens (%)	S2/Initiated Expression (IE_S2)	S2/Expression Repetition (ER_S2)	S2/tokens (%)	Voc. Overlap S1	Voc. Overlap S2	SR/S1/ELS	SR/S1/EV	SR/S1/ER	SR/S1/ENTR	SR/S1/L	SR/S1/LMAX	SR/S2/ELS	SR/S2/EV	SR/S2/ER	SR/S2/ENTR	SR/S2/L	SR/S2/LMAX
dialogue_txt	Human 1	Human 2	0.6538461538461539	0.16981132075471697	0.22362869198312235	0.34615384615384615	0.21739130434782608	0.7763713080168776	0.6410256410256411	0.2604166666666667	5.0	0.08064516129032258	0.16129032258064516	-0.0	1.0	1.0	29.0	0.15025906735751296	0.616580310880829	1.0970045699769433	1.8644067796610169	18.0
