ID	S1	S2	S1/Initiated Expression (IE_S1)	S1/Expression Repetition (ER_S1)	S1/tokens (%)	S2/Initiated Expression (IE_S2)	S2/Expression Repetition (ER_S2)	S2/tokens (%)	Voc. Overlap S1	Voc. Overlap S2	SR/S1/ELS	SR/S1/EV	SR/S1/ER	SR/S1/ENTR	SR/S1/L	SR/S1/LMAX	SR/S2/ELS	SR/S2/EV	SR/S2/ER	SR/S2/ENTR	SR/S2/L	SR/S2/LMAX
dialogue_txt	Human 1	Human 2	0.8709677419354839	0.13286713286713286	0.6559633027522935	0.12903225806451613	0.6533333333333333	0.3440366972477064	0.34615384615384615	0.7058823529411765	14.0	0.09333333333333334	0.26	0.32984607020714635	1.0606060606060606	2.0	9.0	0.10975609756097561	0.4024390243902439	1.496065911543853	1.9411764705882353	6.0
