ID	Num. utterances	Num. tokens	Expression Lexicon Size (ELS)	Expression Variety (EV)	Expression Repetition (ER)	Voc. Overlap	ENTR	L	LMAX
dialogue_txt	16.0	247.0	37.0	0.14979757085020243	0.2550607287449393	0.27692307692307694	0.5326410910239552	1.118279569892473	3.0
