ID	S1	S2	S1/Initiated Expression (IE_S1)	S1/Expression Repetition (ER_S1)	S1/tokens (%)	S2/Initiated Expression (IE_S2)	S2/Expression Repetition (ER_S2)	S2/tokens (%)	Voc. Overlap S1	Voc. Overlap S2	SR/S1/ELS	SR/S1/EV	SR/S1/ER	SR/S1/ENTR	SR/S1/L	SR/S1/LMAX	SR/S2/ELS	SR/S2/EV	SR/S2/ER	SR/S2/ENTR	SR/S2/L	SR/S2/LMAX
dialogue_txt	Human 1	Human 2	0.6842105263157895	0.26582278481012656	0.4744744744744745	0.3157894736842105	0.35428571428571426	0.5255255255255256	0.41304347826086957	0.3877551020408163	22.0	0.13253012048192772	0.4397590361445783	1.0783220795483648	1.44	5.0	26.0	0.14130434782608695	0.5217391304347826	1.3653798637598458	1.55	5.0
