ID	Num. utterances	Num. tokens	Expression Lexicon Size (ELS)	Expression Variety (EV)	Expression Repetition (ER)	Voc. Overlap	ENTR	L	LMAX
dialogue_txt	17.0	317.0	31.0	0.09779179810725552	0.24605678233438485	0.19642857142857142	0.5171354891896202	1.1157894736842104	2.0
