ID	S1	S2	S1/Initiated Expression (IE_S1)	S1/Expression Repetition (ER_S1)	S1/tokens (%)	S2/Initiated Expression (IE_S2)	S2/Expression Repetition (ER_S2)	S2/tokens (%)	Voc. Overlap S1	Voc. Overlap S2	SR/S1/ELS	SR/S1/EV	SR/S1/ER	SR/S1/ENTR	SR/S1/L	SR/S1/LMAX	SR/S2/ELS	SR/S2/EV	SR/S2/ER	SR/S2/ENTR	SR/S2/L	SR/S2/LMAX
dialogue_txt	Human 1	Human 2	0.7391304347826086	0.15337423312883436	0.5077881619937694	0.2608695652173913	0.5886075949367089	0.49221183800623053	0.49	0.620253164556962	22.0	0.12941176470588237	0.40588235294117647	1.194545119186222	1.4893617021276595	3.0	30.0	0.18072289156626506	0.5963855421686747	1.604387386180818	1.8392857142857142	7.0
