ID	Num. utterances	Num. tokens	Expression Lexicon Size (ELS)	Expression Variety (EV)	Expression Repetition (ER)	Voc. Overlap	ENTR	L	LMAX
dialogue_txt	15.0	321.0	46.0	0.14330218068535824	0.367601246105919	0.3769230769230769	1.2540573746129584	1.5040650406504066	7.0
