ID	Num. utterances	Num. tokens	Expression Lexicon Size (ELS)	Expression Variety (EV)	Expression Repetition (ER)	Voc. Overlap	ENTR	L	LMAX
dialogue_txt	15.0	167.0	34.0	0.20359281437125748	0.38323353293413176	0.4567901234567901	1.488460265585061	1.6029411764705883	4.0
