ID	Num. utterances	Num. tokens	Expression Lexicon Size (ELS)	Expression Variety (EV)	Expression Repetition (ER)	Voc. Overlap	ENTR	L	LMAX
dialogue_txt	18.0	270.0	33.0	0.12222222222222222	0.22962962962962963	0.2733812949640288	0.7665233381827185	1.197674418604651	3.0
