ID	Num. utterances	Num. tokens	Expression Lexicon Size (ELS)	Expression Variety (EV)	Expression Repetition (ER)	Voc. Overlap	ENTR	L	LMAX
dialogue_txt	8.0	119.0	16.0	0.13445378151260504	0.25210084033613445	0.28169014084507044	0.9286094774390435	1.2702702702702702	3.0
