ID	Num. utterances	Num. tokens	Expression Lexicon Size (ELS)	Expression Variety (EV)	Expression Repetition (ER)	Voc. Overlap	ENTR	L	LMAX
dialogue_txt	16.0	229.0	35.0	0.15283842794759825	0.30131004366812225	0.3274336283185841	0.7498315726250889	1.1910112359550562	3.0
