ID	Num. utterances	Num. tokens	Expression Lexicon Size (ELS)	Expression Variety (EV)	Expression Repetition (ER)	Voc. Overlap	ENTR	L	LMAX
dialogue_txt	18.0	212.0	30.0	0.14150943396226415	0.36792452830188677	0.32967032967032966	0.7981603430901969	1.2365591397849462	3.0
