ID	Num. utterances	Num. tokens	Expression Lexicon Size (ELS)	Expression Variety (EV)	Expression Repetition (ER)	Voc. Overlap	ENTR	L	LMAX
dialogue_txt	14.0	271.0	36.0	0.13284132841328414	0.31365313653136534	0.2900763358778626	0.941113015828931	1.2924528301886793	5.0
