ID	S1	S2	S1/Initiated Expression (IE_S1)	S1/Expression Repetition (ER_S1)	S1/tokens (%)	S2/Initiated Expression (IE_S2)	S2/Expression Repetition (ER_S2)	S2/tokens (%)	Voc. Overlap S1	Voc. Overlap S2	SR/S1/ELS	SR/S1/EV	SR/S1/ER	SR/S1/ENTR	SR/S1/L	SR/S1/LMAX	SR/S2/ELS	SR/S2/EV	SR/S2/ER	SR/S2/ENTR	SR/S2/L	SR/S2/LMAX
dialogue_txt	Human 1	Human 2	0.6785714285714286	0.22522522522522523	0.4269230769230769	0.32142857142857145	0.3422818791946309	0.573076923076923	0.4583333333333333	0.375	16.0	0.13559322033898305	0.3644067796610169	1.1400457981819085	1.3870967741935485	3.0	25.0	0.1592356687898089	0.5159235668789809	1.4969152532855432	1.75	7.0
