ID	Num. utterances	Num. tokens	Expression Lexicon Size (ELS)	Expression Variety (EV)	Expression Repetition (ER)	Voc. Overlap	ENTR	L	LMAX
dialogue_txt	15.0	258.0	27.0	0.10465116279069768	0.2131782945736434	0.21481481481481482	0.5225593745369408	1.1176470588235294	2.0
