ID	S1	S2	S1/Initiated Expression (IE_S1)	S1/Expression Repetition (ER_S1)	S1/tokens (%)	S2/Initiated Expression (IE_S2)	S2/Expression Repetition (ER_S2)	S2/tokens (%)	Voc. Overlap S1	Voc. Overlap S2	SR/S1/ELS	SR/S1/EV	SR/S1/ER	SR/S1/ENTR	SR/S1/L	SR/S1/LMAX	SR/S2/ELS	SR/S2/EV	SR/S2/ER	SR/S2/ENTR	SR/S2/L	SR/S2/LMAX
dialogue_txt	Human 1	Human 2	0.7777777777777778	0.19791666666666666	0.3870967741935484	0.2222222222222222	0.27631578947368424	0.6129032258064516	0.5	0.31958762886597936	14.0	0.1346153846153846	0.33653846153846156	0.34511731494495296	1.064516129032258	2.0	18.0	0.1125	0.38125	1.0805834026756465	1.3488372093023255	3.0
