ID	Num. utterances	Num. tokens	Expression Lexicon Size (ELS)	Expression Variety (EV)	Expression Repetition (ER)	Voc. Overlap	ENTR	L	LMAX
dialogue_txt	14.0	288.0	51.0	0.17708333333333334	0.4340277777777778	0.5350877192982456	1.2059523148364055	1.4318181818181819	6.0
