ID	Num. utterances	Num. tokens	Expression Lexicon Size (ELS)	Expression Variety (EV)	Expression Repetition (ER)	Voc. Overlap	ENTR	L	LMAX
dialogue_txt	18.0	213.0	23.0	0.107981220657277	0.2676056338028169	0.22018348623853212	0.7871265862012689	1.2352941176470589	2.0
