ID	Num. utterances	Num. tokens	Expression Lexicon Size (ELS)	Expression Variety (EV)	Expression Repetition (ER)	Voc. Overlap	ENTR	L	LMAX
dialogue_txt	18.0	262.0	29.0	0.11068702290076336	0.23282442748091603	0.21323529411764705	0.5643364444932288	1.1325301204819278	2.0
