ID	Num. utterances	Num. tokens	Expression Lexicon Size (ELS)	Expression Variety (EV)	Expression Repetition (ER)	Voc. Overlap	ENTR	L	LMAX
dialogue_txt	21.0	317.0	31.0	0.09779179810725552	0.25236593059936907	0.2222222222222222	0.5572154409177335	1.196078431372549	5.0
