ID	S1	S2	S1/Initiated Expression (IE_S1)	S1/Expression Repetition (ER_S1)	S1/tokens (%)	S2/Initiated Expression (IE_S2)	S2/Expression Repetition (ER_S2)	S2/tokens (%)	Voc. Overlap S1	Voc. Overlap S2	SR/S1/ELS	SR/S1/EV	SR/S1/ER	SR/S1/ENTR	SR/S1/L	SR/S1/LMAX	SR/S2/ELS	SR/S2/EV	SR/S2/ER	SR/S2/ENTR	SR/S2/L	SR/S2/LMAX
dialogue_txt	Human 1	Human 2	0.7096774193548387	0.20809248554913296	0.6553030303030303	0.2903225806451613	0.4065934065934066	0.3446969696969697	0.28125	0.47368421052631576	26.0	0.143646408839779	0.4419889502762431	0.849092165846601	1.2321428571428572	3.0	13.0	0.13131313131313133	0.3838383838383838	0.6631968402398287	1.1724137931034482	2.0
