ID	Num. utterances	Num. tokens	Expression Lexicon Size (ELS)	Expression Variety (EV)	Expression Repetition (ER)	Voc. Overlap	ENTR	L	LMAX
dialogue_txt	14.0	278.0	43.0	0.15467625899280577	0.35251798561151076	0.33884297520661155	0.7267767931524715	1.183206106870229	3.0
