ID	Num. utterances	Num. tokens	Expression Lexicon Size (ELS)	Expression Variety (EV)	Expression Repetition (ER)	Voc. Overlap	ENTR	L	LMAX
dialogue_txt	15.0	173.0	40.0	0.23121387283236994	0.45664739884393063	0.5915492957746479	0.9477694343223477	1.2783505154639174	3.0
