ID	Num. utterances	Num. tokens	Expression Lexicon Size (ELS)	Expression Variety (EV)	Expression Repetition (ER)	Voc. Overlap	ENTR	L	LMAX
dialogue_txt	15.0	266.0	38.0	0.14285714285714285	0.2932330827067669	0.32231404958677684	1.0567844754809899	1.4285714285714286	5.0
