ID	Num. utterances	Num. tokens	Expression Lexicon Size (ELS)	Expression Variety (EV)	Expression Repetition (ER)	Voc. Overlap	ENTR	L	LMAX
dialogue_txt	13.0	186.0	21.0	0.11290322580645161	0.25268817204301075	0.22330097087378642	0.3227569588973982	1.0588235294117647	2.0
