ID	S1	S2	S1/Initiated Expression (IE_S1)	S1/Expression Repetition (ER_S1)	S1/tokens (%)	S2/Initiated Expression (IE_S2)	S2/Expression Repetition (ER_S2)	S2/tokens (%)	Voc. Overlap S1	Voc. Overlap S2	SR/S1/ELS	SR/S1/EV	SR/S1/ER	SR/S1/ENTR	SR/S1/L	SR/S1/LMAX	SR/S2/ELS	SR/S2/EV	SR/S2/ER	SR/S2/ENTR	SR/S2/L	SR/S2/LMAX
dialogue_txt	Human 1	Human 2	0.6666666666666666	0.18072289156626506	0.51875	0.3333333333333333	0.42207792207792205	0.48125	0.41284403669724773	0.4639175257731959	19.0	0.10919540229885058	0.3160919540229885	0.760658476840993	1.2564102564102564	4.0	24.0	0.147239263803681	0.4233128834355828	1.0176133035029986	1.3137254901960784	3.0
