ID	Num. utterances	Num. tokens	Expression Lexicon Size (ELS)	Expression Variety (EV)	Expression Repetition (ER)	Voc. Overlap	ENTR	L	LMAX
dialogue_txt	16.0	306.0	29.0	0.09477124183006536	0.23202614379084968	0.20833333333333334	0.32508219764519103	1.0594059405940595	2.0
