ID	S1	S2	S1/Initiated Expression (IE_S1)	S1/Expression Repetition (ER_S1)	S1/tokens (%)	S2/Initiated Expression (IE_S2)	S2/Expression Repetition (ER_S2)	S2/tokens (%)	Voc. Overlap S1	Voc. Overlap S2	SR/S1/ELS	SR/S1/EV	SR/S1/ER	SR/S1/ENTR	SR/S1/L	SR/S1/LMAX	SR/S2/ELS	SR/S2/EV	SR/S2/ER	SR/S2/ENTR	SR/S2/L	SR/S2/LMAX
dialogue_txt	Human 1	Human 2	0.6829268292682927	0.20689655172413793	0.4098939929328622	0.3170731707317073	0.3772455089820359	0.5901060070671378	0.5	0.4	11.0	0.088	0.24	-0.0	1.0	1.0	30.0	0.1694915254237288	0.4632768361581921	1.1105522511832786	1.3666666666666667	3.0
