ID	Num. utterances	Num. tokens	Expression Lexicon Size (ELS)	Expression Variety (EV)	Expression Repetition (ER)	Voc. Overlap	ENTR	L	LMAX
dialogue_txt	19.0	283.0	41.0	0.14487632508833923	0.30742049469964666	0.2857142857142857	0.7252897139133397	1.1818181818181819	3.0
