ID	Num. utterances	Num. tokens	Expression Lexicon Size (ELS)	Expression Variety (EV)	Expression Repetition (ER)	Voc. Overlap	ENTR	L	LMAX
dialogue_txt	16.0	276.0	53.0	0.19202898550724637	0.4528985507246377	0.42452830188679247	1.092770391989263	1.3582089552238805	5.0
