ID	S1	S2	S1/Initiated Expression (IE_S1)	S1/Expression Repetition (ER_S1)	S1/tokens (%)	S2/Initiated Expression (IE_S2)	S2/Expression Repetition (ER_S2)	S2/tokens (%)	Voc. Overlap S1	Voc. Overlap S2	SR/S1/ELS	SR/S1/EV	SR/S1/ER	SR/S1/ENTR	SR/S1/L	SR/S1/LMAX	SR/S2/ELS	SR/S2/EV	SR/S2/ER	SR/S2/ENTR	SR/S2/L	SR/S2/LMAX
dialogue_txt	Human 1	Human 2	0.42857142857142855	0.22641509433962265	0.2523809523809524	0.5714285714285714	0.15286624203821655	0.7476190476190476	0.5384615384615384	0.25	5.0	0.08064516129032258	0.16129032258064516	-0.0	1.0	1.0	29.0	0.1746987951807229	0.5783132530120482	1.4736228008204886	1.8518518518518519	12.0
