ID	Num. utterances	Num. tokens	Expression Lexicon Size (ELS)	Expression Variety (EV)	Expression Repetition (ER)	Voc. Overlap	ENTR	L	LMAX
dialogue_txt	15.0	286.0	44.0	0.15384615384615385	0.3181818181818182	0.31386861313868614	1.0160602094940543	1.3333333333333333	5.0
