ID	Num. utterances	Num. tokens	Expression Lexicon Size (ELS)	Expression Variety (EV)	Expression Repetition (ER)	Voc. Overlap	ENTR	L	LMAX
dialogue_txt	17.0	234.0	34.0	0.1452991452991453	0.3034188034188034	0.3103448275862069	0.9653477241343507	1.2873563218390804	4.0
