ID	S1	S2	S1/Initiated Expression (IE_S1)	S1/Expression Repetition (ER_S1)	S1/tokens (%)	S2/Initiated Expression (IE_S2)	S2/Expression Repetition (ER_S2)	S2/tokens (%)	Voc. Overlap S1	Voc. Overlap S2	SR/S1/ELS	SR/S1/EV	SR/S1/ER	SR/S1/ENTR	SR/S1/L	SR/S1/LMAX	SR/S2/ELS	SR/S2/EV	SR/S2/ER	SR/S2/ENTR	SR/S2/L	SR/S2/LMAX
dialogue_txt	Human 1	Human 2	0.9	0.18032786885245902	0.3836477987421384	0.1	0.336734693877551	0.6163522012578616	0.5609756097560976	0.3709677419354839	10.0	0.14492753623188406	0.37681159420289856	0.8812908992306927	1.3	2.0	14.0	0.1308411214953271	0.4485981308411215	1.0862293462325945	2.0869565217391304	8.0
