ID	S1	S2	S1/Initiated Expression (IE_S1)	S1/Expression Repetition (ER_S1)	S1/tokens (%)	S2/Initiated Expression (IE_S2)	S2/Expression Repetition (ER_S2)	S2/tokens (%)	Voc. Overlap S1	Voc. Overlap S2	SR/S1/ELS	SR/S1/EV	SR/S1/ER	SR/S1/ENTR	SR/S1/L	SR/S1/LMAX	SR/S2/ELS	SR/S2/EV	SR/S2/ER	SR/S2/ENTR	SR/S2/L	SR/S2/LMAX
dialogue_txt	Human 1	Human 2	0.7272727272727273	0.14285714285714285	0.3783783783783784	0.2727272727272727	0.2463768115942029	0.6216216216216216	0.4426229508196721	0.3176470588235294	9.0	0.0989010989010989	0.23076923076923078	-0.0	1.0	1.0	20.0	0.136986301369863	0.4589041095890411	0.9721971827701485	1.558139534883721	9.0
