ID	Num. utterances	Num. tokens	Expression Lexicon Size (ELS)	Expression Variety (EV)	Expression Repetition (ER)	Voc. Overlap	ENTR	L	LMAX
dialogue_txt	15.0	222.0	22.0	0.0990990990990991	0.2072072072072072	0.226890756302521	0.7499130933047641	1.1929824561403508	3.0
