ID	Num. utterances	Num. tokens	Expression Lexicon Size (ELS)	Expression Variety (EV)	Expression Repetition (ER)	Voc. Overlap	ENTR	L	LMAX
dialogue_txt	16.0	268.0	35.0	0.13059701492537312	0.3283582089552239	0.29545454545454547	1.095776455097542	1.3578947368421053	3.0
