ID	Num. utterances	Num. tokens	Expression Lexicon Size (ELS)	Expression Variety (EV)	Expression Repetition (ER)	Voc. Overlap	ENTR	L	LMAX
dialogue_txt	18.0	311.0	23.0	0.07395498392282958	0.15755627009646303	0.14124293785310735	0.31273337639664334	1.056338028169014	2.0
