ID	Num. utterances	Num. tokens	Expression Lexicon Size (ELS)	Expression Variety (EV)	Expression Repetition (ER)	Voc. Overlap	ENTR	L	LMAX
dialogue_txt	13.0	187.0	33.0	0.17647058823529413	0.44385026737967914	0.37209302325581395	0.699453793319508	1.1717171717171717	3.0
