ID	Num. utterances	Num. tokens	Expression Lexicon Size (ELS)	Expression Variety (EV)	Expression Repetition (ER)	Voc. Overlap	ENTR	L	LMAX
dialogue_txt	16.0	297.0	53.0	0.17845117845117844	0.4276094276094276	0.4435483870967742	0.7859750007982984	1.2129032258064516	4.0
