ID	S1	S2	S1/Initiated Expression (IE_S1)	S1/Expression Repetition (ER_S1)	S1/tokens (%)	S2/Initiated Expression (IE_S2)	S2/Expression Repetition (ER_S2)	S2/tokens (%)	Voc. Overlap S1	Voc. Overlap S2	SR/S1/ELS	SR/S1/EV	SR/S1/ER	SR/S1/ENTR	SR/S1/L	SR/S1/LMAX	SR/S2/ELS	SR/S2/EV	SR/S2/ER	SR/S2/ENTR	SR/S2/L	SR/S2/LMAX
dialogue_txt	Human 1	Human 2	0.8823529411764706	0.11363636363636363	0.4943820224719101	0.11764705882352941	0.7333333333333333	0.5056179775280899	0.49295774647887325	0.7777777777777778	4.0	0.042105263157894736	0.16842105263157894	0.7219280948873623	1.4	3.0	20.0	0.20408163265306123	0.5408163265306123	1.282516713430642	1.4857142857142858	3.0
