ID	S1	S2	S1/Initiated Expression (IE_S1)	S1/Expression Repetition (ER_S1)	S1/tokens (%)	S2/Initiated Expression (IE_S2)	S2/Expression Repetition (ER_S2)	S2/tokens (%)	Voc. Overlap S1	Voc. Overlap S2	SR/S1/ELS	SR/S1/EV	SR/S1/ER	SR/S1/ENTR	SR/S1/L	SR/S1/LMAX	SR/S2/ELS	SR/S2/EV	SR/S2/ER	SR/S2/ENTR	SR/S2/L	SR/S2/LMAX
dialogue_txt	Human 1	Human 2	0.6923076923076923	0.17204301075268819	0.3940677966101695	0.3076923076923077	0.3006993006993007	0.6059322033898306	0.43478260869565216	0.35294117647058826	8.0	0.08	0.21	0.5225593745369408	1.1176470588235294	2.0	20.0	0.13333333333333333	0.48	1.9045099659634257	2.176470588235294	9.0
