ID	S1	S2	S1/Initiated Expression (IE_S1)	S1/Expression Repetition (ER_S1)	S1/tokens (%)	S2/Initiated Expression (IE_S2)	S2/Expression Repetition (ER_S2)	S2/tokens (%)	Voc. Overlap S1	Voc. Overlap S2	SR/S1/ELS	SR/S1/EV	SR/S1/ER	SR/S1/ENTR	SR/S1/L	SR/S1/LMAX	SR/S2/ELS	SR/S2/EV	SR/S2/ER	SR/S2/ENTR	SR/S2/L	SR/S2/LMAX
dialogue_txt	Human 1	Human 2	0.7837837837837838	0.045454545454545456	0.36666666666666664	0.21621621621621623	0.631578947368421	0.6333333333333333	0.7543859649122807	0.6825396825396826	3.0	0.0410958904109589	0.0821917808219178	-0.0	1.0	1.0	21.0	0.17355371900826447	0.5371900826446281	1.2991459056025008	1.675	7.0
