ID	Num. utterances	Num. tokens	Expression Lexicon Size (ELS)	Expression Variety (EV)	Expression Repetition (ER)	Voc. Overlap	ENTR	L	LMAX
dialogue_txt	15.0	267.0	32.0	0.1198501872659176	0.2696629213483146	0.23529411764705882	0.8281823581031121	1.2247191011235956	3.0
