ID	Num. utterances	Num. tokens	Expression Lexicon Size (ELS)	Expression Variety (EV)	Expression Repetition (ER)	Voc. Overlap	ENTR	L	LMAX
dialogue_txt	16.0	201.0	31.0	0.15422885572139303	0.373134328358209	0.4090909090909091	1.4456369889212493	1.6216216216216217	6.0
