ID	Num. utterances	Num. tokens	Expression Lexicon Size (ELS)	Expression Variety (EV)	Expression Repetition (ER)	Voc. Overlap	ENTR	L	LMAX
dialogue_txt	18.0	239.0	32.0	0.13389121338912133	0.2803347280334728	0.2857142857142857	0.7779498752035598	1.2065217391304348	3.0
