ID	Num. utterances	Num. tokens	Expression Lexicon Size (ELS)	Expression Variety (EV)	Expression Repetition (ER)	Voc. Overlap	ENTR	L	LMAX
dialogue_txt	14.0	223.0	35.0	0.15695067264573992	0.3004484304932735	0.33035714285714285	1.1174204390495766	1.382716049382716	4.0
