ID	S1	S2	S1/Initiated Expression (IE_S1)	S1/Expression Repetition (ER_S1)	S1/tokens (%)	S2/Initiated Expression (IE_S2)	S2/Expression Repetition (ER_S2)	S2/tokens (%)	Voc. Overlap S1	Voc. Overlap S2	SR/S1/ELS	SR/S1/EV	SR/S1/ER	SR/S1/ENTR	SR/S1/L	SR/S1/LMAX	SR/S2/ELS	SR/S2/EV	SR/S2/ER	SR/S2/ENTR	SR/S2/L	SR/S2/LMAX
dialogue_txt	Human 1	Human 2	0.6666666666666666	0.2459016393442623	0.28773584905660377	0.3333333333333333	0.33774834437086093	0.7122641509433962	0.6595744680851063	0.34831460674157305	8.0	0.11594202898550725	0.2463768115942029	-0.0	1.0	1.0	27.0	0.16981132075471697	0.5031446540880503	1.2170387554376858	1.5384615384615385	7.0
