ID	Num. utterances	Num. tokens	Expression Lexicon Size (ELS)	Expression Variety (EV)	Expression Repetition (ER)	Voc. Overlap	ENTR	L	LMAX
dialogue_txt	14.0	279.0	18.0	0.06451612903225806	0.20430107526881722	0.14925373134328357	0.17556502585750278	1.0263157894736843	2.0
