ID	Num. utterances	Num. tokens	Expression Lexicon Size (ELS)	Expression Variety (EV)	Expression Repetition (ER)	Voc. Overlap	ENTR	L	LMAX
dialogue_txt	16.0	331.0	57.0	0.17220543806646527	0.42900302114803623	0.3953488372093023	0.9271661414455266	1.2641509433962264	4.0
