ID	Num. utterances	Num. tokens	Expression Lexicon Size (ELS)	Expression Variety (EV)	Expression Repetition (ER)	Voc. Overlap	ENTR	L	LMAX
dialogue_txt	18.0	205.0	28.0	0.13658536585365855	0.3073170731707317	0.3333333333333333	0.8196254070696533	1.2266666666666666	3.0
