ID	S1	S2	S1/Initiated Expression (IE_S1)	S1/Expression Repetition (ER_S1)	S1/tokens (%)	S2/Initiated Expression (IE_S2)	S2/Expression Repetition (ER_S2)	S2/tokens (%)	Voc. Overlap S1	Voc. Overlap S2	SR/S1/ELS	SR/S1/EV	SR/S1/ER	SR/S1/ENTR	SR/S1/L	SR/S1/LMAX	SR/S2/ELS	SR/S2/EV	SR/S2/ER	SR/S2/ENTR	SR/S2/L	SR/S2/LMAX
dialogue_txt	Human 1	Human 2	0.625	0.27167630057803466	0.667953667953668	0.375	0.43023255813953487	0.33204633204633205	0.3125	0.5660377358490566	26.0	0.143646408839779	0.4419889502762431	0.849092165846601	1.2321428571428572	3.0	14.0	0.14893617021276595	0.3191489361702128	0.4021791902022728	1.16	3.0
