ID	Num. utterances	Num. tokens	Expression Lexicon Size (ELS)	Expression Variety (EV)	Expression Repetition (ER)	Voc. Overlap	ENTR	L	LMAX
dialogue_txt	16.0	259.0	32.0	0.12355212355212356	0.32432432432432434	0.25210084033613445	1.1076015053745831	1.388235294117647	5.0
