ID	S1	S2	S1/Initiated Expression (IE_S1)	S1/Expression Repetition (ER_S1)	S1/tokens (%)	S2/Initiated Expression (IE_S2)	S2/Expression Repetition (ER_S2)	S2/tokens (%)	Voc. Overlap S1	Voc. Overlap S2	SR/S1/ELS	SR/S1/EV	SR/S1/ER	SR/S1/ENTR	SR/S1/L	SR/S1/LMAX	SR/S2/ELS	SR/S2/EV	SR/S2/ER	SR/S2/ENTR	SR/S2/L	SR/S2/LMAX
dialogue_txt	Human 1	Human 2	0.7894736842105263	0.22340425531914893	0.5026737967914439	0.21052631578947367	0.3655913978494624	0.49732620320855614	0.38461538461538464	0.425531914893617	22.0	0.1116751269035533	0.40609137055837563	0.9106559588025549	1.26	3.0	31.0	0.15897435897435896	0.5743589743589743	1.5708586259517654	1.7538461538461538	5.0
