ID	S1	S2	S1/Initiated Expression (IE_S1)	S1/Expression Repetition (ER_S1)	S1/tokens (%)	S2/Initiated Expression (IE_S2)	S2/Expression Repetition (ER_S2)	S2/tokens (%)	Voc. Overlap S1	Voc. Overlap S2	SR/S1/ELS	SR/S1/EV	SR/S1/ER	SR/S1/ENTR	SR/S1/L	SR/S1/LMAX	SR/S2/ELS	SR/S2/EV	SR/S2/ER	SR/S2/ENTR	SR/S2/L	SR/S2/LMAX
dialogue_txt	Human 1	Human 2	0.9333333333333333	0.11538461538461539	0.4785276073619632	0.06666666666666667	0.6823529411764706	0.5214723926380368	0.6140350877192983	0.6730769230769231	7.0	0.08333333333333333	0.2261904761904762	0.5435644431995964	1.125	2.0	16.0	0.17391304347826086	0.5434782608695652	1.1183698009902905	1.457142857142857	4.0
