ID	S1	S2	S1/Initiated Expression (IE_S1)	S1/Expression Repetition (ER_S1)	S1/tokens (%)	S2/Initiated Expression (IE_S2)	S2/Expression Repetition (ER_S2)	S2/tokens (%)	Voc. Overlap S1	Voc. Overlap S2	SR/S1/ELS	SR/S1/EV	SR/S1/ER	SR/S1/ENTR	SR/S1/L	SR/S1/LMAX	SR/S2/ELS	SR/S2/EV	SR/S2/ER	SR/S2/ENTR	SR/S2/L	SR/S2/LMAX
dialogue_txt	Human 1	Human 2	0.8627450980392157	0.14864864864864866	0.4852459016393443	0.13725490196078433	0.535031847133758	0.5147540983606558	0.5517241379310345	0.48484848484848486	22.0	0.14102564102564102	0.4230769230769231	0.8176338568998316	1.22	3.0	23.0	0.1393939393939394	0.4666666666666667	0.8608641175360349	1.271186440677966	4.0
