ID	Num. utterances	Num. tokens	Expression Lexicon Size (ELS)	Expression Variety (EV)	Expression Repetition (ER)	Voc. Overlap	ENTR	L	LMAX
dialogue_txt	16.0	305.0	51.0	0.16721311475409836	0.3475409836065574	0.34782608695652173	0.8659017042070084	1.2461538461538462	4.0
