ID	S1	S2	S1/Initiated Expression (IE_S1)	S1/Expression Repetition (ER_S1)	S1/tokens (%)	S2/Initiated Expression (IE_S2)	S2/Expression Repetition (ER_S2)	S2/tokens (%)	Voc. Overlap S1	Voc. Overlap S2	SR/S1/ELS	SR/S1/EV	SR/S1/ER	SR/S1/ENTR	SR/S1/L	SR/S1/LMAX	SR/S2/ELS	SR/S2/EV	SR/S2/ER	SR/S2/ENTR	SR/S2/L	SR/S2/LMAX
dialogue_txt	Human 1	Human 2	0.782608695652174	0.23121387283236994	0.5088235294117647	0.21739130434782608	0.437125748502994	0.49117647058823527	0.4270833333333333	0.41836734693877553	26.0	0.143646408839779	0.4419889502762431	0.849092165846601	1.2321428571428572	3.0	25.0	0.14285714285714285	0.45714285714285713	0.631263018091612	1.1587301587301588	2.0
