ID	S1	S2	S1/Initiated Expression (IE_S1)	S1/Expression Repetition (ER_S1)	S1/tokens (%)	S2/Initiated Expression (IE_S2)	S2/Expression Repetition (ER_S2)	S2/tokens (%)	Voc. Overlap S1	Voc. Overlap S2	SR/S1/ELS	SR/S1/EV	SR/S1/ER	SR/S1/ENTR	SR/S1/L	SR/S1/LMAX	SR/S2/ELS	SR/S2/EV	SR/S2/ER	SR/S2/ENTR	SR/S2/L	SR/S2/LMAX
dialogue_txt	Human 1	Human 2	0.4878048780487805	0.2992125984251969	0.47388059701492535	0.5121951219512195	0.3333333333333333	0.5261194029850746	0.47560975609756095	0.47560975609756095	17.0	0.1259259259259259	0.34074074074074073	0.6394571324851641	1.162162162162162	2.0	26.0	0.174496644295302	0.5234899328859061	1.024284331748921	1.3389830508474576	3.0
