ID	S1	S2	S1/Initiated Expression (IE_S1)	S1/Expression Repetition (ER_S1)	S1/tokens (%)	S2/Initiated Expression (IE_S2)	S2/Expression Repetition (ER_S2)	S2/tokens (%)	Voc. Overlap S1	Voc. Overlap S2	SR/S1/ELS	SR/S1/EV	SR/S1/ER	SR/S1/ENTR	SR/S1/L	SR/S1/LMAX	SR/S2/ELS	SR/S2/EV	SR/S2/ER	SR/S2/ENTR	SR/S2/L	SR/S2/LMAX
dialogue_txt	Human 1	Human 2	0.7884615384615384	0.15384615384615385	0.48639455782312924	0.21153846153846154	0.695364238410596	0.5136054421768708	0.5287356321839081	0.6571428571428571	20.0	0.13245033112582782	0.3973509933774834	0.8315435491770659	1.2272727272727273	3.0	31.0	0.1949685534591195	0.7044025157232704	1.6520366871399168	1.796875	7.0
