ID	S1	S2	S1/Initiated Expression (IE_S1)	S1/Expression Repetition (ER_S1)	S1/tokens (%)	S2/Initiated Expression (IE_S2)	S2/Expression Repetition (ER_S2)	S2/tokens (%)	Voc. Overlap S1	Voc. Overlap S2	SR/S1/ELS	SR/S1/EV	SR/S1/ER	SR/S1/ENTR	SR/S1/L	SR/S1/LMAX	SR/S2/ELS	SR/S2/EV	SR/S2/ER	SR/S2/ENTR	SR/S2/L	SR/S2/LMAX
dialogue_txt	Human 1	Human 2	0.47368421052631576	0.18181818181818182	0.3473684210526316	0.5263157894736842	0.21774193548387097	0.6526315789473685	0.3684210526315789	0.26582278481012656	3.0	0.0410958904109589	0.0821917808219178	-0.0	1.0	1.0	19.0	0.1450381679389313	0.4198473282442748	0.7228578977329687	1.2857142857142858	5.0
