ID	S1	S2	S1/Initiated Expression (IE_S1)	S1/Expression Repetition (ER_S1)	S1/tokens (%)	S2/Initiated Expression (IE_S2)	S2/Expression Repetition (ER_S2)	S2/tokens (%)	Voc. Overlap S1	Voc. Overlap S2	SR/S1/ELS	SR/S1/EV	SR/S1/ER	SR/S1/ENTR	SR/S1/L	SR/S1/LMAX	SR/S2/ELS	SR/S2/EV	SR/S2/ER	SR/S2/ENTR	SR/S2/L	SR/S2/LMAX
dialogue_txt	Human 1	Human 2	0.803921568627451	0.1896551724137931	0.3815789473684211	0.19607843137254902	0.48936170212765956	0.618421052631579	0.575	0.4380952380952381	11.0	0.088	0.24	-0.0	1.0	1.0	33.0	0.16666666666666666	0.5404040404040404	1.067988219096778	1.3414634146341464	3.0
