ID	Num. utterances	Num. tokens	Expression Lexicon Size (ELS)	Expression Variety (EV)	Expression Repetition (ER)	Voc. Overlap	ENTR	L	LMAX
dialogue_txt	15.0	324.0	35.0	0.10802469135802469	0.29012345679012347	0.23417721518987342	0.7286561673702678	1.2033898305084745	2.0
