ID	S1	S2	S1/Initiated Expression (IE_S1)	S1/Expression Repetition (ER_S1)	S1/tokens (%)	S2/Initiated Expression (IE_S2)	S2/Expression Repetition (ER_S2)	S2/tokens (%)	Voc. Overlap S1	Voc. Overlap S2	SR/S1/ELS	SR/S1/EV	SR/S1/ER	SR/S1/ENTR	SR/S1/L	SR/S1/LMAX	SR/S2/ELS	SR/S2/EV	SR/S2/ER	SR/S2/ENTR	SR/S2/L	SR/S2/LMAX
dialogue_txt	Human 1	Human 2	0.7096774193548387	0.1619047619047619	0.42338709677419356	0.2903225806451613	0.35664335664335667	0.5766129032258065	0.4430379746835443	0.3723404255319149	8.0	0.07142857142857142	0.17857142857142858	-0.0	1.0	1.0	18.0	0.12080536912751678	0.4161073825503356	0.4971501836369671	1.1666666666666667	4.0
