ID	S1	S2	S1/Initiated Expression (IE_S1)	S1/Expression Repetition (ER_S1)	S1/tokens (%)	S2/Initiated Expression (IE_S2)	S2/Expression Repetition (ER_S2)	S2/tokens (%)	Voc. Overlap S1	Voc. Overlap S2	SR/S1/ELS	SR/S1/EV	SR/S1/ER	SR/S1/ENTR	SR/S1/L	SR/S1/LMAX	SR/S2/ELS	SR/S2/EV	SR/S2/ER	SR/S2/ENTR	SR/S2/L	SR/S2/LMAX
dialogue_txt	Human 1	Human 2	0.8979591836734694	0.0979020979020979	0.48639455782312924	0.10204081632653061	0.6291390728476821	0.5136054421768708	0.5	0.5977011494252874	14.0	0.09333333333333334	0.26	0.32984607020714635	1.0606060606060606	2.0	31.0	0.1962025316455696	0.569620253164557	0.7796257356728952	1.2028985507246377	3.0
