ID	Num. utterances	Num. tokens	Expression Lexicon Size (ELS)	Expression Variety (EV)	Expression Repetition (ER)	Voc. Overlap	ENTR	L	LMAX
dialogue_txt	19.0	306.0	37.0	0.12091503267973856	0.24509803921568626	0.20588235294117646	0.7537153483720095	1.2164948453608246	2.0
