ID	S1	S2	S1/Initiated Expression (IE_S1)	S1/Expression Repetition (ER_S1)	S1/tokens (%)	S2/Initiated Expression (IE_S2)	S2/Expression Repetition (ER_S2)	S2/tokens (%)	Voc. Overlap S1	Voc. Overlap S2	SR/S1/ELS	SR/S1/EV	SR/S1/ER	SR/S1/ENTR	SR/S1/L	SR/S1/LMAX	SR/S2/ELS	SR/S2/EV	SR/S2/ER	SR/S2/ENTR	SR/S2/L	SR/S2/LMAX
dialogue_txt	Human 1	Human 2	0.8	0.1794871794871795	0.4936708860759494	0.2	0.4625	0.5063291139240507	0.5087719298245614	0.5178571428571429	7.0	0.08333333333333333	0.2261904761904762	0.5435644431995964	1.125	2.0	10.0	0.11494252873563218	0.3103448275862069	0.4394969869215133	1.0909090909090908	2.0
