ID	Num. utterances	Num. tokens	Expression Lexicon Size (ELS)	Expression Variety (EV)	Expression Repetition (ER)	Voc. Overlap	ENTR	L	LMAX
dialogue_txt	18.0	248.0	30.0	0.12096774193548387	0.3064516129032258	0.2711864406779661	0.37123232664087563	1.0714285714285714	2.0
