ID	S1	S2	S1/Initiated Expression (IE_S1)	S1/Expression Repetition (ER_S1)	S1/tokens (%)	S2/Initiated Expression (IE_S2)	S2/Expression Repetition (ER_S2)	S2/tokens (%)	Voc. Overlap S1	Voc. Overlap S2	SR/S1/ELS	SR/S1/EV	SR/S1/ER	SR/S1/ENTR	SR/S1/L	SR/S1/LMAX	SR/S2/ELS	SR/S2/EV	SR/S2/ER	SR/S2/ENTR	SR/S2/L	SR/S2/LMAX
dialogue_txt	Human 1	Human 2	0.7647058823529411	0.17857142857142858	0.3835616438356164	0.23529411764705882	0.3277777777777778	0.6164383561643836	0.4805194805194805	0.3592233009708738	15.0	0.125	0.31666666666666665	0.43055186701043946	1.088235294117647	2.0	25.0	0.13297872340425532	0.4946808510638298	1.348322615580929	1.5423728813559323	3.0
