ID	Num. utterances	Num. tokens	Expression Lexicon Size (ELS)	Expression Variety (EV)	Expression Repetition (ER)	Voc. Overlap	ENTR	L	LMAX
dialogue_txt	17.0	333.0	48.0	0.14414414414414414	0.32732732732732733	0.31851851851851853	1.3285528729030243	1.487603305785124	4.0
