ID	S1	S2	S1/Initiated Expression (IE_S1)	S1/Expression Repetition (ER_S1)	S1/tokens (%)	S2/Initiated Expression (IE_S2)	S2/Expression Repetition (ER_S2)	S2/tokens (%)	Voc. Overlap S1	Voc. Overlap S2	SR/S1/ELS	SR/S1/EV	SR/S1/ER	SR/S1/ENTR	SR/S1/L	SR/S1/LMAX	SR/S2/ELS	SR/S2/EV	SR/S2/ER	SR/S2/ENTR	SR/S2/L	SR/S2/LMAX
dialogue_txt	Human 1	Human 2	0.7105263157894737	0.11	0.40816326530612246	0.2894736842105263	0.4068965517241379	0.5918367346938775	0.5128205128205128	0.43010752688172044	11.0	0.102803738317757	0.21495327102803738	-0.0	1.0	1.0	27.0	0.17647058823529413	0.47058823529411764	0.7495952572594798	1.2142857142857142	2.0
