ID	Num. utterances	Num. tokens	Expression Lexicon Size (ELS)	Expression Variety (EV)	Expression Repetition (ER)	Voc. Overlap	ENTR	L	LMAX
dialogue_txt	16.0	249.0	43.0	0.17269076305220885	0.357429718875502	0.3565217391304348	1.4219581729676587	1.5473684210526315	4.0
