ID	S1	S2	S1/Initiated Expression (IE_S1)	S1/Expression Repetition (ER_S1)	S1/tokens (%)	S2/Initiated Expression (IE_S2)	S2/Expression Repetition (ER_S2)	S2/tokens (%)	Voc. Overlap S1	Voc. Overlap S2	SR/S1/ELS	SR/S1/EV	SR/S1/ER	SR/S1/ENTR	SR/S1/L	SR/S1/LMAX	SR/S2/ELS	SR/S2/EV	SR/S2/ER	SR/S2/ENTR	SR/S2/L	SR/S2/LMAX
dialogue_txt	Human 1	Human 2	0.7857142857142857	0.2153846153846154	0.45774647887323944	0.21428571428571427	0.45454545454545453	0.5422535211267606	0.5116279069767442	0.4835164835164835	14.0	0.10218978102189781	0.3357664233576642	0.4854607607459134	1.105263157894737	2.0	24.0	0.14814814814814814	0.47530864197530864	1.4594911601991534	1.5769230769230769	4.0
