ID	S1	S2	S1/Initiated Expression (IE_S1)	S1/Expression Repetition (ER_S1)	S1/tokens (%)	S2/Initiated Expression (IE_S2)	S2/Expression Repetition (ER_S2)	S2/tokens (%)	Voc. Overlap S1	Voc. Overlap S2	SR/S1/ELS	SR/S1/EV	SR/S1/ER	SR/S1/ENTR	SR/S1/L	SR/S1/LMAX	SR/S2/ELS	SR/S2/EV	SR/S2/ER	SR/S2/ENTR	SR/S2/L	SR/S2/LMAX
dialogue_txt	Human 1	Human 2	0.8571428571428571	0.15126050420168066	0.5483870967741935	0.14285714285714285	0.5612244897959183	0.45161290322580644	0.4880952380952381	0.5942028985507246	12.0	0.09448818897637795	0.3228346456692913	0.3372900666170139	1.125	3.0	14.0	0.1308411214953271	0.38317757009345793	0.49418293484978865	1.1081081081081081	2.0
