ID	S1	S2	S1/Initiated Expression (IE_S1)	S1/Expression Repetition (ER_S1)	S1/tokens (%)	S2/Initiated Expression (IE_S2)	S2/Expression Repetition (ER_S2)	S2/tokens (%)	Voc. Overlap S1	Voc. Overlap S2	SR/S1/ELS	SR/S1/EV	SR/S1/ER	SR/S1/ENTR	SR/S1/L	SR/S1/LMAX	SR/S2/ELS	SR/S2/EV	SR/S2/ER	SR/S2/ENTR	SR/S2/L	SR/S2/LMAX
dialogue_txt	Human 1	Human 2	0.7962962962962963	0.17553191489361702	0.5433526011560693	0.2037037037037037	0.4936708860759494	0.45664739884393063	0.5480769230769231	0.57	22.0	0.1116751269035533	0.40609137055837563	0.9106559588025549	1.26	3.0	21.0	0.12574850299401197	0.4311377245508982	0.7304366920296937	1.4081632653061225	7.0
