ID	Num. utterances	Num. tokens	Expression Lexicon Size (ELS)	Expression Variety (EV)	Expression Repetition (ER)	Voc. Overlap	ENTR	L	LMAX
dialogue_txt	16.0	238.0	38.0	0.15966386554621848	0.3403361344537815	0.3508771929824561	1.635045351239461	1.7108433734939759	6.0
