ID	Num. utterances	Num. tokens	Expression Lexicon Size (ELS)	Expression Variety (EV)	Expression Repetition (ER)	Voc. Overlap	ENTR	L	LMAX
dialogue_txt	15.0	259.0	37.0	0.14285714285714285	0.3127413127413127	0.30833333333333335	1.093918609798624	1.3564356435643565	3.0
