ID	S1	S2	S1/Initiated Expression (IE_S1)	S1/Expression Repetition (ER_S1)	S1/tokens (%)	S2/Initiated Expression (IE_S2)	S2/Expression Repetition (ER_S2)	S2/tokens (%)	Voc. Overlap S1	Voc. Overlap S2	SR/S1/ELS	SR/S1/EV	SR/S1/ER	SR/S1/ENTR	SR/S1/L	SR/S1/LMAX	SR/S2/ELS	SR/S2/EV	SR/S2/ER	SR/S2/ENTR	SR/S2/L	SR/S2/LMAX
dialogue_txt	Human 1	Human 2	0.5	0.22727272727272727	0.36213991769547327	0.5	0.1935483870967742	0.6378600823045267	0.4084507042253521	0.30526315789473685	4.0	0.042105263157894736	0.16842105263157894	0.7219280948873623	1.4	3.0	20.0	0.12269938650306748	0.4539877300613497	1.419035274338866	1.75	8.0
