ID	Num. utterances	Num. tokens	Expression Lexicon Size (ELS)	Expression Variety (EV)	Expression Repetition (ER)	Voc. Overlap	ENTR	L	LMAX
dialogue_txt	15.0	243.0	24.0	0.09876543209876543	0.205761316872428	0.2116788321167883	0.5762914612174369	1.1369863013698631	2.0
