ID	S1	S2	S1/Initiated Expression (IE_S1)	S1/Expression Repetition (ER_S1)	S1/tokens (%)	S2/Initiated Expression (IE_S2)	S2/Expression Repetition (ER_S2)	S2/tokens (%)	Voc. Overlap S1	Voc. Overlap S2	SR/S1/ELS	SR/S1/EV	SR/S1/ER	SR/S1/ENTR	SR/S1/L	SR/S1/LMAX	SR/S2/ELS	SR/S2/EV	SR/S2/ER	SR/S2/ENTR	SR/S2/L	SR/S2/LMAX
dialogue_txt	Human 1	Human 2	0.7	0.20437956204379562	0.46598639455782315	0.3	0.35668789808917195	0.5340136054421769	0.4659090909090909	0.3867924528301887	14.0	0.09655172413793103	0.296551724137931	0.8503259045049341	1.3214285714285714	4.0	25.0	0.15151515151515152	0.40606060606060607	0.6360156177392153	1.1607142857142858	2.0
