ID	Num. utterances	Num. tokens	Expression Lexicon Size (ELS)	Expression Variety (EV)	Expression Repetition (ER)	Voc. Overlap	ENTR	L	LMAX
dialogue_txt	16.0	294.0	40.0	0.1360544217687075	0.2857142857142857	0.2679738562091503	0.6213429321086171	1.1441441441441442	3.0
