ID	Num. utterances	Num. tokens	Expression Lexicon Size (ELS)	Expression Variety (EV)	Expression Repetition (ER)	Voc. Overlap	ENTR	L	LMAX
dialogue_txt	19.0	447.0	69.0	0.15436241610738255	0.4161073825503356	0.42045454545454547	1.109492484174911	1.3762376237623761	6.0
