ID	Num. utterances	Num. tokens	Expression Lexicon Size (ELS)	Expression Variety (EV)	Expression Repetition (ER)	Voc. Overlap	ENTR	L	LMAX
dialogue_txt	13.0	260.0	32.0	0.12307692307692308	0.26153846153846155	0.26618705035971224	0.8697471265693033	1.2439024390243902	3.0
