ID	S1	S2	S1/Initiated Expression (IE_S1)	S1/Expression Repetition (ER_S1)	S1/tokens (%)	S2/Initiated Expression (IE_S2)	S2/Expression Repetition (ER_S2)	S2/tokens (%)	Voc. Overlap S1	Voc. Overlap S2	SR/S1/ELS	SR/S1/EV	SR/S1/ER	SR/S1/ENTR	SR/S1/L	SR/S1/LMAX	SR/S2/ELS	SR/S2/EV	SR/S2/ER	SR/S2/ENTR	SR/S2/L	SR/S2/LMAX
dialogue_txt	Human 1	Human 2	0.625	0.17142857142857143	0.40384615384615385	0.375	0.3225806451612903	0.5961538461538461	0.46835443037974683	0.38144329896907214	8.0	0.07142857142857142	0.17857142857142858	-0.0	1.0	1.0	24.0	0.14906832298136646	0.4658385093167702	1.029916359848474	1.3272727272727274	4.0
