ID	Num. utterances	Num. tokens	Expression Lexicon Size (ELS)	Expression Variety (EV)	Expression Repetition (ER)	Voc. Overlap	ENTR	L	LMAX
dialogue_txt	16.0	305.0	37.0	0.12131147540983607	0.3540983606557377	0.3308270676691729	0.8781974183034507	1.305084745762712	5.0
