ID	S1	S2	S1/Initiated Expression (IE_S1)	S1/Expression Repetition (ER_S1)	S1/tokens (%)	S2/Initiated Expression (IE_S2)	S2/Expression Repetition (ER_S2)	S2/tokens (%)	Voc. Overlap S1	Voc. Overlap S2	SR/S1/ELS	SR/S1/EV	SR/S1/ER	SR/S1/ENTR	SR/S1/L	SR/S1/LMAX	SR/S2/ELS	SR/S2/EV	SR/S2/ER	SR/S2/ENTR	SR/S2/L	SR/S2/LMAX
dialogue_txt	Human 1	Human 2	0.8888888888888888	0.075	0.5063291139240507	0.1111111111111111	0.5512820512820513	0.4936708860759494	0.5423728813559322	0.5614035087719298	6.0	0.06896551724137931	0.1724137931034483	-0.0	1.0	1.0	11.0	0.12790697674418605	0.38372093023255816	0.954434002924965	1.375	2.0
