ID	S1	S2	S1/Initiated Expression (IE_S1)	S1/Expression Repetition (ER_S1)	S1/tokens (%)	S2/Initiated Expression (IE_S2)	S2/Expression Repetition (ER_S2)	S2/tokens (%)	Voc. Overlap S1	Voc. Overlap S2	SR/S1/ELS	SR/S1/EV	SR/S1/ER	SR/S1/ENTR	SR/S1/L	SR/S1/LMAX	SR/S2/ELS	SR/S2/EV	SR/S2/ER	SR/S2/ENTR	SR/S2/L	SR/S2/LMAX
dialogue_txt	Human 1	Human 2	0.7272727272727273	0.08333333333333333	0.33488372093023255	0.2727272727272727	0.40559440559440557	0.6651162790697674	0.673469387755102	0.42857142857142855	8.0	0.10126582278481013	0.2911392405063291	0.7642045065086203	1.2222222222222223	2.0	22.0	0.14666666666666667	0.5533333333333333	1.6382229293731256	1.7608695652173914	4.0
