ID	Num. utterances	Num. tokens	Expression Lexicon Size (ELS)	Expression Variety (EV)	Expression Repetition (ER)	Voc. Overlap	ENTR	L	LMAX
dialogue_txt	15.0	254.0	35.0	0.1377952755905512	0.33858267716535434	0.2982456140350877	0.8126713627247513	1.2190476190476192	3.0
