ID	S1	S2	S1/Initiated Expression (IE_S1)	S1/Expression Repetition (ER_S1)	S1/tokens (%)	S2/Initiated Expression (IE_S2)	S2/Expression Repetition (ER_S2)	S2/tokens (%)	Voc. Overlap S1	Voc. Overlap S2	SR/S1/ELS	SR/S1/EV	SR/S1/ER	SR/S1/ENTR	SR/S1/L	SR/S1/LMAX	SR/S2/ELS	SR/S2/EV	SR/S2/ER	SR/S2/ENTR	SR/S2/L	SR/S2/LMAX
dialogue_txt	Human 1	Human 2	0.6785714285714286	0.1282051282051282	0.37261146496815284	0.32142857142857145	0.25380710659898476	0.6273885350318471	0.4057971014492754	0.25688073394495414	19.0	0.15079365079365079	0.4126984126984127	1.242370874393215	1.457142857142857	3.0	32.0	0.1553398058252427	0.5048543689320388	1.1409938740451921	1.492537313432836	8.0
