ID	Num. utterances	Num. tokens	Expression Lexicon Size (ELS)	Expression Variety (EV)	Expression Repetition (ER)	Voc. Overlap	ENTR	L	LMAX
dialogue_txt	18.0	314.0	28.0	0.08917197452229299	0.2070063694267516	0.18666666666666668	1.1519546907060942	1.4303797468354431	6.0
