ID	Num. utterances	Num. tokens	Expression Lexicon Size (ELS)	Expression Variety (EV)	Expression Repetition (ER)	Voc. Overlap	ENTR	L	LMAX
dialogue_txt	15.0	261.0	46.0	0.17624521072796934	0.31417624521072796	0.3884297520661157	0.8534395690234395	1.2434782608695651	3.0
