ID	Num. utterances	Num. tokens	Expression Lexicon Size (ELS)	Expression Variety (EV)	Expression Repetition (ER)	Voc. Overlap	ENTR	L	LMAX
dialogue_txt	18.0	218.0	30.0	0.13761467889908258	0.2981651376146789	0.2608695652173913	0.858230792641141	1.2820512820512822	2.0
