ID	S1	S2	S1/Initiated Expression (IE_S1)	S1/Expression Repetition (ER_S1)	S1/tokens (%)	S2/Initiated Expression (IE_S2)	S2/Expression Repetition (ER_S2)	S2/tokens (%)	Voc. Overlap S1	Voc. Overlap S2	SR/S1/ELS	SR/S1/EV	SR/S1/ER	SR/S1/ENTR	SR/S1/L	SR/S1/LMAX	SR/S2/ELS	SR/S2/EV	SR/S2/ER	SR/S2/ENTR	SR/S2/L	SR/S2/LMAX
dialogue_txt	Human 1	Human 2	0.8205128205128205	0.12751677852348994	0.5457875457875457	0.1794871794871795	0.5725806451612904	0.4542124542124542	0.37755102040816324	0.5362318840579711	14.0	0.08974358974358974	0.27564102564102566	0.7355085815538398	1.206896551724138	2.0	26.0	0.1984732824427481	0.5343511450381679	0.824980257347893	1.2222222222222223	3.0
