ID	Num. utterances	Num. tokens	Expression Lexicon Size (ELS)	Expression Variety (EV)	Expression Repetition (ER)	Voc. Overlap	ENTR	L	LMAX
dialogue_txt	14.0	273.0	39.0	0.14285714285714285	0.32967032967032966	0.2846153846153846	0.8452300034303243	1.2307692307692308	3.0
