ID	Num. utterances	Num. tokens	Expression Lexicon Size (ELS)	Expression Variety (EV)	Expression Repetition (ER)	Voc. Overlap	ENTR	L	LMAX
dialogue_txt	16.0	312.0	63.0	0.20192307692307693	0.42948717948717946	0.45454545454545453	0.972508214127096	1.2901234567901234	3.0
