ID	Num. utterances	Num. tokens	Expression Lexicon Size (ELS)	Expression Variety (EV)	Expression Repetition (ER)	Voc. Overlap	ENTR	L	LMAX
dialogue_txt	14.0	302.0	29.0	0.09602649006622517	0.23509933774834438	0.2052980132450331	0.8377527430500351	1.2298850574712643	3.0
