ID	Num. utterances	Num. tokens	Expression Lexicon Size (ELS)	Expression Variety (EV)	Expression Repetition (ER)	Voc. Overlap	ENTR	L	LMAX
dialogue_txt	16.0	257.0	44.0	0.17120622568093385	0.3463035019455253	0.33613445378151263	1.0693857385344487	1.3428571428571427	3.0
