ID	Num. utterances	Num. tokens	Expression Lexicon Size (ELS)	Expression Variety (EV)	Expression Repetition (ER)	Voc. Overlap	ENTR	L	LMAX
dialogue_txt	16.0	154.0	22.0	0.14285714285714285	0.3051948051948052	0.4142857142857143	1.618066437299976	1.7727272727272727	6.0
