ID	S1	S2	S1/Initiated Expression (IE_S1)	S1/Expression Repetition (ER_S1)	S1/tokens (%)	S2/Initiated Expression (IE_S2)	S2/Expression Repetition (ER_S2)	S2/tokens (%)	Voc. Overlap S1	Voc. Overlap S2	SR/S1/ELS	SR/S1/EV	SR/S1/ER	SR/S1/ENTR	SR/S1/L	SR/S1/LMAX	SR/S2/ELS	SR/S2/EV	SR/S2/ER	SR/S2/ENTR	SR/S2/L	SR/S2/LMAX
dialogue_txt	Human 1	Human 2	0.9545454545454546	0.04918032786885246	0.3961038961038961	0.045454545454545456	0.4731182795698925	0.6038961038961039	0.6170212765957447	0.5576923076923077	8.0	0.11594202898550725	0.2463768115942029	-0.0	1.0	1.0	13.0	0.12871287128712872	0.504950495049505	1.4885252948977485	1.9230769230769231	7.0
