ID	S1	S2	S1/Initiated Expression (IE_S1)	S1/Expression Repetition (ER_S1)	S1/tokens (%)	S2/Initiated Expression (IE_S2)	S2/Expression Repetition (ER_S2)	S2/tokens (%)	Voc. Overlap S1	Voc. Overlap S2	SR/S1/ELS	SR/S1/EV	SR/S1/ER	SR/S1/ENTR	SR/S1/L	SR/S1/LMAX	SR/S2/ELS	SR/S2/EV	SR/S2/ER	SR/S2/ENTR	SR/S2/L	SR/S2/LMAX
dialogue_txt	Human 1	Human 2	0.696969696969697	0.20454545454545456	0.4036697247706422	0.30303030303030304	0.3384615384615385	0.5963302752293578	0.5070422535211268	0.4186046511627907	4.0	0.042105263157894736	0.16842105263157894	0.7219280948873623	1.4	3.0	18.0	0.13043478260869565	0.39855072463768115	1.0975378398419535	1.3888888888888888	4.0
