ID	Num. utterances	Num. tokens	Expression Lexicon Size (ELS)	Expression Variety (EV)	Expression Repetition (ER)	Voc. Overlap	ENTR	L	LMAX
dialogue_txt	19.0	353.0	57.0	0.16147308781869688	0.35694050991501414	0.3374233128834356	0.8472407114498819	1.2356687898089171	3.0
