ID	Num. utterances	Num. tokens	Expression Lexicon Size (ELS)	Expression Variety (EV)	Expression Repetition (ER)	Voc. Overlap	ENTR	L	LMAX
dialogue_txt	8.0	120.0	17.0	0.14166666666666666	0.24166666666666667	0.34782608695652173	0.5489544344250401	1.2380952380952381	5.0
