ID	Num. utterances	Num. tokens	Expression Lexicon Size (ELS)	Expression Variety (EV)	Expression Repetition (ER)	Voc. Overlap	ENTR	L	LMAX
dialogue_txt	17.0	327.0	36.0	0.11009174311926606	0.3333333333333333	0.25161290322580643	0.8610747273514958	1.2413793103448276	3.0
