ID	S1	S2	S1/Initiated Expression (IE_S1)	S1/Expression Repetition (ER_S1)	S1/tokens (%)	S2/Initiated Expression (IE_S2)	S2/Expression Repetition (ER_S2)	S2/tokens (%)	Voc. Overlap S1	Voc. Overlap S2	SR/S1/ELS	SR/S1/EV	SR/S1/ER	SR/S1/ENTR	SR/S1/L	SR/S1/LMAX	SR/S2/ELS	SR/S2/EV	SR/S2/ER	SR/S2/ENTR	SR/S2/L	SR/S2/LMAX
dialogue_txt	Human 1	Human 2	0.6842105263157895	0.18055555555555555	0.3025210084033613	0.3157894736842105	0.1746987951807229	0.6974789915966386	0.37037037037037035	0.21739130434782608	9.0	0.1111111111111111	0.2716049382716049	0.4689955935892812	1.1	2.0	23.0	0.13142857142857142	0.4857142857142857	1.4748747399889837	1.7708333333333333	8.0
