ID	S1	S2	S1/Initiated Expression (IE_S1)	S1/Expression Repetition (ER_S1)	S1/tokens (%)	S2/Initiated Expression (IE_S2)	S2/Expression Repetition (ER_S2)	S2/tokens (%)	Voc. Overlap S1	Voc. Overlap S2	SR/S1/ELS	SR/S1/EV	SR/S1/ER	SR/S1/ENTR	SR/S1/L	SR/S1/LMAX	SR/S2/ELS	SR/S2/EV	SR/S2/ER	SR/S2/ENTR	SR/S2/L	SR/S2/LMAX
dialogue_txt	Human 1	Human 2	0.5789473684210527	0.2413793103448276	0.3918918918918919	0.42105263157894735	0.34444444444444444	0.6081081081081081	0.45	0.3711340206185567	11.0	0.088	0.24	-0.0	1.0	1.0	27.0	0.14210526315789473	0.49473684210526314	1.710463458392951	1.7678571428571428	5.0
