ID	S1	S2	S1/Initiated Expression (IE_S1)	S1/Expression Repetition (ER_S1)	S1/tokens (%)	S2/Initiated Expression (IE_S2)	S2/Expression Repetition (ER_S2)	S2/tokens (%)	Voc. Overlap S1	Voc. Overlap S2	SR/S1/ELS	SR/S1/EV	SR/S1/ER	SR/S1/ENTR	SR/S1/L	SR/S1/LMAX	SR/S2/ELS	SR/S2/EV	SR/S2/ER	SR/S2/ENTR	SR/S2/L	SR/S2/LMAX
dialogue_txt	Human 1	Human 2	0.7966101694915254	0.16993464052287582	0.498371335504886	0.2033898305084746	0.6623376623376623	0.501628664495114	0.6037735849056604	0.7191011235955056	19.0	0.11801242236024845	0.3105590062111801	0.5907239186406503	1.1578947368421053	3.0	30.0	0.18518518518518517	0.5555555555555556	1.2260269476353074	1.435483870967742	4.0
