ID	Num. utterances	Num. tokens	Expression Lexicon Size (ELS)	Expression Variety (EV)	Expression Repetition (ER)	Voc. Overlap	ENTR	L	LMAX
dialogue_txt	16.0	230.0	41.0	0.1782608695652174	0.3521739130434783	0.37962962962962965	1.217254765146755	1.4387755102040816	3.0
