ID	Num. utterances	Num. tokens	Expression Lexicon Size (ELS)	Expression Variety (EV)	Expression Repetition (ER)	Voc. Overlap	ENTR	L	LMAX
dialogue_txt	16.0	233.0	24.0	0.10300429184549356	0.24892703862660945	0.21238938053097345	0.7653073890649319	1.1971830985915493	3.0
