ID	Num. utterances	Num. tokens	Expression Lexicon Size (ELS)	Expression Variety (EV)	Expression Repetition (ER)	Voc. Overlap	ENTR	L	LMAX
dialogue_txt	15.0	279.0	47.0	0.16845878136200718	0.3763440860215054	0.37815126050420167	1.2253634966407365	1.4298245614035088	4.0
