ID	Num. utterances	Num. tokens	Expression Lexicon Size (ELS)	Expression Variety (EV)	Expression Repetition (ER)	Voc. Overlap	ENTR	L	LMAX
dialogue_txt	14.0	254.0	49.0	0.19291338582677164	0.38976377952755903	0.4095238095238095	0.8346976517949871	1.2283464566929134	4.0
