ID	Num. utterances	Num. tokens	Expression Lexicon Size (ELS)	Expression Variety (EV)	Expression Repetition (ER)	Voc. Overlap	ENTR	L	LMAX
dialogue_txt	18.0	283.0	27.0	0.09540636042402827	0.2332155477031802	0.19548872180451127	1.0124514307913275	1.3108108108108107	3.0
