ID	S1	S2	S1/Initiated Expression (IE_S1)	S1/Expression Repetition (ER_S1)	S1/tokens (%)	S2/Initiated Expression (IE_S2)	S2/Expression Repetition (ER_S2)	S2/tokens (%)	Voc. Overlap S1	Voc. Overlap S2	SR/S1/ELS	SR/S1/EV	SR/S1/ER	SR/S1/ENTR	SR/S1/L	SR/S1/LMAX	SR/S2/ELS	SR/S2/EV	SR/S2/ER	SR/S2/ENTR	SR/S2/L	SR/S2/LMAX
dialogue_txt	Human 1	Human 2	0.7547169811320755	0.12949640287769784	0.45874587458745875	0.24528301886792453	0.6646341463414634	0.5412541254125413	0.5568181818181818	0.6712328767123288	17.0	0.11643835616438356	0.3698630136986301	0.9707450578356165	1.394736842105263	5.0	36.0	0.21052631578947367	0.7076023391812866	1.8344938218200237	1.9130434782608696	6.0
