ID	Num. utterances	Num. tokens	Expression Lexicon Size (ELS)	Expression Variety (EV)	Expression Repetition (ER)	Voc. Overlap	ENTR	L	LMAX
dialogue_txt	16.0	208.0	34.0	0.16346153846153846	0.3557692307692308	0.3917525773195876	0.7611746305879857	1.1958762886597938	3.0
