ID	Num. utterances	Num. tokens	Expression Lexicon Size (ELS)	Expression Variety (EV)	Expression Repetition (ER)	Voc. Overlap	ENTR	L	LMAX
dialogue_txt	13.0	244.0	43.0	0.1762295081967213	0.3483606557377049	0.3644067796610169	0.8681469017568041	1.2454545454545454	3.0
