ID	Num. utterances	Num. tokens	Expression Lexicon Size (ELS)	Expression Variety (EV)	Expression Repetition (ER)	Voc. Overlap	ENTR	L	LMAX
dialogue_txt	18.0	314.0	40.0	0.12738853503184713	0.2643312101910828	0.2692307692307692	0.8354230083989106	1.2307692307692308	4.0
