ID	S1	S2	S1/Initiated Expression (IE_S1)	S1/Expression Repetition (ER_S1)	S1/tokens (%)	S2/Initiated Expression (IE_S2)	S2/Expression Repetition (ER_S2)	S2/tokens (%)	Voc. Overlap S1	Voc. Overlap S2	SR/S1/ELS	SR/S1/EV	SR/S1/ER	SR/S1/ENTR	SR/S1/L	SR/S1/LMAX	SR/S2/ELS	SR/S2/EV	SR/S2/ER	SR/S2/ENTR	SR/S2/L	SR/S2/LMAX
dialogue_txt	Human 1	Human 2	0.7	0.1386861313868613	0.43630573248407645	0.3	0.3615819209039548	0.5636942675159236	0.45161290322580644	0.4	11.0	0.07534246575342465	0.21232876712328766	0.4262286569981449	1.173913043478261	3.0	30.0	0.16129032258064516	0.5	0.9275888155001515	1.289855072463768	3.0
