ID	Num. utterances	Num. tokens	Expression Lexicon Size (ELS)	Expression Variety (EV)	Expression Repetition (ER)	Voc. Overlap	ENTR	L	LMAX
dialogue_txt	18.0	245.0	17.0	0.06938775510204082	0.17142857142857143	0.16101694915254236	0.7253759284051439	1.1851851851851851	3.0
