ID	S1	S2	S1/Initiated Expression (IE_S1)	S1/Expression Repetition (ER_S1)	S1/tokens (%)	S2/Initiated Expression (IE_S2)	S2/Expression Repetition (ER_S2)	S2/tokens (%)	Voc. Overlap S1	Voc. Overlap S2	SR/S1/ELS	SR/S1/EV	SR/S1/ER	SR/S1/ENTR	SR/S1/L	SR/S1/LMAX	SR/S2/ELS	SR/S2/EV	SR/S2/ER	SR/S2/ENTR	SR/S2/L	SR/S2/LMAX
dialogue_txt	Human 1	Human 2	0.5294117647058824	0.21666666666666667	0.24489795918367346	0.47058823529411764	0.15675675675675677	0.7551020408163265	0.41304347826086957	0.2087912087912088	5.0	0.07246376811594203	0.17391304347826086	0.7219280948873623	1.2	2.0	34.0	0.17525773195876287	0.6443298969072165	1.9591733734532524	2.078125	7.0
