ID	Num. utterances	Num. tokens	Expression Lexicon Size (ELS)	Expression Variety (EV)	Expression Repetition (ER)	Voc. Overlap	ENTR	L	LMAX
dialogue_txt	15.0	153.0	14.0	0.0915032679738562	0.17647058823529413	0.21739130434782608	0.7228578977329687	1.1904761904761905	3.0
