ID	Num. utterances	Num. tokens	Expression Lexicon Size (ELS)	Expression Variety (EV)	Expression Repetition (ER)	Voc. Overlap	ENTR	L	LMAX
dialogue_txt	16.0	246.0	37.0	0.15040650406504066	0.34552845528455284	0.35454545454545455	0.7746214693626265	1.2403846153846154	5.0
