ID	S1	S2	S1/Initiated Expression (IE_S1)	S1/Expression Repetition (ER_S1)	S1/tokens (%)	S2/Initiated Expression (IE_S2)	S2/Expression Repetition (ER_S2)	S2/tokens (%)	Voc. Overlap S1	Voc. Overlap S2	SR/S1/ELS	SR/S1/EV	SR/S1/ER	SR/S1/ENTR	SR/S1/L	SR/S1/LMAX	SR/S2/ELS	SR/S2/EV	SR/S2/ER	SR/S2/ENTR	SR/S2/L	SR/S2/LMAX
dialogue_txt	Human 1	Human 2	0.5263157894736842	0.297029702970297	0.4007936507936508	0.47368421052631576	0.3576158940397351	0.5992063492063492	0.5	0.375	10.0	0.09259259259259259	0.26851851851851855	0.6193821946787638	1.1538461538461537	2.0	27.0	0.16981132075471697	0.5471698113207547	1.0930998613526526	1.423728813559322	4.0
