ID	Num. utterances	Num. tokens	Expression Lexicon Size (ELS)	Expression Variety (EV)	Expression Repetition (ER)	Voc. Overlap	ENTR	L	LMAX
dialogue_txt	15.0	252.0	38.0	0.15079365079365079	0.3333333333333333	0.2727272727272727	1.166597097082441	1.3979591836734695	4.0
