ID	Num. utterances	Num. tokens	Expression Lexicon Size (ELS)	Expression Variety (EV)	Expression Repetition (ER)	Voc. Overlap	ENTR	L	LMAX
dialogue_txt	16.0	314.0	39.0	0.12420382165605096	0.31210191082802546	0.267515923566879	0.7441552822260518	1.218487394957983	5.0
