ID	Num. utterances	Num. tokens	Expression Lexicon Size (ELS)	Expression Variety (EV)	Expression Repetition (ER)	Voc. Overlap	ENTR	L	LMAX
dialogue_txt	15.0	240.0	37.0	0.15416666666666667	0.35833333333333334	0.3490566037735849	0.8123576044290105	1.2178217821782178	3.0
