ID	Num. utterances	Num. tokens	Expression Lexicon Size (ELS)	Expression Variety (EV)	Expression Repetition (ER)	Voc. Overlap	ENTR	L	LMAX
dialogue_txt	19.0	344.0	48.0	0.13953488372093023	0.29651162790697677	0.29651162790697677	0.9566039530528877	1.2913385826771653	4.0
