ID	S1	S2	S1/Initiated Expression (IE_S1)	S1/Expression Repetition (ER_S1)	S1/tokens (%)	S2/Initiated Expression (IE_S2)	S2/Expression Repetition (ER_S2)	S2/tokens (%)	Voc. Overlap S1	Voc. Overlap S2	SR/S1/ELS	SR/S1/EV	SR/S1/ER	SR/S1/ENTR	SR/S1/L	SR/S1/LMAX	SR/S2/ELS	SR/S2/EV	SR/S2/ER	SR/S2/ENTR	SR/S2/L	SR/S2/LMAX
dialogue_txt	Human 1	Human 2	0.8928571428571429	0.0875	0.5063291139240507	0.10714285714285714	0.5769230769230769	0.4936708860759494	0.5254237288135594	0.5961538461538461	6.0	0.06896551724137931	0.1724137931034483	-0.0	1.0	1.0	8.0	0.09302325581395349	0.3372093023255814	1.2607717938967942	1.588235294117647	3.0
