ID	S1	S2	S1/Initiated Expression (IE_S1)	S1/Expression Repetition (ER_S1)	S1/tokens (%)	S2/Initiated Expression (IE_S2)	S2/Expression Repetition (ER_S2)	S2/tokens (%)	Voc. Overlap S1	Voc. Overlap S2	SR/S1/ELS	SR/S1/EV	SR/S1/ER	SR/S1/ENTR	SR/S1/L	SR/S1/LMAX	SR/S2/ELS	SR/S2/EV	SR/S2/ER	SR/S2/ENTR	SR/S2/L	SR/S2/LMAX
dialogue_txt	Human 1	Human 2	0.6923076923076923	0.21839080459770116	0.36554621848739494	0.3076923076923077	0.2582781456953642	0.634453781512605	0.5	0.28125	12.0	0.125	0.3645833333333333	1.0676111603502403	1.434782608695652	4.0	23.0	0.14285714285714285	0.40372670807453415	0.5579402933286316	1.1372549019607843	3.0
