ID	S1	S2	S1/Initiated Expression (IE_S1)	S1/Expression Repetition (ER_S1)	S1/tokens (%)	S2/Initiated Expression (IE_S2)	S2/Expression Repetition (ER_S2)	S2/tokens (%)	Voc. Overlap S1	Voc. Overlap S2	SR/S1/ELS	SR/S1/EV	SR/S1/ER	SR/S1/ENTR	SR/S1/L	SR/S1/LMAX	SR/S2/ELS	SR/S2/EV	SR/S2/ER	SR/S2/ENTR	SR/S2/L	SR/S2/LMAX
dialogue_txt	Human 1	Human 2	0.7906976744186046	0.12413793103448276	0.5253623188405797	0.20930232558139536	0.366412213740458	0.4746376811594203	0.4777777777777778	0.5733333333333334	22.0	0.1437908496732026	0.4117647058823529	0.9637459942073318	1.3333333333333333	4.0	18.0	0.12949640287769784	0.5107913669064749	0.9493380569167225	2.121212121212121	11.0
