ID	Num. utterances	Num. tokens	Expression Lexicon Size (ELS)	Expression Variety (EV)	Expression Repetition (ER)	Voc. Overlap	ENTR	L	LMAX
dialogue_txt	16.0	229.0	22.0	0.09606986899563319	0.23580786026200873	0.21495327102803738	0.611643984377256	1.144927536231884	3.0
