ID	Num. utterances	Num. tokens	Expression Lexicon Size (ELS)	Expression Variety (EV)	Expression Repetition (ER)	Voc. Overlap	ENTR	L	LMAX
dialogue_txt	16.0	336.0	36.0	0.10714285714285714	0.2708333333333333	0.22839506172839505	0.7735089421262942	1.2571428571428571	5.0
