ID	Num. utterances	Num. tokens	Expression Lexicon Size (ELS)	Expression Variety (EV)	Expression Repetition (ER)	Voc. Overlap	ENTR	L	LMAX
dialogue_txt	15.0	223.0	36.0	0.16143497757847533	0.35874439461883406	0.39090909090909093	0.9147323370350411	1.2708333333333333	3.0
