ID	S1	S2	S1/Initiated Expression (IE_S1)	S1/Expression Repetition (ER_S1)	S1/tokens (%)	S2/Initiated Expression (IE_S2)	S2/Expression Repetition (ER_S2)	S2/tokens (%)	Voc. Overlap S1	Voc. Overlap S2	SR/S1/ELS	SR/S1/EV	SR/S1/ER	SR/S1/ENTR	SR/S1/L	SR/S1/LMAX	SR/S2/ELS	SR/S2/EV	SR/S2/ER	SR/S2/ENTR	SR/S2/L	SR/S2/LMAX
dialogue_txt	Human 1	Human 2	0.5	0.23636363636363636	0.2849740932642487	0.5	0.15217391304347827	0.7150259067357513	0.4523809523809524	0.2714285714285714	5.0	0.08064516129032258	0.1935483870967742	0.8112781244591328	1.5	3.0	20.0	0.136986301369863	0.5753424657534246	2.176652476198846	2.8	10.0
