ID	Num. utterances	Num. tokens	Expression Lexicon Size (ELS)	Expression Variety (EV)	Expression Repetition (ER)	Voc. Overlap	ENTR	L	LMAX
dialogue_txt	16.0	258.0	41.0	0.15891472868217055	0.3023255813953488	0.34146341463414637	0.39391702706082315	1.0810810810810811	3.0
