ID	Num. utterances	Num. tokens	Expression Lexicon Size (ELS)	Expression Variety (EV)	Expression Repetition (ER)	Voc. Overlap	ENTR	L	LMAX
dialogue_txt	16.0	266.0	52.0	0.19548872180451127	0.40977443609022557	0.4107142857142857	1.1460775487456631	1.373015873015873	4.0
