ID	S1	S2	S1/Initiated Expression (IE_S1)	S1/Expression Repetition (ER_S1)	S1/tokens (%)	S2/Initiated Expression (IE_S2)	S2/Expression Repetition (ER_S2)	S2/tokens (%)	Voc. Overlap S1	Voc. Overlap S2	SR/S1/ELS	SR/S1/EV	SR/S1/ER	SR/S1/ENTR	SR/S1/L	SR/S1/LMAX	SR/S2/ELS	SR/S2/EV	SR/S2/ER	SR/S2/ENTR	SR/S2/L	SR/S2/LMAX
dialogue_txt	Human 1	Human 2	0.8918918918918919	0.16483516483516483	0.4690721649484536	0.10810810810810811	0.5631067961165048	0.5309278350515464	0.5846153846153846	0.5757575757575758	12.0	0.12121212121212122	0.2828282828282828	-0.0	1.0	1.0	15.0	0.13513513513513514	0.3783783783783784	0.5813214987637028	1.1388888888888888	2.0
