ID	Num. utterances	Num. tokens	Expression Lexicon Size (ELS)	Expression Variety (EV)	Expression Repetition (ER)	Voc. Overlap	ENTR	L	LMAX
dialogue_txt	16.0	194.0	37.0	0.19072164948453607	0.37628865979381443	0.40860215053763443	0.801931782697695	1.2150537634408602	3.0
