ID	Num. utterances	Num. tokens	Expression Lexicon Size (ELS)	Expression Variety (EV)	Expression Repetition (ER)	Voc. Overlap	ENTR	L	LMAX
dialogue_txt	16.0	275.0	28.0	0.10181818181818182	0.26545454545454544	0.22388059701492538	0.7641645763931922	1.2705882352941176	4.0
