ID	Num. utterances	Num. tokens	Expression Lexicon Size (ELS)	Expression Variety (EV)	Expression Repetition (ER)	Voc. Overlap	ENTR	L	LMAX
dialogue_txt	8.0	123.0	12.0	0.0975609756097561	0.13821138211382114	0.19480519480519481	0.6051865766334206	1.1481481481481481	2.0
