ID	Num. utterances	Num. tokens	Expression Lexicon Size (ELS)	Expression Variety (EV)	Expression Repetition (ER)	Voc. Overlap	ENTR	L	LMAX
dialogue_txt	13.0	187.0	27.0	0.1443850267379679	0.33689839572192515	0.28431372549019607	0.41381685030363374	1.0833333333333333	2.0
