ID	S1	S2	S1/Initiated Expression (IE_S1)	S1/Expression Repetition (ER_S1)	S1/tokens (%)	S2/Initiated Expression (IE_S2)	S2/Expression Repetition (ER_S2)	S2/tokens (%)	Voc. Overlap S1	Voc. Overlap S2	SR/S1/ELS	SR/S1/EV	SR/S1/ER	SR/S1/ENTR	SR/S1/L	SR/S1/LMAX	SR/S2/ELS	SR/S2/EV	SR/S2/ER	SR/S2/ENTR	SR/S2/L	SR/S2/LMAX
dialogue_txt	Human 1	Human 2	0.7446808510638298	0.2635135135135135	0.5016949152542373	0.2553191489361702	0.5578231292517006	0.49830508474576274	0.5977011494252874	0.5714285714285714	22.0	0.14102564102564102	0.4230769230769231	0.8176338568998316	1.22	3.0	24.0	0.15483870967741936	0.43870967741935485	0.89299535735196	1.2692307692307692	3.0
