ID	S1	S2	S1/Initiated Expression (IE_S1)	S1/Expression Repetition (ER_S1)	S1/tokens (%)	S2/Initiated Expression (IE_S2)	S2/Expression Repetition (ER_S2)	S2/tokens (%)	Voc. Overlap S1	Voc. Overlap S2	SR/S1/ELS	SR/S1/EV	SR/S1/ER	SR/S1/ENTR	SR/S1/L	SR/S1/LMAX	SR/S2/ELS	SR/S2/EV	SR/S2/ER	SR/S2/ENTR	SR/S2/L	SR/S2/LMAX
dialogue_txt	Human 1	Human 2	0.6190476190476191	0.2459016393442623	0.2785388127853881	0.38095238095238093	0.2088607594936709	0.7214611872146118	0.5609756097560976	0.22115384615384615	10.0	0.14492753623188406	0.37681159420289856	0.8812908992306927	1.3	2.0	25.0	0.1497005988023952	0.4431137724550898	1.1065213189351426	1.3888888888888888	3.0
