ID	Num. utterances	Num. tokens	Expression Lexicon Size (ELS)	Expression Variety (EV)	Expression Repetition (ER)	Voc. Overlap	ENTR	L	LMAX
dialogue_txt	17.0	219.0	21.0	0.0958904109589041	0.2191780821917808	0.1885245901639344	0.5801954953637369	1.1384615384615384	2.0
