ID	Num. utterances	Num. tokens	Expression Lexicon Size (ELS)	Expression Variety (EV)	Expression Repetition (ER)	Voc. Overlap	ENTR	L	LMAX
dialogue_txt	17.0	314.0	48.0	0.15286624203821655	0.35987261146496813	0.3684210526315789	0.9785948998482973	1.3059701492537314	5.0
