ID	Num. utterances	Num. tokens	Expression Lexicon Size (ELS)	Expression Variety (EV)	Expression Repetition (ER)	Voc. Overlap	ENTR	L	LMAX
dialogue_txt	16.0	233.0	35.0	0.15021459227467812	0.3218884120171674	0.3333333333333333	1.3650778806051869	1.5733333333333333	6.0
