ID	Num. utterances	Num. tokens	Expression Lexicon Size (ELS)	Expression Variety (EV)	Expression Repetition (ER)	Voc. Overlap	ENTR	L	LMAX
dialogue_txt	16.0	179.0	26.0	0.1452513966480447	0.26256983240223464	0.27927927927927926	0.7085306886731205	1.2419354838709677	5.0
