ID	Num. utterances	Num. tokens	Expression Lexicon Size (ELS)	Expression Variety (EV)	Expression Repetition (ER)	Voc. Overlap	ENTR	L	LMAX
dialogue_txt	16.0	215.0	28.0	0.13023255813953488	0.28837209302325584	0.22935779816513763	1.1011668125538157	1.3529411764705883	4.0
