ID	Num. utterances	Num. tokens	Expression Lexicon Size (ELS)	Expression Variety (EV)	Expression Repetition (ER)	Voc. Overlap	ENTR	L	LMAX
dialogue_txt	14.0	175.0	22.0	0.12571428571428572	0.18857142857142858	0.2376237623762376	0.8997498751386466	1.2549019607843137	3.0
