ID	Num. utterances	Num. tokens	Expression Lexicon Size (ELS)	Expression Variety (EV)	Expression Repetition (ER)	Voc. Overlap	ENTR	L	LMAX
dialogue_txt	16.0	318.0	50.0	0.15723270440251572	0.3238993710691824	0.3602941176470588	0.5468112186072468	1.1258741258741258	3.0
