ID	Num. utterances	Num. tokens	Expression Lexicon Size (ELS)	Expression Variety (EV)	Expression Repetition (ER)	Voc. Overlap	ENTR	L	LMAX
dialogue_txt	17.0	303.0	39.0	0.12871287128712872	0.31353135313531355	0.27450980392156865	0.36646687581665705	1.1065573770491803	5.0
