ID	S1	S2	S1/Initiated Expression (IE_S1)	S1/Expression Repetition (ER_S1)	S1/tokens (%)	S2/Initiated Expression (IE_S2)	S2/Expression Repetition (ER_S2)	S2/tokens (%)	Voc. Overlap S1	Voc. Overlap S2	SR/S1/ELS	SR/S1/EV	SR/S1/ER	SR/S1/ENTR	SR/S1/L	SR/S1/LMAX	SR/S2/ELS	SR/S2/EV	SR/S2/ER	SR/S2/ENTR	SR/S2/L	SR/S2/LMAX
dialogue_txt	Human 1	Human 2	0.8205128205128205	0.18674698795180722	0.5478547854785478	0.1794871794871795	0.46715328467153283	0.4521452145214521	0.3853211009174312	0.4883720930232558	19.0	0.10919540229885058	0.3160919540229885	0.760658476840993	1.2564102564102564	4.0	25.0	0.17123287671232876	0.4794520547945205	0.7438019675455878	1.2181818181818183	3.0
