ID	Num. utterances	Num. tokens	Expression Lexicon Size (ELS)	Expression Variety (EV)	Expression Repetition (ER)	Voc. Overlap	ENTR	L	LMAX
dialogue_txt	16.0	304.0	36.0	0.11842105263157894	0.32894736842105265	0.2653061224489796	0.6459247868864254	1.1639344262295082	4.0
