ID	S1	S2	S1/Initiated Expression (IE_S1)	S1/Expression Repetition (ER_S1)	S1/tokens (%)	S2/Initiated Expression (IE_S2)	S2/Expression Repetition (ER_S2)	S2/tokens (%)	Voc. Overlap S1	Voc. Overlap S2	SR/S1/ELS	SR/S1/EV	SR/S1/ER	SR/S1/ENTR	SR/S1/L	SR/S1/LMAX	SR/S2/ELS	SR/S2/EV	SR/S2/ER	SR/S2/ENTR	SR/S2/L	SR/S2/LMAX
dialogue_txt	Human 1	Human 2	0.6111111111111112	0.18867924528301888	0.21810699588477367	0.3888888888888889	0.1631578947368421	0.7818930041152263	0.5128205128205128	0.20202020202020202	5.0	0.08064516129032258	0.16129032258064516	-0.0	1.0	1.0	33.0	0.1658291457286432	0.5829145728643216	1.5600264706953024	1.8125	8.0
