ID	Num. utterances	Num. tokens	Expression Lexicon Size (ELS)	Expression Variety (EV)	Expression Repetition (ER)	Voc. Overlap	ENTR	L	LMAX
dialogue_txt	14.0	293.0	33.0	0.11262798634812286	0.23208191126279865	0.21818181818181817	0.5509844433017146	1.127659574468085	2.0
