ID	Num. utterances	Num. tokens	Expression Lexicon Size (ELS)	Expression Variety (EV)	Expression Repetition (ER)	Voc. Overlap	ENTR	L	LMAX
dialogue_txt	16.0	307.0	39.0	0.1270358306188925	0.34527687296416937	0.3028169014084507	0.8324455214788092	1.2283464566929134	3.0
