ID	Num. utterances	Num. tokens	Expression Lexicon Size (ELS)	Expression Variety (EV)	Expression Repetition (ER)	Voc. Overlap	ENTR	L	LMAX
dialogue_txt	16.0	309.0	56.0	0.18122977346278318	0.4336569579288026	0.48360655737704916	1.110074126992384	1.356164383561644	4.0
