ID	Num. utterances	Num. tokens	Expression Lexicon Size (ELS)	Expression Variety (EV)	Expression Repetition (ER)	Voc. Overlap	ENTR	L	LMAX
dialogue_txt	15.0	265.0	30.0	0.11320754716981132	0.24528301886792453	0.2222222222222222	0.5586293734521992	1.1304347826086956	2.0
