ID	S1	S2	S1/Initiated Expression (IE_S1)	S1/Expression Repetition (ER_S1)	S1/tokens (%)	S2/Initiated Expression (IE_S2)	S2/Expression Repetition (ER_S2)	S2/tokens (%)	Voc. Overlap S1	Voc. Overlap S2	SR/S1/ELS	SR/S1/EV	SR/S1/ER	SR/S1/ENTR	SR/S1/L	SR/S1/LMAX	SR/S2/ELS	SR/S2/EV	SR/S2/ER	SR/S2/ENTR	SR/S2/L	SR/S2/LMAX
dialogue_txt	Human 1	Human 2	0.7631578947368421	0.20689655172413793	0.4393939393939394	0.23684210526315788	0.6486486486486487	0.5606060606060606	0.639344262295082	0.6724137931034483	10.0	0.10638297872340426	0.30851063829787234	0.8658566174572233	1.2727272727272727	3.0	19.0	0.15966386554621848	0.5882352941176471	1.5804055539441944	2.0294117647058822	8.0
