ID	Num. utterances	Num. tokens	Expression Lexicon Size (ELS)	Expression Variety (EV)	Expression Repetition (ER)	Voc. Overlap	ENTR	L	LMAX
dialogue_txt	15.0	296.0	35.0	0.11824324324324324	0.2972972972972973	0.27692307692307694	0.6226343162547098	1.1551724137931034	2.0
