ID	Num. utterances	Num. tokens	Expression Lexicon Size (ELS)	Expression Variety (EV)	Expression Repetition (ER)	Voc. Overlap	ENTR	L	LMAX
dialogue_txt	16.0	279.0	34.0	0.12186379928315412	0.26523297491039427	0.24161073825503357	0.8064045532398468	1.231578947368421	4.0
