ID	S1	S2	S1/Initiated Expression (IE_S1)	S1/Expression Repetition (ER_S1)	S1/tokens (%)	S2/Initiated Expression (IE_S2)	S2/Expression Repetition (ER_S2)	S2/tokens (%)	Voc. Overlap S1	Voc. Overlap S2	SR/S1/ELS	SR/S1/EV	SR/S1/ER	SR/S1/ENTR	SR/S1/L	SR/S1/LMAX	SR/S2/ELS	SR/S2/EV	SR/S2/ER	SR/S2/ENTR	SR/S2/L	SR/S2/LMAX
dialogue_txt	Human 1	Human 2	0.6285714285714286	0.1732283464566929	0.43944636678200694	0.37142857142857144	0.3148148148148148	0.5605536332179931	0.4268292682926829	0.3888888888888889	17.0	0.1259259259259259	0.34074074074074073	0.6394571324851641	1.162162162162162	2.0	25.0	0.14705882352941177	0.5235294117647059	1.487340661580414	1.6363636363636365	6.0
