ID	S1	S2	S1/Initiated Expression (IE_S1)	S1/Expression Repetition (ER_S1)	S1/tokens (%)	S2/Initiated Expression (IE_S2)	S2/Expression Repetition (ER_S2)	S2/tokens (%)	Voc. Overlap S1	Voc. Overlap S2	SR/S1/ELS	SR/S1/EV	SR/S1/ER	SR/S1/ENTR	SR/S1/L	SR/S1/LMAX	SR/S2/ELS	SR/S2/EV	SR/S2/ER	SR/S2/ENTR	SR/S2/L	SR/S2/LMAX
dialogue_txt	Human 1	Human 2	0.7096774193548387	0.1827956989247312	0.4246575342465753	0.2903225806451613	0.4523809523809524	0.5753424657534246	0.4927536231884058	0.5151515151515151	8.0	0.08	0.21	0.5225593745369408	1.1176470588235294	2.0	17.0	0.12781954887218044	0.631578947368421	1.98404513501038	3.1481481481481484	12.0
