ID	Num. utterances	Num. tokens	Expression Lexicon Size (ELS)	Expression Variety (EV)	Expression Repetition (ER)	Voc. Overlap	ENTR	L	LMAX
dialogue_txt	14.0	219.0	31.0	0.1415525114155251	0.3378995433789954	0.33663366336633666	1.5027190203984857	1.6470588235294117	5.0
