ID	Num. utterances	Num. tokens	Expression Lexicon Size (ELS)	Expression Variety (EV)	Expression Repetition (ER)	Voc. Overlap	ENTR	L	LMAX
dialogue_txt	13.0	195.0	24.0	0.12307692307692308	0.2564102564102564	0.24242424242424243	0.6385146263620961	1.161764705882353	2.0
