ID	Num. utterances	Num. tokens	Expression Lexicon Size (ELS)	Expression Variety (EV)	Expression Repetition (ER)	Voc. Overlap	ENTR	L	LMAX
dialogue_txt	16.0	301.0	38.0	0.12624584717607973	0.2724252491694352	0.27972027972027974	0.5156232364867881	1.1111111111111112	3.0
