ID	S1	S2	S1/Initiated Expression (IE_S1)	S1/Expression Repetition (ER_S1)	S1/tokens (%)	S2/Initiated Expression (IE_S2)	S2/Expression Repetition (ER_S2)	S2/tokens (%)	Voc. Overlap S1	Voc. Overlap S2	SR/S1/ELS	SR/S1/EV	SR/S1/ER	SR/S1/ENTR	SR/S1/L	SR/S1/LMAX	SR/S2/ELS	SR/S2/EV	SR/S2/ER	SR/S2/ENTR	SR/S2/L	SR/S2/LMAX
dialogue_txt	Human 1	Human 2	0.7272727272727273	0.17391304347826086	0.3317307692307692	0.2727272727272727	0.33093525179856115	0.6682692307692307	0.47368421052631576	0.36	6.0	0.07894736842105263	0.18421052631578946	-0.0	1.0	1.0	27.0	0.1836734693877551	0.5714285714285714	1.7255306681859373	1.7916666666666667	5.0
