ID	S1	S2	S1/Initiated Expression (IE_S1)	S1/Expression Repetition (ER_S1)	S1/tokens (%)	S2/Initiated Expression (IE_S2)	S2/Expression Repetition (ER_S2)	S2/tokens (%)	Voc. Overlap S1	Voc. Overlap S2	SR/S1/ELS	SR/S1/EV	SR/S1/ER	SR/S1/ENTR	SR/S1/L	SR/S1/LMAX	SR/S2/ELS	SR/S2/EV	SR/S2/ER	SR/S2/ENTR	SR/S2/L	SR/S2/LMAX
dialogue_txt	Human 1	Human 2	0.7142857142857143	0.21505376344086022	0.4025974025974026	0.2857142857142857	0.34057971014492755	0.5974025974025974	0.5072463768115942	0.39325842696629215	8.0	0.08	0.21	0.5225593745369408	1.1176470588235294	2.0	19.0	0.1310344827586207	0.3793103448275862	0.2580186686648155	1.0434782608695652	2.0
