ID	Num. utterances	Num. tokens	Expression Lexicon Size (ELS)	Expression Variety (EV)	Expression Repetition (ER)	Voc. Overlap	ENTR	L	LMAX
dialogue_txt	15.0	239.0	44.0	0.18410041841004185	0.3723849372384937	0.42990654205607476	1.1466510111757497	1.385321100917431	4.0
