ID	S1	S2	S1/Initiated Expression (IE_S1)	S1/Expression Repetition (ER_S1)	S1/tokens (%)	S2/Initiated Expression (IE_S2)	S2/Expression Repetition (ER_S2)	S2/tokens (%)	Voc. Overlap S1	Voc. Overlap S2	SR/S1/ELS	SR/S1/EV	SR/S1/ER	SR/S1/ENTR	SR/S1/L	SR/S1/LMAX	SR/S2/ELS	SR/S2/EV	SR/S2/ER	SR/S2/ENTR	SR/S2/L	SR/S2/LMAX
dialogue_txt	Human 1	Human 2	0.7878787878787878	0.11594202898550725	0.3415841584158416	0.21212121212121213	0.5112781954887218	0.6584158415841584	0.5964912280701754	0.4788732394366197	6.0	0.07894736842105263	0.18421052631578946	-0.0	1.0	1.0	29.0	0.20567375886524822	0.5886524822695035	0.7380636700495734	1.1875	3.0
