ID	Num. utterances	Num. tokens	Expression Lexicon Size (ELS)	Expression Variety (EV)	Expression Repetition (ER)	Voc. Overlap	ENTR	L	LMAX
dialogue_txt	15.0	258.0	32.0	0.12403100775193798	0.2596899224806202	0.2558139534883721	0.6457523329916602	1.164835164835165	2.0
