ID	Num. utterances	Num. tokens	Expression Lexicon Size (ELS)	Expression Variety (EV)	Expression Repetition (ER)	Voc. Overlap	ENTR	L	LMAX
dialogue_txt	17.0	195.0	24.0	0.12307692307692308	0.27692307692307694	0.24752475247524752	0.8828597725911203	1.2903225806451613	4.0
