ID	S1	S2	S1/Initiated Expression (IE_S1)	S1/Expression Repetition (ER_S1)	S1/tokens (%)	S2/Initiated Expression (IE_S2)	S2/Expression Repetition (ER_S2)	S2/tokens (%)	Voc. Overlap S1	Voc. Overlap S2	SR/S1/ELS	SR/S1/EV	SR/S1/ER	SR/S1/ENTR	SR/S1/L	SR/S1/LMAX	SR/S2/ELS	SR/S2/EV	SR/S2/ER	SR/S2/ENTR	SR/S2/L	SR/S2/LMAX
dialogue_txt	Human 1	Human 2	0.6052631578947368	0.2	0.4117647058823529	0.39473684210526316	0.37333333333333335	0.5882352941176471	0.5316455696202531	0.46153846153846156	8.0	0.07142857142857142	0.17857142857142858	-0.0	1.0	1.0	22.0	0.14102564102564102	0.47435897435897434	0.9110601558074904	1.2727272727272727	3.0
