ID	Num. utterances	Num. tokens	Expression Lexicon Size (ELS)	Expression Variety (EV)	Expression Repetition (ER)	Voc. Overlap	ENTR	L	LMAX
dialogue_txt	14.0	243.0	41.0	0.16872427983539096	0.38271604938271603	0.39285714285714285	1.103212182244839	1.349056603773585	4.0
