ID	Num. utterances	Num. tokens	Expression Lexicon Size (ELS)	Expression Variety (EV)	Expression Repetition (ER)	Voc. Overlap	ENTR	L	LMAX
dialogue_txt	14.0	228.0	27.0	0.11842105263157894	0.23684210526315788	0.23387096774193547	0.6210654060683988	1.1466666666666667	3.0
