ID	S1	S2	S1/Initiated Expression (IE_S1)	S1/Expression Repetition (ER_S1)	S1/tokens (%)	S2/Initiated Expression (IE_S2)	S2/Expression Repetition (ER_S2)	S2/tokens (%)	Voc. Overlap S1	Voc. Overlap S2	SR/S1/ELS	SR/S1/EV	SR/S1/ER	SR/S1/ENTR	SR/S1/L	SR/S1/LMAX	SR/S2/ELS	SR/S2/EV	SR/S2/ER	SR/S2/ENTR	SR/S2/L	SR/S2/LMAX
dialogue_txt	Human 1	Human 2	0.8333333333333334	0.11607142857142858	0.5067873303167421	0.16666666666666666	0.5504587155963303	0.49321266968325794	0.5	0.6229508196721312	11.0	0.09166666666666666	0.225	-0.0	1.0	1.0	21.0	0.1794871794871795	0.5470085470085471	0.9527021836092284	1.3478260869565217	5.0
