ID	Num. utterances	Num. tokens	Expression Lexicon Size (ELS)	Expression Variety (EV)	Expression Repetition (ER)	Voc. Overlap	ENTR	L	LMAX
dialogue_txt	16.0	221.0	36.0	0.16289592760180996	0.33031674208144796	0.3838383838383838	0.8997569756671979	1.2580645161290323	4.0
