ID	S1	S2	S1/Initiated Expression (IE_S1)	S1/Expression Repetition (ER_S1)	S1/tokens (%)	S2/Initiated Expression (IE_S2)	S2/Expression Repetition (ER_S2)	S2/tokens (%)	Voc. Overlap S1	Voc. Overlap S2	SR/S1/ELS	SR/S1/EV	SR/S1/ER	SR/S1/ENTR	SR/S1/L	SR/S1/LMAX	SR/S2/ELS	SR/S2/EV	SR/S2/ER	SR/S2/ENTR	SR/S2/L	SR/S2/LMAX
dialogue_txt	Human 1	Human 2	0.68	0.15254237288135594	0.48559670781893005	0.32	0.584	0.51440329218107	0.4025974025974026	0.5849056603773585	13.0	0.104	0.264	0.6051865766334206	1.1481481481481481	2.0	13.0	0.09774436090225563	0.6917293233082706	1.9182958340544893	5.111111111111111	22.0
