ID	Num. utterances	Num. tokens	Expression Lexicon Size (ELS)	Expression Variety (EV)	Expression Repetition (ER)	Voc. Overlap	ENTR	L	LMAX
dialogue_txt	14.0	275.0	61.0	0.22181818181818183	0.4690909090909091	0.4766355140186916	1.1946388166520505	1.4393939393939394	7.0
