ID	S1	S2	S1/Initiated Expression (IE_S1)	S1/Expression Repetition (ER_S1)	S1/tokens (%)	S2/Initiated Expression (IE_S2)	S2/Expression Repetition (ER_S2)	S2/tokens (%)	Voc. Overlap S1	Voc. Overlap S2	SR/S1/ELS	SR/S1/EV	SR/S1/ER	SR/S1/ENTR	SR/S1/L	SR/S1/LMAX	SR/S2/ELS	SR/S2/EV	SR/S2/ER	SR/S2/ENTR	SR/S2/L	SR/S2/LMAX
dialogue_txt	Human 1	Human 2	0.8852459016393442	0.2158273381294964	0.5054545454545455	0.11475409836065574	0.7279411764705882	0.49454545454545457	0.5795454545454546	0.7285714285714285	17.0	0.11643835616438356	0.3698630136986301	0.9707450578356165	1.394736842105263	5.0	27.0	0.1888111888111888	0.5734265734265734	1.1684393246268592	1.3898305084745763	4.0
