ID	S1	S2	S1/Initiated Expression (IE_S1)	S1/Expression Repetition (ER_S1)	S1/tokens (%)	S2/Initiated Expression (IE_S2)	S2/Expression Repetition (ER_S2)	S2/tokens (%)	Voc. Overlap S1	Voc. Overlap S2	SR/S1/ELS	SR/S1/EV	SR/S1/ER	SR/S1/ENTR	SR/S1/L	SR/S1/LMAX	SR/S2/ELS	SR/S2/EV	SR/S2/ER	SR/S2/ENTR	SR/S2/L	SR/S2/LMAX
dialogue_txt	Human 1	Human 2	0.717948717948718	0.1968503937007874	0.4471830985915493	0.28205128205128205	0.35668789808917195	0.5528169014084507	0.4878048780487805	0.42105263157894735	17.0	0.1259259259259259	0.34074074074074073	0.6394571324851641	1.162162162162162	2.0	27.0	0.16363636363636364	0.47878787878787876	1.2359671291650218	1.4385964912280702	4.0
