ID	Num. utterances	Num. tokens	Expression Lexicon Size (ELS)	Expression Variety (EV)	Expression Repetition (ER)	Voc. Overlap	ENTR	L	LMAX
dialogue_txt	14.0	268.0	31.0	0.11567164179104478	0.26492537313432835	0.23880597014925373	0.6746799231474564	1.1666666666666667	3.0
