ID	S1	S2	S1/Initiated Expression (IE_S1)	S1/Expression Repetition (ER_S1)	S1/tokens (%)	S2/Initiated Expression (IE_S2)	S2/Expression Repetition (ER_S2)	S2/tokens (%)	Voc. Overlap S1	Voc. Overlap S2	SR/S1/ELS	SR/S1/EV	SR/S1/ER	SR/S1/ENTR	SR/S1/L	SR/S1/LMAX	SR/S2/ELS	SR/S2/EV	SR/S2/ER	SR/S2/ENTR	SR/S2/L	SR/S2/LMAX
dialogue_txt	Human 1	Human 2	0.8260869565217391	0.14772727272727273	0.39819004524886875	0.17391304347826086	0.3082706766917293	0.6018099547511312	0.40625	0.3132530120481928	12.0	0.12631578947368421	0.29473684210526313	0.4021791902022728	1.08	2.0	24.0	0.1702127659574468	0.475177304964539	1.2014051148553606	1.425531914893617	3.0
