ID	S1	S2	S1/Initiated Expression (IE_S1)	S1/Expression Repetition (ER_S1)	S1/tokens (%)	S2/Initiated Expression (IE_S2)	S2/Expression Repetition (ER_S2)	S2/tokens (%)	Voc. Overlap S1	Voc. Overlap S2	SR/S1/ELS	SR/S1/EV	SR/S1/ER	SR/S1/ENTR	SR/S1/L	SR/S1/LMAX	SR/S2/ELS	SR/S2/EV	SR/S2/ER	SR/S2/ENTR	SR/S2/L	SR/S2/LMAX
dialogue_txt	Human 1	Human 2	0.6666666666666666	0.224	0.42662116040955633	0.3333333333333333	0.3333333333333333	0.5733788395904437	0.5121951219512195	0.42857142857142855	16.0	0.12030075187969924	0.3684210526315789	0.9780155566622415	1.2941176470588236	3.0	28.0	0.1590909090909091	0.4772727272727273	1.418622067636713	1.5636363636363637	5.0
