ID	Num. utterances	Num. tokens	Expression Lexicon Size (ELS)	Expression Variety (EV)	Expression Repetition (ER)	Voc. Overlap	ENTR	L	LMAX
dialogue_txt	13.0	119.0	14.0	0.11764705882352941	0.19327731092436976	0.21212121212121213	0.5225593745369408	1.1176470588235294	2.0
