ID	Num. utterances	Num. tokens	Expression Lexicon Size (ELS)	Expression Variety (EV)	Expression Repetition (ER)	Voc. Overlap	ENTR	L	LMAX
dialogue_txt	17.0	321.0	41.0	0.1277258566978193	0.2866043613707165	0.25443786982248523	0.5887312773389103	1.1333333333333333	3.0
