ID	Num. utterances	Num. tokens	Expression Lexicon Size (ELS)	Expression Variety (EV)	Expression Repetition (ER)	Voc. Overlap	ENTR	L	LMAX
dialogue_txt	17.0	229.0	21.0	0.09170305676855896	0.22270742358078602	0.18487394957983194	0.8513226827573213	1.2459016393442623	3.0
