ID	S1	S2	S1/Initiated Expression (IE_S1)	S1/Expression Repetition (ER_S1)	S1/tokens (%)	S2/Initiated Expression (IE_S2)	S2/Expression Repetition (ER_S2)	S2/tokens (%)	Voc. Overlap S1	Voc. Overlap S2	SR/S1/ELS	SR/S1/EV	SR/S1/ER	SR/S1/ENTR	SR/S1/L	SR/S1/LMAX	SR/S2/ELS	SR/S2/EV	SR/S2/ER	SR/S2/ENTR	SR/S2/L	SR/S2/LMAX
dialogue_txt	Human 1	Human 2	0.6666666666666666	0.07407407407407407	0.4426229508196721	0.3333333333333333	0.22058823529411764	0.5573770491803278	0.34146341463414637	0.32558139534883723	4.0	0.06896551724137931	0.1724137931034483	-0.0	1.0	1.0	12.0	0.16666666666666666	0.4444444444444444	1.2886497645355959	1.5	3.0
