ID	Num. utterances	Num. tokens	Expression Lexicon Size (ELS)	Expression Variety (EV)	Expression Repetition (ER)	Voc. Overlap	ENTR	L	LMAX
dialogue_txt	15.0	155.0	25.0	0.16129032258064516	0.36774193548387096	0.44776119402985076	1.4472379704522242	1.7450980392156863	9.0
