ID	S1	S2	S1/Initiated Expression (IE_S1)	S1/Expression Repetition (ER_S1)	S1/tokens (%)	S2/Initiated Expression (IE_S2)	S2/Expression Repetition (ER_S2)	S2/tokens (%)	Voc. Overlap S1	Voc. Overlap S2	SR/S1/ELS	SR/S1/EV	SR/S1/ER	SR/S1/ENTR	SR/S1/L	SR/S1/LMAX	SR/S2/ELS	SR/S2/EV	SR/S2/ER	SR/S2/ENTR	SR/S2/L	SR/S2/LMAX
dialogue_txt	Human 1	Human 2	0.6388888888888888	0.23958333333333334	0.35036496350364965	0.3611111111111111	0.3707865168539326	0.6496350364963503	0.5967741935483871	0.3523809523809524	14.0	0.1346153846153846	0.33653846153846156	0.34511731494495296	1.064516129032258	2.0	29.0	0.15591397849462366	0.46236559139784944	0.8404914014731815	1.2608695652173914	3.0
