ID	Num. utterances	Num. tokens	Expression Lexicon Size (ELS)	Expression Variety (EV)	Expression Repetition (ER)	Voc. Overlap	ENTR	L	LMAX
dialogue_txt	18.0	172.0	27.0	0.1569767441860465	0.3313953488372093	0.43902439024390244	1.1663683044348832	1.4848484848484849	7.0
