ID	Num. utterances	Num. tokens	Expression Lexicon Size (ELS)	Expression Variety (EV)	Expression Repetition (ER)	Voc. Overlap	ENTR	L	LMAX
dialogue_txt	14.0	177.0	33.0	0.1864406779661017	0.3107344632768362	0.40217391304347827	1.1478103289545827	1.4393939393939394	6.0
