ID	S1	S2	S1/Initiated Expression (IE_S1)	S1/Expression Repetition (ER_S1)	S1/tokens (%)	S2/Initiated Expression (IE_S2)	S2/Expression Repetition (ER_S2)	S2/tokens (%)	Voc. Overlap S1	Voc. Overlap S2	SR/S1/ELS	SR/S1/EV	SR/S1/ER	SR/S1/ENTR	SR/S1/L	SR/S1/LMAX	SR/S2/ELS	SR/S2/EV	SR/S2/ER	SR/S2/ENTR	SR/S2/L	SR/S2/LMAX
dialogue_txt	Human 1	Human 2	0.8888888888888888	0.15178571428571427	0.48068669527896996	0.1111111111111111	0.6198347107438017	0.51931330472103	0.5974025974025974	0.6388888888888888	15.0	0.125	0.31666666666666665	0.43055186701043946	1.088235294117647	2.0	24.0	0.18604651162790697	0.5116279069767442	1.0321699338758674	1.3265306122448979	3.0
