ID	S1	S2	S1/Initiated Expression (IE_S1)	S1/Expression Repetition (ER_S1)	S1/tokens (%)	S2/Initiated Expression (IE_S2)	S2/Expression Repetition (ER_S2)	S2/tokens (%)	Voc. Overlap S1	Voc. Overlap S2	SR/S1/ELS	SR/S1/EV	SR/S1/ER	SR/S1/ENTR	SR/S1/L	SR/S1/LMAX	SR/S2/ELS	SR/S2/EV	SR/S2/ER	SR/S2/ENTR	SR/S2/L	SR/S2/LMAX
dialogue_txt	Human 1	Human 2	0.6341463414634146	0.22297297297297297	0.5103448275862069	0.36585365853658536	0.4647887323943662	0.4896551724137931	0.422680412371134	0.5256410256410257	16.0	0.1032258064516129	0.2838709677419355	0.512709142030877	1.1142857142857143	2.0	30.0	0.2	0.58	1.1434960507274066	1.390625	3.0
