ID	Num. utterances	Num. tokens	Expression Lexicon Size (ELS)	Expression Variety (EV)	Expression Repetition (ER)	Voc. Overlap	ENTR	L	LMAX
dialogue_txt	19.0	254.0	29.0	0.1141732283464567	0.2637795275590551	0.24817518248175183	0.7715629853356589	1.2692307692307692	6.0
