ID	S1	S2	S1/Initiated Expression (IE_S1)	S1/Expression Repetition (ER_S1)	S1/tokens (%)	S2/Initiated Expression (IE_S2)	S2/Expression Repetition (ER_S2)	S2/tokens (%)	Voc. Overlap S1	Voc. Overlap S2	SR/S1/ELS	SR/S1/EV	SR/S1/ER	SR/S1/ENTR	SR/S1/L	SR/S1/LMAX	SR/S2/ELS	SR/S2/EV	SR/S2/ER	SR/S2/ENTR	SR/S2/L	SR/S2/LMAX
dialogue_txt	Human 1	Human 2	0.8113207547169812	0.23699421965317918	0.5014492753623189	0.18867924528301888	0.5465116279069767	0.4985507246376812	0.5208333333333334	0.5747126436781609	26.0	0.143646408839779	0.4419889502762431	0.849092165846601	1.2321428571428572	3.0	32.0	0.17777777777777778	0.5888888888888889	1.2158605923611479	1.4647887323943662	5.0
