ID	Num. utterances	Num. tokens	Expression Lexicon Size (ELS)	Expression Variety (EV)	Expression Repetition (ER)	Voc. Overlap	ENTR	L	LMAX
dialogue_txt	16.0	345.0	53.0	0.1536231884057971	0.391304347826087	0.37593984962406013	0.7664237588188885	1.1975308641975309	3.0
