ID	Num. utterances	Num. tokens	Expression Lexicon Size (ELS)	Expression Variety (EV)	Expression Repetition (ER)	Voc. Overlap	ENTR	L	LMAX
dialogue_txt	16.0	331.0	45.0	0.13595166163141995	0.4229607250755287	0.3233082706766917	0.6762881987360827	1.2133333333333334	7.0
