ID	S1	S2	S1/Initiated Expression (IE_S1)	S1/Expression Repetition (ER_S1)	S1/tokens (%)	S2/Initiated Expression (IE_S2)	S2/Expression Repetition (ER_S2)	S2/tokens (%)	Voc. Overlap S1	Voc. Overlap S2	SR/S1/ELS	SR/S1/EV	SR/S1/ER	SR/S1/ENTR	SR/S1/L	SR/S1/LMAX	SR/S2/ELS	SR/S2/EV	SR/S2/ER	SR/S2/ENTR	SR/S2/L	SR/S2/LMAX
dialogue_txt	Human 1	Human 2	0.65625	0.20454545454545456	0.38427947598253276	0.34375	0.36879432624113473	0.6157205240174672	0.4788732394366197	0.37362637362637363	4.0	0.042105263157894736	0.16842105263157894	0.7219280948873623	1.4	3.0	21.0	0.14093959731543623	0.4563758389261745	1.1995185458779025	1.488888888888889	3.0
