ID	S1	S2	S1/Initiated Expression (IE_S1)	S1/Expression Repetition (ER_S1)	S1/tokens (%)	S2/Initiated Expression (IE_S2)	S2/Expression Repetition (ER_S2)	S2/tokens (%)	Voc. Overlap S1	Voc. Overlap S2	SR/S1/ELS	SR/S1/EV	SR/S1/ER	SR/S1/ENTR	SR/S1/L	SR/S1/LMAX	SR/S2/ELS	SR/S2/EV	SR/S2/ER	SR/S2/ENTR	SR/S2/L	SR/S2/LMAX
dialogue_txt	Human 1	Human 2	0.7407407407407407	0.16981132075471697	0.30994152046783624	0.25925925925925924	0.5084745762711864	0.6900584795321637	0.6923076923076923	0.421875	5.0	0.08064516129032258	0.16129032258064516	-0.0	1.0	1.0	20.0	0.15748031496062992	0.5118110236220472	0.7793498372920851	1.2307692307692308	2.0
