ID	S1	S2	S1/Initiated Expression (IE_S1)	S1/Expression Repetition (ER_S1)	S1/tokens (%)	S2/Initiated Expression (IE_S2)	S2/Expression Repetition (ER_S2)	S2/tokens (%)	Voc. Overlap S1	Voc. Overlap S2	SR/S1/ELS	SR/S1/EV	SR/S1/ER	SR/S1/ENTR	SR/S1/L	SR/S1/LMAX	SR/S2/ELS	SR/S2/EV	SR/S2/ER	SR/S2/ENTR	SR/S2/L	SR/S2/LMAX
dialogue_txt	Human 1	Human 2	0.5862068965517241	0.2	0.44680851063829785	0.41379310344827586	0.3384615384615385	0.5531914893617021	0.4430379746835443	0.4069767441860465	8.0	0.07142857142857142	0.17857142857142858	-0.0	1.0	1.0	20.0	0.14705882352941177	0.4632352941176471	1.0904985391882158	1.564102564102564	7.0
