ID	Num. utterances	Num. tokens	Expression Lexicon Size (ELS)	Expression Variety (EV)	Expression Repetition (ER)	Voc. Overlap	ENTR	L	LMAX
dialogue_txt	15.0	290.0	31.0	0.10689655172413794	0.2896551724137931	0.22875816993464052	0.8034556567941137	1.2210526315789474	4.0
