ID	S1	S2	S1/Initiated Expression (IE_S1)	S1/Expression Repetition (ER_S1)	S1/tokens (%)	S2/Initiated Expression (IE_S2)	S2/Expression Repetition (ER_S2)	S2/tokens (%)	Voc. Overlap S1	Voc. Overlap S2	SR/S1/ELS	SR/S1/EV	SR/S1/ER	SR/S1/ENTR	SR/S1/L	SR/S1/LMAX	SR/S2/ELS	SR/S2/EV	SR/S2/ER	SR/S2/ENTR	SR/S2/L	SR/S2/LMAX
dialogue_txt	Human 1	Human 2	0.6774193548387096	0.1830065359477124	0.5275862068965518	0.3225806451612903	0.40875912408759124	0.4724137931034483	0.3333333333333333	0.42168674698795183	17.0	0.10625	0.33125	0.7742433029172697	1.263157894736842	4.0	26.0	0.1793103448275862	0.496551724137931	0.7976006419216277	1.2777777777777777	5.0
