ID	S1	S2	S1/Initiated Expression (IE_S1)	S1/Expression Repetition (ER_S1)	S1/tokens (%)	S2/Initiated Expression (IE_S2)	S2/Expression Repetition (ER_S2)	S2/tokens (%)	Voc. Overlap S1	Voc. Overlap S2	SR/S1/ELS	SR/S1/EV	SR/S1/ER	SR/S1/ENTR	SR/S1/L	SR/S1/LMAX	SR/S2/ELS	SR/S2/EV	SR/S2/ER	SR/S2/ENTR	SR/S2/L	SR/S2/LMAX
dialogue_txt	Human 1	Human 2	0.7872340425531915	0.20437956204379562	0.4858156028368794	0.2127659574468085	0.41379310344827586	0.5141843971631206	0.5113636363636364	0.45454545454545453	19.0	0.1310344827586207	0.36551724137931035	0.693127415328288	1.186046511627907	2.0	22.0	0.14285714285714285	0.38961038961038963	0.6395563653739031	1.16	3.0
