ID	Num. utterances	Num. tokens	Expression Lexicon Size (ELS)	Expression Variety (EV)	Expression Repetition (ER)	Voc. Overlap	ENTR	L	LMAX
dialogue_txt	16.0	355.0	60.0	0.16901408450704225	0.3971830985915493	0.40298507462686567	0.9856723954415285	1.3092105263157894	3.0
