ID	S1	S2	S1/Initiated Expression (IE_S1)	S1/Expression Repetition (ER_S1)	S1/tokens (%)	S2/Initiated Expression (IE_S2)	S2/Expression Repetition (ER_S2)	S2/tokens (%)	Voc. Overlap S1	Voc. Overlap S2	SR/S1/ELS	SR/S1/EV	SR/S1/ER	SR/S1/ENTR	SR/S1/L	SR/S1/LMAX	SR/S2/ELS	SR/S2/EV	SR/S2/ER	SR/S2/ENTR	SR/S2/L	SR/S2/LMAX
dialogue_txt	Human 1	Human 2	0.8181818181818182	0.09467455621301775	0.7222222222222222	0.18181818181818182	0.4307692307692308	0.2777777777777778	0.2727272727272727	0.5625	26.0	0.14689265536723164	0.4067796610169492	0.83294582353614	1.2641509433962264	2.0	6.0	0.0821917808219178	0.3150684931506849	0.6193821946787638	1.7692307692307692	6.0
