ID	Num. utterances	Num. tokens	Expression Lexicon Size (ELS)	Expression Variety (EV)	Expression Repetition (ER)	Voc. Overlap	ENTR	L	LMAX
dialogue_txt	16.0	179.0	25.0	0.13966480446927373	0.26256983240223464	0.26804123711340205	0.802224330484197	1.2121212121212122	3.0
