ID	Num. utterances	Num. tokens	Expression Lexicon Size (ELS)	Expression Variety (EV)	Expression Repetition (ER)	Voc. Overlap	ENTR	L	LMAX
dialogue_txt	14.0	263.0	37.0	0.14068441064638784	0.26996197718631176	0.2638888888888889	0.660666006397336	1.1789473684210525	4.0
