ID	S1	S2	S1/Initiated Expression (IE_S1)	S1/Expression Repetition (ER_S1)	S1/tokens (%)	S2/Initiated Expression (IE_S2)	S2/Expression Repetition (ER_S2)	S2/tokens (%)	Voc. Overlap S1	Voc. Overlap S2	SR/S1/ELS	SR/S1/EV	SR/S1/ER	SR/S1/ENTR	SR/S1/L	SR/S1/LMAX	SR/S2/ELS	SR/S2/EV	SR/S2/ER	SR/S2/ENTR	SR/S2/L	SR/S2/LMAX
dialogue_txt	Human 1	Human 2	0.7804878048780488	0.17567567567567569	0.5	0.21951219512195122	0.5	0.5	0.4329896907216495	0.5316455696202531	16.0	0.1032258064516129	0.2838709677419355	0.512709142030877	1.1142857142857143	2.0	25.0	0.16025641025641027	0.4935897435897436	1.0598413211460025	1.5	7.0
