ID	Num. utterances	Num. tokens	Expression Lexicon Size (ELS)	Expression Variety (EV)	Expression Repetition (ER)	Voc. Overlap	ENTR	L	LMAX
dialogue_txt	15.0	296.0	41.0	0.13851351351351351	0.33783783783783783	0.31343283582089554	0.7826629843684426	1.2231404958677685	4.0
