ID	Num. utterances	Num. tokens	Expression Lexicon Size (ELS)	Expression Variety (EV)	Expression Repetition (ER)	Voc. Overlap	ENTR	L	LMAX
dialogue_txt	15.0	276.0	37.0	0.13405797101449277	0.2898550724637681	0.27941176470588236	0.6086696755779566	1.1495327102803738	2.0
