ID	Num. utterances	Num. tokens	Expression Lexicon Size (ELS)	Expression Variety (EV)	Expression Repetition (ER)	Voc. Overlap	ENTR	L	LMAX
dialogue_txt	16.0	330.0	44.0	0.13333333333333333	0.37575757575757573	0.31851851851851853	0.8879017184246508	1.2797202797202798	6.0
