ID	S1	S2	S1/Initiated Expression (IE_S1)	S1/Expression Repetition (ER_S1)	S1/tokens (%)	S2/Initiated Expression (IE_S2)	S2/Expression Repetition (ER_S2)	S2/tokens (%)	Voc. Overlap S1	Voc. Overlap S2	SR/S1/ELS	SR/S1/EV	SR/S1/ER	SR/S1/ENTR	SR/S1/L	SR/S1/LMAX	SR/S2/ELS	SR/S2/EV	SR/S2/ER	SR/S2/ENTR	SR/S2/L	SR/S2/LMAX
dialogue_txt	Human 1	Human 2	0.825	0.18248175182481752	0.5708333333333333	0.175	0.6893203883495146	0.42916666666666664	0.4431818181818182	0.7090909090909091	14.0	0.09655172413793103	0.296551724137931	0.8503259045049341	1.3214285714285714	4.0	23.0	0.2072072072072072	0.5765765765765766	0.9450861907222319	1.3617021276595744	5.0
