ID	Num. utterances	Num. tokens	Expression Lexicon Size (ELS)	Expression Variety (EV)	Expression Repetition (ER)	Voc. Overlap	ENTR	L	LMAX
dialogue_txt	13.0	235.0	42.0	0.17872340425531916	0.3446808510638298	0.3577981651376147	0.8236311227818496	1.2307692307692308	3.0
