ID	Num. utterances	Num. tokens	Expression Lexicon Size (ELS)	Expression Variety (EV)	Expression Repetition (ER)	Voc. Overlap	ENTR	L	LMAX
dialogue_txt	16.0	260.0	29.0	0.11153846153846154	0.2692307692307692	0.2366412213740458	0.6496207821689738	1.1785714285714286	4.0
