ID	Num. utterances	Num. tokens	Expression Lexicon Size (ELS)	Expression Variety (EV)	Expression Repetition (ER)	Voc. Overlap	ENTR	L	LMAX
dialogue_txt	14.0	297.0	48.0	0.16161616161616163	0.40404040404040403	0.43478260869565216	1.0627766667058622	1.376923076923077	4.0
