ID	Num. utterances	Num. tokens	Expression Lexicon Size (ELS)	Expression Variety (EV)	Expression Repetition (ER)	Voc. Overlap	ENTR	L	LMAX
dialogue_txt	15.0	315.0	41.0	0.13015873015873017	0.3238095238095238	0.27450980392156865	0.8262803458900767	1.2222222222222223	3.0
