ID	S1	S2	S1/Initiated Expression (IE_S1)	S1/Expression Repetition (ER_S1)	S1/tokens (%)	S2/Initiated Expression (IE_S2)	S2/Expression Repetition (ER_S2)	S2/tokens (%)	Voc. Overlap S1	Voc. Overlap S2	SR/S1/ELS	SR/S1/EV	SR/S1/ER	SR/S1/ENTR	SR/S1/L	SR/S1/LMAX	SR/S2/ELS	SR/S2/EV	SR/S2/ER	SR/S2/ENTR	SR/S2/L	SR/S2/LMAX
dialogue_txt	Human 1	Human 2	0.631578947368421	0.1968503937007874	0.46691176470588236	0.3684210526315789	0.3724137931034483	0.5330882352941176	0.49382716049382713	0.449438202247191	16.0	0.11940298507462686	0.34328358208955223	0.6394571324851641	1.162162162162162	2.0	23.0	0.1503267973856209	0.46405228758169936	1.2601599909867478	1.5	5.0
