ID	S1	S2	S1/Initiated Expression (IE_S1)	S1/Expression Repetition (ER_S1)	S1/tokens (%)	S2/Initiated Expression (IE_S2)	S2/Expression Repetition (ER_S2)	S2/tokens (%)	Voc. Overlap S1	Voc. Overlap S2	SR/S1/ELS	SR/S1/EV	SR/S1/ER	SR/S1/ENTR	SR/S1/L	SR/S1/LMAX	SR/S2/ELS	SR/S2/EV	SR/S2/ER	SR/S2/ENTR	SR/S2/L	SR/S2/LMAX
dialogue_txt	Human 1	Human 2	0.7619047619047619	0.18120805369127516	0.5050847457627119	0.23809523809523808	0.541095890410959	0.49491525423728816	0.42857142857142855	0.5	14.0	0.08974358974358974	0.27564102564102566	0.7355085815538398	1.206896551724138	2.0	29.0	0.1895424836601307	0.5228758169934641	0.7640288275881945	1.196969696969697	3.0
