ID	Num. utterances	Num. tokens	Expression Lexicon Size (ELS)	Expression Variety (EV)	Expression Repetition (ER)	Voc. Overlap	ENTR	L	LMAX
dialogue_txt	19.0	363.0	44.0	0.12121212121212122	0.325068870523416	0.2569832402234637	0.7336612393872334	1.1940298507462686	4.0
