ID	Num. utterances	Num. tokens	Expression Lexicon Size (ELS)	Expression Variety (EV)	Expression Repetition (ER)	Voc. Overlap	ENTR	L	LMAX
dialogue_txt	13.0	188.0	42.0	0.22340425531914893	0.40425531914893614	0.46987951807228917	1.500847405631342	1.6794871794871795	7.0
