ID	Num. utterances	Num. tokens	Expression Lexicon Size (ELS)	Expression Variety (EV)	Expression Repetition (ER)	Voc. Overlap	ENTR	L	LMAX
dialogue_txt	15.0	241.0	44.0	0.1825726141078838	0.36929460580912865	0.37606837606837606	1.1294665228837883	1.3823529411764706	5.0
