ID	Num. utterances	Num. tokens	Expression Lexicon Size (ELS)	Expression Variety (EV)	Expression Repetition (ER)	Voc. Overlap	ENTR	L	LMAX
dialogue_txt	15.0	270.0	28.0	0.1037037037037037	0.24814814814814815	0.2014388489208633	0.6900836911817917	1.1686746987951808	3.0
