ID	S1	S2	S1/Initiated Expression (IE_S1)	S1/Expression Repetition (ER_S1)	S1/tokens (%)	S2/Initiated Expression (IE_S2)	S2/Expression Repetition (ER_S2)	S2/tokens (%)	Voc. Overlap S1	Voc. Overlap S2	SR/S1/ELS	SR/S1/EV	SR/S1/ER	SR/S1/ENTR	SR/S1/L	SR/S1/LMAX	SR/S2/ELS	SR/S2/EV	SR/S2/ER	SR/S2/ENTR	SR/S2/L	SR/S2/LMAX
dialogue_txt	Human 1	Human 2	0.6363636363636364	0.2085889570552147	0.5326797385620915	0.36363636363636365	0.32867132867132864	0.4673202614379085	0.37	0.36633663366336633	22.0	0.12941176470588237	0.40588235294117647	1.194545119186222	1.4893617021276595	3.0	18.0	0.11920529801324503	0.3443708609271523	0.8014698931335287	1.2439024390243902	2.0
