ID	Num. utterances	Num. tokens	Expression Lexicon Size (ELS)	Expression Variety (EV)	Expression Repetition (ER)	Voc. Overlap	ENTR	L	LMAX
dialogue_txt	18.0	225.0	28.0	0.12444444444444444	0.25333333333333335	0.32456140350877194	1.469514260721254	1.6935483870967742	5.0
