ID	Num. utterances	Num. tokens	Expression Lexicon Size (ELS)	Expression Variety (EV)	Expression Repetition (ER)	Voc. Overlap	ENTR	L	LMAX
dialogue_txt	15.0	238.0	30.0	0.12605042016806722	0.29831932773109243	0.2897196261682243	0.4145790572917207	1.1111111111111112	4.0
