ID	Num. utterances	Num. tokens	Expression Lexicon Size (ELS)	Expression Variety (EV)	Expression Repetition (ER)	Voc. Overlap	ENTR	L	LMAX
dialogue_txt	19.0	443.0	56.0	0.12641083521444696	0.2866817155756208	0.30092592592592593	0.7460878173489945	1.2236024844720497	6.0
