ID	S1	S2	S1/Initiated Expression (IE_S1)	S1/Expression Repetition (ER_S1)	S1/tokens (%)	S2/Initiated Expression (IE_S2)	S2/Expression Repetition (ER_S2)	S2/tokens (%)	Voc. Overlap S1	Voc. Overlap S2	SR/S1/ELS	SR/S1/EV	SR/S1/ER	SR/S1/ENTR	SR/S1/L	SR/S1/LMAX	SR/S2/ELS	SR/S2/EV	SR/S2/ER	SR/S2/ENTR	SR/S2/L	SR/S2/LMAX
dialogue_txt	Human 1	Human 2	0.7727272727272727	0.26011560693641617	0.5258358662613982	0.22727272727272727	0.46794871794871795	0.47416413373860183	0.46875	0.5	26.0	0.143646408839779	0.4419889502762431	0.849092165846601	1.2321428571428572	3.0	26.0	0.15853658536585366	0.5365853658536586	1.4633999649400518	1.7037037037037037	6.0
