ID	S1	S2	S1/Initiated Expression (IE_S1)	S1/Expression Repetition (ER_S1)	S1/tokens (%)	S2/Initiated Expression (IE_S2)	S2/Expression Repetition (ER_S2)	S2/tokens (%)	Voc. Overlap S1	Voc. Overlap S2	SR/S1/ELS	SR/S1/EV	SR/S1/ER	SR/S1/ENTR	SR/S1/L	SR/S1/LMAX	SR/S2/ELS	SR/S2/EV	SR/S2/ER	SR/S2/ENTR	SR/S2/L	SR/S2/LMAX
dialogue_txt	Human 1	Human 2	0.8	0.19540229885057472	0.3175182481751825	0.2	0.16042780748663102	0.6824817518248175	0.3333333333333333	0.20224719101123595	12.0	0.125	0.3645833333333333	1.0676111603502403	1.434782608695652	4.0	34.0	0.17258883248730963	0.6395939086294417	1.8721501408917363	2.014925373134328	5.0
