ID	Num. utterances	Num. tokens	Expression Lexicon Size (ELS)	Expression Variety (EV)	Expression Repetition (ER)	Voc. Overlap	ENTR	L	LMAX
dialogue_txt	16.0	307.0	37.0	0.12052117263843648	0.2931596091205212	0.2549019607843137	0.7332746209925778	1.1926605504587156	3.0
