ID	Num. utterances	Num. tokens	Expression Lexicon Size (ELS)	Expression Variety (EV)	Expression Repetition (ER)	Voc. Overlap	ENTR	L	LMAX
dialogue_txt	17.0	166.0	21.0	0.12650602409638553	0.25301204819277107	0.2716049382716049	0.6278548151622887	1.1864406779661016	4.0
