ID	S1	S2	S1/Initiated Expression (IE_S1)	S1/Expression Repetition (ER_S1)	S1/tokens (%)	S2/Initiated Expression (IE_S2)	S2/Expression Repetition (ER_S2)	S2/tokens (%)	Voc. Overlap S1	Voc. Overlap S2	SR/S1/ELS	SR/S1/EV	SR/S1/ER	SR/S1/ENTR	SR/S1/L	SR/S1/LMAX	SR/S2/ELS	SR/S2/EV	SR/S2/ER	SR/S2/ENTR	SR/S2/L	SR/S2/LMAX
dialogue_txt	Human 1	Human 2	0.7674418604651163	0.23648648648648649	0.46984126984126984	0.23255813953488372	0.49101796407185627	0.5301587301587302	0.4942528735632184	0.4174757281553398	22.0	0.14102564102564102	0.4230769230769231	0.8176338568998316	1.22	3.0	28.0	0.16	0.5028571428571429	1.119648241796936	1.3666666666666667	4.0
