ID	Num. utterances	Num. tokens	Expression Lexicon Size (ELS)	Expression Variety (EV)	Expression Repetition (ER)	Voc. Overlap	ENTR	L	LMAX
dialogue_txt	14.0	285.0	35.0	0.12280701754385964	0.25263157894736843	0.22424242424242424	0.3939152573634121	1.0776699029126213	2.0
