ID	S1	S2	S1/Initiated Expression (IE_S1)	S1/Expression Repetition (ER_S1)	S1/tokens (%)	S2/Initiated Expression (IE_S2)	S2/Expression Repetition (ER_S2)	S2/tokens (%)	Voc. Overlap S1	Voc. Overlap S2	SR/S1/ELS	SR/S1/EV	SR/S1/ER	SR/S1/ENTR	SR/S1/L	SR/S1/LMAX	SR/S2/ELS	SR/S2/EV	SR/S2/ER	SR/S2/ENTR	SR/S2/L	SR/S2/LMAX
dialogue_txt	Human 1	Human 2	0.6857142857142857	0.1258741258741259	0.5017543859649123	0.3142857142857143	0.38028169014084506	0.4982456140350877	0.3557692307692308	0.37755102040816324	14.0	0.09333333333333334	0.26	0.32984607020714635	1.0606060606060606	2.0	16.0	0.10738255033557047	0.37583892617449666	0.4291223408533888	1.186046511627907	4.0
