ID	Num. utterances	Num. tokens	Expression Lexicon Size (ELS)	Expression Variety (EV)	Expression Repetition (ER)	Voc. Overlap	ENTR	L	LMAX
dialogue_txt	19.0	307.0	37.0	0.12052117263843648	0.33876221498371334	0.2328767123287671	0.6853290549327473	1.1666666666666667	3.0
