ID	Num. utterances	Num. tokens	Expression Lexicon Size (ELS)	Expression Variety (EV)	Expression Repetition (ER)	Voc. Overlap	ENTR	L	LMAX
dialogue_txt	19.0	334.0	30.0	0.08982035928143713	0.2125748502994012	0.15135135135135136	0.7713111060849785	1.2261904761904763	2.0
