ID	Num. utterances	Num. tokens	Expression Lexicon Size (ELS)	Expression Variety (EV)	Expression Repetition (ER)	Voc. Overlap	ENTR	L	LMAX
dialogue_txt	15.0	219.0	23.0	0.1050228310502283	0.2420091324200913	0.22950819672131148	0.409855370318405	1.082191780821918	2.0
