ID	S1	S2	S1/Initiated Expression (IE_S1)	S1/Expression Repetition (ER_S1)	S1/tokens (%)	S2/Initiated Expression (IE_S2)	S2/Expression Repetition (ER_S2)	S2/tokens (%)	Voc. Overlap S1	Voc. Overlap S2	SR/S1/ELS	SR/S1/EV	SR/S1/ER	SR/S1/ENTR	SR/S1/L	SR/S1/LMAX	SR/S2/ELS	SR/S2/EV	SR/S2/ER	SR/S2/ENTR	SR/S2/L	SR/S2/LMAX
dialogue_txt	Human 1	Human 2	0.782608695652174	0.17117117117117117	0.5068493150684932	0.21739130434782608	0.3148148148148148	0.4931506849315068	0.37333333333333335	0.37333333333333335	15.0	0.1271186440677966	0.3644067796610169	1.014097655573916	1.3125	3.0	11.0	0.09482758620689655	0.3017241379310345	1.273009654835499	1.5	4.0
