ID	S1	S2	S1/Initiated Expression (IE_S1)	S1/Expression Repetition (ER_S1)	S1/tokens (%)	S2/Initiated Expression (IE_S2)	S2/Expression Repetition (ER_S2)	S2/tokens (%)	Voc. Overlap S1	Voc. Overlap S2	SR/S1/ELS	SR/S1/EV	SR/S1/ER	SR/S1/ENTR	SR/S1/L	SR/S1/LMAX	SR/S2/ELS	SR/S2/EV	SR/S2/ER	SR/S2/ENTR	SR/S2/L	SR/S2/LMAX
dialogue_txt	Human 1	Human 2	0.8627450980392157	0.12408759124087591	0.4807017543859649	0.13725490196078433	0.6013513513513513	0.519298245614035	0.6363636363636364	0.6292134831460674	19.0	0.1310344827586207	0.36551724137931035	0.693127415328288	1.186046511627907	2.0	29.0	0.18471337579617833	0.4840764331210191	0.6136190195993708	1.1515151515151516	2.0
