ID	S1	S2	S1/Initiated Expression (IE_S1)	S1/Expression Repetition (ER_S1)	S1/tokens (%)	S2/Initiated Expression (IE_S2)	S2/Expression Repetition (ER_S2)	S2/tokens (%)	Voc. Overlap S1	Voc. Overlap S2	SR/S1/ELS	SR/S1/EV	SR/S1/ER	SR/S1/ENTR	SR/S1/L	SR/S1/LMAX	SR/S2/ELS	SR/S2/EV	SR/S2/ER	SR/S2/ENTR	SR/S2/L	SR/S2/LMAX
dialogue_txt	Human 1	Human 2	0.6285714285714286	0.24369747899159663	0.48770491803278687	0.37142857142857144	0.36	0.5122950819672131	0.44047619047619047	0.44047619047619047	12.0	0.09448818897637795	0.3228346456692913	0.3372900666170139	1.125	3.0	19.0	0.1417910447761194	0.417910447761194	1.086987702339905	1.4736842105263157	4.0
