ID	Num. utterances	Num. tokens	Expression Lexicon Size (ELS)	Expression Variety (EV)	Expression Repetition (ER)	Voc. Overlap	ENTR	L	LMAX
dialogue_txt	16.0	166.0	18.0	0.10843373493975904	0.1686746987951807	0.25842696629213485	0.5587770161236655	1.2439024390243902	5.0
