ID	S1	S2	S1/Initiated Expression (IE_S1)	S1/Expression Repetition (ER_S1)	S1/tokens (%)	S2/Initiated Expression (IE_S2)	S2/Expression Repetition (ER_S2)	S2/tokens (%)	Voc. Overlap S1	Voc. Overlap S2	SR/S1/ELS	SR/S1/EV	SR/S1/ER	SR/S1/ENTR	SR/S1/L	SR/S1/LMAX	SR/S2/ELS	SR/S2/EV	SR/S2/ER	SR/S2/ENTR	SR/S2/L	SR/S2/LMAX
dialogue_txt	Human 1	Human 2	0.6896551724137931	0.17894736842105263	0.376984126984127	0.3103448275862069	0.45222929936305734	0.623015873015873	0.49230769230769234	0.4266666666666667	10.0	0.0970873786407767	0.27184466019417475	0.4021791902022728	1.08	2.0	25.0	0.15151515151515152	0.593939393939394	1.270321133845612	1.6379310344827587	9.0
