ID	Num. utterances	Num. tokens	Expression Lexicon Size (ELS)	Expression Variety (EV)	Expression Repetition (ER)	Voc. Overlap	ENTR	L	LMAX
dialogue_txt	14.0	242.0	33.0	0.13636363636363635	0.32644628099173556	0.336283185840708	1.4645170433077466	1.6623376623376624	5.0
