ID	S1	S2	S1/Initiated Expression (IE_S1)	S1/Expression Repetition (ER_S1)	S1/tokens (%)	S2/Initiated Expression (IE_S2)	S2/Expression Repetition (ER_S2)	S2/tokens (%)	Voc. Overlap S1	Voc. Overlap S2	SR/S1/ELS	SR/S1/EV	SR/S1/ER	SR/S1/ENTR	SR/S1/L	SR/S1/LMAX	SR/S2/ELS	SR/S2/EV	SR/S2/ER	SR/S2/ENTR	SR/S2/L	SR/S2/LMAX
dialogue_txt	Human 1	Human 2	0.7209302325581395	0.14285714285714285	0.5797546012269938	0.27906976744186046	0.48175182481751827	0.42024539877300615	0.3364485981308411	0.5217391304347826	28.0	0.14213197969543148	0.4517766497461929	1.0540157730728	1.35	3.0	23.0	0.15753424657534246	0.5753424657534246	1.6548524189828422	1.8125	5.0
