ID	Num. utterances	Num. tokens	Expression Lexicon Size (ELS)	Expression Variety (EV)	Expression Repetition (ER)	Voc. Overlap	ENTR	L	LMAX
dialogue_txt	16.0	317.0	63.0	0.19873817034700317	0.39747634069400634	0.4316546762589928	0.9316841028805058	1.2875816993464053	5.0
