ID	Num. utterances	Num. tokens	Expression Lexicon Size (ELS)	Expression Variety (EV)	Expression Repetition (ER)	Voc. Overlap	ENTR	L	LMAX
dialogue_txt	15.0	272.0	33.0	0.1213235294117647	0.29044117647058826	0.23703703703703705	0.983994331347982	1.3076923076923077	4.0
