ID	Num. utterances	Num. tokens	Expression Lexicon Size (ELS)	Expression Variety (EV)	Expression Repetition (ER)	Voc. Overlap	ENTR	L	LMAX
dialogue_txt	16.0	281.0	31.0	0.1103202846975089	0.2704626334519573	0.2595419847328244	0.699453793319508	1.1717171717171717	3.0
