ID	S1	S2	S1/Initiated Expression (IE_S1)	S1/Expression Repetition (ER_S1)	S1/tokens (%)	S2/Initiated Expression (IE_S2)	S2/Expression Repetition (ER_S2)	S2/tokens (%)	Voc. Overlap S1	Voc. Overlap S2	SR/S1/ELS	SR/S1/EV	SR/S1/ER	SR/S1/ENTR	SR/S1/L	SR/S1/LMAX	SR/S2/ELS	SR/S2/EV	SR/S2/ER	SR/S2/ENTR	SR/S2/L	SR/S2/LMAX
dialogue_txt	Human 1	Human 2	0.6666666666666666	0.10909090909090909	0.3716216216216216	0.3333333333333333	0.1827956989247312	0.6283783783783784	0.38095238095238093	0.3018867924528302	5.0	0.08064516129032258	0.1935483870967742	0.8112781244591328	1.5	3.0	10.0	0.09900990099009901	0.6138613861386139	0.9463729359854419	4.357142857142857	24.0
