ID	Num. utterances	Num. tokens	Expression Lexicon Size (ELS)	Expression Variety (EV)	Expression Repetition (ER)	Voc. Overlap	ENTR	L	LMAX
dialogue_txt	13.0	123.0	22.0	0.17886178861788618	0.3252032520325203	0.41818181818181815	0.7582103997373125	1.2407407407407407	4.0
