ID	S1	S2	S1/Initiated Expression (IE_S1)	S1/Expression Repetition (ER_S1)	S1/tokens (%)	S2/Initiated Expression (IE_S2)	S2/Expression Repetition (ER_S2)	S2/tokens (%)	Voc. Overlap S1	Voc. Overlap S2	SR/S1/ELS	SR/S1/EV	SR/S1/ER	SR/S1/ENTR	SR/S1/L	SR/S1/LMAX	SR/S2/ELS	SR/S2/EV	SR/S2/ER	SR/S2/ENTR	SR/S2/L	SR/S2/LMAX
dialogue_txt	Human 1	Human 2	0.8679245283018868	0.10071942446043165	0.4711864406779661	0.1320754716981132	0.5961538461538461	0.5288135593220339	0.6022727272727273	0.5698924731182796	17.0	0.11643835616438356	0.3698630136986301	0.9707450578356165	1.394736842105263	5.0	24.0	0.147239263803681	0.44785276073619634	0.7355085815538398	1.206896551724138	2.0
