ID	S1	S2	S1/Initiated Expression (IE_S1)	S1/Expression Repetition (ER_S1)	S1/tokens (%)	S2/Initiated Expression (IE_S2)	S2/Expression Repetition (ER_S2)	S2/tokens (%)	Voc. Overlap S1	Voc. Overlap S2	SR/S1/ELS	SR/S1/EV	SR/S1/ER	SR/S1/ENTR	SR/S1/L	SR/S1/LMAX	SR/S2/ELS	SR/S2/EV	SR/S2/ER	SR/S2/ENTR	SR/S2/L	SR/S2/LMAX
dialogue_txt	Human 1	Human 2	0.7297297297297297	0.2230769230769231	0.45454545454545453	0.2702702702702703	0.3974358974358974	0.5454545454545454	0.45348837209302323	0.41935483870967744	14.0	0.10218978102189781	0.3357664233576642	0.4854607607459134	1.105263157894737	2.0	28.0	0.17073170731707318	0.5182926829268293	0.3574288901404681	1.0810810810810811	3.0
