ID	Num. utterances	Num. tokens	Expression Lexicon Size (ELS)	Expression Variety (EV)	Expression Repetition (ER)	Voc. Overlap	ENTR	L	LMAX
dialogue_txt	16.0	190.0	25.0	0.13157894736842105	0.2894736842105263	0.3402061855670103	1.5937434751147497	1.690909090909091	5.0
