ID	Num. utterances	Num. tokens	Expression Lexicon Size (ELS)	Expression Variety (EV)	Expression Repetition (ER)	Voc. Overlap	ENTR	L	LMAX
dialogue_txt	16.0	202.0	30.0	0.1485148514851485	0.3613861386138614	0.32653061224489793	0.844658507289092	1.2560975609756098	4.0
