ID	Num. utterances	Num. tokens	Expression Lexicon Size (ELS)	Expression Variety (EV)	Expression Repetition (ER)	Voc. Overlap	ENTR	L	LMAX
dialogue_txt	18.0	277.0	33.0	0.11913357400722022	0.2527075812274368	0.291044776119403	0.8739610498894277	1.3452380952380953	8.0
