ID	Num. utterances	Num. tokens	Expression Lexicon Size (ELS)	Expression Variety (EV)	Expression Repetition (ER)	Voc. Overlap	ENTR	L	LMAX
dialogue_txt	16.0	273.0	48.0	0.17582417582417584	0.38461538461538464	0.43103448275862066	0.8601860687685201	1.237037037037037	3.0
