ID	Num. utterances	Num. tokens	Expression Lexicon Size (ELS)	Expression Variety (EV)	Expression Repetition (ER)	Voc. Overlap	ENTR	L	LMAX
dialogue_txt	15.0	269.0	32.0	0.11895910780669144	0.2936802973977695	0.2608695652173913	0.6248172459056407	1.1666666666666667	4.0
