ID	Num. utterances	Num. tokens	Expression Lexicon Size (ELS)	Expression Variety (EV)	Expression Repetition (ER)	Voc. Overlap	ENTR	L	LMAX
dialogue_txt	17.0	158.0	18.0	0.11392405063291139	0.2974683544303797	0.323943661971831	0.709025551092371	1.392156862745098	6.0
