ID	Num. utterances	Num. tokens	Expression Lexicon Size (ELS)	Expression Variety (EV)	Expression Repetition (ER)	Voc. Overlap	ENTR	L	LMAX
dialogue_txt	18.0	303.0	25.0	0.08250825082508251	0.18811881188118812	0.1728395061728395	0.5617526078313282	1.131578947368421	2.0
