ID	Num. utterances	Num. tokens	Expression Lexicon Size (ELS)	Expression Variety (EV)	Expression Repetition (ER)	Voc. Overlap	ENTR	L	LMAX
dialogue_txt	16.0	244.0	35.0	0.14344262295081966	0.29918032786885246	0.2777777777777778	1.0770126567458533	1.369047619047619	5.0
