ID	S1	S2	S1/Initiated Expression (IE_S1)	S1/Expression Repetition (ER_S1)	S1/tokens (%)	S2/Initiated Expression (IE_S2)	S2/Expression Repetition (ER_S2)	S2/tokens (%)	Voc. Overlap S1	Voc. Overlap S2	SR/S1/ELS	SR/S1/EV	SR/S1/ER	SR/S1/ENTR	SR/S1/L	SR/S1/LMAX	SR/S2/ELS	SR/S2/EV	SR/S2/ER	SR/S2/ENTR	SR/S2/L	SR/S2/LMAX
dialogue_txt	Human 1	Human 2	0.7058823529411765	0.16363636363636364	0.39568345323741005	0.29411764705882354	0.34523809523809523	0.60431654676259	0.4523809523809524	0.34545454545454546	5.0	0.08064516129032258	0.1935483870967742	0.8112781244591328	1.5	3.0	13.0	0.14130434782608695	0.42391304347826086	0.5916727785823274	1.1428571428571428	2.0
