ID	Num. utterances	Num. tokens	Expression Lexicon Size (ELS)	Expression Variety (EV)	Expression Repetition (ER)	Voc. Overlap	ENTR	L	LMAX
dialogue_txt	15.0	139.0	17.0	0.1223021582733813	0.2733812949640288	0.24358974358974358	0.9371948952213989	1.3076923076923077	3.0
