ID	S1	S2	S1/Initiated Expression (IE_S1)	S1/Expression Repetition (ER_S1)	S1/tokens (%)	S2/Initiated Expression (IE_S2)	S2/Expression Repetition (ER_S2)	S2/tokens (%)	Voc. Overlap S1	Voc. Overlap S2	SR/S1/ELS	SR/S1/EV	SR/S1/ER	SR/S1/ENTR	SR/S1/L	SR/S1/LMAX	SR/S2/ELS	SR/S2/EV	SR/S2/ER	SR/S2/ENTR	SR/S2/L	SR/S2/LMAX
dialogue_txt	Human 1	Human 2	0.8043478260869565	0.17518248175182483	0.4807017543859649	0.1956521739130435	0.5743243243243243	0.519298245614035	0.5113636363636364	0.569620253164557	14.0	0.09655172413793103	0.296551724137931	0.8503259045049341	1.3214285714285714	4.0	24.0	0.15384615384615385	0.6217948717948718	0.8386112218304564	1.7924528301886793	15.0
