ID	S1	S2	S1/Initiated Expression (IE_S1)	S1/Expression Repetition (ER_S1)	S1/tokens (%)	S2/Initiated Expression (IE_S2)	S2/Expression Repetition (ER_S2)	S2/tokens (%)	Voc. Overlap S1	Voc. Overlap S2	SR/S1/ELS	SR/S1/EV	SR/S1/ER	SR/S1/ENTR	SR/S1/L	SR/S1/LMAX	SR/S2/ELS	SR/S2/EV	SR/S2/ER	SR/S2/ENTR	SR/S2/L	SR/S2/LMAX
dialogue_txt	Human 1	Human 2	0.5675675675675675	0.25153374233128833	0.5207667731629393	0.43243243243243246	0.44	0.4792332268370607	0.38	0.4810126582278481	22.0	0.12941176470588237	0.40588235294117647	1.194545119186222	1.4893617021276595	3.0	27.0	0.17088607594936708	0.5443037974683544	1.4215541688301352	1.5555555555555556	4.0
