ID	S1	S2	S1/Initiated Expression (IE_S1)	S1/Expression Repetition (ER_S1)	S1/tokens (%)	S2/Initiated Expression (IE_S2)	S2/Expression Repetition (ER_S2)	S2/tokens (%)	Voc. Overlap S1	Voc. Overlap S2	SR/S1/ELS	SR/S1/EV	SR/S1/ER	SR/S1/ENTR	SR/S1/L	SR/S1/LMAX	SR/S2/ELS	SR/S2/EV	SR/S2/ER	SR/S2/ENTR	SR/S2/L	SR/S2/LMAX
dialogue_txt	Human 1	Human 2	0.8214285714285714	0.16216216216216217	0.5751295336787565	0.17857142857142858	0.4634146341463415	0.42487046632124353	0.4027777777777778	0.5272727272727272	16.0	0.13559322033898305	0.3644067796610169	1.1400457981819085	1.3870967741935485	3.0	13.0	0.14444444444444443	0.37777777777777777	0.6912898694057888	1.1851851851851851	2.0
