ID	Num. utterances	Num. tokens	Expression Lexicon Size (ELS)	Expression Variety (EV)	Expression Repetition (ER)	Voc. Overlap	ENTR	L	LMAX
dialogue_txt	15.0	193.0	28.0	0.14507772020725387	0.29015544041450775	0.29591836734693877	0.8477370038432394	1.2608695652173914	4.0
