ID	S1	S2	S1/Initiated Expression (IE_S1)	S1/Expression Repetition (ER_S1)	S1/tokens (%)	S2/Initiated Expression (IE_S2)	S2/Expression Repetition (ER_S2)	S2/tokens (%)	Voc. Overlap S1	Voc. Overlap S2	SR/S1/ELS	SR/S1/EV	SR/S1/ER	SR/S1/ENTR	SR/S1/L	SR/S1/LMAX	SR/S2/ELS	SR/S2/EV	SR/S2/ER	SR/S2/ENTR	SR/S2/L	SR/S2/LMAX
dialogue_txt	Human 1	Human 2	0.6486486486486487	0.23121387283236994	0.5179640718562875	0.35135135135135137	0.36645962732919257	0.4820359281437126	0.3645833333333333	0.3684210526315789	26.0	0.143646408839779	0.4419889502762431	0.849092165846601	1.2321428571428572	3.0	26.0	0.15384615384615385	0.46153846153846156	0.6933395515896952	1.171875	3.0
