ID	Num. utterances	Num. tokens	Expression Lexicon Size (ELS)	Expression Variety (EV)	Expression Repetition (ER)	Voc. Overlap	ENTR	L	LMAX
dialogue_txt	16.0	326.0	57.0	0.17484662576687116	0.3374233128834356	0.3793103448275862	0.8736374545050853	1.2432432432432432	3.0
