ID	Num. utterances	Num. tokens	Expression Lexicon Size (ELS)	Expression Variety (EV)	Expression Repetition (ER)	Voc. Overlap	ENTR	L	LMAX
dialogue_txt	14.0	177.0	25.0	0.14124293785310735	0.23728813559322035	0.25961538461538464	0.7966500838340582	1.2105263157894737	3.0
