ID	Num. utterances	Num. tokens	Expression Lexicon Size (ELS)	Expression Variety (EV)	Expression Repetition (ER)	Voc. Overlap	ENTR	L	LMAX
dialogue_txt	13.0	184.0	17.0	0.09239130434782608	0.20652173913043478	0.19801980198019803	1.0676111603502403	1.3478260869565217	3.0
