ID	S1	S2	S1/Initiated Expression (IE_S1)	S1/Expression Repetition (ER_S1)	S1/tokens (%)	S2/Initiated Expression (IE_S2)	S2/Expression Repetition (ER_S2)	S2/tokens (%)	Voc. Overlap S1	Voc. Overlap S2	SR/S1/ELS	SR/S1/EV	SR/S1/ER	SR/S1/ENTR	SR/S1/L	SR/S1/LMAX	SR/S2/ELS	SR/S2/EV	SR/S2/ER	SR/S2/ENTR	SR/S2/L	SR/S2/LMAX
dialogue_txt	Human 1	Human 2	0.75	0.13114754098360656	0.4357142857142857	0.25	0.27848101265822783	0.5642857142857143	0.43902439024390244	0.33962264150943394	10.0	0.14492753623188406	0.37681159420289856	0.8812908992306927	1.3	2.0	11.0	0.125	0.4090909090909091	0.8929427417665807	1.6666666666666667	5.0
