ID	Num. utterances	Num. tokens	Expression Lexicon Size (ELS)	Expression Variety (EV)	Expression Repetition (ER)	Voc. Overlap	ENTR	L	LMAX
dialogue_txt	17.0	140.0	16.0	0.11428571428571428	0.21428571428571427	0.23684210526315788	0.5665095065529053	1.1333333333333333	2.0
