ID	Num. utterances	Num. tokens	Expression Lexicon Size (ELS)	Expression Variety (EV)	Expression Repetition (ER)	Voc. Overlap	ENTR	L	LMAX
dialogue_txt	17.0	323.0	60.0	0.18575851393188855	0.4055727554179567	0.4596774193548387	1.4212539660626513	1.556338028169014	5.0
