ID	Num. utterances	Num. tokens	Expression Lexicon Size (ELS)	Expression Variety (EV)	Expression Repetition (ER)	Voc. Overlap	ENTR	L	LMAX
dialogue_txt	19.0	372.0	57.0	0.1532258064516129	0.33602150537634407	0.3372093023255814	0.7756022214303115	1.2038216560509554	4.0
