ID	Num. utterances	Num. tokens	Expression Lexicon Size (ELS)	Expression Variety (EV)	Expression Repetition (ER)	Voc. Overlap	ENTR	L	LMAX
dialogue_txt	21.0	274.0	34.0	0.12408759124087591	0.24087591240875914	0.2348993288590604	0.9091425672049792	1.3333333333333333	7.0
