ID	Num. utterances	Num. tokens	Expression Lexicon Size (ELS)	Expression Variety (EV)	Expression Repetition (ER)	Voc. Overlap	ENTR	L	LMAX
dialogue_txt	18.0	376.0	61.0	0.1622340425531915	0.42021276595744683	0.43537414965986393	1.077369282472841	1.3630952380952381	5.0
