ID	Num. utterances	Num. tokens	Expression Lexicon Size (ELS)	Expression Variety (EV)	Expression Repetition (ER)	Voc. Overlap	ENTR	L	LMAX
dialogue_txt	16.0	233.0	31.0	0.13304721030042918	0.2875536480686695	0.3394495412844037	0.9264278598878894	1.3076923076923077	5.0
