ID	S1	S2	S1/Initiated Expression (IE_S1)	S1/Expression Repetition (ER_S1)	S1/tokens (%)	S2/Initiated Expression (IE_S2)	S2/Expression Repetition (ER_S2)	S2/tokens (%)	Voc. Overlap S1	Voc. Overlap S2	SR/S1/ELS	SR/S1/EV	SR/S1/ER	SR/S1/ENTR	SR/S1/L	SR/S1/LMAX	SR/S2/ELS	SR/S2/EV	SR/S2/ER	SR/S2/ENTR	SR/S2/L	SR/S2/LMAX
dialogue_txt	Human 1	Human 2	0.9032258064516129	0.10135135135135136	0.6351931330472103	0.0967741935483871	0.611764705882353	0.3648068669527897	0.42528735632183906	0.6271186440677966	22.0	0.14102564102564102	0.4230769230769231	0.8176338568998316	1.22	3.0	13.0	0.13978494623655913	0.41935483870967744	0.39124356362925566	1.3846153846153846	6.0
