ID	Num. utterances	Num. tokens	Expression Lexicon Size (ELS)	Expression Variety (EV)	Expression Repetition (ER)	Voc. Overlap	ENTR	L	LMAX
dialogue_txt	16.0	335.0	32.0	0.0955223880597015	0.29850746268656714	0.20253164556962025	0.7303647826588175	1.188118811881188	3.0
