ID	Num. utterances	Num. tokens	Expression Lexicon Size (ELS)	Expression Variety (EV)	Expression Repetition (ER)	Voc. Overlap	ENTR	L	LMAX
dialogue_txt	16.0	267.0	59.0	0.2209737827715356	0.4681647940074906	0.6082474226804123	1.0141160095934822	1.3194444444444444	3.0
