ID	S1	S2	S1/Initiated Expression (IE_S1)	S1/Expression Repetition (ER_S1)	S1/tokens (%)	S2/Initiated Expression (IE_S2)	S2/Expression Repetition (ER_S2)	S2/tokens (%)	Voc. Overlap S1	Voc. Overlap S2	SR/S1/ELS	SR/S1/EV	SR/S1/ER	SR/S1/ENTR	SR/S1/L	SR/S1/LMAX	SR/S2/ELS	SR/S2/EV	SR/S2/ER	SR/S2/ENTR	SR/S2/L	SR/S2/LMAX
dialogue_txt	Human 1	Human 2	0.6666666666666666	0.13114754098360656	0.31443298969072164	0.3333333333333333	0.2781954887218045	0.6855670103092784	0.4878048780487805	0.3076923076923077	10.0	0.14492753623188406	0.37681159420289856	0.8812908992306927	1.3	2.0	18.0	0.1267605633802817	0.647887323943662	1.568299151140101	2.7941176470588234	12.0
