ID	Num. utterances	Num. tokens	Expression Lexicon Size (ELS)	Expression Variety (EV)	Expression Repetition (ER)	Voc. Overlap	ENTR	L	LMAX
dialogue_txt	19.0	453.0	56.0	0.12362030905077263	0.31788079470198677	0.2857142857142857	1.0297795623959993	1.319277108433735	4.0
