ID	Num. utterances	Num. tokens	Expression Lexicon Size (ELS)	Expression Variety (EV)	Expression Repetition (ER)	Voc. Overlap	ENTR	L	LMAX
dialogue_txt	15.0	209.0	26.0	0.12440191387559808	0.2631578947368421	0.28888888888888886	0.812428037213644	1.2236842105263157	3.0
