ID	S1	S2	S1/Initiated Expression (IE_S1)	S1/Expression Repetition (ER_S1)	S1/tokens (%)	S2/Initiated Expression (IE_S2)	S2/Expression Repetition (ER_S2)	S2/tokens (%)	Voc. Overlap S1	Voc. Overlap S2	SR/S1/ELS	SR/S1/EV	SR/S1/ER	SR/S1/ENTR	SR/S1/L	SR/S1/LMAX	SR/S2/ELS	SR/S2/EV	SR/S2/ER	SR/S2/ENTR	SR/S2/L	SR/S2/LMAX
dialogue_txt	Human 1	Human 2	0.6538461538461539	0.20833333333333334	0.3444976076555024	0.34615384615384615	0.291970802919708	0.6555023923444976	0.5306122448979592	0.3880597014925373	6.0	0.0759493670886076	0.3037974683544304	1.1488348542809166	1.5714285714285714	4.0	27.0	0.18620689655172415	0.6137931034482759	1.5361627481484026	1.7358490566037736	6.0
