ID	Num. utterances	Num. tokens	Expression Lexicon Size (ELS)	Expression Variety (EV)	Expression Repetition (ER)	Voc. Overlap	ENTR	L	LMAX
dialogue_txt	14.0	263.0	45.0	0.17110266159695817	0.29277566539923955	0.35658914728682173	0.8096816421962902	1.2626262626262625	6.0
