ID	S1	S2	S1/Initiated Expression (IE_S1)	S1/Expression Repetition (ER_S1)	S1/tokens (%)	S2/Initiated Expression (IE_S2)	S2/Expression Repetition (ER_S2)	S2/tokens (%)	Voc. Overlap S1	Voc. Overlap S2	SR/S1/ELS	SR/S1/EV	SR/S1/ER	SR/S1/ENTR	SR/S1/L	SR/S1/LMAX	SR/S2/ELS	SR/S2/EV	SR/S2/ER	SR/S2/ENTR	SR/S2/L	SR/S2/LMAX
dialogue_txt	Human 1	Human 2	0.6785714285714286	0.18947368421052632	0.3682170542635659	0.32142857142857145	0.34355828220858897	0.6317829457364341	0.49230769230769234	0.367816091954023	10.0	0.0970873786407767	0.27184466019417475	0.4021791902022728	1.08	2.0	25.0	0.14619883040935672	0.49122807017543857	1.1301936550622584	1.423728813559322	4.0
