ID	S1	S2	S1/Initiated Expression (IE_S1)	S1/Expression Repetition (ER_S1)	S1/tokens (%)	S2/Initiated Expression (IE_S2)	S2/Expression Repetition (ER_S2)	S2/tokens (%)	Voc. Overlap S1	Voc. Overlap S2	SR/S1/ELS	SR/S1/EV	SR/S1/ER	SR/S1/ENTR	SR/S1/L	SR/S1/LMAX	SR/S2/ELS	SR/S2/EV	SR/S2/ER	SR/S2/ENTR	SR/S2/L	SR/S2/LMAX
dialogue_txt	Human 1	Human 2	0.5357142857142857	0.21212121212121213	0.3188405797101449	0.4642857142857143	0.3546099290780142	0.6811594202898551	0.5614035087719298	0.41025641025641024	3.0	0.0410958904109589	0.0821917808219178	-0.0	1.0	1.0	33.0	0.22297297297297297	0.581081081081081	1.2896468090415973	1.459016393442623	4.0
