ID	S1	S2	S1/Initiated Expression (IE_S1)	S1/Expression Repetition (ER_S1)	S1/tokens (%)	S2/Initiated Expression (IE_S2)	S2/Expression Repetition (ER_S2)	S2/tokens (%)	Voc. Overlap S1	Voc. Overlap S2	SR/S1/ELS	SR/S1/EV	SR/S1/ER	SR/S1/ENTR	SR/S1/L	SR/S1/LMAX	SR/S2/ELS	SR/S2/EV	SR/S2/ER	SR/S2/ENTR	SR/S2/L	SR/S2/LMAX
dialogue_txt	Human 1	Human 2	0.6470588235294118	0.17142857142857143	0.42	0.35294117647058826	0.3724137931034483	0.58	0.4810126582278481	0.4318181818181818	8.0	0.07142857142857142	0.17857142857142858	-0.0	1.0	1.0	21.0	0.1390728476821192	0.4503311258278146	1.3924684672939724	1.6097560975609757	3.0
