ID	Num. utterances	Num. tokens	Expression Lexicon Size (ELS)	Expression Variety (EV)	Expression Repetition (ER)	Voc. Overlap	ENTR	L	LMAX
dialogue_txt	17.0	318.0	40.0	0.12578616352201258	0.34276729559748426	0.2846715328467153	0.870736146408561	1.2419354838709677	3.0
