ID	Num. utterances	Num. tokens	Expression Lexicon Size (ELS)	Expression Variety (EV)	Expression Repetition (ER)	Voc. Overlap	ENTR	L	LMAX
dialogue_txt	15.0	277.0	32.0	0.11552346570397112	0.2851985559566787	0.20437956204379562	1.0030164981568692	1.3068181818181819	3.0
