ID	S1	S2	S1/Initiated Expression (IE_S1)	S1/Expression Repetition (ER_S1)	S1/tokens (%)	S2/Initiated Expression (IE_S2)	S2/Expression Repetition (ER_S2)	S2/tokens (%)	Voc. Overlap S1	Voc. Overlap S2	SR/S1/ELS	SR/S1/EV	SR/S1/ER	SR/S1/ENTR	SR/S1/L	SR/S1/LMAX	SR/S2/ELS	SR/S2/EV	SR/S2/ER	SR/S2/ENTR	SR/S2/L	SR/S2/LMAX
dialogue_txt	Human 1	Human 2	0.775	0.18243243243243243	0.5174825174825175	0.225	0.5	0.4825174825174825	0.44329896907216493	0.5308641975308642	16.0	0.1032258064516129	0.2838709677419355	0.512709142030877	1.1142857142857143	2.0	25.0	0.17123287671232876	0.5205479452054794	0.7087110661890312	1.2982456140350878	3.0
