ID	Num. utterances	Num. tokens	Expression Lexicon Size (ELS)	Expression Variety (EV)	Expression Repetition (ER)	Voc. Overlap	ENTR	L	LMAX
dialogue_txt	16.0	269.0	31.0	0.11524163568773234	0.26022304832713755	0.24087591240875914	0.41083783851692773	1.0824742268041236	2.0
