ID	Num. utterances	Num. tokens	Expression Lexicon Size (ELS)	Expression Variety (EV)	Expression Repetition (ER)	Voc. Overlap	ENTR	L	LMAX
dialogue_txt	17.0	270.0	40.0	0.14814814814814814	0.362962962962963	0.3488372093023256	1.038388143825711	1.3303571428571428	4.0
