ID	S1	S2	S1/Initiated Expression (IE_S1)	S1/Expression Repetition (ER_S1)	S1/tokens (%)	S2/Initiated Expression (IE_S2)	S2/Expression Repetition (ER_S2)	S2/tokens (%)	Voc. Overlap S1	Voc. Overlap S2	SR/S1/ELS	SR/S1/EV	SR/S1/ER	SR/S1/ENTR	SR/S1/L	SR/S1/LMAX	SR/S2/ELS	SR/S2/EV	SR/S2/ER	SR/S2/ENTR	SR/S2/L	SR/S2/LMAX
dialogue_txt	Human 1	Human 2	0.7567567567567568	0.1619047619047619	0.41832669322709165	0.24324324324324326	0.3835616438356164	0.5816733067729084	0.4936708860759494	0.39	8.0	0.07142857142857142	0.17857142857142858	-0.0	1.0	1.0	27.0	0.17763157894736842	0.4473684210526316	0.47434543756223957	1.1016949152542372	2.0
