ID	Num. utterances	Num. tokens	Expression Lexicon Size (ELS)	Expression Variety (EV)	Expression Repetition (ER)	Voc. Overlap	ENTR	L	LMAX
dialogue_txt	13.0	251.0	37.0	0.14741035856573706	0.2908366533864542	0.2785714285714286	0.7456277344909731	1.1894736842105262	3.0
