ID	Num. utterances	Num. tokens	Expression Lexicon Size (ELS)	Expression Variety (EV)	Expression Repetition (ER)	Voc. Overlap	ENTR	L	LMAX
dialogue_txt	17.0	267.0	43.0	0.16104868913857678	0.36329588014981273	0.3739130434782609	0.7981882694710936	1.218487394957983	4.0
