ID	Num. utterances	Num. tokens	Expression Lexicon Size (ELS)	Expression Variety (EV)	Expression Repetition (ER)	Voc. Overlap	ENTR	L	LMAX
dialogue_txt	15.0	212.0	35.0	0.1650943396226415	0.32075471698113206	0.37755102040816324	1.073607650196394	1.3452380952380953	3.0
