ID	Num. utterances	Num. tokens	Expression Lexicon Size (ELS)	Expression Variety (EV)	Expression Repetition (ER)	Voc. Overlap	ENTR	L	LMAX
dialogue_txt	17.0	289.0	33.0	0.11418685121107267	0.23875432525951557	0.21768707482993196	0.7448423974714384	1.2117647058823529	2.0
