ID	S1	S2	S1/Initiated Expression (IE_S1)	S1/Expression Repetition (ER_S1)	S1/tokens (%)	S2/Initiated Expression (IE_S2)	S2/Expression Repetition (ER_S2)	S2/tokens (%)	Voc. Overlap S1	Voc. Overlap S2	SR/S1/ELS	SR/S1/EV	SR/S1/ER	SR/S1/ENTR	SR/S1/L	SR/S1/LMAX	SR/S2/ELS	SR/S2/EV	SR/S2/ER	SR/S2/ENTR	SR/S2/L	SR/S2/LMAX
dialogue_txt	Human 1	Human 2	0.8461538461538461	0.18803418803418803	0.4448669201520912	0.15384615384615385	0.3972602739726027	0.5551330798479087	0.5652173913043478	0.40625	19.0	0.15079365079365079	0.4126984126984127	1.242370874393215	1.457142857142857	3.0	26.0	0.16774193548387098	0.432258064516129	0.5725804656237687	1.1355932203389831	2.0
