ID	Num. utterances	Num. tokens	Expression Lexicon Size (ELS)	Expression Variety (EV)	Expression Repetition (ER)	Voc. Overlap	ENTR	L	LMAX
dialogue_txt	15.0	226.0	37.0	0.16371681415929204	0.2920353982300885	0.3277310924369748	0.9637459942073318	1.2857142857142858	3.0
