ID	Num. utterances	Num. tokens	Expression Lexicon Size (ELS)	Expression Variety (EV)	Expression Repetition (ER)	Voc. Overlap	ENTR	L	LMAX
dialogue_txt	16.0	198.0	36.0	0.18181818181818182	0.3383838383838384	0.3854166666666667	1.3143347889060568	1.4933333333333334	4.0
