ID	Num. utterances	Num. tokens	Expression Lexicon Size (ELS)	Expression Variety (EV)	Expression Repetition (ER)	Voc. Overlap	ENTR	L	LMAX
dialogue_txt	14.0	298.0	42.0	0.14093959731543623	0.28187919463087246	0.2682926829268293	0.5106591434724638	1.1217391304347826	3.0
