ID	S1	S2	S1/Initiated Expression (IE_S1)	S1/Expression Repetition (ER_S1)	S1/tokens (%)	S2/Initiated Expression (IE_S2)	S2/Expression Repetition (ER_S2)	S2/tokens (%)	Voc. Overlap S1	Voc. Overlap S2	SR/S1/ELS	SR/S1/EV	SR/S1/ER	SR/S1/ENTR	SR/S1/L	SR/S1/LMAX	SR/S2/ELS	SR/S2/EV	SR/S2/ER	SR/S2/ENTR	SR/S2/L	SR/S2/LMAX
dialogue_txt	Human 1	Human 2	0.6	0.22522522522522523	0.43190661478599224	0.4	0.23972602739726026	0.5680933852140078	0.36	0.3176470588235294	15.0	0.1271186440677966	0.3644067796610169	1.014097655573916	1.3125	3.0	22.0	0.14285714285714285	0.5	1.3737340530666224	1.6458333333333333	5.0
