ID	Num. utterances	Num. tokens	Expression Lexicon Size (ELS)	Expression Variety (EV)	Expression Repetition (ER)	Voc. Overlap	ENTR	L	LMAX
dialogue_txt	16.0	247.0	41.0	0.1659919028340081	0.3643724696356275	0.415929203539823	1.1532888420931573	1.4387755102040816	5.0
