ID	Num. utterances	Num. tokens	Expression Lexicon Size (ELS)	Expression Variety (EV)	Expression Repetition (ER)	Voc. Overlap	ENTR	L	LMAX
dialogue_txt	16.0	223.0	31.0	0.13901345291479822	0.2600896860986547	0.2542372881355932	0.6145715612236267	1.1518987341772151	2.0
