ID	S1	S2	S1/Initiated Expression (IE_S1)	S1/Expression Repetition (ER_S1)	S1/tokens (%)	S2/Initiated Expression (IE_S2)	S2/Expression Repetition (ER_S2)	S2/tokens (%)	Voc. Overlap S1	Voc. Overlap S2	SR/S1/ELS	SR/S1/EV	SR/S1/ER	SR/S1/ENTR	SR/S1/L	SR/S1/LMAX	SR/S2/ELS	SR/S2/EV	SR/S2/ER	SR/S2/ENTR	SR/S2/L	SR/S2/LMAX
dialogue_txt	Human 1	Human 2	0.7575757575757576	0.17894736842105263	0.43577981651376146	0.24242424242424243	0.5040650406504065	0.5642201834862385	0.5538461538461539	0.5454545454545454	10.0	0.0970873786407767	0.27184466019417475	0.4021791902022728	1.08	2.0	20.0	0.15267175572519084	0.5648854961832062	1.7576388768598323	2.054054054054054	6.0
