ID	Num. utterances	Num. tokens	Expression Lexicon Size (ELS)	Expression Variety (EV)	Expression Repetition (ER)	Voc. Overlap	ENTR	L	LMAX
dialogue_txt	16.0	293.0	30.0	0.10238907849829351	0.2696245733788396	0.23357664233576642	0.801931782697695	1.2150537634408602	3.0
