ID	S1	S2	S1/Initiated Expression (IE_S1)	S1/Expression Repetition (ER_S1)	S1/tokens (%)	S2/Initiated Expression (IE_S2)	S2/Expression Repetition (ER_S2)	S2/tokens (%)	Voc. Overlap S1	Voc. Overlap S2	SR/S1/ELS	SR/S1/EV	SR/S1/ER	SR/S1/ENTR	SR/S1/L	SR/S1/LMAX	SR/S2/ELS	SR/S2/EV	SR/S2/ER	SR/S2/ENTR	SR/S2/L	SR/S2/LMAX
dialogue_txt	Human 1	Human 2	0.7073170731707317	0.2033898305084746	0.472	0.2926829268292683	0.3712121212121212	0.528	0.5844155844155844	0.5294117647058824	13.0	0.104	0.264	0.6051865766334206	1.1481481481481481	2.0	19.0	0.1357142857142857	0.37857142857142856	0.693127415328288	1.186046511627907	2.0
