ID	Num. utterances	Num. tokens	Expression Lexicon Size (ELS)	Expression Variety (EV)	Expression Repetition (ER)	Voc. Overlap	ENTR	L	LMAX
dialogue_txt	16.0	295.0	45.0	0.15254237288135594	0.3559322033898305	0.3082706766917293	1.1444402031275385	1.38135593220339	4.0
