ID	Num. utterances	Num. tokens	Expression Lexicon Size (ELS)	Expression Variety (EV)	Expression Repetition (ER)	Voc. Overlap	ENTR	L	LMAX
dialogue_txt	14.0	254.0	24.0	0.09448818897637795	0.2992125984251969	0.24615384615384617	0.8141424169293692	1.2682926829268293	5.0
