ID	S1	S2	S1/Initiated Expression (IE_S1)	S1/Expression Repetition (ER_S1)	S1/tokens (%)	S2/Initiated Expression (IE_S2)	S2/Expression Repetition (ER_S2)	S2/tokens (%)	Voc. Overlap S1	Voc. Overlap S2	SR/S1/ELS	SR/S1/EV	SR/S1/ER	SR/S1/ENTR	SR/S1/L	SR/S1/LMAX	SR/S2/ELS	SR/S2/EV	SR/S2/ER	SR/S2/ENTR	SR/S2/L	SR/S2/LMAX
dialogue_txt	Human 1	Human 2	0.8333333333333334	0.16666666666666666	0.47619047619047616	0.16666666666666666	0.5303030303030303	0.5238095238095238	0.5394736842105263	0.5189873417721519	15.0	0.11811023622047244	0.3228346456692913	0.29747224891928964	1.0526315789473684	2.0	26.0	0.18571428571428572	0.5142857142857142	0.41381685030363374	1.0833333333333333	2.0
