ID	S1	S2	S1/Initiated Expression (IE_S1)	S1/Expression Repetition (ER_S1)	S1/tokens (%)	S2/Initiated Expression (IE_S2)	S2/Expression Repetition (ER_S2)	S2/tokens (%)	Voc. Overlap S1	Voc. Overlap S2	SR/S1/ELS	SR/S1/EV	SR/S1/ER	SR/S1/ENTR	SR/S1/L	SR/S1/LMAX	SR/S2/ELS	SR/S2/EV	SR/S2/ER	SR/S2/ENTR	SR/S2/L	SR/S2/LMAX
dialogue_txt	Human 1	Human 2	0.8611111111111112	0.16216216216216217	0.3964285714285714	0.1388888888888889	0.35502958579881655	0.6035714285714285	0.44155844155844154	0.3655913978494624	12.0	0.10084033613445378	0.2857142857142857	-0.0	1.0	1.0	29.0	0.1638418079096045	0.5028248587570622	1.0486186985585118	1.3384615384615384	4.0
