ID	S1	S2	S1/Initiated Expression (IE_S1)	S1/Expression Repetition (ER_S1)	S1/tokens (%)	S2/Initiated Expression (IE_S2)	S2/Expression Repetition (ER_S2)	S2/tokens (%)	Voc. Overlap S1	Voc. Overlap S2	SR/S1/ELS	SR/S1/EV	SR/S1/ER	SR/S1/ENTR	SR/S1/L	SR/S1/LMAX	SR/S2/ELS	SR/S2/EV	SR/S2/ER	SR/S2/ENTR	SR/S2/L	SR/S2/LMAX
dialogue_txt	Human 1	Human 2	0.7619047619047619	0.23699421965317918	0.5242424242424243	0.23809523809523808	0.49044585987261147	0.47575757575757577	0.4270833333333333	0.45054945054945056	26.0	0.143646408839779	0.4419889502762431	0.849092165846601	1.2321428571428572	3.0	30.0	0.18181818181818182	0.509090909090909	1.0352876825927722	1.328125	3.0
