ID	Num. utterances	Num. tokens	Expression Lexicon Size (ELS)	Expression Variety (EV)	Expression Repetition (ER)	Voc. Overlap	ENTR	L	LMAX
dialogue_txt	16.0	290.0	30.0	0.10344827586206896	0.22758620689655173	0.22297297297297297	0.7108807495451819	1.2134831460674158	5.0
