ID	S1	S2	S1/Initiated Expression (IE_S1)	S1/Expression Repetition (ER_S1)	S1/tokens (%)	S2/Initiated Expression (IE_S2)	S2/Expression Repetition (ER_S2)	S2/tokens (%)	Voc. Overlap S1	Voc. Overlap S2	SR/S1/ELS	SR/S1/EV	SR/S1/ER	SR/S1/ENTR	SR/S1/L	SR/S1/LMAX	SR/S2/ELS	SR/S2/EV	SR/S2/ER	SR/S2/ENTR	SR/S2/L	SR/S2/LMAX
dialogue_txt	Human 1	Human 2	0.7758620689655172	0.15953307392996108	0.5711111111111111	0.22413793103448276	0.5544041450777202	0.4288888888888889	0.39751552795031053	0.5565217391304348	32.0	0.12030075187969924	0.38345864661654133	0.6900836911817917	1.1686746987951808	3.0	35.0	0.1724137931034483	0.5221674876847291	0.6732664096363576	1.1839080459770115	3.0
