ID	S1	S2	S1/Initiated Expression (IE_S1)	S1/Expression Repetition (ER_S1)	S1/tokens (%)	S2/Initiated Expression (IE_S2)	S2/Expression Repetition (ER_S2)	S2/tokens (%)	Voc. Overlap S1	Voc. Overlap S2	SR/S1/ELS	SR/S1/EV	SR/S1/ER	SR/S1/ENTR	SR/S1/L	SR/S1/LMAX	SR/S2/ELS	SR/S2/EV	SR/S2/ER	SR/S2/ENTR	SR/S2/L	SR/S2/LMAX
dialogue_txt	Human 1	Human 2	0.8	0.2014388489208633	0.54296875	0.2	0.5213675213675214	0.45703125	0.4318181818181818	0.5588235294117647	17.0	0.11643835616438356	0.3698630136986301	0.9707450578356165	1.394736842105263	5.0	22.0	0.1774193548387097	0.49193548387096775	0.8196004346196011	1.2553191489361701	2.0
