ID	Num. utterances	Num. tokens	Expression Lexicon Size (ELS)	Expression Variety (EV)	Expression Repetition (ER)	Voc. Overlap	ENTR	L	LMAX
dialogue_txt	14.0	202.0	30.0	0.1485148514851485	0.297029702970297	0.3238095238095238	0.5851217677378409	1.2077922077922079	4.0
