ID	S1	S2	S1/Initiated Expression (IE_S1)	S1/Expression Repetition (ER_S1)	S1/tokens (%)	S2/Initiated Expression (IE_S2)	S2/Expression Repetition (ER_S2)	S2/tokens (%)	Voc. Overlap S1	Voc. Overlap S2	SR/S1/ELS	SR/S1/EV	SR/S1/ER	SR/S1/ENTR	SR/S1/L	SR/S1/LMAX	SR/S2/ELS	SR/S2/EV	SR/S2/ER	SR/S2/ENTR	SR/S2/L	SR/S2/LMAX
dialogue_txt	Human 1	Human 2	0.7368421052631579	0.19444444444444445	0.2938775510204082	0.2631578947368421	0.4682080924855491	0.7061224489795919	0.6296296296296297	0.38202247191011235	9.0	0.1111111111111111	0.2716049382716049	0.4689955935892812	1.1	2.0	35.0	0.19230769230769232	0.5604395604395604	0.9286094774390435	1.2702702702702702	3.0
