ID	S1	S2	S1/Initiated Expression (IE_S1)	S1/Expression Repetition (ER_S1)	S1/tokens (%)	S2/Initiated Expression (IE_S2)	S2/Expression Repetition (ER_S2)	S2/tokens (%)	Voc. Overlap S1	Voc. Overlap S2	SR/S1/ELS	SR/S1/EV	SR/S1/ER	SR/S1/ENTR	SR/S1/L	SR/S1/LMAX	SR/S2/ELS	SR/S2/EV	SR/S2/ER	SR/S2/ENTR	SR/S2/L	SR/S2/LMAX
dialogue_txt	Human 1	Human 2	0.3888888888888889	0.21839080459770116	0.4915254237288136	0.6111111111111112	0.25555555555555554	0.5084745762711864	0.32786885245901637	0.3389830508474576	10.0	0.10638297872340426	0.30851063829787234	0.8658566174572233	1.2727272727272727	3.0	8.0	0.08163265306122448	0.30612244897959184	1.6697367178034823	1.875	4.0
