ID	Num. utterances	Num. tokens	Expression Lexicon Size (ELS)	Expression Variety (EV)	Expression Repetition (ER)	Voc. Overlap	ENTR	L	LMAX
dialogue_txt	5.0	52.0	3.0	0.057692307692307696	0.07692307692307693	0.09302325581395349	0.9182958340544896	1.3333333333333333	2.0
