ID	Num. utterances	Num. tokens	Expression Lexicon Size (ELS)	Expression Variety (EV)	Expression Repetition (ER)	Voc. Overlap	ENTR	L	LMAX
dialogue_txt	15.0	291.0	48.0	0.16494845360824742	0.36769759450171824	0.40458015267175573	0.8875795896588423	1.2769230769230768	4.0
