ID	Num. utterances	Num. tokens	Expression Lexicon Size (ELS)	Expression Variety (EV)	Expression Repetition (ER)	Voc. Overlap	ENTR	L	LMAX
dialogue_txt	16.0	201.0	31.0	0.15422885572139303	0.263681592039801	0.32432432432432434	0.744866173833546	1.2432432432432432	5.0
