ID	S1	S2	S1/Initiated Expression (IE_S1)	S1/Expression Repetition (ER_S1)	S1/tokens (%)	S2/Initiated Expression (IE_S2)	S2/Expression Repetition (ER_S2)	S2/tokens (%)	Voc. Overlap S1	Voc. Overlap S2	SR/S1/ELS	SR/S1/EV	SR/S1/ER	SR/S1/ENTR	SR/S1/L	SR/S1/LMAX	SR/S2/ELS	SR/S2/EV	SR/S2/ER	SR/S2/ENTR	SR/S2/L	SR/S2/LMAX
dialogue_txt	Human 1	Human 2	0.8181818181818182	0.1111111111111111	0.2938775510204082	0.18181818181818182	0.20809248554913296	0.7061224489795919	0.42592592592592593	0.23711340206185566	9.0	0.1111111111111111	0.2716049382716049	0.4689955935892812	1.1	2.0	24.0	0.13186813186813187	0.5054945054945055	1.7009458132822013	1.9387755102040816	6.0
