ID	Num. utterances	Num. tokens	Expression Lexicon Size (ELS)	Expression Variety (EV)	Expression Repetition (ER)	Voc. Overlap	ENTR	L	LMAX
dialogue_txt	16.0	275.0	45.0	0.16363636363636364	0.3890909090909091	0.38095238095238093	1.002745123667865	1.3114754098360655	4.0
