ID	Num. utterances	Num. tokens	Expression Lexicon Size (ELS)	Expression Variety (EV)	Expression Repetition (ER)	Voc. Overlap	ENTR	L	LMAX
dialogue_txt	19.0	450.0	73.0	0.1622222222222222	0.37333333333333335	0.39473684210526316	1.2885705708091355	1.4840425531914894	7.0
