ID	S1	S2	S1/Initiated Expression (IE_S1)	S1/Expression Repetition (ER_S1)	S1/tokens (%)	S2/Initiated Expression (IE_S2)	S2/Expression Repetition (ER_S2)	S2/tokens (%)	Voc. Overlap S1	Voc. Overlap S2	SR/S1/ELS	SR/S1/EV	SR/S1/ER	SR/S1/ENTR	SR/S1/L	SR/S1/LMAX	SR/S2/ELS	SR/S2/EV	SR/S2/ER	SR/S2/ENTR	SR/S2/L	SR/S2/LMAX
dialogue_txt	Human 1	Human 2	0.7714285714285715	0.16326530612244897	0.362962962962963	0.22857142857142856	0.3488372093023256	0.6370370370370371	0.5970149253731343	0.37735849056603776	12.0	0.11214953271028037	0.2616822429906542	0.4021791902022728	1.08	2.0	26.0	0.143646408839779	0.4419889502762431	1.1176703487714115	1.3728813559322033	4.0
