ID	Num. utterances	Num. tokens	Expression Lexicon Size (ELS)	Expression Variety (EV)	Expression Repetition (ER)	Voc. Overlap	ENTR	L	LMAX
dialogue_txt	16.0	207.0	26.0	0.12560386473429952	0.27053140096618356	0.2222222222222222	0.5023713046993795	1.1267605633802817	3.0
