ID	Num. utterances	Num. tokens	Expression Lexicon Size (ELS)	Expression Variety (EV)	Expression Repetition (ER)	Voc. Overlap	ENTR	L	LMAX
dialogue_txt	15.0	204.0	30.0	0.14705882352941177	0.31862745098039214	0.3229166666666667	1.2058992650807983	1.4477611940298507	3.0
