ID	S1	S2	S1/Initiated Expression (IE_S1)	S1/Expression Repetition (ER_S1)	S1/tokens (%)	S2/Initiated Expression (IE_S2)	S2/Expression Repetition (ER_S2)	S2/tokens (%)	Voc. Overlap S1	Voc. Overlap S2	SR/S1/ELS	SR/S1/EV	SR/S1/ER	SR/S1/ENTR	SR/S1/L	SR/S1/LMAX	SR/S2/ELS	SR/S2/EV	SR/S2/ER	SR/S2/ENTR	SR/S2/L	SR/S2/LMAX
dialogue_txt	Human 1	Human 2	0.813953488372093	0.20437956204379562	0.4740484429065744	0.18604651162790697	0.5855263157894737	0.5259515570934256	0.4659090909090909	0.5540540540540541	14.0	0.09655172413793103	0.296551724137931	0.8503259045049341	1.3214285714285714	4.0	35.0	0.21875	0.63125	1.0433312471503746	1.356164383561644	5.0
