ID	S1	S2	S1/Initiated Expression (IE_S1)	S1/Expression Repetition (ER_S1)	S1/tokens (%)	S2/Initiated Expression (IE_S2)	S2/Expression Repetition (ER_S2)	S2/tokens (%)	Voc. Overlap S1	Voc. Overlap S2	SR/S1/ELS	SR/S1/EV	SR/S1/ER	SR/S1/ENTR	SR/S1/L	SR/S1/LMAX	SR/S2/ELS	SR/S2/EV	SR/S2/ER	SR/S2/ENTR	SR/S2/L	SR/S2/LMAX
dialogue_txt	Human 1	Human 2	0.6071428571428571	0.17346938775510204	0.3888888888888889	0.39285714285714285	0.24675324675324675	0.6111111111111112	0.44776119402985076	0.33707865168539325	12.0	0.11214953271028037	0.2616822429906542	0.4021791902022728	1.08	2.0	32.0	0.19631901840490798	0.5460122699386503	1.1567516684358439	1.4029850746268657	3.0
