ID	S1	S2	S1/Initiated Expression (IE_S1)	S1/Expression Repetition (ER_S1)	S1/tokens (%)	S2/Initiated Expression (IE_S2)	S2/Expression Repetition (ER_S2)	S2/tokens (%)	Voc. Overlap S1	Voc. Overlap S2	SR/S1/ELS	SR/S1/EV	SR/S1/ER	SR/S1/ENTR	SR/S1/L	SR/S1/LMAX	SR/S2/ELS	SR/S2/EV	SR/S2/ER	SR/S2/ENTR	SR/S2/L	SR/S2/LMAX
dialogue_txt	Human 1	Human 2	0.7567567567567568	0.226890756302521	0.4311594202898551	0.24324324324324326	0.43312101910828027	0.5688405797101449	0.4642857142857143	0.4105263157894737	12.0	0.09448818897637795	0.3228346456692913	0.3372900666170139	1.125	3.0	26.0	0.1566265060240964	0.5180722891566265	0.7303800063615659	1.2	3.0
