ID	S1	S2	S1/Initiated Expression (IE_S1)	S1/Expression Repetition (ER_S1)	S1/tokens (%)	S2/Initiated Expression (IE_S2)	S2/Expression Repetition (ER_S2)	S2/tokens (%)	Voc. Overlap S1	Voc. Overlap S2	SR/S1/ELS	SR/S1/EV	SR/S1/ER	SR/S1/ENTR	SR/S1/L	SR/S1/LMAX	SR/S2/ELS	SR/S2/EV	SR/S2/ER	SR/S2/ENTR	SR/S2/L	SR/S2/LMAX
dialogue_txt	Human 1	Human 2	0.7058823529411765	0.14285714285714285	0.4028776978417266	0.29411764705882354	0.18674698795180722	0.5971223021582733	0.2597402597402597	0.21739130434782608	15.0	0.125	0.31666666666666665	0.43055186701043946	1.088235294117647	2.0	24.0	0.13793103448275862	0.47126436781609193	1.7205078555163835	1.826086956521739	6.0
