ID	Num. utterances	Num. tokens	Expression Lexicon Size (ELS)	Expression Variety (EV)	Expression Repetition (ER)	Voc. Overlap	ENTR	L	LMAX
dialogue_txt	16.0	278.0	17.0	0.06115107913669065	0.16906474820143885	0.1342281879194631	0.6990205866915462	1.1754385964912282	3.0
