ID	S1	S2	S1/Initiated Expression (IE_S1)	S1/Expression Repetition (ER_S1)	S1/tokens (%)	S2/Initiated Expression (IE_S2)	S2/Expression Repetition (ER_S2)	S2/tokens (%)	Voc. Overlap S1	Voc. Overlap S2	SR/S1/ELS	SR/S1/EV	SR/S1/ER	SR/S1/ENTR	SR/S1/L	SR/S1/LMAX	SR/S2/ELS	SR/S2/EV	SR/S2/ER	SR/S2/ENTR	SR/S2/L	SR/S2/LMAX
dialogue_txt	Human 1	Human 2	0.75	0.13138686131386862	0.428125	0.25	0.2677595628415301	0.571875	0.3548387096774194	0.3548387096774194	11.0	0.07534246575342465	0.21232876712328766	0.4262286569981449	1.173913043478261	3.0	30.0	0.15625	0.609375	1.7305458188107985	2.1016949152542375	10.0
