ID	S1	S2	S1/Initiated Expression (IE_S1)	S1/Expression Repetition (ER_S1)	S1/tokens (%)	S2/Initiated Expression (IE_S2)	S2/Expression Repetition (ER_S2)	S2/tokens (%)	Voc. Overlap S1	Voc. Overlap S2	SR/S1/ELS	SR/S1/EV	SR/S1/ER	SR/S1/ENTR	SR/S1/L	SR/S1/LMAX	SR/S2/ELS	SR/S2/EV	SR/S2/ER	SR/S2/ENTR	SR/S2/L	SR/S2/LMAX
dialogue_txt	Human 1	Human 2	0.8076923076923077	0.20535714285714285	0.4163568773234201	0.19230769230769232	0.6305732484076433	0.5836431226765799	0.6753246753246753	0.6419753086419753	15.0	0.125	0.31666666666666665	0.43055186701043946	1.088235294117647	2.0	36.0	0.21818181818181817	0.6060606060606061	0.9134417259578814	1.2702702702702702	3.0
