ID	Num. utterances	Num. tokens	Expression Lexicon Size (ELS)	Expression Variety (EV)	Expression Repetition (ER)	Voc. Overlap	ENTR	L	LMAX
dialogue_txt	15.0	297.0	31.0	0.10437710437710437	0.21548821548821548	0.20125786163522014	0.5586293734521992	1.1304347826086956	2.0
