ID	Num. utterances	Num. tokens	Expression Lexicon Size (ELS)	Expression Variety (EV)	Expression Repetition (ER)	Voc. Overlap	ENTR	L	LMAX
dialogue_txt	15.0	227.0	23.0	0.1013215859030837	0.1762114537444934	0.16666666666666666	0.7007495497162062	1.1896551724137931	2.0
