ID	S1	S2	S1/Initiated Expression (IE_S1)	S1/Expression Repetition (ER_S1)	S1/tokens (%)	S2/Initiated Expression (IE_S2)	S2/Expression Repetition (ER_S2)	S2/tokens (%)	Voc. Overlap S1	Voc. Overlap S2	SR/S1/ELS	SR/S1/EV	SR/S1/ER	SR/S1/ENTR	SR/S1/L	SR/S1/LMAX	SR/S2/ELS	SR/S2/EV	SR/S2/ER	SR/S2/ENTR	SR/S2/L	SR/S2/LMAX
dialogue_txt	Human 1	Human 2	0.5217391304347826	0.1625	0.3524229074889868	0.4782608695652174	0.1836734693877551	0.6475770925110133	0.3728813559322034	0.23157894736842105	6.0	0.06896551724137931	0.1724137931034483	-0.0	1.0	1.0	23.0	0.14838709677419354	0.45806451612903226	1.2773756640096028	1.4666666666666666	4.0
