ID	Num. utterances	Num. tokens	Expression Lexicon Size (ELS)	Expression Variety (EV)	Expression Repetition (ER)	Voc. Overlap	ENTR	L	LMAX
dialogue_txt	15.0	219.0	19.0	0.0867579908675799	0.182648401826484	0.17886178861788618	0.5677314545847301	1.1355932203389831	3.0
