ID	S1	S2	S1/Initiated Expression (IE_S1)	S1/Expression Repetition (ER_S1)	S1/tokens (%)	S2/Initiated Expression (IE_S2)	S2/Expression Repetition (ER_S2)	S2/tokens (%)	Voc. Overlap S1	Voc. Overlap S2	SR/S1/ELS	SR/S1/EV	SR/S1/ER	SR/S1/ENTR	SR/S1/L	SR/S1/LMAX	SR/S2/ELS	SR/S2/EV	SR/S2/ER	SR/S2/ENTR	SR/S2/L	SR/S2/LMAX
dialogue_txt	Human 1	Human 2	0.71875	0.1386861313868613	0.43354430379746833	0.28125	0.3240223463687151	0.5664556962025317	0.3548387096774194	0.3473684210526316	11.0	0.07534246575342465	0.21232876712328766	0.4262286569981449	1.173913043478261	3.0	33.0	0.17553191489361702	0.5585106382978723	1.2347073323523516	1.5522388059701493	8.0
