ID	Num. utterances	Num. tokens	Expression Lexicon Size (ELS)	Expression Variety (EV)	Expression Repetition (ER)	Voc. Overlap	ENTR	L	LMAX
dialogue_txt	18.0	316.0	32.0	0.10126582278481013	0.24367088607594936	0.2129032258064516	0.6193821946787638	1.1538461538461537	2.0
