ID	Num. utterances	Num. tokens	Expression Lexicon Size (ELS)	Expression Variety (EV)	Expression Repetition (ER)	Voc. Overlap	ENTR	L	LMAX
dialogue_txt	16.0	242.0	30.0	0.12396694214876033	0.2644628099173554	0.26717557251908397	0.8193331920345179	1.2597402597402598	5.0
