ID	S1	S2	S1/Initiated Expression (IE_S1)	S1/Expression Repetition (ER_S1)	S1/tokens (%)	S2/Initiated Expression (IE_S2)	S2/Expression Repetition (ER_S2)	S2/tokens (%)	Voc. Overlap S1	Voc. Overlap S2	SR/S1/ELS	SR/S1/EV	SR/S1/ER	SR/S1/ENTR	SR/S1/L	SR/S1/LMAX	SR/S2/ELS	SR/S2/EV	SR/S2/ER	SR/S2/ENTR	SR/S2/L	SR/S2/LMAX
dialogue_txt	Human 1	Human 2	0.8235294117647058	0.1796875	0.6464646464646465	0.17647058823529413	0.6	0.35353535353535354	0.4	0.6666666666666666	19.0	0.14074074074074075	0.37777777777777777	0.5916727785823274	1.1428571428571428	2.0	10.0	0.12987012987012986	0.35064935064935066	0.9219280948873623	1.3	3.0
