ID	Num. utterances	Num. tokens	Expression Lexicon Size (ELS)	Expression Variety (EV)	Expression Repetition (ER)	Voc. Overlap	ENTR	L	LMAX
dialogue_txt	14.0	198.0	34.0	0.1717171717171717	0.3282828282828283	0.3333333333333333	0.9415362221524946	1.2820512820512822	3.0
