ID	Num. utterances	Num. tokens	Expression Lexicon Size (ELS)	Expression Variety (EV)	Expression Repetition (ER)	Voc. Overlap	ENTR	L	LMAX
dialogue_txt	16.0	263.0	29.0	0.11026615969581749	0.23574144486692014	0.23846153846153847	0.9530154910251261	1.2804878048780488	3.0
