ID	Num. utterances	Num. tokens	Expression Lexicon Size (ELS)	Expression Variety (EV)	Expression Repetition (ER)	Voc. Overlap	ENTR	L	LMAX
dialogue_txt	16.0	288.0	52.0	0.18055555555555555	0.4027777777777778	0.44715447154471544	1.2272817304369543	1.4393939393939394	6.0
