ID	S1	S2	S1/Initiated Expression (IE_S1)	S1/Expression Repetition (ER_S1)	S1/tokens (%)	S2/Initiated Expression (IE_S2)	S2/Expression Repetition (ER_S2)	S2/tokens (%)	Voc. Overlap S1	Voc. Overlap S2	SR/S1/ELS	SR/S1/EV	SR/S1/ER	SR/S1/ENTR	SR/S1/L	SR/S1/LMAX	SR/S2/ELS	SR/S2/EV	SR/S2/ER	SR/S2/ENTR	SR/S2/L	SR/S2/LMAX
dialogue_txt	Human 1	Human 2	0.7647058823529411	0.16666666666666666	0.375	0.23529411764705882	0.36875	0.625	0.5806451612903226	0.3564356435643564	14.0	0.1346153846153846	0.33653846153846156	0.34511731494495296	1.064516129032258	2.0	24.0	0.14285714285714285	0.42857142857142855	0.9158945926726128	1.263157894736842	3.0
