ID	S1	S2	S1/Initiated Expression (IE_S1)	S1/Expression Repetition (ER_S1)	S1/tokens (%)	S2/Initiated Expression (IE_S2)	S2/Expression Repetition (ER_S2)	S2/tokens (%)	Voc. Overlap S1	Voc. Overlap S2	SR/S1/ELS	SR/S1/EV	SR/S1/ER	SR/S1/ENTR	SR/S1/L	SR/S1/LMAX	SR/S2/ELS	SR/S2/EV	SR/S2/ER	SR/S2/ENTR	SR/S2/L	SR/S2/LMAX
dialogue_txt	Human 1	Human 2	0.72	0.21311475409836064	0.3546511627906977	0.28	0.2972972972972973	0.6453488372093024	0.5365853658536586	0.2894736842105263	10.0	0.14492753623188406	0.37681159420289856	0.8812908992306927	1.3	2.0	15.0	0.125	0.35833333333333334	0.6609623351442084	1.1714285714285715	2.0
