ID	Num. utterances	Num. tokens	Expression Lexicon Size (ELS)	Expression Variety (EV)	Expression Repetition (ER)	Voc. Overlap	ENTR	L	LMAX
dialogue_txt	15.0	134.0	18.0	0.13432835820895522	0.26119402985074625	0.3194444444444444	1.2314609408817716	1.4473684210526316	3.0
