ID	Num. utterances	Num. tokens	Expression Lexicon Size (ELS)	Expression Variety (EV)	Expression Repetition (ER)	Voc. Overlap	ENTR	L	LMAX
dialogue_txt	15.0	284.0	36.0	0.1267605633802817	0.34507042253521125	0.2462686567164179	0.4682475730509874	1.098360655737705	3.0
