ID	Num. utterances	Num. tokens	Expression Lexicon Size (ELS)	Expression Variety (EV)	Expression Repetition (ER)	Voc. Overlap	ENTR	L	LMAX
dialogue_txt	18.0	215.0	32.0	0.14883720930232558	0.28837209302325584	0.2719298245614035	0.9429057207043376	1.2763157894736843	3.0
