ID	S1	S2	S1/Initiated Expression (IE_S1)	S1/Expression Repetition (ER_S1)	S1/tokens (%)	S2/Initiated Expression (IE_S2)	S2/Expression Repetition (ER_S2)	S2/tokens (%)	Voc. Overlap S1	Voc. Overlap S2	SR/S1/ELS	SR/S1/EV	SR/S1/ER	SR/S1/ENTR	SR/S1/L	SR/S1/LMAX	SR/S2/ELS	SR/S2/EV	SR/S2/ER	SR/S2/ENTR	SR/S2/L	SR/S2/LMAX
dialogue_txt	Human 1	Human 2	0.8484848484848485	0.10989010989010989	0.36693548387096775	0.15151515151515152	0.4140127388535032	0.6330645161290323	0.5538461538461539	0.4090909090909091	12.0	0.12121212121212122	0.2828282828282828	-0.0	1.0	1.0	29.0	0.17575757575757575	0.5393939393939394	1.1648716513090784	1.4576271186440677	5.0
