ID	Num. utterances	Num. tokens	Expression Lexicon Size (ELS)	Expression Variety (EV)	Expression Repetition (ER)	Voc. Overlap	ENTR	L	LMAX
dialogue_txt	17.0	294.0	51.0	0.17346938775510204	0.3979591836734694	0.4322033898305085	0.8672785784756641	1.2413793103448276	3.0
