ID	Num. utterances	Num. tokens	Expression Lexicon Size (ELS)	Expression Variety (EV)	Expression Repetition (ER)	Voc. Overlap	ENTR	L	LMAX
dialogue_txt	16.0	286.0	41.0	0.14335664335664336	0.33916083916083917	0.3188405797101449	0.7187164788889541	1.1967213114754098	3.0
