ID	Num. utterances	Num. tokens	Expression Lexicon Size (ELS)	Expression Variety (EV)	Expression Repetition (ER)	Voc. Overlap	ENTR	L	LMAX
dialogue_txt	15.0	216.0	21.0	0.09722222222222222	0.1712962962962963	0.20535714285714285	0.4586858162005403	1.096774193548387	2.0
