ID	S1	S2	S1/Initiated Expression (IE_S1)	S1/Expression Repetition (ER_S1)	S1/tokens (%)	S2/Initiated Expression (IE_S2)	S2/Expression Repetition (ER_S2)	S2/tokens (%)	Voc. Overlap S1	Voc. Overlap S2	SR/S1/ELS	SR/S1/EV	SR/S1/ER	SR/S1/ENTR	SR/S1/L	SR/S1/LMAX	SR/S2/ELS	SR/S2/EV	SR/S2/ER	SR/S2/ENTR	SR/S2/L	SR/S2/LMAX
dialogue_txt	Human 1	Human 2	0.8115942028985508	0.22872340425531915	0.5164835164835165	0.18840579710144928	0.6761363636363636	0.4835164835164835	0.6730769230769231	0.6796116504854369	22.0	0.1116751269035533	0.40609137055837563	0.9106559588025549	1.26	3.0	30.0	0.16216216216216217	0.5297297297297298	0.8650596161610123	1.25	4.0
