ID	Num. utterances	Num. tokens	Expression Lexicon Size (ELS)	Expression Variety (EV)	Expression Repetition (ER)	Voc. Overlap	ENTR	L	LMAX
dialogue_txt	17.0	259.0	36.0	0.138996138996139	0.3359073359073359	0.3333333333333333	1.3307552245161816	1.5795454545454546	7.0
