ID	S1	S2	S1/Initiated Expression (IE_S1)	S1/Expression Repetition (ER_S1)	S1/tokens (%)	S2/Initiated Expression (IE_S2)	S2/Expression Repetition (ER_S2)	S2/tokens (%)	Voc. Overlap S1	Voc. Overlap S2	SR/S1/ELS	SR/S1/EV	SR/S1/ER	SR/S1/ENTR	SR/S1/L	SR/S1/LMAX	SR/S2/ELS	SR/S2/EV	SR/S2/ER	SR/S2/ENTR	SR/S2/L	SR/S2/LMAX
dialogue_txt	Human 1	Human 2	0.625	0.14754098360655737	0.32620320855614976	0.375	0.29365079365079366	0.6737967914438503	0.6097560975609756	0.30864197530864196	10.0	0.14492753623188406	0.37681159420289856	0.8812908992306927	1.3	2.0	18.0	0.13333333333333333	0.45925925925925926	1.2332247882202196	1.6666666666666667	8.0
