ID	Num. utterances	Num. tokens	Expression Lexicon Size (ELS)	Expression Variety (EV)	Expression Repetition (ER)	Voc. Overlap	ENTR	L	LMAX
dialogue_txt	16.0	322.0	43.0	0.13354037267080746	0.2484472049689441	0.2913907284768212	0.9717037214934194	1.290909090909091	4.0
