ID	Num. utterances	Num. tokens	Expression Lexicon Size (ELS)	Expression Variety (EV)	Expression Repetition (ER)	Voc. Overlap	ENTR	L	LMAX
dialogue_txt	16.0	287.0	42.0	0.14634146341463414	0.32752613240418116	0.2867647058823529	0.8608641175360349	1.2372881355932204	3.0
