ID	Num. utterances	Num. tokens	Expression Lexicon Size (ELS)	Expression Variety (EV)	Expression Repetition (ER)	Voc. Overlap	ENTR	L	LMAX
dialogue_txt	16.0	271.0	45.0	0.16605166051660517	0.4280442804428044	0.4019607843137255	1.5620543417852155	1.702970297029703	8.0
