ID	S1	S2	S1/Initiated Expression (IE_S1)	S1/Expression Repetition (ER_S1)	S1/tokens (%)	S2/Initiated Expression (IE_S2)	S2/Expression Repetition (ER_S2)	S2/tokens (%)	Voc. Overlap S1	Voc. Overlap S2	SR/S1/ELS	SR/S1/EV	SR/S1/ER	SR/S1/ENTR	SR/S1/L	SR/S1/LMAX	SR/S2/ELS	SR/S2/EV	SR/S2/ER	SR/S2/ENTR	SR/S2/L	SR/S2/LMAX
dialogue_txt	Human 1	Human 2	0.9333333333333333	0.04504504504504504	0.4095940959409594	0.06666666666666667	0.69375	0.5904059040590406	0.5324675324675324	0.6212121212121212	12.0	0.10084033613445378	0.2857142857142857	-0.0	1.0	1.0	31.0	0.18452380952380953	0.7380952380952381	2.1002038084895336	2.183333333333333	6.0
