ID	S1	S2	S1/Initiated Expression (IE_S1)	S1/Expression Repetition (ER_S1)	S1/tokens (%)	S2/Initiated Expression (IE_S2)	S2/Expression Repetition (ER_S2)	S2/tokens (%)	Voc. Overlap S1	Voc. Overlap S2	SR/S1/ELS	SR/S1/EV	SR/S1/ER	SR/S1/ENTR	SR/S1/L	SR/S1/LMAX	SR/S2/ELS	SR/S2/EV	SR/S2/ER	SR/S2/ENTR	SR/S2/L	SR/S2/LMAX
dialogue_txt	Human 1	Human 2	0.8695652173913043	0.1568627450980392	0.5117056856187291	0.13043478260869565	0.547945205479452	0.4882943143812709	0.44761904761904764	0.5402298850574713	17.0	0.10625	0.33125	0.7742433029172697	1.263157894736842	4.0	26.0	0.16883116883116883	0.512987012987013	1.0624731364441808	1.4821428571428572	5.0
