ID	Num. utterances	Num. tokens	Expression Lexicon Size (ELS)	Expression Variety (EV)	Expression Repetition (ER)	Voc. Overlap	ENTR	L	LMAX
dialogue_txt	19.0	301.0	35.0	0.11627906976744186	0.2823920265780731	0.23972602739726026	0.9466438792274413	1.2783505154639174	4.0
