ID	Num. utterances	Num. tokens	Expression Lexicon Size (ELS)	Expression Variety (EV)	Expression Repetition (ER)	Voc. Overlap	ENTR	L	LMAX
dialogue_txt	16.0	310.0	45.0	0.14516129032258066	0.3935483870967742	0.3308270676691729	0.945971431313227	1.3253968253968254	7.0
