ID	Num. utterances	Num. tokens	Expression Lexicon Size (ELS)	Expression Variety (EV)	Expression Repetition (ER)	Voc. Overlap	ENTR	L	LMAX
dialogue_txt	18.0	197.0	28.0	0.14213197969543148	0.27411167512690354	0.2903225806451613	0.744866173833546	1.1891891891891893	3.0
