ID	S1	S2	S1/Initiated Expression (IE_S1)	S1/Expression Repetition (ER_S1)	S1/tokens (%)	S2/Initiated Expression (IE_S2)	S2/Expression Repetition (ER_S2)	S2/tokens (%)	Voc. Overlap S1	Voc. Overlap S2	SR/S1/ELS	SR/S1/EV	SR/S1/ER	SR/S1/ENTR	SR/S1/L	SR/S1/LMAX	SR/S2/ELS	SR/S2/EV	SR/S2/ER	SR/S2/ENTR	SR/S2/L	SR/S2/LMAX
dialogue_txt	Human 1	Human 2	0.6190476190476191	0.1978021978021978	0.35	0.38095238095238093	0.20118343195266272	0.65	0.35384615384615387	0.21495327102803738	12.0	0.12121212121212122	0.2828282828282828	-0.0	1.0	1.0	19.0	0.10734463276836158	0.4011299435028249	1.2773756640096028	1.6	7.0
