ID	S1	S2	S1/Initiated Expression (IE_S1)	S1/Expression Repetition (ER_S1)	S1/tokens (%)	S2/Initiated Expression (IE_S2)	S2/Expression Repetition (ER_S2)	S2/tokens (%)	Voc. Overlap S1	Voc. Overlap S2	SR/S1/ELS	SR/S1/EV	SR/S1/ER	SR/S1/ENTR	SR/S1/L	SR/S1/LMAX	SR/S2/ELS	SR/S2/EV	SR/S2/ER	SR/S2/ENTR	SR/S2/L	SR/S2/LMAX
dialogue_txt	Human 1	Human 2	0.75	0.22727272727272727	0.44	0.25	0.5357142857142857	0.56	0.5714285714285714	0.5714285714285714	8.0	0.1111111111111111	0.3611111111111111	1.4294732983598408	1.7333333333333334	3.0	18.0	0.1978021978021978	0.5054945054945055	1.2700599575900713	1.53125	3.0
