ID	S1	S2	S1/Initiated Expression (IE_S1)	S1/Expression Repetition (ER_S1)	S1/tokens (%)	S2/Initiated Expression (IE_S2)	S2/Expression Repetition (ER_S2)	S2/tokens (%)	Voc. Overlap S1	Voc. Overlap S2	SR/S1/ELS	SR/S1/EV	SR/S1/ER	SR/S1/ENTR	SR/S1/L	SR/S1/LMAX	SR/S2/ELS	SR/S2/EV	SR/S2/ER	SR/S2/ENTR	SR/S2/L	SR/S2/LMAX
dialogue_txt	Human 1	Human 2	0.5384615384615384	0.14545454545454545	0.45081967213114754	0.46153846153846156	0.23880597014925373	0.5491803278688525	0.40476190476190477	0.3469387755102041	5.0	0.08064516129032258	0.1935483870967742	0.8112781244591328	1.5	3.0	8.0	0.10666666666666667	0.29333333333333333	0.5435644431995964	1.375	4.0
