ID	Num. utterances	Num. tokens	Expression Lexicon Size (ELS)	Expression Variety (EV)	Expression Repetition (ER)	Voc. Overlap	ENTR	L	LMAX
dialogue_txt	19.0	439.0	70.0	0.15945330296127563	0.36674259681093396	0.3763440860215054	1.211086268507379	1.4431818181818181	8.0
