ID	Num. utterances	Num. tokens	Expression Lexicon Size (ELS)	Expression Variety (EV)	Expression Repetition (ER)	Voc. Overlap	ENTR	L	LMAX
dialogue_txt	15.0	223.0	20.0	0.08968609865470852	0.20179372197309417	0.21621621621621623	1.0056659577324911	1.3103448275862069	3.0
