ID	S1	S2	S1/Initiated Expression (IE_S1)	S1/Expression Repetition (ER_S1)	S1/tokens (%)	S2/Initiated Expression (IE_S2)	S2/Expression Repetition (ER_S2)	S2/tokens (%)	Voc. Overlap S1	Voc. Overlap S2	SR/S1/ELS	SR/S1/EV	SR/S1/ER	SR/S1/ENTR	SR/S1/L	SR/S1/LMAX	SR/S2/ELS	SR/S2/EV	SR/S2/ER	SR/S2/ENTR	SR/S2/L	SR/S2/LMAX
dialogue_txt	Human 1	Human 2	0.7	0.13636363636363635	0.39461883408071746	0.3	0.24444444444444444	0.6053811659192825	0.375	0.3380281690140845	12.0	0.12631578947368421	0.29473684210526313	0.4021791902022728	1.08	2.0	27.0	0.1888111888111888	0.6083916083916084	1.594500470382533	1.6862745098039216	5.0
