ID	Num. utterances	Num. tokens	Expression Lexicon Size (ELS)	Expression Variety (EV)	Expression Repetition (ER)	Voc. Overlap	ENTR	L	LMAX
dialogue_txt	19.0	457.0	60.0	0.13129102844638948	0.31291028446389496	0.2783018867924528	0.9386566301426239	1.2748538011695907	3.0
