ID	Num. utterances	Num. tokens	Expression Lexicon Size (ELS)	Expression Variety (EV)	Expression Repetition (ER)	Voc. Overlap	ENTR	L	LMAX
dialogue_txt	15.0	251.0	50.0	0.199203187250996	0.3944223107569721	0.5089285714285714	1.1240672164372345	1.4017094017094016	5.0
