ID	Num. utterances	Num. tokens	Expression Lexicon Size (ELS)	Expression Variety (EV)	Expression Repetition (ER)	Voc. Overlap	ENTR	L	LMAX
dialogue_txt	15.0	252.0	28.0	0.1111111111111111	0.23412698412698413	0.21374045801526717	0.9208788248825142	1.2666666666666666	3.0
