ID	Num. utterances	Num. tokens	Expression Lexicon Size (ELS)	Expression Variety (EV)	Expression Repetition (ER)	Voc. Overlap	ENTR	L	LMAX
dialogue_txt	16.0	184.0	30.0	0.16304347826086957	0.3858695652173913	0.3493975903614458	0.7814521843216314	1.2093023255813953	3.0
