ID	S1	S2	S1/Initiated Expression (IE_S1)	S1/Expression Repetition (ER_S1)	S1/tokens (%)	S2/Initiated Expression (IE_S2)	S2/Expression Repetition (ER_S2)	S2/tokens (%)	Voc. Overlap S1	Voc. Overlap S2	SR/S1/ELS	SR/S1/EV	SR/S1/ER	SR/S1/ENTR	SR/S1/L	SR/S1/LMAX	SR/S2/ELS	SR/S2/EV	SR/S2/ER	SR/S2/ENTR	SR/S2/L	SR/S2/LMAX
dialogue_txt	Human 1	Human 2	0.3076923076923077	0.2	0.28061224489795916	0.6923076923076923	0.14184397163120568	0.7193877551020408	0.38095238095238093	0.25806451612903225	5.0	0.08064516129032258	0.1935483870967742	0.8112781244591328	1.5	3.0	23.0	0.15436241610738255	0.6577181208053692	2.057241000269117	2.5348837209302326	9.0
