ID	Num. utterances	Num. tokens	Expression Lexicon Size (ELS)	Expression Variety (EV)	Expression Repetition (ER)	Voc. Overlap	ENTR	L	LMAX
dialogue_txt	15.0	175.0	22.0	0.12571428571428572	0.21714285714285714	0.26744186046511625	0.7588341991423865	1.1964285714285714	3.0
