ID	Num. utterances	Num. tokens	Expression Lexicon Size (ELS)	Expression Variety (EV)	Expression Repetition (ER)	Voc. Overlap	ENTR	L	LMAX
dialogue_txt	16.0	331.0	51.0	0.1540785498489426	0.32628398791540786	0.3419354838709677	0.9877210427009641	1.2985074626865671	3.0
