ID	S1	S2	S1/Initiated Expression (IE_S1)	S1/Expression Repetition (ER_S1)	S1/tokens (%)	S2/Initiated Expression (IE_S2)	S2/Expression Repetition (ER_S2)	S2/tokens (%)	Voc. Overlap S1	Voc. Overlap S2	SR/S1/ELS	SR/S1/EV	SR/S1/ER	SR/S1/ENTR	SR/S1/L	SR/S1/LMAX	SR/S2/ELS	SR/S2/EV	SR/S2/ER	SR/S2/ENTR	SR/S2/L	SR/S2/LMAX
dialogue_txt	Human 1	Human 2	0.7272727272727273	0.125	0.47337278106508873	0.2727272727272727	0.5168539325842697	0.5266272189349113	0.559322033898305	0.55	6.0	0.06896551724137931	0.1724137931034483	-0.0	1.0	1.0	11.0	0.1134020618556701	0.3917525773195876	1.1401156785146092	1.4615384615384615	4.0
