ID	S1	S2	S1/Initiated Expression (IE_S1)	S1/Expression Repetition (ER_S1)	S1/tokens (%)	S2/Initiated Expression (IE_S2)	S2/Expression Repetition (ER_S2)	S2/tokens (%)	Voc. Overlap S1	Voc. Overlap S2	SR/S1/ELS	SR/S1/EV	SR/S1/ER	SR/S1/ENTR	SR/S1/L	SR/S1/LMAX	SR/S2/ELS	SR/S2/EV	SR/S2/ER	SR/S2/ENTR	SR/S2/L	SR/S2/LMAX
dialogue_txt	Human 1	Human 2	0.8125	0.13043478260869565	0.3670212765957447	0.1875	0.5126050420168067	0.6329787234042553	0.5789473684210527	0.4647887323943662	6.0	0.07894736842105263	0.18421052631578946	-0.0	1.0	1.0	21.0	0.16535433070866143	0.5039370078740157	0.8820390213448125	1.2708333333333333	3.0
