ID	Num. utterances	Num. tokens	Expression Lexicon Size (ELS)	Expression Variety (EV)	Expression Repetition (ER)	Voc. Overlap	ENTR	L	LMAX
dialogue_txt	15.0	188.0	32.0	0.1702127659574468	0.3723404255319149	0.3473684210526316	1.2006361149415588	1.4736842105263157	4.0
