ID	S1	S2	S1/Initiated Expression (IE_S1)	S1/Expression Repetition (ER_S1)	S1/tokens (%)	S2/Initiated Expression (IE_S2)	S2/Expression Repetition (ER_S2)	S2/tokens (%)	Voc. Overlap S1	Voc. Overlap S2	SR/S1/ELS	SR/S1/EV	SR/S1/ER	SR/S1/ENTR	SR/S1/L	SR/S1/LMAX	SR/S2/ELS	SR/S2/EV	SR/S2/ER	SR/S2/ENTR	SR/S2/L	SR/S2/LMAX
dialogue_txt	Human 1	Human 2	0.8222222222222222	0.17567567567567569	0.4758842443729904	0.17777777777777778	0.48466257668711654	0.5241157556270096	0.45977011494252873	0.4	22.0	0.14102564102564102	0.4230769230769231	0.8176338568998316	1.22	3.0	25.0	0.14619883040935672	0.4619883040935672	0.8790871599638368	1.2461538461538462	3.0
