ID	S1	S2	S1/Initiated Expression (IE_S1)	S1/Expression Repetition (ER_S1)	S1/tokens (%)	S2/Initiated Expression (IE_S2)	S2/Expression Repetition (ER_S2)	S2/tokens (%)	Voc. Overlap S1	Voc. Overlap S2	SR/S1/ELS	SR/S1/EV	SR/S1/ER	SR/S1/ENTR	SR/S1/L	SR/S1/LMAX	SR/S2/ELS	SR/S2/EV	SR/S2/ER	SR/S2/ENTR	SR/S2/L	SR/S2/LMAX
dialogue_txt	Human 1	Human 2	0.5714285714285714	0.1694915254237288	0.28921568627450983	0.42857142857142855	0.1724137931034483	0.7107843137254902	0.4883720930232558	0.21649484536082475	8.0	0.11940298507462686	0.31343283582089554	-0.0	1.0	1.0	20.0	0.13071895424836602	0.35947712418300654	0.6314709637016394	1.2093023255813953	4.0
