ID	Num. utterances	Num. tokens	Expression Lexicon Size (ELS)	Expression Variety (EV)	Expression Repetition (ER)	Voc. Overlap	ENTR	L	LMAX
dialogue_txt	15.0	258.0	33.0	0.12790697674418605	0.28294573643410853	0.2764227642276423	0.7562281179133472	1.1938775510204083	3.0
