ID	S1	S2	S1/Initiated Expression (IE_S1)	S1/Expression Repetition (ER_S1)	S1/tokens (%)	S2/Initiated Expression (IE_S2)	S2/Expression Repetition (ER_S2)	S2/tokens (%)	Voc. Overlap S1	Voc. Overlap S2	SR/S1/ELS	SR/S1/EV	SR/S1/ER	SR/S1/ENTR	SR/S1/L	SR/S1/LMAX	SR/S2/ELS	SR/S2/EV	SR/S2/ER	SR/S2/ENTR	SR/S2/L	SR/S2/LMAX
dialogue_txt	Human 1	Human 2	0.7317073170731707	0.16265060240963855	0.5060975609756098	0.2682926829268293	0.4012345679012346	0.49390243902439024	0.3761467889908257	0.41	19.0	0.10919540229885058	0.3160919540229885	0.760658476840993	1.2564102564102564	4.0	25.0	0.14619883040935672	0.4619883040935672	1.0825884772333692	1.4038461538461537	4.0
