ID	Num. utterances	Num. tokens	Expression Lexicon Size (ELS)	Expression Variety (EV)	Expression Repetition (ER)	Voc. Overlap	ENTR	L	LMAX
dialogue_txt	15.0	232.0	30.0	0.12931034482758622	0.3103448275862069	0.2711864406779661	0.920137301760708	1.2650602409638554	3.0
