ID	S1	S2	S1/Initiated Expression (IE_S1)	S1/Expression Repetition (ER_S1)	S1/tokens (%)	S2/Initiated Expression (IE_S2)	S2/Expression Repetition (ER_S2)	S2/tokens (%)	Voc. Overlap S1	Voc. Overlap S2	SR/S1/ELS	SR/S1/EV	SR/S1/ER	SR/S1/ENTR	SR/S1/L	SR/S1/LMAX	SR/S2/ELS	SR/S2/EV	SR/S2/ER	SR/S2/ENTR	SR/S2/L	SR/S2/LMAX
dialogue_txt	Human 1	Human 2	0.7777777777777778	0.16666666666666666	0.4444444444444444	0.2222222222222222	0.43333333333333335	0.5555555555555556	0.46296296296296297	0.3968253968253968	9.0	0.1111111111111111	0.2716049382716049	0.4689955935892812	1.1	2.0	14.0	0.1414141414141414	0.35353535353535354	1.1639904575514164	1.4	3.0
