ID	S1	S2	S1/Initiated Expression (IE_S1)	S1/Expression Repetition (ER_S1)	S1/tokens (%)	S2/Initiated Expression (IE_S2)	S2/Expression Repetition (ER_S2)	S2/tokens (%)	Voc. Overlap S1	Voc. Overlap S2	SR/S1/ELS	SR/S1/EV	SR/S1/ER	SR/S1/ENTR	SR/S1/L	SR/S1/LMAX	SR/S2/ELS	SR/S2/EV	SR/S2/ER	SR/S2/ENTR	SR/S2/L	SR/S2/LMAX
dialogue_txt	Human 1	Human 2	0.7407407407407407	0.225	0.2952029520295203	0.25925925925925924	0.24083769633507854	0.7047970479704797	0.5555555555555556	0.3	8.0	0.0898876404494382	0.2696629213483146	0.4854607607459134	1.2105263157894737	3.0	36.0	0.1791044776119403	0.5522388059701493	1.4113103120521577	1.5972222222222223	6.0
