ID	S1	S2	S1/Initiated Expression (IE_S1)	S1/Expression Repetition (ER_S1)	S1/tokens (%)	S2/Initiated Expression (IE_S2)	S2/Expression Repetition (ER_S2)	S2/tokens (%)	Voc. Overlap S1	Voc. Overlap S2	SR/S1/ELS	SR/S1/EV	SR/S1/ER	SR/S1/ENTR	SR/S1/L	SR/S1/LMAX	SR/S2/ELS	SR/S2/EV	SR/S2/ER	SR/S2/ENTR	SR/S2/L	SR/S2/LMAX
dialogue_txt	Human 1	Human 2	0.7142857142857143	0.16363636363636364	0.3254437869822485	0.2857142857142857	0.19298245614035087	0.6745562130177515	0.5476190476190477	0.3150684931506849	5.0	0.08064516129032258	0.1935483870967742	0.8112781244591328	1.5	3.0	17.0	0.13934426229508196	0.4180327868852459	0.8485481782946159	1.275	2.0
