ID	Num. utterances	Num. tokens	Expression Lexicon Size (ELS)	Expression Variety (EV)	Expression Repetition (ER)	Voc. Overlap	ENTR	L	LMAX
dialogue_txt	18.0	199.0	39.0	0.19597989949748743	0.3316582914572864	0.43956043956043955	1.030947573724229	1.4216867469879517	8.0
