ID	S1	S2	S1/Initiated Expression (IE_S1)	S1/Expression Repetition (ER_S1)	S1/tokens (%)	S2/Initiated Expression (IE_S2)	S2/Expression Repetition (ER_S2)	S2/tokens (%)	Voc. Overlap S1	Voc. Overlap S2	SR/S1/ELS	SR/S1/EV	SR/S1/ER	SR/S1/ENTR	SR/S1/L	SR/S1/LMAX	SR/S2/ELS	SR/S2/EV	SR/S2/ER	SR/S2/ENTR	SR/S2/L	SR/S2/LMAX
dialogue_txt	Human 1	Human 2	0.7297297297297297	0.14285714285714285	0.43410852713178294	0.2702702702702703	0.5068493150684932	0.5658914728682171	0.5	0.5	11.0	0.09166666666666666	0.225	-0.0	1.0	1.0	26.0	0.16883116883116883	0.6038961038961039	1.2372602750055597	1.6603773584905661	5.0
