ID	Num. utterances	Num. tokens	Expression Lexicon Size (ELS)	Expression Variety (EV)	Expression Repetition (ER)	Voc. Overlap	ENTR	L	LMAX
dialogue_txt	19.0	363.0	52.0	0.14325068870523416	0.30303030303030304	0.313953488372093	0.7747979452558857	1.24822695035461	7.0
