ID	Num. utterances	Num. tokens	Expression Lexicon Size (ELS)	Expression Variety (EV)	Expression Repetition (ER)	Voc. Overlap	ENTR	L	LMAX
dialogue_txt	13.0	148.0	23.0	0.1554054054054054	0.36486486486486486	0.30985915492957744	1.3531370445938002	1.5961538461538463	3.0
