ID	S1	S2	S1/Initiated Expression (IE_S1)	S1/Expression Repetition (ER_S1)	S1/tokens (%)	S2/Initiated Expression (IE_S2)	S2/Expression Repetition (ER_S2)	S2/tokens (%)	Voc. Overlap S1	Voc. Overlap S2	SR/S1/ELS	SR/S1/EV	SR/S1/ER	SR/S1/ENTR	SR/S1/L	SR/S1/LMAX	SR/S2/ELS	SR/S2/EV	SR/S2/ER	SR/S2/ENTR	SR/S2/L	SR/S2/LMAX
dialogue_txt	Human 1	Human 2	0.782608695652174	0.22727272727272727	0.44594594594594594	0.21739130434782608	0.47560975609756095	0.5540540540540541	0.5238095238095238	0.43137254901960786	8.0	0.1111111111111111	0.3611111111111111	1.4294732983598408	1.7333333333333334	3.0	15.0	0.16853932584269662	0.48314606741573035	1.1783043483886713	1.4137931034482758	3.0
