ID	Num. utterances	Num. tokens	Expression Lexicon Size (ELS)	Expression Variety (EV)	Expression Repetition (ER)	Voc. Overlap	ENTR	L	LMAX
dialogue_txt	19.0	274.0	24.0	0.08759124087591241	0.2518248175182482	0.2125984251968504	0.5780390276005932	1.1566265060240963	4.0
