ID	Num. utterances	Num. tokens	Expression Lexicon Size (ELS)	Expression Variety (EV)	Expression Repetition (ER)	Voc. Overlap	ENTR	L	LMAX
dialogue_txt	16.0	204.0	37.0	0.18137254901960784	0.36764705882352944	0.391304347826087	0.36078056505146344	1.0686274509803921	2.0
