ID	S1	S2	S1/Initiated Expression (IE_S1)	S1/Expression Repetition (ER_S1)	S1/tokens (%)	S2/Initiated Expression (IE_S2)	S2/Expression Repetition (ER_S2)	S2/tokens (%)	Voc. Overlap S1	Voc. Overlap S2	SR/S1/ELS	SR/S1/EV	SR/S1/ER	SR/S1/ENTR	SR/S1/L	SR/S1/LMAX	SR/S2/ELS	SR/S2/EV	SR/S2/ER	SR/S2/ENTR	SR/S2/L	SR/S2/LMAX
dialogue_txt	Human 1	Human 2	0.7837837837837838	0.15748031496062992	0.6225490196078431	0.21621621621621623	0.7142857142857143	0.37745098039215685	0.43902439024390244	0.782608695652174	17.0	0.1259259259259259	0.34074074074074073	0.6394571324851641	1.162162162162162	2.0	15.0	0.17647058823529413	0.5411764705882353	0.8343470230852538	1.3529411764705883	5.0
