ID	S1	S2	S1/Initiated Expression (IE_S1)	S1/Expression Repetition (ER_S1)	S1/tokens (%)	S2/Initiated Expression (IE_S2)	S2/Expression Repetition (ER_S2)	S2/tokens (%)	Voc. Overlap S1	Voc. Overlap S2	SR/S1/ELS	SR/S1/EV	SR/S1/ER	SR/S1/ENTR	SR/S1/L	SR/S1/LMAX	SR/S2/ELS	SR/S2/EV	SR/S2/ER	SR/S2/ENTR	SR/S2/L	SR/S2/LMAX
dialogue_txt	Human 1	Human 2	0.7777777777777778	0.1746987951807229	0.5107692307692308	0.2222222222222222	0.39622641509433965	0.48923076923076925	0.3669724770642202	0.40404040404040403	19.0	0.10919540229885058	0.3160919540229885	0.760658476840993	1.2564102564102564	4.0	21.0	0.125	0.44047619047619047	1.1304555078547383	1.4313725490196079	4.0
