ID	S1	S2	S1/Initiated Expression (IE_S1)	S1/Expression Repetition (ER_S1)	S1/tokens (%)	S2/Initiated Expression (IE_S2)	S2/Expression Repetition (ER_S2)	S2/tokens (%)	Voc. Overlap S1	Voc. Overlap S2	SR/S1/ELS	SR/S1/EV	SR/S1/ER	SR/S1/ENTR	SR/S1/L	SR/S1/LMAX	SR/S2/ELS	SR/S2/EV	SR/S2/ER	SR/S2/ENTR	SR/S2/L	SR/S2/LMAX
dialogue_txt	Human 1	Human 2	0.6363636363636364	0.19594594594594594	0.5016949152542373	0.36363636363636365	0.40816326530612246	0.49830508474576274	0.3917525773195876	0.4634146341463415	16.0	0.1032258064516129	0.2838709677419355	0.512709142030877	1.1142857142857143	2.0	29.0	0.1870967741935484	0.5483870967741935	1.3254918959744872	1.509090909090909	4.0
