ID	S1	S2	S1/Initiated Expression (IE_S1)	S1/Expression Repetition (ER_S1)	S1/tokens (%)	S2/Initiated Expression (IE_S2)	S2/Expression Repetition (ER_S2)	S2/tokens (%)	Voc. Overlap S1	Voc. Overlap S2	SR/S1/ELS	SR/S1/EV	SR/S1/ER	SR/S1/ENTR	SR/S1/L	SR/S1/LMAX	SR/S2/ELS	SR/S2/EV	SR/S2/ER	SR/S2/ENTR	SR/S2/L	SR/S2/LMAX
dialogue_txt	Human 1	Human 2	0.7931034482758621	0.16842105263157894	0.3667953667953668	0.20689655172413793	0.4024390243902439	0.6332046332046332	0.5076923076923077	0.38372093023255816	10.0	0.0970873786407767	0.27184466019417475	0.4021791902022728	1.08	2.0	30.0	0.1744186046511628	0.5348837209302325	1.6590830177013873	1.7321428571428572	5.0
