ID	S1	S2	S1/Initiated Expression (IE_S1)	S1/Expression Repetition (ER_S1)	S1/tokens (%)	S2/Initiated Expression (IE_S2)	S2/Expression Repetition (ER_S2)	S2/tokens (%)	Voc. Overlap S1	Voc. Overlap S2	SR/S1/ELS	SR/S1/EV	SR/S1/ER	SR/S1/ENTR	SR/S1/L	SR/S1/LMAX	SR/S2/ELS	SR/S2/EV	SR/S2/ER	SR/S2/ENTR	SR/S2/L	SR/S2/LMAX
dialogue_txt	Human 1	Human 2	0.8409090909090909	0.1258741258741259	0.4880546075085324	0.1590909090909091	0.5933333333333334	0.5119453924914675	0.4423076923076923	0.5679012345679012	14.0	0.09333333333333334	0.26	0.32984607020714635	1.0606060606060606	2.0	27.0	0.17197452229299362	0.554140127388535	0.528057174769749	1.12	3.0
