ID	Num. utterances	Num. tokens	Expression Lexicon Size (ELS)	Expression Variety (EV)	Expression Repetition (ER)	Voc. Overlap	ENTR	L	LMAX
dialogue_txt	14.0	293.0	44.0	0.15017064846416384	0.3651877133105802	0.33093525179856115	0.793093764333876	1.2442748091603053	6.0
