ID	S1	S2	S1/Initiated Expression (IE_S1)	S1/Expression Repetition (ER_S1)	S1/tokens (%)	S2/Initiated Expression (IE_S2)	S2/Expression Repetition (ER_S2)	S2/tokens (%)	Voc. Overlap S1	Voc. Overlap S2	SR/S1/ELS	SR/S1/EV	SR/S1/ER	SR/S1/ENTR	SR/S1/L	SR/S1/LMAX	SR/S2/ELS	SR/S2/EV	SR/S2/ER	SR/S2/ENTR	SR/S2/L	SR/S2/LMAX
dialogue_txt	Human 1	Human 2	0.5862068965517241	0.21875	0.41025641025641024	0.41379310344827586	0.391304347826087	0.5897435897435898	0.5161290322580645	0.36363636363636365	14.0	0.1346153846153846	0.33653846153846156	0.34511731494495296	1.064516129032258	2.0	25.0	0.17123287671232876	0.4726027397260274	0.9561781213852657	1.2941176470588236	3.0
