ID	Num. utterances	Num. tokens	Expression Lexicon Size (ELS)	Expression Variety (EV)	Expression Repetition (ER)	Voc. Overlap	ENTR	L	LMAX
dialogue_txt	15.0	274.0	35.0	0.12773722627737227	0.33211678832116787	0.2868217054263566	0.5032583347756457	1.1111111111111112	2.0
