ID	S1	S2	S1/Initiated Expression (IE_S1)	S1/Expression Repetition (ER_S1)	S1/tokens (%)	S2/Initiated Expression (IE_S2)	S2/Expression Repetition (ER_S2)	S2/tokens (%)	Voc. Overlap S1	Voc. Overlap S2	SR/S1/ELS	SR/S1/EV	SR/S1/ER	SR/S1/ENTR	SR/S1/L	SR/S1/LMAX	SR/S2/ELS	SR/S2/EV	SR/S2/ER	SR/S2/ENTR	SR/S2/L	SR/S2/LMAX
dialogue_txt	Human 1	Human 2	0.7352941176470589	0.1386861313868613	0.4756944444444444	0.2647058823529412	0.33774834437086093	0.5243055555555556	0.42045454545454547	0.42045454545454547	14.0	0.09655172413793103	0.296551724137931	0.8503259045049341	1.3214285714285714	4.0	30.0	0.18867924528301888	0.49056603773584906	1.1358159979737639	1.3928571428571428	3.0
