ID	Num. utterances	Num. tokens	Expression Lexicon Size (ELS)	Expression Variety (EV)	Expression Repetition (ER)	Voc. Overlap	ENTR	L	LMAX
dialogue_txt	16.0	348.0	57.0	0.16379310344827586	0.4281609195402299	0.4405594405594406	0.9365687569007071	1.2857142857142858	3.0
