ID	Num. utterances	Num. tokens	Expression Lexicon Size (ELS)	Expression Variety (EV)	Expression Repetition (ER)	Voc. Overlap	ENTR	L	LMAX
dialogue_txt	15.0	157.0	22.0	0.14012738853503184	0.28662420382165604	0.3902439024390244	1.6478835962188614	2.2195121951219514	10.0
