ID	S1	S2	S1/Initiated Expression (IE_S1)	S1/Expression Repetition (ER_S1)	S1/tokens (%)	S2/Initiated Expression (IE_S2)	S2/Expression Repetition (ER_S2)	S2/tokens (%)	Voc. Overlap S1	Voc. Overlap S2	SR/S1/ELS	SR/S1/EV	SR/S1/ER	SR/S1/ENTR	SR/S1/L	SR/S1/LMAX	SR/S2/ELS	SR/S2/EV	SR/S2/ER	SR/S2/ENTR	SR/S2/L	SR/S2/LMAX
dialogue_txt	Human 1	Human 2	0.825	0.09821428571428571	0.48484848484848486	0.175	0.6554621848739496	0.5151515151515151	0.5526315789473685	0.6666666666666666	11.0	0.09166666666666666	0.225	-0.0	1.0	1.0	22.0	0.1732283464566929	0.5511811023622047	1.31328330533794	1.558139534883721	4.0
