ID	S1	S2	S1/Initiated Expression (IE_S1)	S1/Expression Repetition (ER_S1)	S1/tokens (%)	S2/Initiated Expression (IE_S2)	S2/Expression Repetition (ER_S2)	S2/tokens (%)	Voc. Overlap S1	Voc. Overlap S2	SR/S1/ELS	SR/S1/EV	SR/S1/ER	SR/S1/ENTR	SR/S1/L	SR/S1/LMAX	SR/S2/ELS	SR/S2/EV	SR/S2/ER	SR/S2/ENTR	SR/S2/L	SR/S2/LMAX
dialogue_txt	Human 1	Human 2	0.6944444444444444	0.21476510067114093	0.48534201954397393	0.3055555555555556	0.34810126582278483	0.5146579804560261	0.37755102040816324	0.3627450980392157	14.0	0.08974358974358974	0.27564102564102566	0.7355085815538398	1.206896551724138	2.0	29.0	0.17575757575757575	0.4484848484848485	0.5491087450260073	1.126984126984127	2.0
