ID	Num. utterances	Num. tokens	Expression Lexicon Size (ELS)	Expression Variety (EV)	Expression Repetition (ER)	Voc. Overlap	ENTR	L	LMAX
dialogue_txt	14.0	307.0	36.0	0.11726384364820847	0.28338762214983715	0.22699386503067484	0.671601270783059	1.1616161616161615	3.0
