ID	S1	S2	S1/Initiated Expression (IE_S1)	S1/Expression Repetition (ER_S1)	S1/tokens (%)	S2/Initiated Expression (IE_S2)	S2/Expression Repetition (ER_S2)	S2/tokens (%)	Voc. Overlap S1	Voc. Overlap S2	SR/S1/ELS	SR/S1/EV	SR/S1/ER	SR/S1/ENTR	SR/S1/L	SR/S1/LMAX	SR/S2/ELS	SR/S2/EV	SR/S2/ER	SR/S2/ENTR	SR/S2/L	SR/S2/LMAX
dialogue_txt	Human 1	Human 2	0.71875	0.20833333333333334	0.39344262295081966	0.28125	0.35135135135135137	0.6065573770491803	0.6129032258064516	0.36893203883495146	14.0	0.1346153846153846	0.33653846153846156	0.34511731494495296	1.064516129032258	2.0	20.0	0.1282051282051282	0.3717948717948718	0.7962811593381773	1.2127659574468086	3.0
