ID	Num. utterances	Num. tokens	Expression Lexicon Size (ELS)	Expression Variety (EV)	Expression Repetition (ER)	Voc. Overlap	ENTR	L	LMAX
dialogue_txt	18.0	215.0	23.0	0.10697674418604651	0.26976744186046514	0.3564356435643564	1.208886880403758	1.9803921568627452	16.0
