ID	S1	S2	S1/Initiated Expression (IE_S1)	S1/Expression Repetition (ER_S1)	S1/tokens (%)	S2/Initiated Expression (IE_S2)	S2/Expression Repetition (ER_S2)	S2/tokens (%)	Voc. Overlap S1	Voc. Overlap S2	SR/S1/ELS	SR/S1/EV	SR/S1/ER	SR/S1/ENTR	SR/S1/L	SR/S1/LMAX	SR/S2/ELS	SR/S2/EV	SR/S2/ER	SR/S2/ENTR	SR/S2/L	SR/S2/LMAX
dialogue_txt	Human 1	Human 2	0.8222222222222222	0.1258741258741259	0.4847457627118644	0.17777777777777778	0.5789473684210527	0.5152542372881356	0.41346153846153844	0.5119047619047619	14.0	0.09333333333333334	0.26	0.32984607020714635	1.0606060606060606	2.0	32.0	0.20125786163522014	0.5974842767295597	0.9490291525675894	1.295774647887324	3.0
