ID	S1	S2	S1/Initiated Expression (IE_S1)	S1/Expression Repetition (ER_S1)	S1/tokens (%)	S2/Initiated Expression (IE_S2)	S2/Expression Repetition (ER_S2)	S2/tokens (%)	Voc. Overlap S1	Voc. Overlap S2	SR/S1/ELS	SR/S1/EV	SR/S1/ER	SR/S1/ENTR	SR/S1/L	SR/S1/LMAX	SR/S2/ELS	SR/S2/EV	SR/S2/ER	SR/S2/ENTR	SR/S2/L	SR/S2/LMAX
dialogue_txt	Human 1	Human 2	0.7931034482758621	0.14492753623188406	0.372972972972973	0.20689655172413793	0.4482758620689655	0.6270270270270271	0.5964912280701754	0.4722222222222222	6.0	0.07894736842105263	0.18421052631578946	-0.0	1.0	1.0	20.0	0.16129032258064516	0.4112903225806452	0.5916727785823274	1.1428571428571428	2.0
