ID	Num. utterances	Num. tokens	Expression Lexicon Size (ELS)	Expression Variety (EV)	Expression Repetition (ER)	Voc. Overlap	ENTR	L	LMAX
dialogue_txt	15.0	179.0	19.0	0.10614525139664804	0.1787709497206704	0.1891891891891892	0.4262286569981449	1.0869565217391304	2.0
