ID	Num. utterances	Num. tokens	Expression Lexicon Size (ELS)	Expression Variety (EV)	Expression Repetition (ER)	Voc. Overlap	ENTR	L	LMAX
dialogue_txt	16.0	311.0	46.0	0.14790996784565916	0.3665594855305466	0.3333333333333333	1.144498927716544	1.376923076923077	4.0
