ID	Num. utterances	Num. tokens	Expression Lexicon Size (ELS)	Expression Variety (EV)	Expression Repetition (ER)	Voc. Overlap	ENTR	L	LMAX
dialogue_txt	14.0	290.0	54.0	0.18620689655172415	0.40344827586206894	0.4083333333333333	1.2304546641801166	1.4435483870967742	4.0
