ID	S1	S2	S1/Initiated Expression (IE_S1)	S1/Expression Repetition (ER_S1)	S1/tokens (%)	S2/Initiated Expression (IE_S2)	S2/Expression Repetition (ER_S2)	S2/tokens (%)	Voc. Overlap S1	Voc. Overlap S2	SR/S1/ELS	SR/S1/EV	SR/S1/ER	SR/S1/ENTR	SR/S1/L	SR/S1/LMAX	SR/S2/ELS	SR/S2/EV	SR/S2/ER	SR/S2/ENTR	SR/S2/L	SR/S2/LMAX
dialogue_txt	Human 1	Human 2	0.8703703703703703	0.1366906474820144	0.4793103448275862	0.12962962962962962	0.6490066225165563	0.5206896551724138	0.5568181818181818	0.6049382716049383	17.0	0.11643835616438356	0.3698630136986301	0.9707450578356165	1.394736842105263	5.0	34.0	0.21518987341772153	0.6012658227848101	0.9942388992545004	1.3013698630136987	3.0
