ID	Num. utterances	Num. tokens	Expression Lexicon Size (ELS)	Expression Variety (EV)	Expression Repetition (ER)	Voc. Overlap	ENTR	L	LMAX
dialogue_txt	15.0	301.0	46.0	0.15282392026578073	0.3554817275747508	0.34306569343065696	1.0272969565918462	1.3385826771653544	6.0
