ID	Num. utterances	Num. tokens	Expression Lexicon Size (ELS)	Expression Variety (EV)	Expression Repetition (ER)	Voc. Overlap	ENTR	L	LMAX
dialogue_txt	13.0	182.0	20.0	0.10989010989010989	0.2087912087912088	0.2037037037037037	0.714975716948989	1.2244897959183674	4.0
