ID	S1	S2	S1/Initiated Expression (IE_S1)	S1/Expression Repetition (ER_S1)	S1/tokens (%)	S2/Initiated Expression (IE_S2)	S2/Expression Repetition (ER_S2)	S2/tokens (%)	Voc. Overlap S1	Voc. Overlap S2	SR/S1/ELS	SR/S1/EV	SR/S1/ER	SR/S1/ENTR	SR/S1/L	SR/S1/LMAX	SR/S2/ELS	SR/S2/EV	SR/S2/ER	SR/S2/ENTR	SR/S2/L	SR/S2/LMAX
dialogue_txt	Human 1	Human 2	0.7441860465116279	0.1901840490797546	0.6221374045801527	0.2558139534883721	0.6262626262626263	0.37786259541984735	0.45	0.7627118644067796	22.0	0.12941176470588237	0.40588235294117647	1.194545119186222	1.4893617021276595	3.0	15.0	0.14018691588785046	0.4485981308411215	1.0414727634685104	1.3636363636363635	3.0
