ID	Num. utterances	Num. tokens	Expression Lexicon Size (ELS)	Expression Variety (EV)	Expression Repetition (ER)	Voc. Overlap	ENTR	L	LMAX
dialogue_txt	15.0	262.0	43.0	0.16412213740458015	0.3549618320610687	0.39473684210526316	0.8388976981390074	1.2276422764227641	3.0
