ID	S1	S2	S1/Initiated Expression (IE_S1)	S1/Expression Repetition (ER_S1)	S1/tokens (%)	S2/Initiated Expression (IE_S2)	S2/Expression Repetition (ER_S2)	S2/tokens (%)	Voc. Overlap S1	Voc. Overlap S2	SR/S1/ELS	SR/S1/EV	SR/S1/ER	SR/S1/ENTR	SR/S1/L	SR/S1/LMAX	SR/S2/ELS	SR/S2/EV	SR/S2/ER	SR/S2/ENTR	SR/S2/L	SR/S2/LMAX
dialogue_txt	Human 1	Human 2	0.7222222222222222	0.19708029197080293	0.4597315436241611	0.2777777777777778	0.36645962732919257	0.540268456375839	0.4431818181818182	0.42391304347826086	14.0	0.09655172413793103	0.296551724137931	0.8503259045049341	1.3214285714285714	4.0	29.0	0.17159763313609466	0.5443786982248521	1.2708486415652795	1.4461538461538461	4.0
