ID	Num. utterances	Num. tokens	Expression Lexicon Size (ELS)	Expression Variety (EV)	Expression Repetition (ER)	Voc. Overlap	ENTR	L	LMAX
dialogue_txt	16.0	218.0	32.0	0.14678899082568808	0.24770642201834864	0.26126126126126126	1.1680986951861811	1.4411764705882353	3.0
