ID	Num. utterances	Num. tokens	Expression Lexicon Size (ELS)	Expression Variety (EV)	Expression Repetition (ER)	Voc. Overlap	ENTR	L	LMAX
dialogue_txt	15.0	274.0	28.0	0.10218978102189781	0.23722627737226276	0.2302158273381295	0.5789171651035909	1.1318681318681318	3.0
