ID	Num. utterances	Num. tokens	Expression Lexicon Size (ELS)	Expression Variety (EV)	Expression Repetition (ER)	Voc. Overlap	ENTR	L	LMAX
dialogue_txt	16.0	254.0	20.0	0.07874015748031496	0.24015748031496062	0.19834710743801653	0.8425849480121563	1.2388059701492538	3.0
