ID	Num. utterances	Num. tokens	Expression Lexicon Size (ELS)	Expression Variety (EV)	Expression Repetition (ER)	Voc. Overlap	ENTR	L	LMAX
dialogue_txt	16.0	322.0	48.0	0.14906832298136646	0.391304347826087	0.3790322580645161	1.0420281486595087	1.3529411764705883	5.0
