ID	Num. utterances	Num. tokens	Expression Lexicon Size (ELS)	Expression Variety (EV)	Expression Repetition (ER)	Voc. Overlap	ENTR	L	LMAX
dialogue_txt	18.0	374.0	44.0	0.11764705882352941	0.2994652406417112	0.2631578947368421	0.862017289944388	1.2380952380952381	4.0
