ID	S1	S2	S1/Initiated Expression (IE_S1)	S1/Expression Repetition (ER_S1)	S1/tokens (%)	S2/Initiated Expression (IE_S2)	S2/Expression Repetition (ER_S2)	S2/tokens (%)	Voc. Overlap S1	Voc. Overlap S2	SR/S1/ELS	SR/S1/EV	SR/S1/ER	SR/S1/ENTR	SR/S1/L	SR/S1/LMAX	SR/S2/ELS	SR/S2/EV	SR/S2/ER	SR/S2/ENTR	SR/S2/L	SR/S2/LMAX
dialogue_txt	Human 1	Human 2	0.7142857142857143	0.1810344827586207	0.4793388429752066	0.2857142857142857	0.5873015873015873	0.5206611570247934	0.5625	0.6338028169014085	11.0	0.088	0.24	-0.0	1.0	1.0	21.0	0.15441176470588236	0.4632352941176471	0.5095157180881823	1.1132075471698113	2.0
