ID	S1	S2	S1/Initiated Expression (IE_S1)	S1/Expression Repetition (ER_S1)	S1/tokens (%)	S2/Initiated Expression (IE_S2)	S2/Expression Repetition (ER_S2)	S2/tokens (%)	Voc. Overlap S1	Voc. Overlap S2	SR/S1/ELS	SR/S1/EV	SR/S1/ER	SR/S1/ENTR	SR/S1/L	SR/S1/LMAX	SR/S2/ELS	SR/S2/EV	SR/S2/ER	SR/S2/ENTR	SR/S2/L	SR/S2/LMAX
dialogue_txt	Human 1	Human 2	0.8076923076923077	0.26582278481012656	0.5015873015873016	0.19230769230769232	0.5286624203821656	0.4984126984126984	0.5652173913043478	0.5714285714285714	22.0	0.13253012048192772	0.4397590361445783	1.0783220795483648	1.44	5.0	30.0	0.18072289156626506	0.5421686746987951	0.6841377134594484	1.2857142857142858	7.0
