ID	S1	S2	S1/Initiated Expression (IE_S1)	S1/Expression Repetition (ER_S1)	S1/tokens (%)	S2/Initiated Expression (IE_S2)	S2/Expression Repetition (ER_S2)	S2/tokens (%)	Voc. Overlap S1	Voc. Overlap S2	SR/S1/ELS	SR/S1/EV	SR/S1/ER	SR/S1/ENTR	SR/S1/L	SR/S1/LMAX	SR/S2/ELS	SR/S2/EV	SR/S2/ER	SR/S2/ENTR	SR/S2/L	SR/S2/LMAX
dialogue_txt	Human 1	Human 2	0.8409090909090909	0.1048951048951049	0.5035211267605634	0.1590909090909091	0.49645390070921985	0.4964788732394366	0.4519230769230769	0.5280898876404494	14.0	0.09333333333333334	0.26	0.32984607020714635	1.0606060606060606	2.0	24.0	0.16216216216216217	0.47297297297297297	0.6840384356390417	1.1818181818181819	2.0
