ID	Num. utterances	Num. tokens	Expression Lexicon Size (ELS)	Expression Variety (EV)	Expression Repetition (ER)	Voc. Overlap	ENTR	L	LMAX
dialogue_txt	16.0	238.0	26.0	0.1092436974789916	0.19747899159663865	0.23893805309734514	0.7875626162567798	1.2063492063492063	3.0
