ID	S1	S2	S1/Initiated Expression (IE_S1)	S1/Expression Repetition (ER_S1)	S1/tokens (%)	S2/Initiated Expression (IE_S2)	S2/Expression Repetition (ER_S2)	S2/tokens (%)	Voc. Overlap S1	Voc. Overlap S2	SR/S1/ELS	SR/S1/EV	SR/S1/ER	SR/S1/ENTR	SR/S1/L	SR/S1/LMAX	SR/S2/ELS	SR/S2/EV	SR/S2/ER	SR/S2/ENTR	SR/S2/L	SR/S2/LMAX
dialogue_txt	Human 1	Human 2	0.9285714285714286	0.0979020979020979	0.5070921985815603	0.07142857142857142	0.7769784172661871	0.4929078014184397	0.5769230769230769	0.7407407407407407	14.0	0.09333333333333334	0.26	0.32984607020714635	1.0606060606060606	2.0	32.0	0.2191780821917808	0.6095890410958904	1.2009913171508735	1.4833333333333334	4.0
