ID	Num. utterances	Num. tokens	Expression Lexicon Size (ELS)	Expression Variety (EV)	Expression Repetition (ER)	Voc. Overlap	ENTR	L	LMAX
dialogue_txt	15.0	159.0	24.0	0.1509433962264151	0.2138364779874214	0.3103448275862069	1.0339010345140056	1.4038461538461537	4.0
