ID	Num. utterances	Num. tokens	Expression Lexicon Size (ELS)	Expression Variety (EV)	Expression Repetition (ER)	Voc. Overlap	ENTR	L	LMAX
dialogue_txt	15.0	249.0	39.0	0.1566265060240964	0.3493975903614458	0.34545454545454546	1.0679572144836469	1.392156862745098	4.0
