ID	S1	S2	S1/Initiated Expression (IE_S1)	S1/Expression Repetition (ER_S1)	S1/tokens (%)	S2/Initiated Expression (IE_S2)	S2/Expression Repetition (ER_S2)	S2/tokens (%)	Voc. Overlap S1	Voc. Overlap S2	SR/S1/ELS	SR/S1/EV	SR/S1/ER	SR/S1/ENTR	SR/S1/L	SR/S1/LMAX	SR/S2/ELS	SR/S2/EV	SR/S2/ER	SR/S2/ENTR	SR/S2/L	SR/S2/LMAX
dialogue_txt	Human 1	Human 2	0.8529411764705882	0.08163265306122448	0.41702127659574467	0.14705882352941177	0.45985401459854014	0.5829787234042553	0.5671641791044776	0.4418604651162791	12.0	0.11214953271028037	0.2616822429906542	0.4021791902022728	1.08	2.0	23.0	0.15753424657534246	0.4589041095890411	1.143320102127766	1.5	5.0
