ID	Num. utterances	Num. tokens	Expression Lexicon Size (ELS)	Expression Variety (EV)	Expression Repetition (ER)	Voc. Overlap	ENTR	L	LMAX
dialogue_txt	18.0	235.0	34.0	0.14468085106382977	0.3021276595744681	0.33043478260869563	1.458681259943429	1.676056338028169	7.0
