ID	Num. utterances	Num. tokens	Expression Lexicon Size (ELS)	Expression Variety (EV)	Expression Repetition (ER)	Voc. Overlap	ENTR	L	LMAX
dialogue_txt	15.0	195.0	27.0	0.13846153846153847	0.2923076923076923	0.31313131313131315	0.9526438201735532	1.2816901408450705	3.0
