ID	S1	S2	S1/Initiated Expression (IE_S1)	S1/Expression Repetition (ER_S1)	S1/tokens (%)	S2/Initiated Expression (IE_S2)	S2/Expression Repetition (ER_S2)	S2/tokens (%)	Voc. Overlap S1	Voc. Overlap S2	SR/S1/ELS	SR/S1/EV	SR/S1/ER	SR/S1/ENTR	SR/S1/L	SR/S1/LMAX	SR/S2/ELS	SR/S2/EV	SR/S2/ER	SR/S2/ENTR	SR/S2/L	SR/S2/LMAX
dialogue_txt	Human 1	Human 2	0.8125	0.12837837837837837	0.6757990867579908	0.1875	0.704225352112676	0.3242009132420091	0.35051546391752575	0.7906976744186046	16.0	0.1032258064516129	0.2838709677419355	0.512709142030877	1.1142857142857143	2.0	13.0	0.16455696202531644	0.4936708860759494	0.9463729359854419	1.3571428571428572	4.0
