ID	Num. utterances	Num. tokens	Expression Lexicon Size (ELS)	Expression Variety (EV)	Expression Repetition (ER)	Voc. Overlap	ENTR	L	LMAX
dialogue_txt	18.0	251.0	20.0	0.0796812749003984	0.14342629482071714	0.15151515151515152	0.7732283485249176	1.2307692307692308	3.0
