ID	Num. utterances	Num. tokens	Expression Lexicon Size (ELS)	Expression Variety (EV)	Expression Repetition (ER)	Voc. Overlap	ENTR	L	LMAX
dialogue_txt	16.0	203.0	29.0	0.14285714285714285	0.28078817733990147	0.3018867924528302	0.7333828779007858	1.1973684210526316	3.0
