ID	Num. utterances	Num. tokens	Expression Lexicon Size (ELS)	Expression Variety (EV)	Expression Repetition (ER)	Voc. Overlap	ENTR	L	LMAX
dialogue_txt	15.0	206.0	27.0	0.13106796116504854	0.28640776699029125	0.2616822429906542	0.8961127815171263	1.3880597014925373	6.0
