ID	S1	S2	S1/Initiated Expression (IE_S1)	S1/Expression Repetition (ER_S1)	S1/tokens (%)	S2/Initiated Expression (IE_S2)	S2/Expression Repetition (ER_S2)	S2/tokens (%)	Voc. Overlap S1	Voc. Overlap S2	SR/S1/ELS	SR/S1/EV	SR/S1/ER	SR/S1/ENTR	SR/S1/L	SR/S1/LMAX	SR/S2/ELS	SR/S2/EV	SR/S2/ER	SR/S2/ENTR	SR/S2/L	SR/S2/LMAX
dialogue_txt	Human 1	Human 2	0.875	0.16535433070866143	0.4847328244274809	0.125	0.7037037037037037	0.5152671755725191	0.5925925925925926	0.6575342465753424	16.0	0.11940298507462686	0.34328358208955223	0.6394571324851641	1.162162162162162	2.0	33.0	0.23076923076923078	0.6223776223776224	1.1733223589955921	1.4153846153846155	3.0
