ID	S1	S2	S1/Initiated Expression (IE_S1)	S1/Expression Repetition (ER_S1)	S1/tokens (%)	S2/Initiated Expression (IE_S2)	S2/Expression Repetition (ER_S2)	S2/tokens (%)	Voc. Overlap S1	Voc. Overlap S2	SR/S1/ELS	SR/S1/EV	SR/S1/ER	SR/S1/ENTR	SR/S1/L	SR/S1/LMAX	SR/S2/ELS	SR/S2/EV	SR/S2/ER	SR/S2/ENTR	SR/S2/L	SR/S2/LMAX
dialogue_txt	Human 1	Human 2	0.8484848484848485	0.16091954022988506	0.4306930693069307	0.15151515151515152	0.5652173913043478	0.5693069306930693	0.5185185185185185	0.5185185185185185	12.0	0.125	0.3645833333333333	1.0676111603502403	1.434782608695652	4.0	22.0	0.176	0.592	1.640717543700292	1.8837209302325582	7.0
