ID	Num. utterances	Num. tokens	Expression Lexicon Size (ELS)	Expression Variety (EV)	Expression Repetition (ER)	Voc. Overlap	ENTR	L	LMAX
dialogue_txt	15.0	159.0	23.0	0.14465408805031446	0.2893081761006289	0.32142857142857145	1.1175815819504147	1.4444444444444444	6.0
