ID	Num. utterances	Num. tokens	Expression Lexicon Size (ELS)	Expression Variety (EV)	Expression Repetition (ER)	Voc. Overlap	ENTR	L	LMAX
dialogue_txt	18.0	225.0	24.0	0.10666666666666667	0.3377777777777778	0.3431372549019608	1.4489085697597854	2.240740740740741	16.0
