ID	Num. utterances	Num. tokens	Expression Lexicon Size (ELS)	Expression Variety (EV)	Expression Repetition (ER)	Voc. Overlap	ENTR	L	LMAX
dialogue_txt	16.0	243.0	55.0	0.22633744855967078	0.43209876543209874	0.5294117647058824	1.138716496357921	1.3902439024390243	5.0
