ID	Num. utterances	Num. tokens	Expression Lexicon Size (ELS)	Expression Variety (EV)	Expression Repetition (ER)	Voc. Overlap	ENTR	L	LMAX
dialogue_txt	16.0	285.0	25.0	0.08771929824561403	0.21403508771929824	0.19148936170212766	0.814746138144413	1.2413793103448276	4.0
