ID	S1	S2	S1/Initiated Expression (IE_S1)	S1/Expression Repetition (ER_S1)	S1/tokens (%)	S2/Initiated Expression (IE_S2)	S2/Expression Repetition (ER_S2)	S2/tokens (%)	Voc. Overlap S1	Voc. Overlap S2	SR/S1/ELS	SR/S1/EV	SR/S1/ER	SR/S1/ENTR	SR/S1/L	SR/S1/LMAX	SR/S2/ELS	SR/S2/EV	SR/S2/ER	SR/S2/ENTR	SR/S2/L	SR/S2/LMAX
dialogue_txt	Human 1	Human 2	0.9230769230769231	0.06569343065693431	0.49458483754512633	0.07692307692307693	0.4857142857142857	0.5054151624548736	0.46236559139784944	0.5308641975308642	11.0	0.07534246575342465	0.21232876712328766	0.4262286569981449	1.173913043478261	3.0	25.0	0.16778523489932887	0.48322147651006714	0.9994204995303189	1.309090909090909	3.0
