ID	Num. utterances	Num. tokens	Expression Lexicon Size (ELS)	Expression Variety (EV)	Expression Repetition (ER)	Voc. Overlap	ENTR	L	LMAX
dialogue_txt	15.0	237.0	29.0	0.12236286919831224	0.22784810126582278	0.23484848484848486	0.5116397836311731	1.1139240506329113	2.0
