ID	S1	S2	S1/Initiated Expression (IE_S1)	S1/Expression Repetition (ER_S1)	S1/tokens (%)	S2/Initiated Expression (IE_S2)	S2/Expression Repetition (ER_S2)	S2/tokens (%)	Voc. Overlap S1	Voc. Overlap S2	SR/S1/ELS	SR/S1/EV	SR/S1/ER	SR/S1/ENTR	SR/S1/L	SR/S1/LMAX	SR/S2/ELS	SR/S2/EV	SR/S2/ER	SR/S2/ENTR	SR/S2/L	SR/S2/LMAX
dialogue_txt	Human 1	Human 2	0.7333333333333333	0.17857142857142858	0.4072727272727273	0.26666666666666666	0.3496932515337423	0.5927272727272728	0.4473684210526316	0.37362637362637363	11.0	0.09166666666666666	0.225	-0.0	1.0	1.0	21.0	0.12280701754385964	0.49122807017543857	1.5900734158409384	1.9333333333333333	6.0
