ID	S1	S2	S1/Initiated Expression (IE_S1)	S1/Expression Repetition (ER_S1)	S1/tokens (%)	S2/Initiated Expression (IE_S2)	S2/Expression Repetition (ER_S2)	S2/tokens (%)	Voc. Overlap S1	Voc. Overlap S2	SR/S1/ELS	SR/S1/EV	SR/S1/ER	SR/S1/ENTR	SR/S1/L	SR/S1/LMAX	SR/S2/ELS	SR/S2/EV	SR/S2/ER	SR/S2/ENTR	SR/S2/L	SR/S2/LMAX
dialogue_txt	Human 1	Human 2	0.5925925925925926	0.1875	0.3686635944700461	0.4074074074074074	0.30656934306569344	0.631336405529954	0.4576271186440678	0.3176470588235294	6.0	0.06896551724137931	0.1724137931034483	-0.0	1.0	1.0	20.0	0.13793103448275862	0.4068965517241379	0.6665783579949205	1.173913043478261	2.0
