ID	Num. utterances	Num. tokens	Expression Lexicon Size (ELS)	Expression Variety (EV)	Expression Repetition (ER)	Voc. Overlap	ENTR	L	LMAX
dialogue_txt	15.0	239.0	35.0	0.14644351464435146	0.3514644351464435	0.3173076923076923	1.1232732805046872	1.4069767441860466	6.0
