ID	Num. utterances	Num. tokens	Expression Lexicon Size (ELS)	Expression Variety (EV)	Expression Repetition (ER)	Voc. Overlap	ENTR	L	LMAX
dialogue_txt	15.0	221.0	24.0	0.1085972850678733	0.2669683257918552	0.2926829268292683	1.2680316653205477	1.9019607843137254	11.0
