ID	Num. utterances	Num. tokens	Expression Lexicon Size (ELS)	Expression Variety (EV)	Expression Repetition (ER)	Voc. Overlap	ENTR	L	LMAX
dialogue_txt	15.0	198.0	17.0	0.08585858585858586	0.12626262626262627	0.19626168224299065	1.0397589977855015	1.564102564102564	8.0
