ID	S1	S2	S1/Initiated Expression (IE_S1)	S1/Expression Repetition (ER_S1)	S1/tokens (%)	S2/Initiated Expression (IE_S2)	S2/Expression Repetition (ER_S2)	S2/tokens (%)	Voc. Overlap S1	Voc. Overlap S2	SR/S1/ELS	SR/S1/EV	SR/S1/ER	SR/S1/ENTR	SR/S1/L	SR/S1/LMAX	SR/S2/ELS	SR/S2/EV	SR/S2/ER	SR/S2/ENTR	SR/S2/L	SR/S2/LMAX
dialogue_txt	Human 1	Human 2	0.7962962962962963	0.1834319526627219	0.5232198142414861	0.2037037037037037	0.461038961038961	0.47678018575851394	0.5353535353535354	0.5096153846153846	26.0	0.14689265536723164	0.4067796610169492	0.83294582353614	1.2641509433962264	2.0	21.0	0.12962962962962962	0.36419753086419754	0.5159469300074473	1.1153846153846154	2.0
