ID	Num. utterances	Num. tokens	Expression Lexicon Size (ELS)	Expression Variety (EV)	Expression Repetition (ER)	Voc. Overlap	ENTR	L	LMAX
dialogue_txt	19.0	454.0	69.0	0.15198237885462554	0.4251101321585903	0.3544973544973545	0.6618610601977767	1.1607142857142858	4.0
