ID	Num. utterances	Num. tokens	Expression Lexicon Size (ELS)	Expression Variety (EV)	Expression Repetition (ER)	Voc. Overlap	ENTR	L	LMAX
dialogue_txt	14.0	297.0	28.0	0.09427609427609428	0.22895622895622897	0.19135802469135801	0.7594439644714598	1.2023809523809523	3.0
