ID	Num. utterances	Num. tokens	Expression Lexicon Size (ELS)	Expression Variety (EV)	Expression Repetition (ER)	Voc. Overlap	ENTR	L	LMAX
dialogue_txt	15.0	217.0	39.0	0.17972350230414746	0.4377880184331797	0.40816326530612246	0.476901028848406	1.1176470588235294	4.0
