ID	S1	S2	S1/Initiated Expression (IE_S1)	S1/Expression Repetition (ER_S1)	S1/tokens (%)	S2/Initiated Expression (IE_S2)	S2/Expression Repetition (ER_S2)	S2/tokens (%)	Voc. Overlap S1	Voc. Overlap S2	SR/S1/ELS	SR/S1/EV	SR/S1/ER	SR/S1/ENTR	SR/S1/L	SR/S1/LMAX	SR/S2/ELS	SR/S2/EV	SR/S2/ER	SR/S2/ENTR	SR/S2/L	SR/S2/LMAX
dialogue_txt	Human 1	Human 2	0.68	0.23333333333333334	0.25	0.32	0.23333333333333334	0.75	0.5869565217391305	0.3253012048192771	5.0	0.07246376811594203	0.17391304347826086	0.7219280948873623	1.2	2.0	31.0	0.164021164021164	0.6137566137566137	1.8202562212048843	2.0508474576271185	10.0
