ID	Num. utterances	Num. tokens	Expression Lexicon Size (ELS)	Expression Variety (EV)	Expression Repetition (ER)	Voc. Overlap	ENTR	L	LMAX
dialogue_txt	18.0	240.0	25.0	0.10416666666666667	0.23333333333333334	0.2647058823529412	0.4612160405139095	1.0975609756097562	2.0
