ID	S1	S2	S1/Initiated Expression (IE_S1)	S1/Expression Repetition (ER_S1)	S1/tokens (%)	S2/Initiated Expression (IE_S2)	S2/Expression Repetition (ER_S2)	S2/tokens (%)	Voc. Overlap S1	Voc. Overlap S2	SR/S1/ELS	SR/S1/EV	SR/S1/ER	SR/S1/ENTR	SR/S1/L	SR/S1/LMAX	SR/S2/ELS	SR/S2/EV	SR/S2/ER	SR/S2/ENTR	SR/S2/L	SR/S2/LMAX
dialogue_txt	Human 1	Human 2	0.6571428571428571	0.20689655172413793	0.39322033898305087	0.34285714285714286	0.329608938547486	0.6067796610169491	0.475	0.37623762376237624	11.0	0.088	0.24	-0.0	1.0	1.0	32.0	0.1693121693121693	0.5132275132275133	1.1634799925357402	1.4545454545454546	6.0
