ID	S1	S2	S1/Initiated Expression (IE_S1)	S1/Expression Repetition (ER_S1)	S1/tokens (%)	S2/Initiated Expression (IE_S2)	S2/Expression Repetition (ER_S2)	S2/tokens (%)	Voc. Overlap S1	Voc. Overlap S2	SR/S1/ELS	SR/S1/EV	SR/S1/ER	SR/S1/ENTR	SR/S1/L	SR/S1/LMAX	SR/S2/ELS	SR/S2/EV	SR/S2/ER	SR/S2/ENTR	SR/S2/L	SR/S2/LMAX
dialogue_txt	Human 1	Human 2	0.6981132075471698	0.24539877300613497	0.5141955835962145	0.3018867924528302	0.538961038961039	0.48580441640378547	0.43	0.5443037974683544	22.0	0.12941176470588237	0.40588235294117647	1.194545119186222	1.4893617021276595	3.0	31.0	0.19135802469135801	0.5925925925925926	0.9826817324242788	1.3055555555555556	3.0
