ID	Num. utterances	Num. tokens	Expression Lexicon Size (ELS)	Expression Variety (EV)	Expression Repetition (ER)	Voc. Overlap	ENTR	L	LMAX
dialogue_txt	15.0	254.0	51.0	0.20078740157480315	0.38976377952755903	0.4117647058823529	1.1891351981638958	1.4220183486238531	6.0
