ID	Num. utterances	Num. tokens	Expression Lexicon Size (ELS)	Expression Variety (EV)	Expression Repetition (ER)	Voc. Overlap	ENTR	L	LMAX
dialogue_txt	18.0	245.0	23.0	0.09387755102040816	0.2571428571428571	0.19834710743801653	0.6051865766334206	1.1481481481481481	2.0
