ID	Num. utterances	Num. tokens	Expression Lexicon Size (ELS)	Expression Variety (EV)	Expression Repetition (ER)	Voc. Overlap	ENTR	L	LMAX
dialogue_txt	15.0	225.0	38.0	0.1688888888888889	0.28444444444444444	0.31092436974789917	0.9693383615189348	1.3132530120481927	3.0
