ID	Num. utterances	Num. tokens	Expression Lexicon Size (ELS)	Expression Variety (EV)	Expression Repetition (ER)	Voc. Overlap	ENTR	L	LMAX
dialogue_txt	16.0	282.0	45.0	0.1595744680851064	0.3546099290780142	0.3684210526315789	1.0004774479435592	1.3504273504273505	6.0
