ID	Num. utterances	Num. tokens	Expression Lexicon Size (ELS)	Expression Variety (EV)	Expression Repetition (ER)	Voc. Overlap	ENTR	L	LMAX
dialogue_txt	14.0	224.0	37.0	0.16517857142857142	0.3482142857142857	0.3181818181818182	0.6921053253628724	1.1855670103092784	2.0
