ID	Num. utterances	Num. tokens	Expression Lexicon Size (ELS)	Expression Variety (EV)	Expression Repetition (ER)	Voc. Overlap	ENTR	L	LMAX
dialogue_txt	16.0	218.0	42.0	0.1926605504587156	0.3853211009174312	0.42857142857142855	1.462667936591045	1.5681818181818181	5.0
