ID	Num. utterances	Num. tokens	Expression Lexicon Size (ELS)	Expression Variety (EV)	Expression Repetition (ER)	Voc. Overlap	ENTR	L	LMAX
dialogue_txt	14.0	195.0	34.0	0.17435897435897435	0.2923076923076923	0.3627450980392157	0.9662959017422086	1.2876712328767124	3.0
