ID	S1	S2	S1/Initiated Expression (IE_S1)	S1/Expression Repetition (ER_S1)	S1/tokens (%)	S2/Initiated Expression (IE_S2)	S2/Expression Repetition (ER_S2)	S2/tokens (%)	Voc. Overlap S1	Voc. Overlap S2	SR/S1/ELS	SR/S1/EV	SR/S1/ER	SR/S1/ENTR	SR/S1/L	SR/S1/LMAX	SR/S2/ELS	SR/S2/EV	SR/S2/ER	SR/S2/ENTR	SR/S2/L	SR/S2/LMAX
dialogue_txt	Human 1	Human 2	0.7076923076923077	0.2289156626506024	0.49258160237388726	0.2923076923076923	0.5321637426900585	0.5074183976261127	0.5504587155963303	0.6	19.0	0.10919540229885058	0.3160919540229885	0.760658476840993	1.2564102564102564	4.0	31.0	0.17222222222222222	0.5055555555555555	0.7419705041639663	1.2173913043478262	4.0
