ID	Num. utterances	Num. tokens	Expression Lexicon Size (ELS)	Expression Variety (EV)	Expression Repetition (ER)	Voc. Overlap	ENTR	L	LMAX
dialogue_txt	19.0	441.0	49.0	0.1111111111111111	0.2766439909297052	0.21367521367521367	0.4776784638313907	1.0993788819875776	3.0
