ID	Num. utterances	Num. tokens	Expression Lexicon Size (ELS)	Expression Variety (EV)	Expression Repetition (ER)	Voc. Overlap	ENTR	L	LMAX
dialogue_txt	16.0	358.0	45.0	0.12569832402234637	0.3854748603351955	0.3602941176470588	1.2596276198073935	2.3763440860215055	26.0
