ID	Num. utterances	Num. tokens	Expression Lexicon Size (ELS)	Expression Variety (EV)	Expression Repetition (ER)	Voc. Overlap	ENTR	L	LMAX
dialogue_txt	15.0	251.0	32.0	0.12749003984063745	0.2749003984063745	0.2777777777777778	0.6926958568172439	1.1770833333333333	3.0
