ID	S1	S2	S1/Initiated Expression (IE_S1)	S1/Expression Repetition (ER_S1)	S1/tokens (%)	S2/Initiated Expression (IE_S2)	S2/Expression Repetition (ER_S2)	S2/tokens (%)	Voc. Overlap S1	Voc. Overlap S2	SR/S1/ELS	SR/S1/EV	SR/S1/ER	SR/S1/ENTR	SR/S1/L	SR/S1/LMAX	SR/S2/ELS	SR/S2/EV	SR/S2/ER	SR/S2/ENTR	SR/S2/L	SR/S2/LMAX
dialogue_txt	Human 1	Human 2	0.4375	0.27102803738317754	0.34185303514376997	0.5625	0.1941747572815534	0.65814696485623	0.3950617283950617	0.26666666666666666	13.0	0.1111111111111111	0.27350427350427353	0.362051251733998	1.0689655172413792	2.0	29.0	0.1336405529953917	0.4608294930875576	0.8755665529453254	1.2531645569620253	3.0
