ID	S1	S2	S1/Initiated Expression (IE_S1)	S1/Expression Repetition (ER_S1)	S1/tokens (%)	S2/Initiated Expression (IE_S2)	S2/Expression Repetition (ER_S2)	S2/tokens (%)	Voc. Overlap S1	Voc. Overlap S2	SR/S1/ELS	SR/S1/EV	SR/S1/ER	SR/S1/ENTR	SR/S1/L	SR/S1/LMAX	SR/S2/ELS	SR/S2/EV	SR/S2/ER	SR/S2/ENTR	SR/S2/L	SR/S2/LMAX
dialogue_txt	Human 1	Human 2	0.6216216216216216	0.16964285714285715	0.4163568773234201	0.3783783783783784	0.33121019108280253	0.5836431226765799	0.4675324675324675	0.3870967741935484	15.0	0.125	0.31666666666666665	0.43055186701043946	1.088235294117647	2.0	27.0	0.16363636363636364	0.47878787878787876	0.9469739115780225	1.2833333333333334	3.0
