ID	Num. utterances	Num. tokens	Expression Lexicon Size (ELS)	Expression Variety (EV)	Expression Repetition (ER)	Voc. Overlap	ENTR	L	LMAX
dialogue_txt	15.0	225.0	23.0	0.10222222222222223	0.19111111111111112	0.19230769230769232	0.5140912790181235	1.1147540983606556	2.0
