ID	S1	S2	S1/Initiated Expression (IE_S1)	S1/Expression Repetition (ER_S1)	S1/tokens (%)	S2/Initiated Expression (IE_S2)	S2/Expression Repetition (ER_S2)	S2/tokens (%)	Voc. Overlap S1	Voc. Overlap S2	SR/S1/ELS	SR/S1/EV	SR/S1/ER	SR/S1/ENTR	SR/S1/L	SR/S1/LMAX	SR/S2/ELS	SR/S2/EV	SR/S2/ER	SR/S2/ENTR	SR/S2/L	SR/S2/LMAX
dialogue_txt	Human 1	Human 2	0.6666666666666666	0.1694915254237288	0.271889400921659	0.3333333333333333	0.20253164556962025	0.728110599078341	0.46511627906976744	0.19047619047619047	8.0	0.11940298507462686	0.31343283582089554	-0.0	1.0	1.0	24.0	0.14457831325301204	0.39156626506024095	0.7253759284051439	1.1851851851851851	3.0
