ID	S1	S2	S1/Initiated Expression (IE_S1)	S1/Expression Repetition (ER_S1)	S1/tokens (%)	S2/Initiated Expression (IE_S2)	S2/Expression Repetition (ER_S2)	S2/tokens (%)	Voc. Overlap S1	Voc. Overlap S2	SR/S1/ELS	SR/S1/EV	SR/S1/ER	SR/S1/ENTR	SR/S1/L	SR/S1/LMAX	SR/S2/ELS	SR/S2/EV	SR/S2/ER	SR/S2/ENTR	SR/S2/L	SR/S2/LMAX
dialogue_txt	Human 1	Human 2	0.75	0.21311475409836064	0.25206611570247933	0.25	0.281767955801105	0.7479338842975206	0.6585365853658537	0.23275862068965517	10.0	0.14492753623188406	0.37681159420289856	0.8812908992306927	1.3	2.0	25.0	0.13157894736842105	0.41578947368421054	0.5821234801200702	1.3508771929824561	9.0
