ID	Num. utterances	Num. tokens	Expression Lexicon Size (ELS)	Expression Variety (EV)	Expression Repetition (ER)	Voc. Overlap	ENTR	L	LMAX
dialogue_txt	16.0	301.0	36.0	0.11960132890365449	0.2857142857142857	0.26515151515151514	0.9348254000823696	1.2718446601941749	3.0
