ID	Num. utterances	Num. tokens	Expression Lexicon Size (ELS)	Expression Variety (EV)	Expression Repetition (ER)	Voc. Overlap	ENTR	L	LMAX
dialogue_txt	14.0	236.0	23.0	0.09745762711864407	0.2076271186440678	0.21929824561403508	0.8100745047096363	1.2461538461538462	4.0
