ID	Num. utterances	Num. tokens	Expression Lexicon Size (ELS)	Expression Variety (EV)	Expression Repetition (ER)	Voc. Overlap	ENTR	L	LMAX
dialogue_txt	15.0	163.0	27.0	0.1656441717791411	0.294478527607362	0.34831460674157305	1.0935951075817558	1.360655737704918	4.0
