ID	S1	S2	S1/Initiated Expression (IE_S1)	S1/Expression Repetition (ER_S1)	S1/tokens (%)	S2/Initiated Expression (IE_S2)	S2/Expression Repetition (ER_S2)	S2/tokens (%)	Voc. Overlap S1	Voc. Overlap S2	SR/S1/ELS	SR/S1/EV	SR/S1/ER	SR/S1/ENTR	SR/S1/L	SR/S1/LMAX	SR/S2/ELS	SR/S2/EV	SR/S2/ER	SR/S2/ENTR	SR/S2/L	SR/S2/LMAX
dialogue_txt	Human 1	Human 2	0.717948717948718	0.14201183431952663	0.6525096525096525	0.28205128205128205	0.5333333333333333	0.3474903474903475	0.3838383838383838	0.7450980392156863	26.0	0.14689265536723164	0.4067796610169492	0.83294582353614	1.2641509433962264	2.0	16.0	0.16326530612244897	0.5306122448979592	1.5546097612655665	1.7333333333333334	4.0
