ID	S1	S2	S1/Initiated Expression (IE_S1)	S1/Expression Repetition (ER_S1)	S1/tokens (%)	S2/Initiated Expression (IE_S2)	S2/Expression Repetition (ER_S2)	S2/tokens (%)	Voc. Overlap S1	Voc. Overlap S2	SR/S1/ELS	SR/S1/EV	SR/S1/ER	SR/S1/ENTR	SR/S1/L	SR/S1/LMAX	SR/S2/ELS	SR/S2/EV	SR/S2/ER	SR/S2/ENTR	SR/S2/L	SR/S2/LMAX
dialogue_txt	Human 1	Human 2	0.7352941176470589	0.18461538461538463	0.48872180451127817	0.2647058823529412	0.3897058823529412	0.5112781954887218	0.4186046511627907	0.41379310344827586	14.0	0.10218978102189781	0.3357664233576642	0.4854607607459134	1.105263157894737	2.0	21.0	0.14583333333333334	0.4305555555555556	0.4750591453273985	1.1568627450980393	4.0
