ID	S1	S2	S1/Initiated Expression (IE_S1)	S1/Expression Repetition (ER_S1)	S1/tokens (%)	S2/Initiated Expression (IE_S2)	S2/Expression Repetition (ER_S2)	S2/tokens (%)	Voc. Overlap S1	Voc. Overlap S2	SR/S1/ELS	SR/S1/EV	SR/S1/ER	SR/S1/ENTR	SR/S1/L	SR/S1/LMAX	SR/S2/ELS	SR/S2/EV	SR/S2/ER	SR/S2/ENTR	SR/S2/L	SR/S2/LMAX
dialogue_txt	Human 1	Human 2	0.625	0.22033898305084745	0.2599118942731278	0.375	0.18452380952380953	0.7400881057268722	0.5116279069767442	0.22	8.0	0.11940298507462686	0.31343283582089554	-0.0	1.0	1.0	30.0	0.17045454545454544	0.5113636363636364	0.8631140546293631	1.2388059701492538	3.0
