ID	S1	S2	S1/Initiated Expression (IE_S1)	S1/Expression Repetition (ER_S1)	S1/tokens (%)	S2/Initiated Expression (IE_S2)	S2/Expression Repetition (ER_S2)	S2/tokens (%)	Voc. Overlap S1	Voc. Overlap S2	SR/S1/ELS	SR/S1/EV	SR/S1/ER	SR/S1/ENTR	SR/S1/L	SR/S1/LMAX	SR/S2/ELS	SR/S2/EV	SR/S2/ER	SR/S2/ENTR	SR/S2/L	SR/S2/LMAX
dialogue_txt	Human 1	Human 2	0.7575757575757576	0.11678832116788321	0.43769968051118213	0.24242424242424243	0.36363636363636365	0.5623003194888179	0.3870967741935484	0.3564356435643564	11.0	0.07534246575342465	0.21232876712328766	0.4262286569981449	1.173913043478261	3.0	25.0	0.13513513513513514	0.4756756756756757	1.2341523545361486	1.5454545454545454	6.0
