ID	Num. utterances	Num. tokens	Expression Lexicon Size (ELS)	Expression Variety (EV)	Expression Repetition (ER)	Voc. Overlap	ENTR	L	LMAX
dialogue_txt	16.0	288.0	38.0	0.13194444444444445	0.3020833333333333	0.29577464788732394	0.3598340238510543	1.0683760683760684	2.0
