ID	Num. utterances	Num. tokens	Expression Lexicon Size (ELS)	Expression Variety (EV)	Expression Repetition (ER)	Voc. Overlap	ENTR	L	LMAX
dialogue_txt	14.0	273.0	47.0	0.17216117216117216	0.4468864468864469	0.42105263157894735	1.0240535701117106	1.3565891472868217	7.0
