ID	S1	S2	S1/Initiated Expression (IE_S1)	S1/Expression Repetition (ER_S1)	S1/tokens (%)	S2/Initiated Expression (IE_S2)	S2/Expression Repetition (ER_S2)	S2/tokens (%)	Voc. Overlap S1	Voc. Overlap S2	SR/S1/ELS	SR/S1/EV	SR/S1/ER	SR/S1/ENTR	SR/S1/L	SR/S1/LMAX	SR/S2/ELS	SR/S2/EV	SR/S2/ER	SR/S2/ENTR	SR/S2/L	SR/S2/LMAX
dialogue_txt	Human 1	Human 2	0.9183673469387755	0.175	0.47058823529411764	0.08163265306122448	0.7925925925925926	0.5294117647058824	0.6447368421052632	0.765625	15.0	0.11811023622047244	0.3228346456692913	0.29747224891928964	1.0526315789473684	2.0	26.0	0.18181818181818182	0.6923076923076923	1.6557382807138104	2.0851063829787235	7.0
