ID	Num. utterances	Num. tokens	Expression Lexicon Size (ELS)	Expression Variety (EV)	Expression Repetition (ER)	Voc. Overlap	ENTR	L	LMAX
dialogue_txt	15.0	127.0	14.0	0.11023622047244094	0.1732283464566929	0.24358974358974358	0.2918182565988858	1.1025641025641026	3.0
