ID	S1	S2	S1/Initiated Expression (IE_S1)	S1/Expression Repetition (ER_S1)	S1/tokens (%)	S2/Initiated Expression (IE_S2)	S2/Expression Repetition (ER_S2)	S2/tokens (%)	Voc. Overlap S1	Voc. Overlap S2	SR/S1/ELS	SR/S1/EV	SR/S1/ER	SR/S1/ENTR	SR/S1/L	SR/S1/LMAX	SR/S2/ELS	SR/S2/EV	SR/S2/ER	SR/S2/ENTR	SR/S2/L	SR/S2/LMAX
dialogue_txt	Human 1	Human 2	0.5	0.18181818181818182	0.4330708661417323	0.5	0.16666666666666666	0.5669291338582677	0.4523809523809524	0.34545454545454546	5.0	0.08064516129032258	0.1935483870967742	0.8112781244591328	1.5	3.0	7.0	0.0875	0.2375	0.5435644431995964	1.125	2.0
