ID	Num. utterances	Num. tokens	Expression Lexicon Size (ELS)	Expression Variety (EV)	Expression Repetition (ER)	Voc. Overlap	ENTR	L	LMAX
dialogue_txt	16.0	299.0	23.0	0.07692307692307693	0.19063545150501673	0.1917808219178082	0.37764632137370024	1.0731707317073171	2.0
