ID	Num. utterances	Num. tokens	Expression Lexicon Size (ELS)	Expression Variety (EV)	Expression Repetition (ER)	Voc. Overlap	ENTR	L	LMAX
dialogue_txt	16.0	285.0	29.0	0.10175438596491228	0.256140350877193	0.2129032258064516	0.4586858162005403	1.096774193548387	2.0
