ID	Num. utterances	Num. tokens	Expression Lexicon Size (ELS)	Expression Variety (EV)	Expression Repetition (ER)	Voc. Overlap	ENTR	L	LMAX
dialogue_txt	14.0	281.0	25.0	0.08896797153024912	0.25622775800711745	0.19548872180451127	0.46550244908151295	1.098901098901099	2.0
