ID	Num. utterances	Num. tokens	Expression Lexicon Size (ELS)	Expression Variety (EV)	Expression Repetition (ER)	Voc. Overlap	ENTR	L	LMAX
dialogue_txt	15.0	288.0	31.0	0.1076388888888889	0.24305555555555555	0.2356687898089172	0.8148994594848438	1.2272727272727273	4.0
