ID	S1	S2	S1/Initiated Expression (IE_S1)	S1/Expression Repetition (ER_S1)	S1/tokens (%)	S2/Initiated Expression (IE_S2)	S2/Expression Repetition (ER_S2)	S2/tokens (%)	Voc. Overlap S1	Voc. Overlap S2	SR/S1/ELS	SR/S1/EV	SR/S1/ER	SR/S1/ENTR	SR/S1/L	SR/S1/LMAX	SR/S2/ELS	SR/S2/EV	SR/S2/ER	SR/S2/ENTR	SR/S2/L	SR/S2/LMAX
dialogue_txt	Human 1	Human 2	0.6774193548387096	0.16964285714285715	0.41947565543071164	0.3225806451612903	0.32903225806451614	0.5805243445692884	0.4342105263157895	0.375	11.0	0.09166666666666666	0.225	-0.0	1.0	1.0	26.0	0.15950920245398773	0.5153374233128835	1.3876565480836627	1.6415094339622642	7.0
