ID	Num. utterances	Num. tokens	Expression Lexicon Size (ELS)	Expression Variety (EV)	Expression Repetition (ER)	Voc. Overlap	ENTR	L	LMAX
dialogue_txt	16.0	267.0	43.0	0.16104868913857678	0.35580524344569286	0.3435114503816794	0.6973409725623739	1.188034188034188	2.0
