ID	Num. utterances	Num. tokens	Expression Lexicon Size (ELS)	Expression Variety (EV)	Expression Repetition (ER)	Voc. Overlap	ENTR	L	LMAX
dialogue_txt	13.0	193.0	22.0	0.11398963730569948	0.22797927461139897	0.23148148148148148	0.5032583347756457	1.1111111111111112	2.0
