ID	S1	S2	S1/Initiated Expression (IE_S1)	S1/Expression Repetition (ER_S1)	S1/tokens (%)	S2/Initiated Expression (IE_S2)	S2/Expression Repetition (ER_S2)	S2/tokens (%)	Voc. Overlap S1	Voc. Overlap S2	SR/S1/ELS	SR/S1/EV	SR/S1/ER	SR/S1/ENTR	SR/S1/L	SR/S1/LMAX	SR/S2/ELS	SR/S2/EV	SR/S2/ER	SR/S2/ENTR	SR/S2/L	SR/S2/LMAX
dialogue_txt	Human 1	Human 2	0.5652173913043478	0.24528301886792453	0.29444444444444445	0.43478260869565216	0.2204724409448819	0.7055555555555556	0.5384615384615384	0.328125	5.0	0.08064516129032258	0.16129032258064516	-0.0	1.0	1.0	23.0	0.16911764705882354	0.6323529411764706	1.5940292260618125	2.15	12.0
