ID	Num. utterances	Num. tokens	Expression Lexicon Size (ELS)	Expression Variety (EV)	Expression Repetition (ER)	Voc. Overlap	ENTR	L	LMAX
dialogue_txt	14.0	293.0	48.0	0.16382252559726962	0.3412969283276451	0.33793103448275863	0.9598176918911973	1.282258064516129	4.0
