ID	Num. utterances	Num. tokens	Expression Lexicon Size (ELS)	Expression Variety (EV)	Expression Repetition (ER)	Voc. Overlap	ENTR	L	LMAX
dialogue_txt	15.0	294.0	49.0	0.16666666666666666	0.35034013605442177	0.36363636363636365	1.1192770524452769	1.4049586776859504	6.0
