ID	S1	S2	S1/Initiated Expression (IE_S1)	S1/Expression Repetition (ER_S1)	S1/tokens (%)	S2/Initiated Expression (IE_S2)	S2/Expression Repetition (ER_S2)	S2/tokens (%)	Voc. Overlap S1	Voc. Overlap S2	SR/S1/ELS	SR/S1/EV	SR/S1/ER	SR/S1/ENTR	SR/S1/L	SR/S1/LMAX	SR/S2/ELS	SR/S2/EV	SR/S2/ER	SR/S2/ENTR	SR/S2/L	SR/S2/LMAX
dialogue_txt	Human 1	Human 2	0.6521739130434783	0.19736842105263158	0.329004329004329	0.34782608695652173	0.2645161290322581	0.670995670995671	0.43636363636363634	0.2891566265060241	10.0	0.11904761904761904	0.27380952380952384	0.7642045065086203	1.2222222222222223	2.0	18.0	0.11042944785276074	0.5030674846625767	1.7077174691301482	2.15	9.0
