ID	S1	S2	S1/Initiated Expression (IE_S1)	S1/Expression Repetition (ER_S1)	S1/tokens (%)	S2/Initiated Expression (IE_S2)	S2/Expression Repetition (ER_S2)	S2/tokens (%)	Voc. Overlap S1	Voc. Overlap S2	SR/S1/ELS	SR/S1/EV	SR/S1/ER	SR/S1/ENTR	SR/S1/L	SR/S1/LMAX	SR/S2/ELS	SR/S2/EV	SR/S2/ER	SR/S2/ENTR	SR/S2/L	SR/S2/LMAX
dialogue_txt	Human 1	Human 2	0.7419354838709677	0.1619047619047619	0.42857142857142855	0.25806451612903225	0.3357142857142857	0.5714285714285714	0.4430379746835443	0.35353535353535354	8.0	0.07142857142857142	0.17857142857142858	-0.0	1.0	1.0	18.0	0.1232876712328767	0.3972602739726027	1.5693078231812962	1.7058823529411764	5.0
