ID	S1	S2	S1/Initiated Expression (IE_S1)	S1/Expression Repetition (ER_S1)	S1/tokens (%)	S2/Initiated Expression (IE_S2)	S2/Expression Repetition (ER_S2)	S2/tokens (%)	Voc. Overlap S1	Voc. Overlap S2	SR/S1/ELS	SR/S1/EV	SR/S1/ER	SR/S1/ENTR	SR/S1/L	SR/S1/LMAX	SR/S2/ELS	SR/S2/EV	SR/S2/ER	SR/S2/ENTR	SR/S2/L	SR/S2/LMAX
dialogue_txt	Human 1	Human 2	0.7894736842105263	0.14285714285714285	0.46484375	0.21052631578947367	0.43795620437956206	0.53515625	0.52	0.45348837209302323	15.0	0.11811023622047244	0.3779527559055118	1.0537703474884237	1.3333333333333333	3.0	21.0	0.14482758620689656	0.4	0.5293608652873644	1.12	2.0
