ID	Num. utterances	Num. tokens	Expression Lexicon Size (ELS)	Expression Variety (EV)	Expression Repetition (ER)	Voc. Overlap	ENTR	L	LMAX
dialogue_txt	14.0	221.0	34.0	0.15384615384615385	0.36199095022624433	0.39215686274509803	1.0732612790666045	1.3655913978494623	5.0
