ID	Num. utterances	Num. tokens	Expression Lexicon Size (ELS)	Expression Variety (EV)	Expression Repetition (ER)	Voc. Overlap	ENTR	L	LMAX
dialogue_txt	15.0	260.0	28.0	0.1076923076923077	0.25384615384615383	0.21052631578947367	1.0797374117849925	1.3421052631578947	4.0
