ID	S1	S2	S1/Initiated Expression (IE_S1)	S1/Expression Repetition (ER_S1)	S1/tokens (%)	S2/Initiated Expression (IE_S2)	S2/Expression Repetition (ER_S2)	S2/tokens (%)	Voc. Overlap S1	Voc. Overlap S2	SR/S1/ELS	SR/S1/EV	SR/S1/ER	SR/S1/ENTR	SR/S1/L	SR/S1/LMAX	SR/S2/ELS	SR/S2/EV	SR/S2/ER	SR/S2/ENTR	SR/S2/L	SR/S2/LMAX
dialogue_txt	Human 1	Human 2	0.6964285714285714	0.2440944881889764	0.42474916387959866	0.30357142857142855	0.47093023255813954	0.5752508361204013	0.6341463414634146	0.5306122448979592	17.0	0.1259259259259259	0.34074074074074073	0.6394571324851641	1.162162162162162	2.0	35.0	0.19444444444444445	0.55	0.9258804885045773	1.2727272727272727	3.0
