ID	S1	S2	S1/Initiated Expression (IE_S1)	S1/Expression Repetition (ER_S1)	S1/tokens (%)	S2/Initiated Expression (IE_S2)	S2/Expression Repetition (ER_S2)	S2/tokens (%)	Voc. Overlap S1	Voc. Overlap S2	SR/S1/ELS	SR/S1/EV	SR/S1/ER	SR/S1/ENTR	SR/S1/L	SR/S1/LMAX	SR/S2/ELS	SR/S2/EV	SR/S2/ER	SR/S2/ENTR	SR/S2/L	SR/S2/LMAX
dialogue_txt	Human 1	Human 2	0.7407407407407407	0.19444444444444445	0.3333333333333333	0.25925925925925924	0.3611111111111111	0.6666666666666666	0.5510204081632653	0.375	8.0	0.10126582278481013	0.2911392405063291	0.7642045065086203	1.2222222222222223	2.0	22.0	0.1456953642384106	0.6225165562913907	1.785878519526773	2.227272727272727	9.0
