ID	S1	S2	S1/Initiated Expression (IE_S1)	S1/Expression Repetition (ER_S1)	S1/tokens (%)	S2/Initiated Expression (IE_S2)	S2/Expression Repetition (ER_S2)	S2/tokens (%)	Voc. Overlap S1	Voc. Overlap S2	SR/S1/ELS	SR/S1/EV	SR/S1/ER	SR/S1/ENTR	SR/S1/L	SR/S1/LMAX	SR/S2/ELS	SR/S2/EV	SR/S2/ER	SR/S2/ENTR	SR/S2/L	SR/S2/LMAX
dialogue_txt	Human 1	Human 2	0.6666666666666666	0.2116788321167883	0.45666666666666667	0.3333333333333333	0.3558282208588957	0.5433333333333333	0.4090909090909091	0.4	14.0	0.09655172413793103	0.296551724137931	0.8503259045049341	1.3214285714285714	4.0	30.0	0.17543859649122806	0.5497076023391813	1.568142613045386	1.7272727272727273	6.0
