ID	S1	S2	S1/Initiated Expression (IE_S1)	S1/Expression Repetition (ER_S1)	S1/tokens (%)	S2/Initiated Expression (IE_S2)	S2/Expression Repetition (ER_S2)	S2/tokens (%)	Voc. Overlap S1	Voc. Overlap S2	SR/S1/ELS	SR/S1/EV	SR/S1/ER	SR/S1/ENTR	SR/S1/L	SR/S1/LMAX	SR/S2/ELS	SR/S2/EV	SR/S2/ER	SR/S2/ENTR	SR/S2/L	SR/S2/LMAX
dialogue_txt	Human 1	Human 2	0.8275862068965517	0.208	0.45454545454545453	0.1724137931034483	0.6333333333333333	0.5454545454545454	0.7209302325581395	0.6813186813186813	19.0	0.14285714285714285	0.3533834586466165	0.4612160405139095	1.0975609756097562	2.0	32.0	0.20253164556962025	0.5886075949367089	0.6948053635662362	1.3142857142857143	8.0
