ID	S1	S2	S1/Initiated Expression (IE_S1)	S1/Expression Repetition (ER_S1)	S1/tokens (%)	S2/Initiated Expression (IE_S2)	S2/Expression Repetition (ER_S2)	S2/tokens (%)	Voc. Overlap S1	Voc. Overlap S2	SR/S1/ELS	SR/S1/EV	SR/S1/ER	SR/S1/ENTR	SR/S1/L	SR/S1/LMAX	SR/S2/ELS	SR/S2/EV	SR/S2/ER	SR/S2/ENTR	SR/S2/L	SR/S2/LMAX
dialogue_txt	Human 1	Human 2	0.6153846153846154	0.18681318681318682	0.4080717488789238	0.38461538461538464	0.4015151515151515	0.5919282511210763	0.5735294117647058	0.4875	9.0	0.09183673469387756	0.23469387755102042	0.5032583347756457	1.1111111111111112	2.0	22.0	0.15827338129496402	0.45323741007194246	0.6267511370265895	1.1568627450980393	2.0
