ID	Num. utterances	Num. tokens	Expression Lexicon Size (ELS)	Expression Variety (EV)	Expression Repetition (ER)	Voc. Overlap	ENTR	L	LMAX
dialogue_txt	14.0	223.0	39.0	0.17488789237668162	0.31390134529147984	0.3577981651376147	0.917835288708669	1.2717391304347827	3.0
