ID	S1	S2	S1/Initiated Expression (IE_S1)	S1/Expression Repetition (ER_S1)	S1/tokens (%)	S2/Initiated Expression (IE_S2)	S2/Expression Repetition (ER_S2)	S2/tokens (%)	Voc. Overlap S1	Voc. Overlap S2	SR/S1/ELS	SR/S1/EV	SR/S1/ER	SR/S1/ENTR	SR/S1/L	SR/S1/LMAX	SR/S2/ELS	SR/S2/EV	SR/S2/ER	SR/S2/ENTR	SR/S2/L	SR/S2/LMAX
dialogue_txt	Human 1	Human 2	0.6111111111111112	0.1320754716981132	0.20622568093385213	0.3888888888888889	0.1323529411764706	0.7937743190661478	0.48717948717948717	0.1792452830188679	5.0	0.08064516129032258	0.16129032258064516	-0.0	1.0	1.0	37.0	0.17370892018779344	0.5868544600938967	1.5769735589889964	1.8169014084507042	9.0
