ID	Num. utterances	Num. tokens	Expression Lexicon Size (ELS)	Expression Variety (EV)	Expression Repetition (ER)	Voc. Overlap	ENTR	L	LMAX
dialogue_txt	19.0	453.0	68.0	0.15011037527593818	0.3576158940397351	0.38613861386138615	1.2072170028154312	1.4745762711864407	8.0
