ID	Num. utterances	Num. tokens	Expression Lexicon Size (ELS)	Expression Variety (EV)	Expression Repetition (ER)	Voc. Overlap	ENTR	L	LMAX
dialogue_txt	16.0	338.0	55.0	0.16272189349112426	0.3431952662721893	0.33557046979865773	0.8197613725428621	1.2266666666666666	3.0
