ID	Num. utterances	Num. tokens	Expression Lexicon Size (ELS)	Expression Variety (EV)	Expression Repetition (ER)	Voc. Overlap	ENTR	L	LMAX
dialogue_txt	18.0	379.0	47.0	0.12401055408970976	0.3087071240105541	0.2459016393442623	0.6585513284599942	1.1703703703703703	2.0
