ID	S1	S2	S1/Initiated Expression (IE_S1)	S1/Expression Repetition (ER_S1)	S1/tokens (%)	S2/Initiated Expression (IE_S2)	S2/Expression Repetition (ER_S2)	S2/tokens (%)	Voc. Overlap S1	Voc. Overlap S2	SR/S1/ELS	SR/S1/EV	SR/S1/ER	SR/S1/ENTR	SR/S1/L	SR/S1/LMAX	SR/S2/ELS	SR/S2/EV	SR/S2/ER	SR/S2/ENTR	SR/S2/L	SR/S2/LMAX
dialogue_txt	Human 1	Human 2	0.75	0.16071428571428573	0.3875432525951557	0.25	0.3785310734463277	0.6124567474048442	0.4805194805194805	0.3523809523809524	15.0	0.125	0.31666666666666665	0.43055186701043946	1.088235294117647	2.0	30.0	0.16216216216216217	0.4648648648648649	0.710676853856123	1.1944444444444444	2.0
