ID	Num. utterances	Num. tokens	Expression Lexicon Size (ELS)	Expression Variety (EV)	Expression Repetition (ER)	Voc. Overlap	ENTR	L	LMAX
dialogue_txt	18.0	232.0	18.0	0.07758620689655173	0.20689655172413793	0.16666666666666666	0.32984607020714635	1.0606060606060606	2.0
