ID	Num. utterances	Num. tokens	Expression Lexicon Size (ELS)	Expression Variety (EV)	Expression Repetition (ER)	Voc. Overlap	ENTR	L	LMAX
dialogue_txt	15.0	284.0	45.0	0.15845070422535212	0.3274647887323944	0.3458646616541353	0.6283686805121734	1.1626016260162602	4.0
