ID	S1	S2	S1/Initiated Expression (IE_S1)	S1/Expression Repetition (ER_S1)	S1/tokens (%)	S2/Initiated Expression (IE_S2)	S2/Expression Repetition (ER_S2)	S2/tokens (%)	Voc. Overlap S1	Voc. Overlap S2	SR/S1/ELS	SR/S1/EV	SR/S1/ER	SR/S1/ENTR	SR/S1/L	SR/S1/LMAX	SR/S2/ELS	SR/S2/EV	SR/S2/ER	SR/S2/ENTR	SR/S2/L	SR/S2/LMAX
dialogue_txt	Human 1	Human 2	0.7333333333333333	0.1891891891891892	0.5211267605633803	0.26666666666666666	0.47794117647058826	0.4788732394366197	0.4742268041237113	0.5609756097560976	16.0	0.1032258064516129	0.2838709677419355	0.512709142030877	1.1142857142857143	2.0	26.0	0.18055555555555555	0.4930555555555556	0.8605749073580724	1.2545454545454546	3.0
