ID	Num. utterances	Num. tokens	Expression Lexicon Size (ELS)	Expression Variety (EV)	Expression Repetition (ER)	Voc. Overlap	ENTR	L	LMAX
dialogue_txt	14.0	308.0	31.0	0.10064935064935066	0.237012987012987	0.19879518072289157	0.6339660290440577	1.148936170212766	3.0
