ID	S1	S2	S1/Initiated Expression (IE_S1)	S1/Expression Repetition (ER_S1)	S1/tokens (%)	S2/Initiated Expression (IE_S2)	S2/Expression Repetition (ER_S2)	S2/tokens (%)	Voc. Overlap S1	Voc. Overlap S2	SR/S1/ELS	SR/S1/EV	SR/S1/ER	SR/S1/ENTR	SR/S1/L	SR/S1/LMAX	SR/S2/ELS	SR/S2/EV	SR/S2/ER	SR/S2/ENTR	SR/S2/L	SR/S2/LMAX
dialogue_txt	Human 1	Human 2	0.8518518518518519	0.12921348314606743	0.483695652173913	0.14814814814814814	0.7210526315789474	0.5163043478260869	0.5306122448979592	0.6190476190476191	21.0	0.11290322580645161	0.3655913978494624	0.7732266742876344	1.2272727272727273	2.0	26.0	0.13131313131313133	0.6767676767676768	1.9141679133452412	3.2045454545454546	18.0
