ID	S1	S2	S1/Initiated Expression (IE_S1)	S1/Expression Repetition (ER_S1)	S1/tokens (%)	S2/Initiated Expression (IE_S2)	S2/Expression Repetition (ER_S2)	S2/tokens (%)	Voc. Overlap S1	Voc. Overlap S2	SR/S1/ELS	SR/S1/EV	SR/S1/ER	SR/S1/ENTR	SR/S1/L	SR/S1/LMAX	SR/S2/ELS	SR/S2/EV	SR/S2/ER	SR/S2/ENTR	SR/S2/L	SR/S2/LMAX
dialogue_txt	Human 1	Human 2	0.7878787878787878	0.15328467153284672	0.4612794612794613	0.21212121212121213	0.3125	0.5387205387205387	0.38636363636363635	0.32075471698113206	19.0	0.1310344827586207	0.36551724137931035	0.693127415328288	1.186046511627907	2.0	21.0	0.1242603550295858	0.35502958579881655	0.225363639127395	1.0363636363636364	2.0
