ID	Num. utterances	Num. tokens	Expression Lexicon Size (ELS)	Expression Variety (EV)	Expression Repetition (ER)	Voc. Overlap	ENTR	L	LMAX
dialogue_txt	16.0	289.0	28.0	0.09688581314878893	0.2629757785467128	0.2248062015503876	0.8418027128099437	1.2307692307692308	3.0
