ID	S1	S2	S1/Initiated Expression (IE_S1)	S1/Expression Repetition (ER_S1)	S1/tokens (%)	S2/Initiated Expression (IE_S2)	S2/Expression Repetition (ER_S2)	S2/tokens (%)	Voc. Overlap S1	Voc. Overlap S2	SR/S1/ELS	SR/S1/EV	SR/S1/ER	SR/S1/ENTR	SR/S1/L	SR/S1/LMAX	SR/S2/ELS	SR/S2/EV	SR/S2/ER	SR/S2/ENTR	SR/S2/L	SR/S2/LMAX
dialogue_txt	Human 1	Human 2	0.75	0.11475409836065574	0.3719512195121951	0.25	0.34951456310679613	0.6280487804878049	0.5957446808510638	0.45161290322580644	8.0	0.11594202898550725	0.2463768115942029	-0.0	1.0	1.0	17.0	0.15315315315315314	0.5315315315315315	1.859236536168279	2.36	8.0
