ID	Num. utterances	Num. tokens	Expression Lexicon Size (ELS)	Expression Variety (EV)	Expression Repetition (ER)	Voc. Overlap	ENTR	L	LMAX
dialogue_txt	13.0	230.0	34.0	0.14782608695652175	0.27391304347826084	0.27419354838709675	0.6454495903301855	1.1647058823529413	2.0
