ID	Num. utterances	Num. tokens	Expression Lexicon Size (ELS)	Expression Variety (EV)	Expression Repetition (ER)	Voc. Overlap	ENTR	L	LMAX
dialogue_txt	15.0	167.0	32.0	0.19161676646706588	0.3592814371257485	0.44594594594594594	1.460261344261315	1.5820895522388059	4.0
