ID	Num. utterances	Num. tokens	Expression Lexicon Size (ELS)	Expression Variety (EV)	Expression Repetition (ER)	Voc. Overlap	ENTR	L	LMAX
dialogue_txt	17.0	353.0	55.0	0.1558073654390935	0.43626062322946174	0.42424242424242425	1.1579554937559047	1.4088050314465408	6.0
