ID	Num. utterances	Num. tokens	Expression Lexicon Size (ELS)	Expression Variety (EV)	Expression Repetition (ER)	Voc. Overlap	ENTR	L	LMAX
dialogue_txt	15.0	202.0	36.0	0.1782178217821782	0.39603960396039606	0.40425531914893614	1.1141958367600497	1.3908045977011494	5.0
