ID	Num. utterances	Num. tokens	Expression Lexicon Size (ELS)	Expression Variety (EV)	Expression Repetition (ER)	Voc. Overlap	ENTR	L	LMAX
dialogue_txt	21.0	269.0	34.0	0.12639405204460966	0.2527881040892193	0.2773722627737226	0.7073738246556812	1.1941747572815533	3.0
