ID	S1	S2	S1/Initiated Expression (IE_S1)	S1/Expression Repetition (ER_S1)	S1/tokens (%)	S2/Initiated Expression (IE_S2)	S2/Expression Repetition (ER_S2)	S2/tokens (%)	Voc. Overlap S1	Voc. Overlap S2	SR/S1/ELS	SR/S1/EV	SR/S1/ER	SR/S1/ENTR	SR/S1/L	SR/S1/LMAX	SR/S2/ELS	SR/S2/EV	SR/S2/ER	SR/S2/ENTR	SR/S2/L	SR/S2/LMAX
dialogue_txt	Human 1	Human 2	0.5609756097560976	0.23493975903614459	0.5236593059936908	0.43902439024390244	0.37748344370860926	0.47634069400630913	0.3853211009174312	0.44680851063829785	19.0	0.10919540229885058	0.3160919540229885	0.760658476840993	1.2564102564102564	4.0	26.0	0.1625	0.45	1.0890496495734348	1.42	5.0
