ID	S1	S2	S1/Initiated Expression (IE_S1)	S1/Expression Repetition (ER_S1)	S1/tokens (%)	S2/Initiated Expression (IE_S2)	S2/Expression Repetition (ER_S2)	S2/tokens (%)	Voc. Overlap S1	Voc. Overlap S2	SR/S1/ELS	SR/S1/EV	SR/S1/ER	SR/S1/ENTR	SR/S1/L	SR/S1/LMAX	SR/S2/ELS	SR/S2/EV	SR/S2/ER	SR/S2/ENTR	SR/S2/L	SR/S2/LMAX
dialogue_txt	Human 1	Human 2	0.6774193548387096	0.20754716981132076	0.2760416666666667	0.3225806451612903	0.3669064748201439	0.7239583333333334	0.7435897435897436	0.3625	5.0	0.08064516129032258	0.16129032258064516	-0.0	1.0	1.0	25.0	0.16891891891891891	0.527027027027027	1.2550327083958783	1.4642857142857142	3.0
