ID	Num. utterances	Num. tokens	Expression Lexicon Size (ELS)	Expression Variety (EV)	Expression Repetition (ER)	Voc. Overlap	ENTR	L	LMAX
dialogue_txt	16.0	278.0	47.0	0.16906474820143885	0.3669064748201439	0.4392523364485981	1.0862058786128481	1.353448275862069	3.0
