ID	Num. utterances	Num. tokens	Expression Lexicon Size (ELS)	Expression Variety (EV)	Expression Repetition (ER)	Voc. Overlap	ENTR	L	LMAX
dialogue_txt	18.0	278.0	45.0	0.1618705035971223	0.4352517985611511	0.42574257425742573	1.440516928753649	1.5614035087719298	5.0
