ID	S1	S2	S1/Initiated Expression (IE_S1)	S1/Expression Repetition (ER_S1)	S1/tokens (%)	S2/Initiated Expression (IE_S2)	S2/Expression Repetition (ER_S2)	S2/tokens (%)	Voc. Overlap S1	Voc. Overlap S2	SR/S1/ELS	SR/S1/EV	SR/S1/ER	SR/S1/ENTR	SR/S1/L	SR/S1/LMAX	SR/S2/ELS	SR/S2/EV	SR/S2/ER	SR/S2/ENTR	SR/S2/L	SR/S2/LMAX
dialogue_txt	Human 1	Human 2	0.875	0.12631578947368421	0.39748953974895396	0.125	0.5833333333333334	0.602510460251046	0.6	0.5342465753424658	10.0	0.0970873786407767	0.27184466019417475	0.4021791902022728	1.08	2.0	33.0	0.21710526315789475	0.6052631578947368	1.2052018180461705	1.4461538461538461	3.0
