ID	S1	S2	S1/Initiated Expression (IE_S1)	S1/Expression Repetition (ER_S1)	S1/tokens (%)	S2/Initiated Expression (IE_S2)	S2/Expression Repetition (ER_S2)	S2/tokens (%)	Voc. Overlap S1	Voc. Overlap S2	SR/S1/ELS	SR/S1/EV	SR/S1/ER	SR/S1/ENTR	SR/S1/L	SR/S1/LMAX	SR/S2/ELS	SR/S2/EV	SR/S2/ER	SR/S2/ENTR	SR/S2/L	SR/S2/LMAX
dialogue_txt	Human 1	Human 2	0.5384615384615384	0.17777777777777778	0.25280898876404495	0.46153846153846156	0.14285714285714285	0.7471910112359551	0.5142857142857142	0.24324324324324326	4.0	0.07547169811320754	0.16981132075471697	0.863120568566631	1.2857142857142858	2.0	20.0	0.14184397163120568	0.5177304964539007	1.4959285490154623	2.1315789473684212	9.0
