ID	Num. utterances	Num. tokens	Expression Lexicon Size (ELS)	Expression Variety (EV)	Expression Repetition (ER)	Voc. Overlap	ENTR	L	LMAX
dialogue_txt	16.0	264.0	37.0	0.14015151515151514	0.3371212121212121	0.2846153846153846	0.8221326909297136	1.2233009708737863	3.0
