ID	S1	S2	S1/Initiated Expression (IE_S1)	S1/Expression Repetition (ER_S1)	S1/tokens (%)	S2/Initiated Expression (IE_S2)	S2/Expression Repetition (ER_S2)	S2/tokens (%)	Voc. Overlap S1	Voc. Overlap S2	SR/S1/ELS	SR/S1/EV	SR/S1/ER	SR/S1/ENTR	SR/S1/L	SR/S1/LMAX	SR/S2/ELS	SR/S2/EV	SR/S2/ER	SR/S2/ENTR	SR/S2/L	SR/S2/LMAX
dialogue_txt	Human 1	Human 2	0.723404255319149	0.16964285714285715	0.4307692307692308	0.2765957446808511	0.5540540540540541	0.5692307692307692	0.5194805194805194	0.4878048780487805	15.0	0.125	0.31666666666666665	0.43055186701043946	1.088235294117647	2.0	27.0	0.17307692307692307	0.5576923076923077	0.6665783579949205	1.173913043478261	2.0
