ID	Num. utterances	Num. tokens	Expression Lexicon Size (ELS)	Expression Variety (EV)	Expression Repetition (ER)	Voc. Overlap	ENTR	L	LMAX
dialogue_txt	16.0	237.0	50.0	0.2109704641350211	0.379746835443038	0.42452830188679247	1.1363555156723248	1.385321100917431	3.0
