ID	Num. utterances	Num. tokens	Expression Lexicon Size (ELS)	Expression Variety (EV)	Expression Repetition (ER)	Voc. Overlap	ENTR	L	LMAX
dialogue_txt	17.0	349.0	52.0	0.1489971346704871	0.335243553008596	0.2986111111111111	0.9600425820051585	1.2907801418439717	3.0
