ID	Num. utterances	Num. tokens	Expression Lexicon Size (ELS)	Expression Variety (EV)	Expression Repetition (ER)	Voc. Overlap	ENTR	L	LMAX
dialogue_txt	15.0	208.0	33.0	0.15865384615384615	0.34615384615384615	0.3229166666666667	1.028991962451992	1.435897435897436	5.0
