ID	Num. utterances	Num. tokens	Expression Lexicon Size (ELS)	Expression Variety (EV)	Expression Repetition (ER)	Voc. Overlap	ENTR	L	LMAX
dialogue_txt	16.0	290.0	36.0	0.12413793103448276	0.2689655172413793	0.27906976744186046	0.7841024265461483	1.206896551724138	3.0
