ID	S1	S2	S1/Initiated Expression (IE_S1)	S1/Expression Repetition (ER_S1)	S1/tokens (%)	S2/Initiated Expression (IE_S2)	S2/Expression Repetition (ER_S2)	S2/tokens (%)	Voc. Overlap S1	Voc. Overlap S2	SR/S1/ELS	SR/S1/EV	SR/S1/ER	SR/S1/ENTR	SR/S1/L	SR/S1/LMAX	SR/S2/ELS	SR/S2/EV	SR/S2/ER	SR/S2/ENTR	SR/S2/L	SR/S2/LMAX
dialogue_txt	Human 1	Human 2	0.8648648648648649	0.13924050632911392	0.6638655462184874	0.13513513513513514	0.775	0.33613445378151263	0.391304347826087	0.8571428571428571	22.0	0.13253012048192772	0.4397590361445783	1.0783220795483648	1.44	5.0	17.0	0.19101123595505617	0.5730337078651685	1.7299231577676397	1.84375	4.0
