ID	S1	S2	S1/Initiated Expression (IE_S1)	S1/Expression Repetition (ER_S1)	S1/tokens (%)	S2/Initiated Expression (IE_S2)	S2/Expression Repetition (ER_S2)	S2/tokens (%)	Voc. Overlap S1	Voc. Overlap S2	SR/S1/ELS	SR/S1/EV	SR/S1/ER	SR/S1/ENTR	SR/S1/L	SR/S1/LMAX	SR/S2/ELS	SR/S2/EV	SR/S2/ER	SR/S2/ENTR	SR/S2/L	SR/S2/LMAX
dialogue_txt	Human 1	Human 2	0.723404255319149	0.17557251908396945	0.49063670411985016	0.2765957446808511	0.4264705882352941	0.5093632958801498	0.4583333333333333	0.5176470588235295	16.0	0.11594202898550725	0.2971014492753623	0.6402064333604701	1.1764705882352942	3.0	26.0	0.18055555555555555	0.4652777777777778	0.5677314545847301	1.1355932203389831	3.0
