ID	Num. utterances	Num. tokens	Expression Lexicon Size (ELS)	Expression Variety (EV)	Expression Repetition (ER)	Voc. Overlap	ENTR	L	LMAX
dialogue_txt	15.0	267.0	47.0	0.1760299625468165	0.30337078651685395	0.32116788321167883	0.5108948073457096	1.1101694915254237	3.0
