ID	Num. utterances	Num. tokens	Expression Lexicon Size (ELS)	Expression Variety (EV)	Expression Repetition (ER)	Voc. Overlap	ENTR	L	LMAX
dialogue_txt	14.0	280.0	24.0	0.08571428571428572	0.24642857142857144	0.20300751879699247	0.3424637724817958	1.0638297872340425	2.0
