ID	S1	S2	S1/Initiated Expression (IE_S1)	S1/Expression Repetition (ER_S1)	S1/tokens (%)	S2/Initiated Expression (IE_S2)	S2/Expression Repetition (ER_S2)	S2/tokens (%)	Voc. Overlap S1	Voc. Overlap S2	SR/S1/ELS	SR/S1/EV	SR/S1/ER	SR/S1/ENTR	SR/S1/L	SR/S1/LMAX	SR/S2/ELS	SR/S2/EV	SR/S2/ER	SR/S2/ENTR	SR/S2/L	SR/S2/LMAX
dialogue_txt	Human 1	Human 2	0.8717948717948718	0.13	0.4878048780487805	0.1282051282051282	0.5714285714285714	0.5121951219512195	0.5128205128205128	0.5970149253731343	11.0	0.102803738317757	0.21495327102803738	-0.0	1.0	1.0	18.0	0.1592920353982301	0.4247787610619469	0.9182958340544896	1.3333333333333333	2.0
