ID	S1	S2	S1/Initiated Expression (IE_S1)	S1/Expression Repetition (ER_S1)	S1/tokens (%)	S2/Initiated Expression (IE_S2)	S2/Expression Repetition (ER_S2)	S2/tokens (%)	Voc. Overlap S1	Voc. Overlap S2	SR/S1/ELS	SR/S1/EV	SR/S1/ER	SR/S1/ENTR	SR/S1/L	SR/S1/LMAX	SR/S2/ELS	SR/S2/EV	SR/S2/ER	SR/S2/ENTR	SR/S2/L	SR/S2/LMAX
dialogue_txt	Human 1	Human 2	0.8064516129032258	0.09090909090909091	0.40993788819875776	0.1935483870967742	0.5473684210526316	0.5900621118012422	0.6140350877192983	0.6363636363636364	3.0	0.0410958904109589	0.0821917808219178	-0.0	1.0	1.0	18.0	0.17647058823529413	0.4803921568627451	0.8785058532996345	1.3611111111111112	5.0
