ID	Num. utterances	Num. tokens	Expression Lexicon Size (ELS)	Expression Variety (EV)	Expression Repetition (ER)	Voc. Overlap	ENTR	L	LMAX
dialogue_txt	19.0	306.0	55.0	0.17973856209150327	0.434640522875817	0.4132231404958678	1.101150243025452	1.3617021276595744	3.0
