ID	Num. utterances	Num. tokens	Expression Lexicon Size (ELS)	Expression Variety (EV)	Expression Repetition (ER)	Voc. Overlap	ENTR	L	LMAX
dialogue_txt	19.0	276.0	26.0	0.09420289855072464	0.2391304347826087	0.21052631578947367	0.5787946246321198	1.1379310344827587	2.0
