ID	S1	S2	S1/Initiated Expression (IE_S1)	S1/Expression Repetition (ER_S1)	S1/tokens (%)	S2/Initiated Expression (IE_S2)	S2/Expression Repetition (ER_S2)	S2/tokens (%)	Voc. Overlap S1	Voc. Overlap S2	SR/S1/ELS	SR/S1/EV	SR/S1/ER	SR/S1/ENTR	SR/S1/L	SR/S1/LMAX	SR/S2/ELS	SR/S2/EV	SR/S2/ER	SR/S2/ENTR	SR/S2/L	SR/S2/LMAX
dialogue_txt	Human 1	Human 2	0.7111111111111111	0.23622047244094488	0.4601449275362319	0.28888888888888886	0.42953020134228187	0.5398550724637681	0.5679012345679012	0.5	16.0	0.11940298507462686	0.34328358208955223	0.6394571324851641	1.162162162162162	2.0	24.0	0.15286624203821655	0.4713375796178344	0.8818985780251397	1.3018867924528301	3.0
