ID	S1	S2	S1/Initiated Expression (IE_S1)	S1/Expression Repetition (ER_S1)	S1/tokens (%)	S2/Initiated Expression (IE_S2)	S2/Expression Repetition (ER_S2)	S2/tokens (%)	Voc. Overlap S1	Voc. Overlap S2	SR/S1/ELS	SR/S1/EV	SR/S1/ER	SR/S1/ENTR	SR/S1/L	SR/S1/LMAX	SR/S2/ELS	SR/S2/EV	SR/S2/ER	SR/S2/ENTR	SR/S2/L	SR/S2/LMAX
dialogue_txt	Human 1	Human 2	0.8387096774193549	0.13675213675213677	0.47560975609756095	0.16129032258064516	0.34108527131782945	0.524390243902439	0.37681159420289856	0.30952380952380953	19.0	0.15079365079365079	0.4126984126984127	1.242370874393215	1.457142857142857	3.0	17.0	0.12318840579710146	0.37681159420289856	1.0660515247226787	1.394736842105263	4.0
