ID	Num. utterances	Num. tokens	Expression Lexicon Size (ELS)	Expression Variety (EV)	Expression Repetition (ER)	Voc. Overlap	ENTR	L	LMAX
dialogue_txt	17.0	296.0	44.0	0.14864864864864866	0.38513513513513514	0.39166666666666666	1.311332683579932	1.5585585585585586	9.0
