ID	Num. utterances	Num. tokens	Expression Lexicon Size (ELS)	Expression Variety (EV)	Expression Repetition (ER)	Voc. Overlap	ENTR	L	LMAX
dialogue_txt	16.0	270.0	45.0	0.16666666666666666	0.2851851851851852	0.3233082706766917	0.7183098216110975	1.1981981981981982	2.0
