ID	S1	S2	S1/Initiated Expression (IE_S1)	S1/Expression Repetition (ER_S1)	S1/tokens (%)	S2/Initiated Expression (IE_S2)	S2/Expression Repetition (ER_S2)	S2/tokens (%)	Voc. Overlap S1	Voc. Overlap S2	SR/S1/ELS	SR/S1/EV	SR/S1/ER	SR/S1/ENTR	SR/S1/L	SR/S1/LMAX	SR/S2/ELS	SR/S2/EV	SR/S2/ER	SR/S2/ENTR	SR/S2/L	SR/S2/LMAX
dialogue_txt	Human 1	Human 2	0.7307692307692307	0.1590909090909091	0.39285714285714285	0.2692307692307692	0.3088235294117647	0.6071428571428571	0.4375	0.35	12.0	0.12631578947368421	0.29473684210526313	0.4021791902022728	1.08	2.0	21.0	0.14583333333333334	0.5069444444444444	1.3810411826417859	1.627906976744186	6.0
