ID	S1	S2	S1/Initiated Expression (IE_S1)	S1/Expression Repetition (ER_S1)	S1/tokens (%)	S2/Initiated Expression (IE_S2)	S2/Expression Repetition (ER_S2)	S2/tokens (%)	Voc. Overlap S1	Voc. Overlap S2	SR/S1/ELS	SR/S1/EV	SR/S1/ER	SR/S1/ENTR	SR/S1/L	SR/S1/LMAX	SR/S2/ELS	SR/S2/EV	SR/S2/ER	SR/S2/ENTR	SR/S2/L	SR/S2/LMAX
dialogue_txt	Human 1	Human 2	0.8620689655172413	0.1301775147928994	0.528125	0.13793103448275862	0.6026490066225165	0.471875	0.6363636363636364	0.6237623762376238	26.0	0.14689265536723164	0.4067796610169492	0.83294582353614	1.2641509433962264	2.0	24.0	0.1509433962264151	0.44025157232704404	0.9690109462883812	1.290909090909091	3.0
