ID	Num. utterances	Num. tokens	Expression Lexicon Size (ELS)	Expression Variety (EV)	Expression Repetition (ER)	Voc. Overlap	ENTR	L	LMAX
dialogue_txt	17.0	271.0	32.0	0.11808118081180811	0.2988929889298893	0.25517241379310346	0.4109007062591968	1.161904761904762	7.0
