ID	S1	S2	S1/Initiated Expression (IE_S1)	S1/Expression Repetition (ER_S1)	S1/tokens (%)	S2/Initiated Expression (IE_S2)	S2/Expression Repetition (ER_S2)	S2/tokens (%)	Voc. Overlap S1	Voc. Overlap S2	SR/S1/ELS	SR/S1/EV	SR/S1/ER	SR/S1/ENTR	SR/S1/L	SR/S1/LMAX	SR/S2/ELS	SR/S2/EV	SR/S2/ER	SR/S2/ENTR	SR/S2/L	SR/S2/LMAX
dialogue_txt	Human 1	Human 2	0.7037037037037037	0.2072072072072072	0.4530612244897959	0.2962962962962963	0.291044776119403	0.5469387755102041	0.37333333333333335	0.35443037974683544	15.0	0.1271186440677966	0.3644067796610169	1.014097655573916	1.3125	3.0	23.0	0.1619718309859155	0.5	1.010281723600417	1.392156862745098	5.0
