ID	Num. utterances	Num. tokens	Expression Lexicon Size (ELS)	Expression Variety (EV)	Expression Repetition (ER)	Voc. Overlap	ENTR	L	LMAX
dialogue_txt	16.0	260.0	47.0	0.18076923076923077	0.35384615384615387	0.36666666666666664	1.0797833845901281	1.3805309734513274	5.0
