ID	Num. utterances	Num. tokens	Expression Lexicon Size (ELS)	Expression Variety (EV)	Expression Repetition (ER)	Voc. Overlap	ENTR	L	LMAX
dialogue_txt	16.0	238.0	25.0	0.10504201680672269	0.2605042016806723	0.2184873949579832	0.6955165547616071	1.1710526315789473	3.0
