ID	S1	S2	S1/Initiated Expression (IE_S1)	S1/Expression Repetition (ER_S1)	S1/tokens (%)	S2/Initiated Expression (IE_S2)	S2/Expression Repetition (ER_S2)	S2/tokens (%)	Voc. Overlap S1	Voc. Overlap S2	SR/S1/ELS	SR/S1/EV	SR/S1/ER	SR/S1/ENTR	SR/S1/L	SR/S1/LMAX	SR/S2/ELS	SR/S2/EV	SR/S2/ER	SR/S2/ENTR	SR/S2/L	SR/S2/LMAX
dialogue_txt	Human 1	Human 2	0.55	0.18181818181818182	0.4756756756756757	0.45	0.2268041237113402	0.5243243243243243	0.30985915492957744	0.3055555555555556	4.0	0.042105263157894736	0.16842105263157894	0.7219280948873623	1.4	3.0	11.0	0.10476190476190476	0.3142857142857143	1.0676111603502403	1.3478260869565217	3.0
