ID	Num. utterances	Num. tokens	Expression Lexicon Size (ELS)	Expression Variety (EV)	Expression Repetition (ER)	Voc. Overlap	ENTR	L	LMAX
dialogue_txt	16.0	299.0	35.0	0.11705685618729098	0.26421404682274247	0.24285714285714285	0.8059752007494908	1.2156862745098038	3.0
