ID	S1	S2	S1/Initiated Expression (IE_S1)	S1/Expression Repetition (ER_S1)	S1/tokens (%)	S2/Initiated Expression (IE_S2)	S2/Expression Repetition (ER_S2)	S2/tokens (%)	Voc. Overlap S1	Voc. Overlap S2	SR/S1/ELS	SR/S1/EV	SR/S1/ER	SR/S1/ENTR	SR/S1/L	SR/S1/LMAX	SR/S2/ELS	SR/S2/EV	SR/S2/ER	SR/S2/ENTR	SR/S2/L	SR/S2/LMAX
dialogue_txt	Human 1	Human 2	0.6285714285714286	0.21897810218978103	0.45819397993311034	0.37142857142857144	0.30246913580246915	0.5418060200668896	0.38636363636363635	0.3953488372093023	14.0	0.09655172413793103	0.296551724137931	0.8503259045049341	1.3214285714285714	4.0	30.0	0.17647058823529413	0.6	1.49949763166885	1.6666666666666667	5.0
