ID	Num. utterances	Num. tokens	Expression Lexicon Size (ELS)	Expression Variety (EV)	Expression Repetition (ER)	Voc. Overlap	ENTR	L	LMAX
dialogue_txt	14.0	276.0	45.0	0.16304347826086957	0.38405797101449274	0.34782608695652173	0.9288743307588817	1.2713178294573644	3.0
