ID	S1	S2	S1/Initiated Expression (IE_S1)	S1/Expression Repetition (ER_S1)	S1/tokens (%)	S2/Initiated Expression (IE_S2)	S2/Expression Repetition (ER_S2)	S2/tokens (%)	Voc. Overlap S1	Voc. Overlap S2	SR/S1/ELS	SR/S1/EV	SR/S1/ER	SR/S1/ENTR	SR/S1/L	SR/S1/LMAX	SR/S2/ELS	SR/S2/EV	SR/S2/ER	SR/S2/ENTR	SR/S2/L	SR/S2/LMAX
dialogue_txt	Human 1	Human 2	0.7894736842105263	0.1	0.4807692307692308	0.21052631578947367	0.6296296296296297	0.5192307692307693	0.5512820512820513	0.6515151515151515	11.0	0.102803738317757	0.21495327102803738	-0.0	1.0	1.0	23.0	0.19827586206896552	0.5086206896551724	0.9246329720391453	1.2666666666666666	3.0
