ID	Num. utterances	Num. tokens	Expression Lexicon Size (ELS)	Expression Variety (EV)	Expression Repetition (ER)	Voc. Overlap	ENTR	L	LMAX
dialogue_txt	15.0	239.0	35.0	0.14644351464435146	0.28451882845188287	0.26119402985074625	0.5281098034628293	1.1195652173913044	2.0
