ID	Num. utterances	Num. tokens	Expression Lexicon Size (ELS)	Expression Variety (EV)	Expression Repetition (ER)	Voc. Overlap	ENTR	L	LMAX
dialogue_txt	15.0	281.0	36.0	0.12811387900355872	0.3167259786476868	0.3333333333333333	0.7880282241090432	1.233644859813084	5.0
