ID	S1	S2	S1/Initiated Expression (IE_S1)	S1/Expression Repetition (ER_S1)	S1/tokens (%)	S2/Initiated Expression (IE_S2)	S2/Expression Repetition (ER_S2)	S2/tokens (%)	Voc. Overlap S1	Voc. Overlap S2	SR/S1/ELS	SR/S1/EV	SR/S1/ER	SR/S1/ENTR	SR/S1/L	SR/S1/LMAX	SR/S2/ELS	SR/S2/EV	SR/S2/ER	SR/S2/ENTR	SR/S2/L	SR/S2/LMAX
dialogue_txt	Human 1	Human 2	0.6451612903225806	0.145985401459854	0.5780590717299579	0.3548387096774194	0.58	0.4219409282700422	0.3522727272727273	0.5849056603773585	14.0	0.09655172413793103	0.296551724137931	0.8503259045049341	1.3214285714285714	4.0	22.0	0.2037037037037037	0.5740740740740741	0.6500224216483541	1.1666666666666667	2.0
