ID	Num. utterances	Num. tokens	Expression Lexicon Size (ELS)	Expression Variety (EV)	Expression Repetition (ER)	Voc. Overlap	ENTR	L	LMAX
dialogue_txt	14.0	293.0	51.0	0.17406143344709898	0.4129692832764505	0.4796747967479675	0.9994745167547376	1.3235294117647058	5.0
