ID	S1	S2	S1/Initiated Expression (IE_S1)	S1/Expression Repetition (ER_S1)	S1/tokens (%)	S2/Initiated Expression (IE_S2)	S2/Expression Repetition (ER_S2)	S2/tokens (%)	Voc. Overlap S1	Voc. Overlap S2	SR/S1/ELS	SR/S1/EV	SR/S1/ER	SR/S1/ENTR	SR/S1/L	SR/S1/LMAX	SR/S2/ELS	SR/S2/EV	SR/S2/ER	SR/S2/ENTR	SR/S2/L	SR/S2/LMAX
dialogue_txt	Human 1	Human 2	0.7254901960784313	0.174496644295302	0.5085324232081911	0.27450980392156865	0.6597222222222222	0.49146757679180886	0.6020408163265306	0.7023809523809523	14.0	0.08974358974358974	0.27564102564102566	0.7355085815538398	1.206896551724138	2.0	29.0	0.19205298013245034	0.5364238410596026	0.7157200739295594	1.1791044776119404	3.0
