ID	S1	S2	S1/Initiated Expression (IE_S1)	S1/Expression Repetition (ER_S1)	S1/tokens (%)	S2/Initiated Expression (IE_S2)	S2/Expression Repetition (ER_S2)	S2/tokens (%)	Voc. Overlap S1	Voc. Overlap S2	SR/S1/ELS	SR/S1/EV	SR/S1/ER	SR/S1/ENTR	SR/S1/L	SR/S1/LMAX	SR/S2/ELS	SR/S2/EV	SR/S2/ER	SR/S2/ENTR	SR/S2/L	SR/S2/LMAX
dialogue_txt	Human 1	Human 2	0.8	0.17117117117117117	0.4847161572052402	0.2	0.4322033898305085	0.5152838427947598	0.41333333333333333	0.4189189189189189	15.0	0.1271186440677966	0.3644067796610169	1.014097655573916	1.3125	3.0	24.0	0.19047619047619047	0.49206349206349204	0.5095157180881823	1.1132075471698113	2.0
