ID	Num. utterances	Num. tokens	Expression Lexicon Size (ELS)	Expression Variety (EV)	Expression Repetition (ER)	Voc. Overlap	ENTR	L	LMAX
dialogue_txt	15.0	208.0	31.0	0.14903846153846154	0.27403846153846156	0.2764227642276423	0.677492163139079	1.1898734177215189	4.0
