ID	Num. utterances	Num. tokens	Expression Lexicon Size (ELS)	Expression Variety (EV)	Expression Repetition (ER)	Voc. Overlap	ENTR	L	LMAX
dialogue_txt	14.0	241.0	33.0	0.13692946058091288	0.3278008298755187	0.27884615384615385	1.387910998401038	1.5256410256410255	5.0
