ID	S1	S2	S1/Initiated Expression (IE_S1)	S1/Expression Repetition (ER_S1)	S1/tokens (%)	S2/Initiated Expression (IE_S2)	S2/Expression Repetition (ER_S2)	S2/tokens (%)	Voc. Overlap S1	Voc. Overlap S2	SR/S1/ELS	SR/S1/EV	SR/S1/ER	SR/S1/ENTR	SR/S1/L	SR/S1/LMAX	SR/S2/ELS	SR/S2/EV	SR/S2/ER	SR/S2/ENTR	SR/S2/L	SR/S2/LMAX
dialogue_txt	Human 1	Human 2	0.6666666666666666	0.19672131147540983	0.3465909090909091	0.3333333333333333	0.2782608695652174	0.6534090909090909	0.43902439024390244	0.28125	10.0	0.14492753623188406	0.37681159420289856	0.8812908992306927	1.3	2.0	14.0	0.11290322580645161	0.5483870967741935	1.1904924696318402	2.5185185185185186	12.0
