ID	S1	S2	S1/Initiated Expression (IE_S1)	S1/Expression Repetition (ER_S1)	S1/tokens (%)	S2/Initiated Expression (IE_S2)	S2/Expression Repetition (ER_S2)	S2/tokens (%)	Voc. Overlap S1	Voc. Overlap S2	SR/S1/ELS	SR/S1/EV	SR/S1/ER	SR/S1/ENTR	SR/S1/L	SR/S1/LMAX	SR/S2/ELS	SR/S2/EV	SR/S2/ER	SR/S2/ENTR	SR/S2/L	SR/S2/LMAX
dialogue_txt	Human 1	Human 2	0.8214285714285714	0.08029197080291971	0.6116071428571429	0.17857142857142858	0.5862068965517241	0.38839285714285715	0.3225806451612903	0.6976744186046512	11.0	0.07534246575342465	0.21232876712328766	0.4262286569981449	1.173913043478261	3.0	12.0	0.125	0.59375	1.8301509499142812	2.111111111111111	6.0
