ID	Num. utterances	Num. tokens	Expression Lexicon Size (ELS)	Expression Variety (EV)	Expression Repetition (ER)	Voc. Overlap	ENTR	L	LMAX
dialogue_txt	18.0	287.0	23.0	0.08013937282229965	0.1986062717770035	0.16666666666666666	0.5969995167604552	1.144927536231884	2.0
