ID	S1	S2	S1/Initiated Expression (IE_S1)	S1/Expression Repetition (ER_S1)	S1/tokens (%)	S2/Initiated Expression (IE_S2)	S2/Expression Repetition (ER_S2)	S2/tokens (%)	Voc. Overlap S1	Voc. Overlap S2	SR/S1/ELS	SR/S1/EV	SR/S1/ER	SR/S1/ENTR	SR/S1/L	SR/S1/LMAX	SR/S2/ELS	SR/S2/EV	SR/S2/ER	SR/S2/ENTR	SR/S2/L	SR/S2/LMAX
dialogue_txt	Human 1	Human 2	0.6190476190476191	0.2033898305084746	0.2744186046511628	0.38095238095238093	0.23076923076923078	0.7255813953488373	0.5348837209302325	0.2169811320754717	8.0	0.11940298507462686	0.31343283582089554	-0.0	1.0	1.0	22.0	0.13414634146341464	0.3902439024390244	0.5188978124006426	1.169811320754717	3.0
