ID	Num. utterances	Num. tokens	Expression Lexicon Size (ELS)	Expression Variety (EV)	Expression Repetition (ER)	Voc. Overlap	ENTR	L	LMAX
dialogue_txt	16.0	201.0	9.0	0.04477611940298507	0.0945273631840796	0.11827956989247312	0.362051251733998	1.0689655172413792	2.0
