ID	Num. utterances	Num. tokens	Expression Lexicon Size (ELS)	Expression Variety (EV)	Expression Repetition (ER)	Voc. Overlap	ENTR	L	LMAX
dialogue_txt	18.0	243.0	16.0	0.06584362139917696	0.1111111111111111	0.13761467889908258	0.5131851787372753	1.1304347826086956	3.0
