ID	Num. utterances	Num. tokens	Expression Lexicon Size (ELS)	Expression Variety (EV)	Expression Repetition (ER)	Voc. Overlap	ENTR	L	LMAX
dialogue_txt	15.0	245.0	47.0	0.19183673469387755	0.3469387755102041	0.3865546218487395	0.6663241178018904	1.1596638655462186	3.0
