ID	Num. utterances	Num. tokens	Expression Lexicon Size (ELS)	Expression Variety (EV)	Expression Repetition (ER)	Voc. Overlap	ENTR	L	LMAX
dialogue_txt	19.0	268.0	25.0	0.09328358208955224	0.2126865671641791	0.21311475409836064	0.2837689703721876	1.0493827160493827	2.0
