ID	Num. utterances	Num. tokens	Expression Lexicon Size (ELS)	Expression Variety (EV)	Expression Repetition (ER)	Voc. Overlap	ENTR	L	LMAX
dialogue_txt	15.0	239.0	24.0	0.100418410041841	0.2175732217573222	0.21428571428571427	0.6329208984823799	1.1594202898550725	2.0
