ID	Num. utterances	Num. tokens	Expression Lexicon Size (ELS)	Expression Variety (EV)	Expression Repetition (ER)	Voc. Overlap	ENTR	L	LMAX
dialogue_txt	17.0	309.0	39.0	0.1262135922330097	0.2621359223300971	0.28289473684210525	0.8837856514213793	1.2523364485981308	3.0
