ID	Num. utterances	Num. tokens	Expression Lexicon Size (ELS)	Expression Variety (EV)	Expression Repetition (ER)	Voc. Overlap	ENTR	L	LMAX
dialogue_txt	16.0	298.0	49.0	0.1644295302013423	0.34563758389261745	0.35507246376811596	0.9143019716986519	1.2844827586206897	3.0
