ID	S1	S2	S1/Initiated Expression (IE_S1)	S1/Expression Repetition (ER_S1)	S1/tokens (%)	S2/Initiated Expression (IE_S2)	S2/Expression Repetition (ER_S2)	S2/tokens (%)	Voc. Overlap S1	Voc. Overlap S2	SR/S1/ELS	SR/S1/EV	SR/S1/ER	SR/S1/ENTR	SR/S1/L	SR/S1/LMAX	SR/S2/ELS	SR/S2/EV	SR/S2/ER	SR/S2/ENTR	SR/S2/L	SR/S2/LMAX
dialogue_txt	Human 1	Human 2	0.8292682926829268	0.15315315315315314	0.4457831325301205	0.17073170731707318	0.6594202898550725	0.5542168674698795	0.5844155844155844	0.6428571428571429	12.0	0.10084033613445378	0.2857142857142857	-0.0	1.0	1.0	24.0	0.1643835616438356	0.6027397260273972	1.6514812425365812	2.0434782608695654	11.0
