ID	Num. utterances	Num. tokens	Expression Lexicon Size (ELS)	Expression Variety (EV)	Expression Repetition (ER)	Voc. Overlap	ENTR	L	LMAX
dialogue_txt	14.0	223.0	29.0	0.13004484304932734	0.2914798206278027	0.30434782608695654	0.7642045065086203	1.2222222222222223	2.0
