ID	S1	S2	S1/Initiated Expression (IE_S1)	S1/Expression Repetition (ER_S1)	S1/tokens (%)	S2/Initiated Expression (IE_S2)	S2/Expression Repetition (ER_S2)	S2/tokens (%)	Voc. Overlap S1	Voc. Overlap S2	SR/S1/ELS	SR/S1/EV	SR/S1/ER	SR/S1/ENTR	SR/S1/L	SR/S1/LMAX	SR/S2/ELS	SR/S2/EV	SR/S2/ER	SR/S2/ENTR	SR/S2/L	SR/S2/LMAX
dialogue_txt	Human 1	Human 2	0.7857142857142857	0.21897810218978103	0.4823943661971831	0.21428571428571427	0.7006802721088435	0.5176056338028169	0.6590909090909091	0.7435897435897436	14.0	0.09655172413793103	0.296551724137931	0.8503259045049341	1.3214285714285714	4.0	28.0	0.18064516129032257	0.5806451612903226	0.8964187653350599	1.295774647887324	4.0
