ID	Num. utterances	Num. tokens	Expression Lexicon Size (ELS)	Expression Variety (EV)	Expression Repetition (ER)	Voc. Overlap	ENTR	L	LMAX
dialogue_txt	19.0	294.0	51.0	0.17346938775510204	0.391156462585034	0.36507936507936506	0.7045767128725936	1.1914893617021276	2.0
