ID	Num. utterances	Num. tokens	Expression Lexicon Size (ELS)	Expression Variety (EV)	Expression Repetition (ER)	Voc. Overlap	ENTR	L	LMAX
dialogue_txt	13.0	201.0	28.0	0.13930348258706468	0.26865671641791045	0.2857142857142857	0.7273006785144037	1.2027027027027026	2.0
