ID	S1	S2	S1/Initiated Expression (IE_S1)	S1/Expression Repetition (ER_S1)	S1/tokens (%)	S2/Initiated Expression (IE_S2)	S2/Expression Repetition (ER_S2)	S2/tokens (%)	Voc. Overlap S1	Voc. Overlap S2	SR/S1/ELS	SR/S1/EV	SR/S1/ER	SR/S1/ENTR	SR/S1/L	SR/S1/LMAX	SR/S2/ELS	SR/S2/EV	SR/S2/ER	SR/S2/ENTR	SR/S2/L	SR/S2/LMAX
dialogue_txt	Human 1	Human 2	0.7678571428571429	0.1834319526627219	0.5232198142414861	0.23214285714285715	0.5454545454545454	0.47678018575851394	0.5353535353535354	0.5888888888888889	26.0	0.14689265536723164	0.4067796610169492	0.83294582353614	1.2641509433962264	2.0	31.0	0.19135802469135801	0.49382716049382713	0.845804533823115	1.2307692307692308	3.0
