ID	S1	S2	S1/Initiated Expression (IE_S1)	S1/Expression Repetition (ER_S1)	S1/tokens (%)	S2/Initiated Expression (IE_S2)	S2/Expression Repetition (ER_S2)	S2/tokens (%)	Voc. Overlap S1	Voc. Overlap S2	SR/S1/ELS	SR/S1/EV	SR/S1/ER	SR/S1/ENTR	SR/S1/L	SR/S1/LMAX	SR/S2/ELS	SR/S2/EV	SR/S2/ER	SR/S2/ENTR	SR/S2/L	SR/S2/LMAX
dialogue_txt	Human 1	Human 2	0.8055555555555556	0.15	0.2830188679245283	0.19444444444444445	0.4934210526315789	0.7169811320754716	0.8043478260869565	0.46835443037974683	5.0	0.07246376811594203	0.17391304347826086	0.7219280948873623	1.2	2.0	28.0	0.17391304347826086	0.5279503105590062	0.871683617119982	1.2923076923076924	2.0
