ID	Num. utterances	Num. tokens	Expression Lexicon Size (ELS)	Expression Variety (EV)	Expression Repetition (ER)	Voc. Overlap	ENTR	L	LMAX
dialogue_txt	16.0	339.0	58.0	0.1710914454277286	0.36283185840707965	0.38064516129032255	0.8152182250631594	1.2179487179487178	3.0
