ID	S1	S2	S1/Initiated Expression (IE_S1)	S1/Expression Repetition (ER_S1)	S1/tokens (%)	S2/Initiated Expression (IE_S2)	S2/Expression Repetition (ER_S2)	S2/tokens (%)	Voc. Overlap S1	Voc. Overlap S2	SR/S1/ELS	SR/S1/EV	SR/S1/ER	SR/S1/ENTR	SR/S1/L	SR/S1/LMAX	SR/S2/ELS	SR/S2/EV	SR/S2/ER	SR/S2/ENTR	SR/S2/L	SR/S2/LMAX
dialogue_txt	Human 1	Human 2	0.75	0.16216216216216217	0.4758842443729904	0.25	0.5276073619631901	0.5241157556270096	0.5287356321839081	0.5111111111111111	22.0	0.14102564102564102	0.4230769230769231	0.8176338568998316	1.22	3.0	27.0	0.15789473684210525	0.52046783625731	0.8826078452367557	1.2537313432835822	3.0
