ID	Num. utterances	Num. tokens	Expression Lexicon Size (ELS)	Expression Variety (EV)	Expression Repetition (ER)	Voc. Overlap	ENTR	L	LMAX
dialogue_txt	16.0	311.0	44.0	0.1414790996784566	0.3536977491961415	0.3511450381679389	1.4197644355119012	1.617391304347826	9.0
