ID	Num. utterances	Num. tokens	Expression Lexicon Size (ELS)	Expression Variety (EV)	Expression Repetition (ER)	Voc. Overlap	ENTR	L	LMAX
dialogue_txt	19.0	457.0	73.0	0.15973741794310722	0.4179431072210066	0.4175824175824176	1.457410908980641	1.6327683615819208	8.0
