ID	Num. utterances	Num. tokens	Expression Lexicon Size (ELS)	Expression Variety (EV)	Expression Repetition (ER)	Voc. Overlap	ENTR	L	LMAX
dialogue_txt	16.0	230.0	45.0	0.1956521739130435	0.391304347826087	0.45544554455445546	1.1348826079502201	1.3761467889908257	5.0
