ID	Num. utterances	Num. tokens	Expression Lexicon Size (ELS)	Expression Variety (EV)	Expression Repetition (ER)	Voc. Overlap	ENTR	L	LMAX
dialogue_txt	15.0	173.0	33.0	0.1907514450867052	0.3468208092485549	0.3793103448275862	0.8600624215314032	1.240506329113924	3.0
