ID	Num. utterances	Num. tokens	Expression Lexicon Size (ELS)	Expression Variety (EV)	Expression Repetition (ER)	Voc. Overlap	ENTR	L	LMAX
dialogue_txt	16.0	163.0	33.0	0.20245398773006135	0.4171779141104294	0.4166666666666667	0.8324205811740159	1.2261904761904763	3.0
