ID	S1	S2	S1/Initiated Expression (IE_S1)	S1/Expression Repetition (ER_S1)	S1/tokens (%)	S2/Initiated Expression (IE_S2)	S2/Expression Repetition (ER_S2)	S2/tokens (%)	Voc. Overlap S1	Voc. Overlap S2	SR/S1/ELS	SR/S1/EV	SR/S1/ER	SR/S1/ENTR	SR/S1/L	SR/S1/LMAX	SR/S2/ELS	SR/S2/EV	SR/S2/ER	SR/S2/ENTR	SR/S2/L	SR/S2/LMAX
dialogue_txt	Human 1	Human 2	0.8484848484848485	0.2033898305084746	0.3619631901840491	0.15151515151515152	0.5384615384615384	0.6380368098159509	0.6976744186046512	0.5084745762711864	8.0	0.11940298507462686	0.31343283582089554	-0.0	1.0	1.0	22.0	0.19642857142857142	0.5089285714285714	1.0226297788901693	1.3181818181818181	3.0
