ID	S1	S2	S1/Initiated Expression (IE_S1)	S1/Expression Repetition (ER_S1)	S1/tokens (%)	S2/Initiated Expression (IE_S2)	S2/Expression Repetition (ER_S2)	S2/tokens (%)	Voc. Overlap S1	Voc. Overlap S2	SR/S1/ELS	SR/S1/EV	SR/S1/ER	SR/S1/ENTR	SR/S1/L	SR/S1/LMAX	SR/S2/ELS	SR/S2/EV	SR/S2/ER	SR/S2/ENTR	SR/S2/L	SR/S2/LMAX
dialogue_txt	Human 1	Human 2	0.7333333333333333	0.09259259259259259	0.453781512605042	0.26666666666666666	0.24615384615384617	0.5462184873949579	0.4146341463414634	0.3269230769230769	4.0	0.06896551724137931	0.1724137931034483	-0.0	1.0	1.0	6.0	0.08695652173913043	0.2028985507246377	-0.0	1.0	1.0
