ID	S1	S2	S1/Initiated Expression (IE_S1)	S1/Expression Repetition (ER_S1)	S1/tokens (%)	S2/Initiated Expression (IE_S2)	S2/Expression Repetition (ER_S2)	S2/tokens (%)	Voc. Overlap S1	Voc. Overlap S2	SR/S1/ELS	SR/S1/EV	SR/S1/ER	SR/S1/ENTR	SR/S1/L	SR/S1/LMAX	SR/S2/ELS	SR/S2/EV	SR/S2/ER	SR/S2/ENTR	SR/S2/L	SR/S2/LMAX
dialogue_txt	Human 1	Human 2	0.7619047619047619	0.1794871794871795	0.3880597014925373	0.23809523809523808	0.21951219512195122	0.6119402985074627	0.42857142857142855	0.3076923076923077	7.0	0.08045977011494253	0.2413793103448276	0.5916727785823274	1.2857142857142858	3.0	17.0	0.12878787878787878	0.4166666666666667	1.3817296923222286	1.6	3.0
