ID	Num. utterances	Num. tokens	Expression Lexicon Size (ELS)	Expression Variety (EV)	Expression Repetition (ER)	Voc. Overlap	ENTR	L	LMAX
dialogue_txt	16.0	335.0	50.0	0.14925373134328357	0.28059701492537314	0.2848101265822785	0.762854580507349	1.1984732824427482	3.0
