ID	Num. utterances	Num. tokens	Expression Lexicon Size (ELS)	Expression Variety (EV)	Expression Repetition (ER)	Voc. Overlap	ENTR	L	LMAX
dialogue_txt	15.0	253.0	29.0	0.11462450592885376	0.2648221343873518	0.27419354838709675	0.7749265092282708	1.2359550561797752	5.0
