ID	S1	S2	S1/Initiated Expression (IE_S1)	S1/Expression Repetition (ER_S1)	S1/tokens (%)	S2/Initiated Expression (IE_S2)	S2/Expression Repetition (ER_S2)	S2/tokens (%)	Voc. Overlap S1	Voc. Overlap S2	SR/S1/ELS	SR/S1/EV	SR/S1/ER	SR/S1/ENTR	SR/S1/L	SR/S1/LMAX	SR/S2/ELS	SR/S2/EV	SR/S2/ER	SR/S2/ENTR	SR/S2/L	SR/S2/LMAX
dialogue_txt	Human 1	Human 2	0.7857142857142857	0.07407407407407407	0.48214285714285715	0.21428571428571427	0.3275862068965517	0.5178571428571429	0.4878048780487805	0.43478260869565216	4.0	0.06896551724137931	0.1724137931034483	-0.0	1.0	1.0	4.0	0.06451612903225806	0.1774193548387097	0.7642045065086203	1.2222222222222223	2.0
