ID	Num. utterances	Num. tokens	Expression Lexicon Size (ELS)	Expression Variety (EV)	Expression Repetition (ER)	Voc. Overlap	ENTR	L	LMAX
dialogue_txt	13.0	253.0	28.0	0.11067193675889328	0.23715415019762845	0.24489795918367346	0.9158222797306772	1.2666666666666666	3.0
