ID	Num. utterances	Num. tokens	Expression Lexicon Size (ELS)	Expression Variety (EV)	Expression Repetition (ER)	Voc. Overlap	ENTR	L	LMAX
dialogue_txt	16.0	264.0	41.0	0.1553030303030303	0.3371212121212121	0.35964912280701755	1.0285241962098226	1.3302752293577982	5.0
