ID	Num. utterances	Num. tokens	Expression Lexicon Size (ELS)	Expression Variety (EV)	Expression Repetition (ER)	Voc. Overlap	ENTR	L	LMAX
dialogue_txt	13.0	203.0	25.0	0.12315270935960591	0.2512315270935961	0.24770642201834864	0.506080468655057	1.144927536231884	4.0
