ID	Num. utterances	Num. tokens	Expression Lexicon Size (ELS)	Expression Variety (EV)	Expression Repetition (ER)	Voc. Overlap	ENTR	L	LMAX
dialogue_txt	16.0	317.0	43.0	0.13564668769716087	0.3249211356466877	0.3087248322147651	0.8140695450918806	1.2868852459016393	7.0
