ID	S1	S2	S1/Initiated Expression (IE_S1)	S1/Expression Repetition (ER_S1)	S1/tokens (%)	S2/Initiated Expression (IE_S2)	S2/Expression Repetition (ER_S2)	S2/tokens (%)	Voc. Overlap S1	Voc. Overlap S2	SR/S1/ELS	SR/S1/EV	SR/S1/ER	SR/S1/ENTR	SR/S1/L	SR/S1/LMAX	SR/S2/ELS	SR/S2/EV	SR/S2/ER	SR/S2/ENTR	SR/S2/L	SR/S2/LMAX
dialogue_txt	Human 1	Human 2	0.7142857142857143	0.13636363636363635	0.41904761904761906	0.2857142857142857	0.3360655737704918	0.580952380952381	0.390625	0.3472222222222222	12.0	0.12631578947368421	0.29473684210526313	0.4021791902022728	1.08	2.0	19.0	0.14615384615384616	0.5076923076923077	1.3914812669116938	1.6666666666666667	5.0
