ID	S1	S2	S1/Initiated Expression (IE_S1)	S1/Expression Repetition (ER_S1)	S1/tokens (%)	S2/Initiated Expression (IE_S2)	S2/Expression Repetition (ER_S2)	S2/tokens (%)	Voc. Overlap S1	Voc. Overlap S2	SR/S1/ELS	SR/S1/EV	SR/S1/ER	SR/S1/ENTR	SR/S1/L	SR/S1/LMAX	SR/S2/ELS	SR/S2/EV	SR/S2/ER	SR/S2/ENTR	SR/S2/L	SR/S2/LMAX
dialogue_txt	Human 1	Human 2	0.7741935483870968	0.15254237288135594	0.49166666666666664	0.22580645161290322	0.5737704918032787	0.5083333333333333	0.5064935064935064	0.5909090909090909	13.0	0.104	0.264	0.6051865766334206	1.1481481481481481	2.0	19.0	0.14615384615384616	0.5076923076923077	1.3119635955536793	1.8857142857142857	11.0
