ID	Num. utterances	Num. tokens	Expression Lexicon Size (ELS)	Expression Variety (EV)	Expression Repetition (ER)	Voc. Overlap	ENTR	L	LMAX
dialogue_txt	15.0	263.0	36.0	0.13688212927756654	0.27756653992395436	0.291044776119403	0.9591598438404461	1.2872340425531914	3.0
