ID	S1	S2	S1/Initiated Expression (IE_S1)	S1/Expression Repetition (ER_S1)	S1/tokens (%)	S2/Initiated Expression (IE_S2)	S2/Expression Repetition (ER_S2)	S2/tokens (%)	Voc. Overlap S1	Voc. Overlap S2	SR/S1/ELS	SR/S1/EV	SR/S1/ER	SR/S1/ENTR	SR/S1/L	SR/S1/LMAX	SR/S2/ELS	SR/S2/EV	SR/S2/ER	SR/S2/ENTR	SR/S2/L	SR/S2/LMAX
dialogue_txt	Human 1	Human 2	0.84	0.11594202898550725	0.3612565445026178	0.16	0.3360655737704918	0.6387434554973822	0.5263157894736842	0.38961038961038963	6.0	0.07894736842105263	0.18421052631578946	-0.0	1.0	1.0	23.0	0.17692307692307693	0.43846153846153846	0.4750591453273985	1.1176470588235294	3.0
