ID	Num. utterances	Num. tokens	Expression Lexicon Size (ELS)	Expression Variety (EV)	Expression Repetition (ER)	Voc. Overlap	ENTR	L	LMAX
dialogue_txt	14.0	290.0	47.0	0.16206896551724137	0.3586206896551724	0.3798449612403101	0.6131790844372063	1.1526717557251909	4.0
