ID	S1	S2	S1/Initiated Expression (IE_S1)	S1/Expression Repetition (ER_S1)	S1/tokens (%)	S2/Initiated Expression (IE_S2)	S2/Expression Repetition (ER_S2)	S2/tokens (%)	Voc. Overlap S1	Voc. Overlap S2	SR/S1/ELS	SR/S1/EV	SR/S1/ER	SR/S1/ENTR	SR/S1/L	SR/S1/LMAX	SR/S2/ELS	SR/S2/EV	SR/S2/ER	SR/S2/ENTR	SR/S2/L	SR/S2/LMAX
dialogue_txt	Human 1	Human 2	0.7931034482758621	0.045454545454545456	0.4	0.20689655172413793	0.46464646464646464	0.6	0.6140350877192983	0.5555555555555556	3.0	0.0410958904109589	0.0821917808219178	-0.0	1.0	1.0	15.0	0.14150943396226415	0.4056603773584906	0.49418293484978865	1.1081081081081081	2.0
