ID	S1	S2	S1/Initiated Expression (IE_S1)	S1/Expression Repetition (ER_S1)	S1/tokens (%)	S2/Initiated Expression (IE_S2)	S2/Expression Repetition (ER_S2)	S2/tokens (%)	Voc. Overlap S1	Voc. Overlap S2	SR/S1/ELS	SR/S1/EV	SR/S1/ER	SR/S1/ENTR	SR/S1/L	SR/S1/LMAX	SR/S2/ELS	SR/S2/EV	SR/S2/ER	SR/S2/ENTR	SR/S2/L	SR/S2/LMAX
dialogue_txt	Human 1	Human 2	0.5454545454545454	0.25196850393700787	0.49416342412451364	0.45454545454545453	0.3	0.5058365758754864	0.43209876543209874	0.47297297297297297	16.0	0.11940298507462686	0.34328358208955223	0.6394571324851641	1.162162162162162	2.0	23.0	0.16666666666666666	0.5507246376811594	1.6113531436565995	1.7391304347826086	6.0
