ID	Num. utterances	Num. tokens	Expression Lexicon Size (ELS)	Expression Variety (EV)	Expression Repetition (ER)	Voc. Overlap	ENTR	L	LMAX
dialogue_txt	18.0	246.0	23.0	0.09349593495934959	0.2601626016260163	0.20967741935483872	0.4991798361885462	1.1097560975609757	2.0
