ID	Num. utterances	Num. tokens	Expression Lexicon Size (ELS)	Expression Variety (EV)	Expression Repetition (ER)	Voc. Overlap	ENTR	L	LMAX
dialogue_txt	15.0	238.0	45.0	0.18907563025210083	0.3487394957983193	0.38738738738738737	1.2442032113335928	1.5108695652173914	5.0
