ID	Num. utterances	Num. tokens	Expression Lexicon Size (ELS)	Expression Variety (EV)	Expression Repetition (ER)	Voc. Overlap	ENTR	L	LMAX
dialogue_txt	17.0	277.0	43.0	0.1552346570397112	0.3898916967509025	0.4426229508196721	1.2163522985021646	1.5128205128205128	6.0
