ID	Num. utterances	Num. tokens	Expression Lexicon Size (ELS)	Expression Variety (EV)	Expression Repetition (ER)	Voc. Overlap	ENTR	L	LMAX
dialogue_txt	18.0	210.0	31.0	0.14761904761904762	0.24761904761904763	0.31521739130434784	1.2009789763347603	1.408450704225352	4.0
