ID	S1	S2	S1/Initiated Expression (IE_S1)	S1/Expression Repetition (ER_S1)	S1/tokens (%)	S2/Initiated Expression (IE_S2)	S2/Expression Repetition (ER_S2)	S2/tokens (%)	Voc. Overlap S1	Voc. Overlap S2	SR/S1/ELS	SR/S1/EV	SR/S1/ER	SR/S1/ENTR	SR/S1/L	SR/S1/LMAX	SR/S2/ELS	SR/S2/EV	SR/S2/ER	SR/S2/ENTR	SR/S2/L	SR/S2/LMAX
dialogue_txt	Human 1	Human 2	0.5483870967741935	0.18867924528301888	0.2523809523809524	0.45161290322580644	0.267515923566879	0.7476190476190476	0.7435897435897436	0.35365853658536583	5.0	0.08064516129032258	0.16129032258064516	-0.0	1.0	1.0	35.0	0.21084337349397592	0.6024096385542169	1.1161097734687913	1.391304347826087	4.0
