ID	Num. utterances	Num. tokens	Expression Lexicon Size (ELS)	Expression Variety (EV)	Expression Repetition (ER)	Voc. Overlap	ENTR	L	LMAX
dialogue_txt	13.0	239.0	21.0	0.08786610878661087	0.18410041841004185	0.1564625850340136	0.4637773498877516	1.098360655737705	2.0
