ID	Num. utterances	Num. tokens	Expression Lexicon Size (ELS)	Expression Variety (EV)	Expression Repetition (ER)	Voc. Overlap	ENTR	L	LMAX
dialogue_txt	18.0	184.0	26.0	0.14130434782608695	0.31521739130434784	0.3373493975903614	1.0668833004212146	1.338235294117647	4.0
