ID	S1	S2	S1/Initiated Expression (IE_S1)	S1/Expression Repetition (ER_S1)	S1/tokens (%)	S2/Initiated Expression (IE_S2)	S2/Expression Repetition (ER_S2)	S2/tokens (%)	Voc. Overlap S1	Voc. Overlap S2	SR/S1/ELS	SR/S1/EV	SR/S1/ER	SR/S1/ENTR	SR/S1/L	SR/S1/LMAX	SR/S2/ELS	SR/S2/EV	SR/S2/ER	SR/S2/ENTR	SR/S2/L	SR/S2/LMAX
dialogue_txt	Human 1	Human 2	0.75	0.0948905109489051	0.4391025641025641	0.25	0.2742857142857143	0.5608974358974359	0.2903225806451613	0.3103448275862069	11.0	0.07534246575342465	0.21232876712328766	0.4262286569981449	1.173913043478261	3.0	31.0	0.16847826086956522	0.5869565217391305	1.130578577259698	1.6176470588235294	8.0
