ID	Num. utterances	Num. tokens	Expression Lexicon Size (ELS)	Expression Variety (EV)	Expression Repetition (ER)	Voc. Overlap	ENTR	L	LMAX
dialogue_txt	18.0	312.0	24.0	0.07692307692307693	0.1955128205128205	0.17647058823529413	0.48736957102366274	1.1058823529411765	2.0
