ID	Num. utterances	Num. tokens	Expression Lexicon Size (ELS)	Expression Variety (EV)	Expression Repetition (ER)	Voc. Overlap	ENTR	L	LMAX
dialogue_txt	14.0	273.0	46.0	0.1684981684981685	0.32967032967032966	0.3870967741935484	0.8637367489650453	1.3361344537815125	8.0
