ID	Num. utterances	Num. tokens	Expression Lexicon Size (ELS)	Expression Variety (EV)	Expression Repetition (ER)	Voc. Overlap	ENTR	L	LMAX
dialogue_txt	16.0	266.0	31.0	0.11654135338345864	0.2819548872180451	0.23255813953488372	0.7764407392559866	1.202127659574468	3.0
