ID	Num. utterances	Num. tokens	Expression Lexicon Size (ELS)	Expression Variety (EV)	Expression Repetition (ER)	Voc. Overlap	ENTR	L	LMAX
dialogue_txt	14.0	261.0	30.0	0.11494252873563218	0.31800766283524906	0.2835820895522388	0.9041874279055114	1.3010752688172043	5.0
