ID	Num. utterances	Num. tokens	Expression Lexicon Size (ELS)	Expression Variety (EV)	Expression Repetition (ER)	Voc. Overlap	ENTR	L	LMAX
dialogue_txt	16.0	225.0	24.0	0.10666666666666667	0.26222222222222225	0.2621359223300971	1.525361236604161	1.7758620689655173	6.0
