ID	S1	S2	S1/Initiated Expression (IE_S1)	S1/Expression Repetition (ER_S1)	S1/tokens (%)	S2/Initiated Expression (IE_S2)	S2/Expression Repetition (ER_S2)	S2/tokens (%)	Voc. Overlap S1	Voc. Overlap S2	SR/S1/ELS	SR/S1/EV	SR/S1/ER	SR/S1/ENTR	SR/S1/L	SR/S1/LMAX	SR/S2/ELS	SR/S2/EV	SR/S2/ER	SR/S2/ENTR	SR/S2/L	SR/S2/LMAX
dialogue_txt	Human 1	Human 2	0.8214285714285714	0.16393442622950818	0.40397350993377484	0.17857142857142858	0.5111111111111111	0.5960264900662252	0.5416666666666666	0.52	7.0	0.1044776119402985	0.23880597014925373	0.5916727785823274	1.1428571428571428	2.0	16.0	0.16494845360824742	0.4639175257731959	0.8739810481273578	1.2941176470588236	2.0
