ID	Num. utterances	Num. tokens	Expression Lexicon Size (ELS)	Expression Variety (EV)	Expression Repetition (ER)	Voc. Overlap	ENTR	L	LMAX
dialogue_txt	19.0	335.0	54.0	0.16119402985074627	0.3164179104477612	0.3473053892215569	0.8475961115553996	1.2318840579710144	4.0
