ID	Num. utterances	Num. tokens	Expression Lexicon Size (ELS)	Expression Variety (EV)	Expression Repetition (ER)	Voc. Overlap	ENTR	L	LMAX
dialogue_txt	19.0	464.0	85.0	0.18318965517241378	0.41379310344827586	0.39444444444444443	1.1117574432451764	1.353211009174312	4.0
