ID	S1	S2	S1/Initiated Expression (IE_S1)	S1/Expression Repetition (ER_S1)	S1/tokens (%)	S2/Initiated Expression (IE_S2)	S2/Expression Repetition (ER_S2)	S2/tokens (%)	Voc. Overlap S1	Voc. Overlap S2	SR/S1/ELS	SR/S1/EV	SR/S1/ER	SR/S1/ENTR	SR/S1/L	SR/S1/LMAX	SR/S2/ELS	SR/S2/EV	SR/S2/ER	SR/S2/ENTR	SR/S2/L	SR/S2/LMAX
dialogue_txt	Human 1	Human 2	0.8518518518518519	0.06557377049180328	0.3674698795180723	0.14814814814814814	0.6285714285714286	0.6325301204819277	0.6808510638297872	0.6037735849056604	8.0	0.11594202898550725	0.2463768115942029	-0.0	1.0	1.0	23.0	0.20353982300884957	0.584070796460177	1.0279797517015115	1.3265306122448979	3.0
