ID	Num. utterances	Num. tokens	Expression Lexicon Size (ELS)	Expression Variety (EV)	Expression Repetition (ER)	Voc. Overlap	ENTR	L	LMAX
dialogue_txt	16.0	326.0	38.0	0.1165644171779141	0.2822085889570552	0.2689655172413793	0.8962039656653089	1.2568807339449541	3.0
