ID	S1	S2	S1/Initiated Expression (IE_S1)	S1/Expression Repetition (ER_S1)	S1/tokens (%)	S2/Initiated Expression (IE_S2)	S2/Expression Repetition (ER_S2)	S2/tokens (%)	Voc. Overlap S1	Voc. Overlap S2	SR/S1/ELS	SR/S1/EV	SR/S1/ER	SR/S1/ENTR	SR/S1/L	SR/S1/LMAX	SR/S2/ELS	SR/S2/EV	SR/S2/ER	SR/S2/ENTR	SR/S2/L	SR/S2/LMAX
dialogue_txt	Human 1	Human 2	0.7346938775510204	0.21897810218978103	0.46598639455782315	0.2653061224489796	0.5159235668789809	0.5340136054421769	0.5454545454545454	0.5106382978723404	19.0	0.1310344827586207	0.36551724137931035	0.693127415328288	1.186046511627907	2.0	32.0	0.1927710843373494	0.5301204819277109	0.6948053635662362	1.2285714285714286	5.0
