ID	Num. utterances	Num. tokens	Expression Lexicon Size (ELS)	Expression Variety (EV)	Expression Repetition (ER)	Voc. Overlap	ENTR	L	LMAX
dialogue_txt	14.0	229.0	41.0	0.17903930131004367	0.37554585152838427	0.3944954128440367	0.9176926814173446	1.2666666666666666	3.0
