ID	S1	S2	S1/Initiated Expression (IE_S1)	S1/Expression Repetition (ER_S1)	S1/tokens (%)	S2/Initiated Expression (IE_S2)	S2/Expression Repetition (ER_S2)	S2/tokens (%)	Voc. Overlap S1	Voc. Overlap S2	SR/S1/ELS	SR/S1/EV	SR/S1/ER	SR/S1/ENTR	SR/S1/L	SR/S1/LMAX	SR/S2/ELS	SR/S2/EV	SR/S2/ER	SR/S2/ENTR	SR/S2/L	SR/S2/LMAX
dialogue_txt	Human 1	Human 2	0.875	0.14102564102564102	0.40625	0.125	0.4824561403508772	0.59375	0.5964912280701754	0.5483870967741935	7.0	0.08333333333333333	0.2261904761904762	0.5435644431995964	1.125	2.0	20.0	0.1652892561983471	0.48760330578512395	1.3915829348671953	1.6486486486486487	6.0
