ID	S1	S2	S1/Initiated Expression (IE_S1)	S1/Expression Repetition (ER_S1)	S1/tokens (%)	S2/Initiated Expression (IE_S2)	S2/Expression Repetition (ER_S2)	S2/tokens (%)	Voc. Overlap S1	Voc. Overlap S2	SR/S1/ELS	SR/S1/EV	SR/S1/ER	SR/S1/ENTR	SR/S1/L	SR/S1/LMAX	SR/S2/ELS	SR/S2/EV	SR/S2/ER	SR/S2/ENTR	SR/S2/L	SR/S2/LMAX
dialogue_txt	Human 1	Human 2	0.8064516129032258	0.15315315315315314	0.5260663507109005	0.1935483870967742	0.45	0.47393364928909953	0.4666666666666667	0.5384615384615384	15.0	0.1271186440677966	0.3644067796610169	1.014097655573916	1.3125	3.0	16.0	0.14814814814814814	0.46296296296296297	0.960947658009521	1.4	5.0
