ID	S1	S2	S1/Initiated Expression (IE_S1)	S1/Expression Repetition (ER_S1)	S1/tokens (%)	S2/Initiated Expression (IE_S2)	S2/Expression Repetition (ER_S2)	S2/tokens (%)	Voc. Overlap S1	Voc. Overlap S2	SR/S1/ELS	SR/S1/EV	SR/S1/ER	SR/S1/ENTR	SR/S1/L	SR/S1/LMAX	SR/S2/ELS	SR/S2/EV	SR/S2/ER	SR/S2/ENTR	SR/S2/L	SR/S2/LMAX
dialogue_txt	Human 1	Human 2	0.8571428571428571	0.16993464052287582	0.523972602739726	0.14285714285714285	0.5611510791366906	0.476027397260274	0.45714285714285713	0.5714285714285714	17.0	0.10625	0.33125	0.7742433029172697	1.263157894736842	4.0	21.0	0.14285714285714285	0.4489795918367347	0.7441942138263226	1.1923076923076923	3.0
