ID	Num. utterances	Num. tokens	Expression Lexicon Size (ELS)	Expression Variety (EV)	Expression Repetition (ER)	Voc. Overlap	ENTR	L	LMAX
dialogue_txt	13.0	201.0	30.0	0.14925373134328357	0.31840796019900497	0.4157303370786517	1.3479205329663806	1.6119402985074627	8.0
