ID	Num. utterances	Num. tokens	Expression Lexicon Size (ELS)	Expression Variety (EV)	Expression Repetition (ER)	Voc. Overlap	ENTR	L	LMAX
dialogue_txt	18.0	186.0	31.0	0.16666666666666666	0.3225806451612903	0.42391304347826086	1.5584118577452817	1.6984126984126984	5.0
