ID	S1	S2	S1/Initiated Expression (IE_S1)	S1/Expression Repetition (ER_S1)	S1/tokens (%)	S2/Initiated Expression (IE_S2)	S2/Expression Repetition (ER_S2)	S2/tokens (%)	Voc. Overlap S1	Voc. Overlap S2	SR/S1/ELS	SR/S1/EV	SR/S1/ER	SR/S1/ENTR	SR/S1/L	SR/S1/LMAX	SR/S2/ELS	SR/S2/EV	SR/S2/ER	SR/S2/ENTR	SR/S2/L	SR/S2/LMAX
dialogue_txt	Human 1	Human 2	0.8709677419354839	0.1326530612244898	0.5268817204301075	0.12903225806451613	0.5340909090909091	0.4731182795698925	0.582089552238806	0.609375	12.0	0.11214953271028037	0.2616822429906542	0.4021791902022728	1.08	2.0	9.0	0.09278350515463918	0.24742268041237114	0.7219280948873623	1.2	2.0
