ID	Num. utterances	Num. tokens	Expression Lexicon Size (ELS)	Expression Variety (EV)	Expression Repetition (ER)	Voc. Overlap	ENTR	L	LMAX
dialogue_txt	18.0	214.0	28.0	0.1308411214953271	0.32710280373831774	0.27358490566037735	0.934726343545619	1.2857142857142858	4.0
