ID	Num. utterances	Num. tokens	Expression Lexicon Size (ELS)	Expression Variety (EV)	Expression Repetition (ER)	Voc. Overlap	ENTR	L	LMAX
dialogue_txt	15.0	267.0	43.0	0.16104868913857678	0.3595505617977528	0.38392857142857145	1.3473346459418123	1.509433962264151	6.0
