ID	S1	S2	S1/Initiated Expression (IE_S1)	S1/Expression Repetition (ER_S1)	S1/tokens (%)	S2/Initiated Expression (IE_S2)	S2/Expression Repetition (ER_S2)	S2/tokens (%)	Voc. Overlap S1	Voc. Overlap S2	SR/S1/ELS	SR/S1/EV	SR/S1/ER	SR/S1/ENTR	SR/S1/L	SR/S1/LMAX	SR/S2/ELS	SR/S2/EV	SR/S2/ER	SR/S2/ENTR	SR/S2/L	SR/S2/LMAX
dialogue_txt	Human 1	Human 2	0.813953488372093	0.17692307692307693	0.4868913857677903	0.18604651162790697	0.5328467153284672	0.5131086142322098	0.5	0.6231884057971014	14.0	0.10218978102189781	0.3357664233576642	0.4854607607459134	1.105263157894737	2.0	28.0	0.19310344827586207	0.593103448275862	1.4734948706484285	1.7547169811320755	5.0
