ID	Num. utterances	Num. tokens	Expression Lexicon Size (ELS)	Expression Variety (EV)	Expression Repetition (ER)	Voc. Overlap	ENTR	L	LMAX
dialogue_txt	16.0	242.0	43.0	0.17768595041322313	0.3884297520661157	0.45454545454545453	0.9391242456927087	1.271186440677966	4.0
