ID	S1	S2	S1/Initiated Expression (IE_S1)	S1/Expression Repetition (ER_S1)	S1/tokens (%)	S2/Initiated Expression (IE_S2)	S2/Expression Repetition (ER_S2)	S2/tokens (%)	Voc. Overlap S1	Voc. Overlap S2	SR/S1/ELS	SR/S1/EV	SR/S1/ER	SR/S1/ENTR	SR/S1/L	SR/S1/LMAX	SR/S2/ELS	SR/S2/EV	SR/S2/ER	SR/S2/ENTR	SR/S2/L	SR/S2/LMAX
dialogue_txt	Human 1	Human 2	0.7209302325581395	0.23529411764705882	0.49173553719008267	0.27906976744186046	0.5365853658536586	0.5082644628099173	0.6	0.6521739130434783	15.0	0.11811023622047244	0.3779527559055118	1.0537703474884237	1.3333333333333333	3.0	20.0	0.15267175572519084	0.5190839694656488	0.8891136180964336	1.25	3.0
