ID	Num. utterances	Num. tokens	Expression Lexicon Size (ELS)	Expression Variety (EV)	Expression Repetition (ER)	Voc. Overlap	ENTR	L	LMAX
dialogue_txt	13.0	159.0	19.0	0.11949685534591195	0.2138364779874214	0.23170731707317074	0.9201433068550067	1.288888888888889	3.0
