ID	Num. utterances	Num. tokens	Expression Lexicon Size (ELS)	Expression Variety (EV)	Expression Repetition (ER)	Voc. Overlap	ENTR	L	LMAX
dialogue_txt	16.0	306.0	63.0	0.20588235294117646	0.42810457516339867	0.4628099173553719	0.951659266497341	1.2884615384615385	5.0
