ID	Num. utterances	Num. tokens	Expression Lexicon Size (ELS)	Expression Variety (EV)	Expression Repetition (ER)	Voc. Overlap	ENTR	L	LMAX
dialogue_txt	14.0	210.0	36.0	0.17142857142857143	0.3952380952380952	0.3626373626373626	1.3436766430003422	1.5176470588235293	6.0
