ID	S1	S2	S1/Initiated Expression (IE_S1)	S1/Expression Repetition (ER_S1)	S1/tokens (%)	S2/Initiated Expression (IE_S2)	S2/Expression Repetition (ER_S2)	S2/tokens (%)	Voc. Overlap S1	Voc. Overlap S2	SR/S1/ELS	SR/S1/EV	SR/S1/ER	SR/S1/ENTR	SR/S1/L	SR/S1/LMAX	SR/S2/ELS	SR/S2/EV	SR/S2/ER	SR/S2/ENTR	SR/S2/L	SR/S2/LMAX
dialogue_txt	Human 1	Human 2	0.5833333333333334	0.1864406779661017	0.4521072796934866	0.4166666666666667	0.22377622377622378	0.5478927203065134	0.33766233766233766	0.32098765432098764	13.0	0.104	0.264	0.6051865766334206	1.1481481481481481	2.0	21.0	0.1390728476821192	0.5231788079470199	1.4239222010376045	1.8372093023255813	5.0
