ID	Num. utterances	Num. tokens	Expression Lexicon Size (ELS)	Expression Variety (EV)	Expression Repetition (ER)	Voc. Overlap	ENTR	L	LMAX
dialogue_txt	15.0	237.0	33.0	0.13924050632911392	0.29957805907172996	0.32061068702290074	0.821428136073125	1.315217391304348	8.0
