ID	S1	S2	S1/Initiated Expression (IE_S1)	S1/Expression Repetition (ER_S1)	S1/tokens (%)	S2/Initiated Expression (IE_S2)	S2/Expression Repetition (ER_S2)	S2/tokens (%)	Voc. Overlap S1	Voc. Overlap S2	SR/S1/ELS	SR/S1/EV	SR/S1/ER	SR/S1/ENTR	SR/S1/L	SR/S1/LMAX	SR/S2/ELS	SR/S2/EV	SR/S2/ER	SR/S2/ENTR	SR/S2/L	SR/S2/LMAX
dialogue_txt	Human 1	Human 2	0.6666666666666666	0.20454545454545456	0.37130801687763715	0.3333333333333333	0.35570469798657717	0.6286919831223629	0.5915492957746479	0.4117647058823529	4.0	0.042105263157894736	0.16842105263157894	0.7219280948873623	1.4	3.0	18.0	0.11464968152866242	0.3375796178343949	0.6998578570269279	1.1818181818181819	3.0
