ID	S1	S2	S1/Initiated Expression (IE_S1)	S1/Expression Repetition (ER_S1)	S1/tokens (%)	S2/Initiated Expression (IE_S2)	S2/Expression Repetition (ER_S2)	S2/tokens (%)	Voc. Overlap S1	Voc. Overlap S2	SR/S1/ELS	SR/S1/EV	SR/S1/ER	SR/S1/ENTR	SR/S1/L	SR/S1/LMAX	SR/S2/ELS	SR/S2/EV	SR/S2/ER	SR/S2/ENTR	SR/S2/L	SR/S2/LMAX
dialogue_txt	Human 1	Human 2	0.7352941176470589	0.1889763779527559	0.503968253968254	0.2647058823529412	0.368	0.49603174603174605	0.48148148148148145	0.4642857142857143	16.0	0.11940298507462686	0.34328358208955223	0.6394571324851641	1.162162162162162	2.0	16.0	0.12030075187969924	0.3157894736842105	0.5032583347756457	1.1111111111111112	2.0
