ID	Num. utterances	Num. tokens	Expression Lexicon Size (ELS)	Expression Variety (EV)	Expression Repetition (ER)	Voc. Overlap	ENTR	L	LMAX
dialogue_txt	15.0	252.0	34.0	0.1349206349206349	0.2777777777777778	0.30952380952380953	0.7957233595571859	1.2105263157894737	3.0
