ID	S1	S2	S1/Initiated Expression (IE_S1)	S1/Expression Repetition (ER_S1)	S1/tokens (%)	S2/Initiated Expression (IE_S2)	S2/Expression Repetition (ER_S2)	S2/tokens (%)	Voc. Overlap S1	Voc. Overlap S2	SR/S1/ELS	SR/S1/EV	SR/S1/ER	SR/S1/ENTR	SR/S1/L	SR/S1/LMAX	SR/S2/ELS	SR/S2/EV	SR/S2/ER	SR/S2/ENTR	SR/S2/L	SR/S2/LMAX
dialogue_txt	Human 1	Human 2	0.8333333333333334	0.07692307692307693	0.43333333333333335	0.16666666666666666	0.6470588235294118	0.5666666666666667	0.7192982456140351	0.6949152542372882	7.0	0.08333333333333333	0.2261904761904762	0.5435644431995964	1.125	2.0	15.0	0.13761467889908258	0.5779816513761468	2.1733154004713424	2.5	7.0
