ID	Num. utterances	Num. tokens	Expression Lexicon Size (ELS)	Expression Variety (EV)	Expression Repetition (ER)	Voc. Overlap	ENTR	L	LMAX
dialogue_txt	15.0	169.0	17.0	0.10059171597633136	0.28402366863905326	0.3142857142857143	0.5328350630342233	1.121212121212121	2.0
