ID	Num. utterances	Num. tokens	Expression Lexicon Size (ELS)	Expression Variety (EV)	Expression Repetition (ER)	Voc. Overlap	ENTR	L	LMAX
dialogue_txt	15.0	253.0	45.0	0.17786561264822134	0.3794466403162055	0.4215686274509804	1.170078388318577	1.3865546218487395	4.0
