ID	S1	S2	S1/Initiated Expression (IE_S1)	S1/Expression Repetition (ER_S1)	S1/tokens (%)	S2/Initiated Expression (IE_S2)	S2/Expression Repetition (ER_S2)	S2/tokens (%)	Voc. Overlap S1	Voc. Overlap S2	SR/S1/ELS	SR/S1/EV	SR/S1/ER	SR/S1/ENTR	SR/S1/L	SR/S1/LMAX	SR/S2/ELS	SR/S2/EV	SR/S2/ER	SR/S2/ENTR	SR/S2/L	SR/S2/LMAX
dialogue_txt	Human 1	Human 2	0.7222222222222222	0.17117117117117117	0.4493927125506073	0.2777777777777778	0.25735294117647056	0.5506072874493927	0.26666666666666666	0.24096385542168675	15.0	0.1271186440677966	0.3644067796610169	1.014097655573916	1.3125	3.0	21.0	0.14583333333333334	0.4375	0.584238811642856	1.14	2.0
