ID	Num. utterances	Num. tokens	Expression Lexicon Size (ELS)	Expression Variety (EV)	Expression Repetition (ER)	Voc. Overlap	ENTR	L	LMAX
dialogue_txt	15.0	247.0	18.0	0.0728744939271255	0.21862348178137653	0.14492753623188406	0.32984607020714635	1.0606060606060606	2.0
