ID	Num. utterances	Num. tokens	Expression Lexicon Size (ELS)	Expression Variety (EV)	Expression Repetition (ER)	Voc. Overlap	ENTR	L	LMAX
dialogue_txt	14.0	275.0	27.0	0.09818181818181818	0.24727272727272728	0.2054794520547945	0.3120895659343453	1.0561797752808988	2.0
