ID	S1	S2	S1/Initiated Expression (IE_S1)	S1/Expression Repetition (ER_S1)	S1/tokens (%)	S2/Initiated Expression (IE_S2)	S2/Expression Repetition (ER_S2)	S2/tokens (%)	Voc. Overlap S1	Voc. Overlap S2	SR/S1/ELS	SR/S1/EV	SR/S1/ER	SR/S1/ENTR	SR/S1/L	SR/S1/LMAX	SR/S2/ELS	SR/S2/EV	SR/S2/ER	SR/S2/ENTR	SR/S2/L	SR/S2/LMAX
dialogue_txt	Human 1	Human 2	0.7333333333333333	0.1724137931034483	0.4461538461538462	0.26666666666666666	0.3263888888888889	0.5538461538461539	0.3855421686746988	0.34782608695652173	12.0	0.0975609756097561	0.2845528455284553	0.7495952572594798	1.2142857142857142	2.0	20.0	0.13245033112582782	0.44370860927152317	1.4933355743992607	1.6046511627906976	4.0
