ID	Num. utterances	Num. tokens	Expression Lexicon Size (ELS)	Expression Variety (EV)	Expression Repetition (ER)	Voc. Overlap	ENTR	L	LMAX
dialogue_txt	19.0	459.0	49.0	0.10675381263616558	0.3028322440087146	0.2597402597402597	0.6327411717497147	1.1569767441860466	4.0
