ID	S1	S2	S1/Initiated Expression (IE_S1)	S1/Expression Repetition (ER_S1)	S1/tokens (%)	S2/Initiated Expression (IE_S2)	S2/Expression Repetition (ER_S2)	S2/tokens (%)	Voc. Overlap S1	Voc. Overlap S2	SR/S1/ELS	SR/S1/EV	SR/S1/ER	SR/S1/ENTR	SR/S1/L	SR/S1/LMAX	SR/S2/ELS	SR/S2/EV	SR/S2/ER	SR/S2/ENTR	SR/S2/L	SR/S2/LMAX
dialogue_txt	Human 1	Human 2	0.7317073170731707	0.18791946308724833	0.5120274914089347	0.2682926829268293	0.5070422535211268	0.4879725085910653	0.42857142857142855	0.5060240963855421	14.0	0.08974358974358974	0.27564102564102566	0.7355085815538398	1.206896551724138	2.0	30.0	0.20134228187919462	0.5570469798657718	0.6414001558376977	1.2461538461538462	4.0
