ID	Num. utterances	Num. tokens	Expression Lexicon Size (ELS)	Expression Variety (EV)	Expression Repetition (ER)	Voc. Overlap	ENTR	L	LMAX
dialogue_txt	14.0	291.0	41.0	0.140893470790378	0.3436426116838488	0.302158273381295	0.6036103211415658	1.140495867768595	3.0
