ID	Num. utterances	Num. tokens	Expression Lexicon Size (ELS)	Expression Variety (EV)	Expression Repetition (ER)	Voc. Overlap	ENTR	L	LMAX
dialogue_txt	16.0	277.0	31.0	0.11191335740072202	0.24548736462093862	0.21621621621621623	0.731654029532492	1.2261904761904763	3.0
