ID	Num. utterances	Num. tokens	Expression Lexicon Size (ELS)	Expression Variety (EV)	Expression Repetition (ER)	Voc. Overlap	ENTR	L	LMAX
dialogue_txt	16.0	293.0	31.0	0.10580204778156997	0.23890784982935154	0.25190839694656486	0.31599713297842463	1.0571428571428572	2.0
