ID	Num. utterances	Num. tokens	Expression Lexicon Size (ELS)	Expression Variety (EV)	Expression Repetition (ER)	Voc. Overlap	ENTR	L	LMAX
dialogue_txt	18.0	224.0	31.0	0.13839285714285715	0.39732142857142855	0.3977272727272727	1.2179906309321755	1.422680412371134	4.0
