ID	Num. utterances	Num. tokens	Expression Lexicon Size (ELS)	Expression Variety (EV)	Expression Repetition (ER)	Voc. Overlap	ENTR	L	LMAX
dialogue_txt	15.0	221.0	34.0	0.15384615384615385	0.3076923076923077	0.2773109243697479	0.7665233381827185	1.197674418604651	3.0
