ID	Num. utterances	Num. tokens	Expression Lexicon Size (ELS)	Expression Variety (EV)	Expression Repetition (ER)	Voc. Overlap	ENTR	L	LMAX
dialogue_txt	16.0	268.0	43.0	0.16044776119402984	0.3246268656716418	0.37606837606837606	1.3359702930592234	1.5252525252525253	6.0
