ID	Num. utterances	Num. tokens	Expression Lexicon Size (ELS)	Expression Variety (EV)	Expression Repetition (ER)	Voc. Overlap	ENTR	L	LMAX
dialogue_txt	19.0	445.0	65.0	0.14606741573033707	0.3258426966292135	0.2926829268292683	0.9397195003882095	1.2681564245810055	4.0
