ID	S1	S2	S1/Initiated Expression (IE_S1)	S1/Expression Repetition (ER_S1)	S1/tokens (%)	S2/Initiated Expression (IE_S2)	S2/Expression Repetition (ER_S2)	S2/tokens (%)	Voc. Overlap S1	Voc. Overlap S2	SR/S1/ELS	SR/S1/EV	SR/S1/ER	SR/S1/ENTR	SR/S1/L	SR/S1/LMAX	SR/S2/ELS	SR/S2/EV	SR/S2/ER	SR/S2/ENTR	SR/S2/L	SR/S2/LMAX
dialogue_txt	Human 1	Human 2	0.851063829787234	0.16153846153846155	0.483271375464684	0.14893617021276595	0.6474820143884892	0.516728624535316	0.5	0.589041095890411	14.0	0.10218978102189781	0.3357664233576642	0.4854607607459134	1.105263157894737	2.0	27.0	0.1836734693877551	0.5714285714285714	0.845804533823115	1.2307692307692308	3.0
