ID	Num. utterances	Num. tokens	Expression Lexicon Size (ELS)	Expression Variety (EV)	Expression Repetition (ER)	Voc. Overlap	ENTR	L	LMAX
dialogue_txt	19.0	199.0	36.0	0.18090452261306533	0.4120603015075377	0.44871794871794873	0.7166154581922789	1.198019801980198	4.0
