ID	S1	S2	S1/Initiated Expression (IE_S1)	S1/Expression Repetition (ER_S1)	S1/tokens (%)	S2/Initiated Expression (IE_S2)	S2/Expression Repetition (ER_S2)	S2/tokens (%)	Voc. Overlap S1	Voc. Overlap S2	SR/S1/ELS	SR/S1/EV	SR/S1/ER	SR/S1/ENTR	SR/S1/L	SR/S1/LMAX	SR/S2/ELS	SR/S2/EV	SR/S2/ER	SR/S2/ENTR	SR/S2/L	SR/S2/LMAX
dialogue_txt	Human 1	Human 2	0.7916666666666666	0.18110236220472442	0.522633744855967	0.20833333333333334	0.5775862068965517	0.4773662551440329	0.5975609756097561	0.6621621621621622	17.0	0.1259259259259259	0.34074074074074073	0.6394571324851641	1.162162162162162	2.0	25.0	0.20161290322580644	0.46774193548387094	0.5159469300074473	1.1153846153846154	2.0
