ID	Num. utterances	Num. tokens	Expression Lexicon Size (ELS)	Expression Variety (EV)	Expression Repetition (ER)	Voc. Overlap	ENTR	L	LMAX
dialogue_txt	16.0	194.0	10.0	0.05154639175257732	0.12371134020618557	0.13725490196078433	0.547553154980007	1.2903225806451613	5.0
