ID	Num. utterances	Num. tokens	Expression Lexicon Size (ELS)	Expression Variety (EV)	Expression Repetition (ER)	Voc. Overlap	ENTR	L	LMAX
dialogue_txt	18.0	361.0	51.0	0.14127423822714683	0.3185595567867036	0.3067484662576687	0.659457036015709	1.1575342465753424	3.0
