ID	Num. utterances	Num. tokens	Expression Lexicon Size (ELS)	Expression Variety (EV)	Expression Repetition (ER)	Voc. Overlap	ENTR	L	LMAX
dialogue_txt	19.0	276.0	23.0	0.08333333333333333	0.1956521739130435	0.1678832116788321	0.6500224216483541	1.1666666666666667	2.0
