ID	Num. utterances	Num. tokens	Expression Lexicon Size (ELS)	Expression Variety (EV)	Expression Repetition (ER)	Voc. Overlap	ENTR	L	LMAX
dialogue_txt	19.0	440.0	53.0	0.12045454545454545	0.2818181818181818	0.2777777777777778	0.7003440853504863	1.180722891566265	4.0
