ID	S1	S2	S1/Initiated Expression (IE_S1)	S1/Expression Repetition (ER_S1)	S1/tokens (%)	S2/Initiated Expression (IE_S2)	S2/Expression Repetition (ER_S2)	S2/tokens (%)	Voc. Overlap S1	Voc. Overlap S2	SR/S1/ELS	SR/S1/EV	SR/S1/ER	SR/S1/ENTR	SR/S1/L	SR/S1/LMAX	SR/S2/ELS	SR/S2/EV	SR/S2/ER	SR/S2/ENTR	SR/S2/L	SR/S2/LMAX
dialogue_txt	Human 1	Human 2	0.7096774193548387	0.15315315315315314	0.4141791044776119	0.2903225806451613	0.2929936305732484	0.585820895522388	0.38961038961038963	0.3614457831325301	12.0	0.10084033613445378	0.2857142857142857	-0.0	1.0	1.0	29.0	0.17575757575757575	0.6	1.5762949951491432	1.8181818181818181	5.0
