ID	S1	S2	S1/Initiated Expression (IE_S1)	S1/Expression Repetition (ER_S1)	S1/tokens (%)	S2/Initiated Expression (IE_S2)	S2/Expression Repetition (ER_S2)	S2/tokens (%)	Voc. Overlap S1	Voc. Overlap S2	SR/S1/ELS	SR/S1/EV	SR/S1/ER	SR/S1/ENTR	SR/S1/L	SR/S1/LMAX	SR/S2/ELS	SR/S2/EV	SR/S2/ER	SR/S2/ENTR	SR/S2/L	SR/S2/LMAX
dialogue_txt	Human 1	Human 2	0.65	0.1896551724137931	0.4377358490566038	0.35	0.38926174496644295	0.5622641509433962	0.4875	0.43333333333333335	11.0	0.088	0.24	-0.0	1.0	1.0	23.0	0.14465408805031446	0.4025157232704403	0.21084230031853213	1.0333333333333334	2.0
