ID	Num. utterances	Num. tokens	Expression Lexicon Size (ELS)	Expression Variety (EV)	Expression Repetition (ER)	Voc. Overlap	ENTR	L	LMAX
dialogue_txt	16.0	217.0	38.0	0.17511520737327188	0.3271889400921659	0.4019607843137255	0.36315521296253694	1.074766355140187	3.0
