ID	S1	S2	S1/Initiated Expression (IE_S1)	S1/Expression Repetition (ER_S1)	S1/tokens (%)	S2/Initiated Expression (IE_S2)	S2/Expression Repetition (ER_S2)	S2/tokens (%)	Voc. Overlap S1	Voc. Overlap S2	SR/S1/ELS	SR/S1/EV	SR/S1/ER	SR/S1/ENTR	SR/S1/L	SR/S1/LMAX	SR/S2/ELS	SR/S2/EV	SR/S2/ER	SR/S2/ENTR	SR/S2/L	SR/S2/LMAX
dialogue_txt	Human 1	Human 2	0.7741935483870968	0.03278688524590164	0.2772727272727273	0.22580645161290322	0.46540880503144655	0.7227272727272728	0.7446808510638298	0.42168674698795183	8.0	0.11594202898550725	0.2463768115942029	-0.0	1.0	1.0	26.0	0.15568862275449102	0.5089820359281437	1.108663800581033	1.4310344827586208	4.0
