ID	Num. utterances	Num. tokens	Expression Lexicon Size (ELS)	Expression Variety (EV)	Expression Repetition (ER)	Voc. Overlap	ENTR	L	LMAX
dialogue_txt	14.0	244.0	28.0	0.11475409836065574	0.22950819672131148	0.2440944881889764	0.8892562432755958	1.2533333333333334	3.0
