ID	S1	S2	S1/Initiated Expression (IE_S1)	S1/Expression Repetition (ER_S1)	S1/tokens (%)	S2/Initiated Expression (IE_S2)	S2/Expression Repetition (ER_S2)	S2/tokens (%)	Voc. Overlap S1	Voc. Overlap S2	SR/S1/ELS	SR/S1/EV	SR/S1/ER	SR/S1/ENTR	SR/S1/L	SR/S1/LMAX	SR/S2/ELS	SR/S2/EV	SR/S2/ER	SR/S2/ENTR	SR/S2/L	SR/S2/LMAX
dialogue_txt	Human 1	Human 2	0.5	0.2159090909090909	0.4756756756756757	0.5	0.23711340206185566	0.5243243243243243	0.323943661971831	0.3770491803278688	4.0	0.042105263157894736	0.16842105263157894	0.7219280948873623	1.4	3.0	13.0	0.12380952380952381	0.3904761904761905	0.35335933502142136	1.0666666666666667	2.0
