ID	Num. utterances	Num. tokens	Expression Lexicon Size (ELS)	Expression Variety (EV)	Expression Repetition (ER)	Voc. Overlap	ENTR	L	LMAX
dialogue_txt	15.0	185.0	22.0	0.11891891891891893	0.22702702702702704	0.21100917431192662	0.4090731390438265	1.0819672131147542	2.0
