ID	S1	S2	S1/Initiated Expression (IE_S1)	S1/Expression Repetition (ER_S1)	S1/tokens (%)	S2/Initiated Expression (IE_S2)	S2/Expression Repetition (ER_S2)	S2/tokens (%)	Voc. Overlap S1	Voc. Overlap S2	SR/S1/ELS	SR/S1/EV	SR/S1/ER	SR/S1/ENTR	SR/S1/L	SR/S1/LMAX	SR/S2/ELS	SR/S2/EV	SR/S2/ER	SR/S2/ENTR	SR/S2/L	SR/S2/LMAX
dialogue_txt	Human 1	Human 2	0.8055555555555556	0.14473684210526316	0.4470588235294118	0.19444444444444445	0.5957446808510638	0.5529411764705883	0.6363636363636364	0.6140350877192983	10.0	0.11904761904761904	0.27380952380952384	0.7642045065086203	1.2222222222222223	2.0	16.0	0.1568627450980392	0.45098039215686275	1.4687704274131959	1.6129032258064515	4.0
