ID	S1	S2	S1/Initiated Expression (IE_S1)	S1/Expression Repetition (ER_S1)	S1/tokens (%)	S2/Initiated Expression (IE_S2)	S2/Expression Repetition (ER_S2)	S2/tokens (%)	Voc. Overlap S1	Voc. Overlap S2	SR/S1/ELS	SR/S1/EV	SR/S1/ER	SR/S1/ENTR	SR/S1/L	SR/S1/LMAX	SR/S2/ELS	SR/S2/EV	SR/S2/ER	SR/S2/ENTR	SR/S2/L	SR/S2/LMAX
dialogue_txt	Human 1	Human 2	0.9047619047619048	0.07692307692307693	0.46987951807228917	0.09523809523809523	0.3977272727272727	0.5301204819277109	0.49122807017543857	0.45161290322580644	7.0	0.08333333333333333	0.2261904761904762	0.5435644431995964	1.125	2.0	12.0	0.12631578947368421	0.3263157894736842	1.2677702161044204	1.4761904761904763	3.0
