ID	Num. utterances	Num. tokens	Expression Lexicon Size (ELS)	Expression Variety (EV)	Expression Repetition (ER)	Voc. Overlap	ENTR	L	LMAX
dialogue_txt	14.0	258.0	48.0	0.18604651162790697	0.32945736434108525	0.35384615384615387	0.8702755156496593	1.2542372881355932	3.0
