ID	S1	S2	S1/Initiated Expression (IE_S1)	S1/Expression Repetition (ER_S1)	S1/tokens (%)	S2/Initiated Expression (IE_S2)	S2/Expression Repetition (ER_S2)	S2/tokens (%)	Voc. Overlap S1	Voc. Overlap S2	SR/S1/ELS	SR/S1/EV	SR/S1/ER	SR/S1/ENTR	SR/S1/L	SR/S1/LMAX	SR/S2/ELS	SR/S2/EV	SR/S2/ER	SR/S2/ENTR	SR/S2/L	SR/S2/LMAX
dialogue_txt	Human 1	Human 2	0.7619047619047619	0.16666666666666666	0.34951456310679613	0.23809523809523808	0.26865671641791045	0.6504854368932039	0.4074074074074074	0.2716049382716049	9.0	0.1111111111111111	0.2716049382716049	0.4689955935892812	1.1	2.0	19.0	0.13286713286713286	0.42657342657342656	0.9333145936117404	1.2708333333333333	3.0
