ID	S1	S2	S1/Initiated Expression (IE_S1)	S1/Expression Repetition (ER_S1)	S1/tokens (%)	S2/Initiated Expression (IE_S2)	S2/Expression Repetition (ER_S2)	S2/tokens (%)	Voc. Overlap S1	Voc. Overlap S2	SR/S1/ELS	SR/S1/EV	SR/S1/ER	SR/S1/ENTR	SR/S1/L	SR/S1/LMAX	SR/S2/ELS	SR/S2/EV	SR/S2/ER	SR/S2/ENTR	SR/S2/L	SR/S2/LMAX
dialogue_txt	Human 1	Human 2	0.7380952380952381	0.15328467153284672	0.43492063492063493	0.2619047619047619	0.3595505617977528	0.5650793650793651	0.4731182795698925	0.3963963963963964	11.0	0.07534246575342465	0.21232876712328766	0.4262286569981449	1.173913043478261	3.0	29.0	0.15508021390374332	0.42780748663101603	1.2799749139041574	1.5185185185185186	3.0
