ID	Num. utterances	Num. tokens	Expression Lexicon Size (ELS)	Expression Variety (EV)	Expression Repetition (ER)	Voc. Overlap	ENTR	L	LMAX
dialogue_txt	19.0	197.0	30.0	0.15228426395939088	0.30456852791878175	0.36046511627906974	0.9560146662425799	1.2911392405063291	3.0
