ID	S1	S2	S1/Initiated Expression (IE_S1)	S1/Expression Repetition (ER_S1)	S1/tokens (%)	S2/Initiated Expression (IE_S2)	S2/Expression Repetition (ER_S2)	S2/tokens (%)	Voc. Overlap S1	Voc. Overlap S2	SR/S1/ELS	SR/S1/EV	SR/S1/ER	SR/S1/ENTR	SR/S1/L	SR/S1/LMAX	SR/S2/ELS	SR/S2/EV	SR/S2/ER	SR/S2/ENTR	SR/S2/L	SR/S2/LMAX
dialogue_txt	Human 1	Human 2	0.775	0.10810810810810811	0.45867768595041325	0.225	0.48854961832061067	0.5413223140495868	0.5194805194805194	0.5128205128205128	12.0	0.10084033613445378	0.2857142857142857	-0.0	1.0	1.0	21.0	0.1510791366906475	0.43884892086330934	0.7682814090975242	1.2244897959183674	2.0
