ID	S1	S2	S1/Initiated Expression (IE_S1)	S1/Expression Repetition (ER_S1)	S1/tokens (%)	S2/Initiated Expression (IE_S2)	S2/Expression Repetition (ER_S2)	S2/tokens (%)	Voc. Overlap S1	Voc. Overlap S2	SR/S1/ELS	SR/S1/EV	SR/S1/ER	SR/S1/ENTR	SR/S1/L	SR/S1/LMAX	SR/S2/ELS	SR/S2/EV	SR/S2/ER	SR/S2/ENTR	SR/S2/L	SR/S2/LMAX
dialogue_txt	Human 1	Human 2	0.660377358490566	0.17857142857142858	0.41025641025641024	0.33962264150943394	0.5962732919254659	0.5897435897435898	0.6025641025641025	0.618421052631579	16.0	0.13333333333333333	0.35833333333333334	0.5032583347756457	1.1111111111111112	2.0	33.0	0.1952662721893491	0.6390532544378699	1.64715216762853	1.8225806451612903	7.0
