ID	Num. utterances	Num. tokens	Expression Lexicon Size (ELS)	Expression Variety (EV)	Expression Repetition (ER)	Voc. Overlap	ENTR	L	LMAX
dialogue_txt	16.0	212.0	34.0	0.16037735849056603	0.330188679245283	0.32710280373831774	1.2410705936137862	1.4342105263157894	4.0
