ID	S1	S2	S1/Initiated Expression (IE_S1)	S1/Expression Repetition (ER_S1)	S1/tokens (%)	S2/Initiated Expression (IE_S2)	S2/Expression Repetition (ER_S2)	S2/tokens (%)	Voc. Overlap S1	Voc. Overlap S2	SR/S1/ELS	SR/S1/EV	SR/S1/ER	SR/S1/ENTR	SR/S1/L	SR/S1/LMAX	SR/S2/ELS	SR/S2/EV	SR/S2/ER	SR/S2/ENTR	SR/S2/L	SR/S2/LMAX
dialogue_txt	Human 1	Human 2	0.6595744680851063	0.24867724867724866	0.5121951219512195	0.3404255319148936	0.4444444444444444	0.4878048780487805	0.3644859813084112	0.4020618556701031	28.0	0.14213197969543148	0.4517766497461929	1.0540157730728	1.35	3.0	30.0	0.15873015873015872	0.5026455026455027	1.0814647132833797	1.3492063492063493	3.0
