ID	Num. utterances	Num. tokens	Expression Lexicon Size (ELS)	Expression Variety (EV)	Expression Repetition (ER)	Voc. Overlap	ENTR	L	LMAX
dialogue_txt	15.0	173.0	20.0	0.11560693641618497	0.26011560693641617	0.29411764705882354	0.8214985570297003	1.2203389830508475	3.0
