ID	S1	S2	S1/Initiated Expression (IE_S1)	S1/Expression Repetition (ER_S1)	S1/tokens (%)	S2/Initiated Expression (IE_S2)	S2/Expression Repetition (ER_S2)	S2/tokens (%)	Voc. Overlap S1	Voc. Overlap S2	SR/S1/ELS	SR/S1/EV	SR/S1/ER	SR/S1/ENTR	SR/S1/L	SR/S1/LMAX	SR/S2/ELS	SR/S2/EV	SR/S2/ER	SR/S2/ENTR	SR/S2/L	SR/S2/LMAX
dialogue_txt	Human 1	Human 2	0.8913043478260869	0.15827338129496402	0.4826388888888889	0.10869565217391304	0.5436241610738255	0.5173611111111112	0.5113636363636364	0.5294117647058824	17.0	0.11643835616438356	0.3698630136986301	0.9707450578356165	1.394736842105263	5.0	25.0	0.16025641025641027	0.5512820512820513	1.3713146886497212	1.64	7.0
