ID	Num. utterances	Num. tokens	Expression Lexicon Size (ELS)	Expression Variety (EV)	Expression Repetition (ER)	Voc. Overlap	ENTR	L	LMAX
dialogue_txt	16.0	266.0	54.0	0.20300751879699247	0.462406015037594	0.5656565656565656	1.3875495435221468	1.6722689075630253	8.0
