ID	S1	S2	S1/Initiated Expression (IE_S1)	S1/Expression Repetition (ER_S1)	S1/tokens (%)	S2/Initiated Expression (IE_S2)	S2/Expression Repetition (ER_S2)	S2/tokens (%)	Voc. Overlap S1	Voc. Overlap S2	SR/S1/ELS	SR/S1/EV	SR/S1/ER	SR/S1/ENTR	SR/S1/L	SR/S1/LMAX	SR/S2/ELS	SR/S2/EV	SR/S2/ER	SR/S2/ENTR	SR/S2/L	SR/S2/LMAX
dialogue_txt	Human 1	Human 2	0.8305084745762712	0.1891891891891892	0.4668769716088328	0.1694915254237288	0.6390532544378699	0.5331230283911672	0.632183908045977	0.6179775280898876	22.0	0.14102564102564102	0.4230769230769231	0.8176338568998316	1.22	3.0	29.0	0.1638418079096045	0.5423728813559322	0.9370927081530444	1.2777777777777777	3.0
