ID	Num. utterances	Num. tokens	Expression Lexicon Size (ELS)	Expression Variety (EV)	Expression Repetition (ER)	Voc. Overlap	ENTR	L	LMAX
dialogue_txt	15.0	221.0	26.0	0.11764705882352941	0.25339366515837103	0.2719298245614035	0.7092983919646518	1.1917808219178083	3.0
