ID	Num. utterances	Num. tokens	Expression Lexicon Size (ELS)	Expression Variety (EV)	Expression Repetition (ER)	Voc. Overlap	ENTR	L	LMAX
dialogue_txt	16.0	264.0	35.0	0.13257575757575757	0.3522727272727273	0.3508771929824561	1.0683757021906721	1.3592233009708738	4.0
