ID	S1	S2	S1/Initiated Expression (IE_S1)	S1/Expression Repetition (ER_S1)	S1/tokens (%)	S2/Initiated Expression (IE_S2)	S2/Expression Repetition (ER_S2)	S2/tokens (%)	Voc. Overlap S1	Voc. Overlap S2	SR/S1/ELS	SR/S1/EV	SR/S1/ER	SR/S1/ENTR	SR/S1/L	SR/S1/LMAX	SR/S2/ELS	SR/S2/EV	SR/S2/ER	SR/S2/ENTR	SR/S2/L	SR/S2/LMAX
dialogue_txt	Human 1	Human 2	0.875	0.14754098360655737	0.3160621761658031	0.125	0.29545454545454547	0.6839378238341969	0.43902439024390244	0.23376623376623376	10.0	0.14492753623188406	0.37681159420289856	0.8812908992306927	1.3	2.0	21.0	0.14893617021276595	0.475177304964539	1.1745243608799572	1.511111111111111	6.0
