ID	Num. utterances	Num. tokens	Expression Lexicon Size (ELS)	Expression Variety (EV)	Expression Repetition (ER)	Voc. Overlap	ENTR	L	LMAX
dialogue_txt	15.0	237.0	21.0	0.08860759493670886	0.2320675105485232	0.22123893805309736	0.9255982359100635	1.3103448275862069	4.0
