ID	Num. utterances	Num. tokens	Expression Lexicon Size (ELS)	Expression Variety (EV)	Expression Repetition (ER)	Voc. Overlap	ENTR	L	LMAX
dialogue_txt	15.0	210.0	25.0	0.11904761904761904	0.26666666666666666	0.2413793103448276	0.4920471511403229	1.1232876712328768	3.0
