ID	S1	S2	S1/Initiated Expression (IE_S1)	S1/Expression Repetition (ER_S1)	S1/tokens (%)	S2/Initiated Expression (IE_S2)	S2/Expression Repetition (ER_S2)	S2/tokens (%)	Voc. Overlap S1	Voc. Overlap S2	SR/S1/ELS	SR/S1/EV	SR/S1/ER	SR/S1/ENTR	SR/S1/L	SR/S1/LMAX	SR/S2/ELS	SR/S2/EV	SR/S2/ER	SR/S2/ENTR	SR/S2/L	SR/S2/LMAX
dialogue_txt	Human 1	Human 2	0.8125	0.1388888888888889	0.3287671232876712	0.1875	0.3945578231292517	0.6712328767123288	0.6296296296296297	0.39080459770114945	9.0	0.1111111111111111	0.2716049382716049	0.4689955935892812	1.1	2.0	23.0	0.14743589743589744	0.42948717948717946	0.978854149486896	1.34	3.0
