ID	S1	S2	S1/Initiated Expression (IE_S1)	S1/Expression Repetition (ER_S1)	S1/tokens (%)	S2/Initiated Expression (IE_S2)	S2/Expression Repetition (ER_S2)	S2/tokens (%)	Voc. Overlap S1	Voc. Overlap S2	SR/S1/ELS	SR/S1/EV	SR/S1/ER	SR/S1/ENTR	SR/S1/L	SR/S1/LMAX	SR/S2/ELS	SR/S2/EV	SR/S2/ER	SR/S2/ENTR	SR/S2/L	SR/S2/LMAX
dialogue_txt	Human 1	Human 2	0.7941176470588235	0.18681318681318682	0.3991228070175439	0.20588235294117646	0.39416058394160586	0.6008771929824561	0.6153846153846154	0.4444444444444444	12.0	0.12121212121212122	0.2828282828282828	-0.0	1.0	1.0	22.0	0.15172413793103448	0.38620689655172413	0.7467366074830679	1.2127659574468086	2.0
