ID	Num. utterances	Num. tokens	Expression Lexicon Size (ELS)	Expression Variety (EV)	Expression Repetition (ER)	Voc. Overlap	ENTR	L	LMAX
dialogue_txt	13.0	180.0	12.0	0.06666666666666667	0.1388888888888889	0.14285714285714285	0.2918182565988858	1.0512820512820513	2.0
