ID	S1	S2	S1/Initiated Expression (IE_S1)	S1/Expression Repetition (ER_S1)	S1/tokens (%)	S2/Initiated Expression (IE_S2)	S2/Expression Repetition (ER_S2)	S2/tokens (%)	Voc. Overlap S1	Voc. Overlap S2	SR/S1/ELS	SR/S1/EV	SR/S1/ER	SR/S1/ENTR	SR/S1/L	SR/S1/LMAX	SR/S2/ELS	SR/S2/EV	SR/S2/ER	SR/S2/ENTR	SR/S2/L	SR/S2/LMAX
dialogue_txt	Human 1	Human 2	0.9375	0.05555555555555555	0.5567010309278351	0.0625	0.4883720930232558	0.44329896907216493	0.4146341463414634	0.5151515151515151	4.0	0.06896551724137931	0.1724137931034483	-0.0	1.0	1.0	4.0	0.0851063829787234	0.19148936170212766	0.863120568566631	1.2857142857142858	2.0
