ID	Num. utterances	Num. tokens	Expression Lexicon Size (ELS)	Expression Variety (EV)	Expression Repetition (ER)	Voc. Overlap	ENTR	L	LMAX
dialogue_txt	14.0	225.0	25.0	0.1111111111111111	0.26666666666666666	0.26732673267326734	0.8424240244940003	1.2972972972972974	5.0
