ID	Num. utterances	Num. tokens	Expression Lexicon Size (ELS)	Expression Variety (EV)	Expression Repetition (ER)	Voc. Overlap	ENTR	L	LMAX
dialogue_txt	17.0	323.0	36.0	0.11145510835913312	0.26006191950464397	0.22988505747126436	0.6291399871613859	1.146788990825688	3.0
