ID	S1	S2	S1/Initiated Expression (IE_S1)	S1/Expression Repetition (ER_S1)	S1/tokens (%)	S2/Initiated Expression (IE_S2)	S2/Expression Repetition (ER_S2)	S2/tokens (%)	Voc. Overlap S1	Voc. Overlap S2	SR/S1/ELS	SR/S1/EV	SR/S1/ER	SR/S1/ENTR	SR/S1/L	SR/S1/LMAX	SR/S2/ELS	SR/S2/EV	SR/S2/ER	SR/S2/ENTR	SR/S2/L	SR/S2/LMAX
dialogue_txt	Human 1	Human 2	0.8636363636363636	0.07407407407407407	0.453781512605042	0.13636363636363635	0.4307692307692308	0.5462184873949579	0.5365853658536586	0.46808510638297873	4.0	0.06896551724137931	0.1724137931034483	-0.0	1.0	1.0	9.0	0.13043478260869565	0.2898550724637681	0.5032583347756457	1.1111111111111112	2.0
