ID	Num. utterances	Num. tokens	Expression Lexicon Size (ELS)	Expression Variety (EV)	Expression Repetition (ER)	Voc. Overlap	ENTR	L	LMAX
dialogue_txt	14.0	231.0	27.0	0.11688311688311688	0.30735930735930733	0.23423423423423423	0.6127425554686624	1.1511627906976745	2.0
