ID	Num. utterances	Num. tokens	Expression Lexicon Size (ELS)	Expression Variety (EV)	Expression Repetition (ER)	Voc. Overlap	ENTR	L	LMAX
dialogue_txt	19.0	303.0	42.0	0.13861386138613863	0.3102310231023102	0.2894736842105263	0.696806553875017	1.170940170940171	3.0
