ID	S1	S2	S1/Initiated Expression (IE_S1)	S1/Expression Repetition (ER_S1)	S1/tokens (%)	S2/Initiated Expression (IE_S2)	S2/Expression Repetition (ER_S2)	S2/tokens (%)	Voc. Overlap S1	Voc. Overlap S2	SR/S1/ELS	SR/S1/EV	SR/S1/ER	SR/S1/ENTR	SR/S1/L	SR/S1/LMAX	SR/S2/ELS	SR/S2/EV	SR/S2/ER	SR/S2/ENTR	SR/S2/L	SR/S2/LMAX
dialogue_txt	Human 1	Human 2	0.5952380952380952	0.25862068965517243	0.38283828382838286	0.40476190476190477	0.3422459893048128	0.6171617161716172	0.55	0.3793103448275862	11.0	0.088	0.24	-0.0	1.0	1.0	31.0	0.15736040609137056	0.467005076142132	0.7530101724810965	1.1971830985915493	3.0
