ID	S1	S2	S1/Initiated Expression (IE_S1)	S1/Expression Repetition (ER_S1)	S1/tokens (%)	S2/Initiated Expression (IE_S2)	S2/Expression Repetition (ER_S2)	S2/tokens (%)	Voc. Overlap S1	Voc. Overlap S2	SR/S1/ELS	SR/S1/EV	SR/S1/ER	SR/S1/ENTR	SR/S1/L	SR/S1/LMAX	SR/S2/ELS	SR/S2/EV	SR/S2/ER	SR/S2/ENTR	SR/S2/L	SR/S2/LMAX
dialogue_txt	Human 1	Human 2	0.7959183673469388	0.1897810218978102	0.5	0.20408163265306123	0.6131386861313869	0.5	0.5113636363636364	0.6081081081081081	14.0	0.09655172413793103	0.296551724137931	0.8503259045049341	1.3214285714285714	4.0	28.0	0.19310344827586207	0.5793103448275863	0.9709505944546686	1.4	2.0
