ID	Num. utterances	Num. tokens	Expression Lexicon Size (ELS)	Expression Variety (EV)	Expression Repetition (ER)	Voc. Overlap	ENTR	L	LMAX
dialogue_txt	16.0	274.0	49.0	0.17883211678832117	0.40145985401459855	0.38461538461538464	1.0630483805970998	1.3442622950819672	5.0
