ID	S1	S2	S1/Initiated Expression (IE_S1)	S1/Expression Repetition (ER_S1)	S1/tokens (%)	S2/Initiated Expression (IE_S2)	S2/Expression Repetition (ER_S2)	S2/tokens (%)	Voc. Overlap S1	Voc. Overlap S2	SR/S1/ELS	SR/S1/EV	SR/S1/ER	SR/S1/ENTR	SR/S1/L	SR/S1/LMAX	SR/S2/ELS	SR/S2/EV	SR/S2/ER	SR/S2/ENTR	SR/S2/L	SR/S2/LMAX
dialogue_txt	Human 1	Human 2	0.8333333333333334	0.13076923076923078	0.48148148148148145	0.16666666666666666	0.5214285714285715	0.5185185185185185	0.5697674418604651	0.5833333333333334	14.0	0.10218978102189781	0.3357664233576642	0.4854607607459134	1.105263157894737	2.0	24.0	0.16216216216216217	0.4797297297297297	1.0176839407074225	1.3333333333333333	3.0
