ID	S1	S2	S1/Initiated Expression (IE_S1)	S1/Expression Repetition (ER_S1)	S1/tokens (%)	S2/Initiated Expression (IE_S2)	S2/Expression Repetition (ER_S2)	S2/tokens (%)	Voc. Overlap S1	Voc. Overlap S2	SR/S1/ELS	SR/S1/EV	SR/S1/ER	SR/S1/ENTR	SR/S1/L	SR/S1/LMAX	SR/S2/ELS	SR/S2/EV	SR/S2/ER	SR/S2/ENTR	SR/S2/L	SR/S2/LMAX
dialogue_txt	Human 1	Human 2	0.631578947368421	0.14545454545454545	0.3353658536585366	0.3684210526315789	0.22935779816513763	0.6646341463414634	0.5714285714285714	0.3582089552238806	5.0	0.08064516129032258	0.1935483870967742	0.8112781244591328	1.5	3.0	16.0	0.13675213675213677	0.47863247863247865	0.9933927290103627	1.75	9.0
