ID	Num. utterances	Num. tokens	Expression Lexicon Size (ELS)	Expression Variety (EV)	Expression Repetition (ER)	Voc. Overlap	ENTR	L	LMAX
dialogue_txt	13.0	201.0	24.0	0.11940298507462686	0.24378109452736318	0.2288135593220339	0.483030680145618	1.1044776119402986	2.0
