ID	Num. utterances	Num. tokens	Expression Lexicon Size (ELS)	Expression Variety (EV)	Expression Repetition (ER)	Voc. Overlap	ENTR	L	LMAX
dialogue_txt	16.0	238.0	31.0	0.13025210084033614	0.31932773109243695	0.2972972972972973	0.870438877168225	1.2613636363636365	4.0
