ID	Num. utterances	Num. tokens	Expression Lexicon Size (ELS)	Expression Variety (EV)	Expression Repetition (ER)	Voc. Overlap	ENTR	L	LMAX
dialogue_txt	16.0	223.0	36.0	0.16143497757847533	0.34977578475336324	0.3867924528301887	1.3955919240067267	1.617283950617284	7.0
