ID	S1	S2	S1/Initiated Expression (IE_S1)	S1/Expression Repetition (ER_S1)	S1/tokens (%)	S2/Initiated Expression (IE_S2)	S2/Expression Repetition (ER_S2)	S2/tokens (%)	Voc. Overlap S1	Voc. Overlap S2	SR/S1/ELS	SR/S1/EV	SR/S1/ER	SR/S1/ENTR	SR/S1/L	SR/S1/LMAX	SR/S2/ELS	SR/S2/EV	SR/S2/ER	SR/S2/ENTR	SR/S2/L	SR/S2/LMAX
dialogue_txt	Human 1	Human 2	0.7647058823529411	0.26436781609195403	0.38839285714285715	0.23529411764705882	0.3357664233576642	0.6116071428571429	0.5925925925925926	0.3516483516483517	12.0	0.125	0.3645833333333333	1.0676111603502403	1.434782608695652	4.0	17.0	0.11564625850340136	0.3333333333333333	0.9444885341662053	1.2777777777777777	3.0
