ID	Num. utterances	Num. tokens	Expression Lexicon Size (ELS)	Expression Variety (EV)	Expression Repetition (ER)	Voc. Overlap	ENTR	L	LMAX
dialogue_txt	14.0	291.0	37.0	0.12714776632302405	0.29553264604810997	0.2746478873239437	0.7766277737247389	1.2233009708737863	3.0
