ID	Num. utterances	Num. tokens	Expression Lexicon Size (ELS)	Expression Variety (EV)	Expression Repetition (ER)	Voc. Overlap	ENTR	L	LMAX
dialogue_txt	15.0	286.0	46.0	0.16083916083916083	0.36363636363636365	0.3404255319148936	0.6838742211478018	1.1746031746031746	4.0
