ID	S1	S2	S1/Initiated Expression (IE_S1)	S1/Expression Repetition (ER_S1)	S1/tokens (%)	S2/Initiated Expression (IE_S2)	S2/Expression Repetition (ER_S2)	S2/tokens (%)	Voc. Overlap S1	Voc. Overlap S2	SR/S1/ELS	SR/S1/EV	SR/S1/ER	SR/S1/ENTR	SR/S1/L	SR/S1/LMAX	SR/S2/ELS	SR/S2/EV	SR/S2/ER	SR/S2/ENTR	SR/S2/L	SR/S2/LMAX
dialogue_txt	Human 1	Human 2	0.8571428571428571	0.17307692307692307	0.4968152866242038	0.14285714285714285	0.6265822784810127	0.5031847133757962	0.5876288659793815	0.6785714285714286	22.0	0.13414634146341464	0.39634146341463417	0.5095157180881823	1.1132075471698113	2.0	35.0	0.21084337349397592	0.6265060240963856	0.8573147872795661	1.3506493506493507	8.0
