ID	Num. utterances	Num. tokens	Expression Lexicon Size (ELS)	Expression Variety (EV)	Expression Repetition (ER)	Voc. Overlap	ENTR	L	LMAX
dialogue_txt	16.0	238.0	42.0	0.17647058823529413	0.38235294117647056	0.37755102040816324	1.2286068233281426	1.4271844660194175	4.0
