ID	Num. utterances	Num. tokens	Expression Lexicon Size (ELS)	Expression Variety (EV)	Expression Repetition (ER)	Voc. Overlap	ENTR	L	LMAX
dialogue_txt	16.0	205.0	30.0	0.14634146341463414	0.4146341463414634	0.41379310344827586	1.3201006115484237	1.7105263157894737	6.0
