ID	Num. utterances	Num. tokens	Expression Lexicon Size (ELS)	Expression Variety (EV)	Expression Repetition (ER)	Voc. Overlap	ENTR	L	LMAX
dialogue_txt	16.0	220.0	17.0	0.07727272727272727	0.18181818181818182	0.16379310344827586	0.5159469300074473	1.1153846153846154	2.0
