ID	Num. utterances	Num. tokens	Expression Lexicon Size (ELS)	Expression Variety (EV)	Expression Repetition (ER)	Voc. Overlap	ENTR	L	LMAX
dialogue_txt	14.0	275.0	56.0	0.20363636363636364	0.43636363636363634	0.48717948717948717	1.045039425878194	1.3285714285714285	3.0
