ID	S1	S2	S1/Initiated Expression (IE_S1)	S1/Expression Repetition (ER_S1)	S1/tokens (%)	S2/Initiated Expression (IE_S2)	S2/Expression Repetition (ER_S2)	S2/tokens (%)	Voc. Overlap S1	Voc. Overlap S2	SR/S1/ELS	SR/S1/EV	SR/S1/ER	SR/S1/ENTR	SR/S1/L	SR/S1/LMAX	SR/S2/ELS	SR/S2/EV	SR/S2/ER	SR/S2/ENTR	SR/S2/L	SR/S2/LMAX
dialogue_txt	Human 1	Human 2	0.9642857142857143	0.08461538461538462	0.4727272727272727	0.03571428571428571	0.7517241379310344	0.5272727272727272	0.6195652173913043	0.6951219512195121	13.0	0.0948905109489051	0.24087591240875914	0.3809465857053901	1.0740740740740742	2.0	26.0	0.17105263157894737	0.5460526315789473	1.146168329937132	1.3934426229508197	3.0
