ID	Num. utterances	Num. tokens	Expression Lexicon Size (ELS)	Expression Variety (EV)	Expression Repetition (ER)	Voc. Overlap	ENTR	L	LMAX
dialogue_txt	16.0	284.0	22.0	0.07746478873239436	0.22183098591549297	0.16326530612244897	0.29461520565280713	1.051948051948052	2.0
