ID	Num. utterances	Num. tokens	Expression Lexicon Size (ELS)	Expression Variety (EV)	Expression Repetition (ER)	Voc. Overlap	ENTR	L	LMAX
dialogue_txt	15.0	233.0	31.0	0.13304721030042918	0.30042918454935624	0.2956521739130435	0.37123232664087563	1.0714285714285714	2.0
