ID	S1	S2	S1/Initiated Expression (IE_S1)	S1/Expression Repetition (ER_S1)	S1/tokens (%)	S2/Initiated Expression (IE_S2)	S2/Expression Repetition (ER_S2)	S2/tokens (%)	Voc. Overlap S1	Voc. Overlap S2	SR/S1/ELS	SR/S1/EV	SR/S1/ER	SR/S1/ENTR	SR/S1/L	SR/S1/LMAX	SR/S2/ELS	SR/S2/EV	SR/S2/ER	SR/S2/ENTR	SR/S2/L	SR/S2/LMAX
dialogue_txt	Human 1	Human 2	0.75	0.1935483870967742	0.41517857142857145	0.25	0.4580152671755725	0.5848214285714286	0.5797101449275363	0.5194805194805194	8.0	0.08	0.21	0.5225593745369408	1.1176470588235294	2.0	23.0	0.16666666666666666	0.5217391304347826	1.0339010345140056	1.3269230769230769	3.0
