ID	S1	S2	S1/Initiated Expression (IE_S1)	S1/Expression Repetition (ER_S1)	S1/tokens (%)	S2/Initiated Expression (IE_S2)	S2/Expression Repetition (ER_S2)	S2/tokens (%)	Voc. Overlap S1	Voc. Overlap S2	SR/S1/ELS	SR/S1/EV	SR/S1/ER	SR/S1/ENTR	SR/S1/L	SR/S1/LMAX	SR/S2/ELS	SR/S2/EV	SR/S2/ER	SR/S2/ENTR	SR/S2/L	SR/S2/LMAX
dialogue_txt	Human 1	Human 2	0.7083333333333334	0.13636363636363635	0.5028571428571429	0.2916666666666667	0.367816091954023	0.49714285714285716	0.38028169014084506	0.421875	4.0	0.042105263157894736	0.16842105263157894	0.7219280948873623	1.4	3.0	10.0	0.10526315789473684	0.28421052631578947	-0.0	1.0	1.0
