ID	S1	S2	S1/Initiated Expression (IE_S1)	S1/Expression Repetition (ER_S1)	S1/tokens (%)	S2/Initiated Expression (IE_S2)	S2/Expression Repetition (ER_S2)	S2/tokens (%)	Voc. Overlap S1	Voc. Overlap S2	SR/S1/ELS	SR/S1/EV	SR/S1/ER	SR/S1/ENTR	SR/S1/L	SR/S1/LMAX	SR/S2/ELS	SR/S2/EV	SR/S2/ER	SR/S2/ENTR	SR/S2/L	SR/S2/LMAX
dialogue_txt	Human 1	Human 2	0.8333333333333334	0.11363636363636363	0.4230769230769231	0.16666666666666666	0.48333333333333334	0.5769230769230769	0.484375	0.4492753623188406	12.0	0.12631578947368421	0.29473684210526313	0.4021791902022728	1.08	2.0	20.0	0.15625	0.515625	1.224876716966675	1.5348837209302326	4.0
