ID	Num. utterances	Num. tokens	Expression Lexicon Size (ELS)	Expression Variety (EV)	Expression Repetition (ER)	Voc. Overlap	ENTR	L	LMAX
dialogue_txt	8.0	121.0	17.0	0.14049586776859505	0.2231404958677686	0.30985915492957744	0.2811937964320426	1.0975609756097562	3.0
