ID	Num. utterances	Num. tokens	Expression Lexicon Size (ELS)	Expression Variety (EV)	Expression Repetition (ER)	Voc. Overlap	ENTR	L	LMAX
dialogue_txt	16.0	203.0	37.0	0.18226600985221675	0.3399014778325123	0.40860215053763443	0.9598744782515088	1.305263157894737	5.0
