ID	Num. utterances	Num. tokens	Expression Lexicon Size (ELS)	Expression Variety (EV)	Expression Repetition (ER)	Voc. Overlap	ENTR	L	LMAX
dialogue_txt	16.0	310.0	46.0	0.14838709677419354	0.3741935483870968	0.3543307086614173	1.074720711331239	1.3333333333333333	4.0
