ID	S1	S2	S1/Initiated Expression (IE_S1)	S1/Expression Repetition (ER_S1)	S1/tokens (%)	S2/Initiated Expression (IE_S2)	S2/Expression Repetition (ER_S2)	S2/tokens (%)	Voc. Overlap S1	Voc. Overlap S2	SR/S1/ELS	SR/S1/EV	SR/S1/ER	SR/S1/ENTR	SR/S1/L	SR/S1/LMAX	SR/S2/ELS	SR/S2/EV	SR/S2/ER	SR/S2/ENTR	SR/S2/L	SR/S2/LMAX
dialogue_txt	Human 1	Human 2	0.8043478260869565	0.16216216216216217	0.4774193548387097	0.1956521739130435	0.5679012345679012	0.5225806451612903	0.5172413793103449	0.5294117647058824	22.0	0.14102564102564102	0.4230769230769231	0.8176338568998316	1.22	3.0	31.0	0.18235294117647058	0.5941176470588235	1.3808832571151748	1.7049180327868851	3.0
