ID	Num. utterances	Num. tokens	Expression Lexicon Size (ELS)	Expression Variety (EV)	Expression Repetition (ER)	Voc. Overlap	ENTR	L	LMAX
dialogue_txt	15.0	253.0	46.0	0.18181818181818182	0.4189723320158103	0.4423076923076923	1.0524883997581658	1.3253968253968254	4.0
