ID	S1	S2	S1/Initiated Expression (IE_S1)	S1/Expression Repetition (ER_S1)	S1/tokens (%)	S2/Initiated Expression (IE_S2)	S2/Expression Repetition (ER_S2)	S2/tokens (%)	Voc. Overlap S1	Voc. Overlap S2	SR/S1/ELS	SR/S1/EV	SR/S1/ER	SR/S1/ENTR	SR/S1/L	SR/S1/LMAX	SR/S2/ELS	SR/S2/EV	SR/S2/ER	SR/S2/ENTR	SR/S2/L	SR/S2/LMAX
dialogue_txt	Human 1	Human 2	0.68	0.21311475409836064	0.3177083333333333	0.32	0.31297709923664124	0.6822916666666666	0.6170212765957447	0.3918918918918919	8.0	0.11594202898550725	0.2463768115942029	-0.0	1.0	1.0	18.0	0.12949640287769784	0.5035971223021583	1.0096358726529286	1.7692307692307692	9.0
