ID	Num. utterances	Num. tokens	Expression Lexicon Size (ELS)	Expression Variety (EV)	Expression Repetition (ER)	Voc. Overlap	ENTR	L	LMAX
dialogue_txt	15.0	239.0	30.0	0.12552301255230125	0.2384937238493724	0.26229508196721313	0.9184485908429532	1.2692307692307692	4.0
