ID	S1	S2	S1/Initiated Expression (IE_S1)	S1/Expression Repetition (ER_S1)	S1/tokens (%)	S2/Initiated Expression (IE_S2)	S2/Expression Repetition (ER_S2)	S2/tokens (%)	Voc. Overlap S1	Voc. Overlap S2	SR/S1/ELS	SR/S1/EV	SR/S1/ER	SR/S1/ENTR	SR/S1/L	SR/S1/LMAX	SR/S2/ELS	SR/S2/EV	SR/S2/ER	SR/S2/ENTR	SR/S2/L	SR/S2/LMAX
dialogue_txt	Human 1	Human 2	0.7777777777777778	0.22627737226277372	0.479020979020979	0.2222222222222222	0.4161073825503356	0.5209790209790209	0.5113636363636364	0.45918367346938777	19.0	0.1310344827586207	0.36551724137931035	0.693127415328288	1.186046511627907	2.0	20.0	0.12658227848101267	0.3924050632911392	0.6193821946787638	1.1538461538461537	2.0
