ID	Num. utterances	Num. tokens	Expression Lexicon Size (ELS)	Expression Variety (EV)	Expression Repetition (ER)	Voc. Overlap	ENTR	L	LMAX
dialogue_txt	15.0	231.0	42.0	0.18181818181818182	0.39826839826839827	0.4339622641509434	1.283103278369535	1.565217391304348	9.0
