ID	S1	S2	S1/Initiated Expression (IE_S1)	S1/Expression Repetition (ER_S1)	S1/tokens (%)	S2/Initiated Expression (IE_S2)	S2/Expression Repetition (ER_S2)	S2/tokens (%)	Voc. Overlap S1	Voc. Overlap S2	SR/S1/ELS	SR/S1/EV	SR/S1/ER	SR/S1/ENTR	SR/S1/L	SR/S1/LMAX	SR/S2/ELS	SR/S2/EV	SR/S2/ER	SR/S2/ENTR	SR/S2/L	SR/S2/LMAX
dialogue_txt	Human 1	Human 2	0.65	0.21875	0.4904214559386973	0.35	0.2556390977443609	0.5095785440613027	0.24705882352941178	0.30434782608695654	19.0	0.14074074074074075	0.37777777777777777	0.5916727785823274	1.1428571428571428	2.0	20.0	0.14285714285714285	0.5571428571428572	1.8101275052218417	2.025	8.0
