ID	Num. utterances	Num. tokens	Expression Lexicon Size (ELS)	Expression Variety (EV)	Expression Repetition (ER)	Voc. Overlap	ENTR	L	LMAX
dialogue_txt	16.0	324.0	57.0	0.17592592592592593	0.3950617283950617	0.4236111111111111	1.0261365050440143	1.50354609929078	8.0
