ID	S1	S2	S1/Initiated Expression (IE_S1)	S1/Expression Repetition (ER_S1)	S1/tokens (%)	S2/Initiated Expression (IE_S2)	S2/Expression Repetition (ER_S2)	S2/tokens (%)	Voc. Overlap S1	Voc. Overlap S2	SR/S1/ELS	SR/S1/EV	SR/S1/ER	SR/S1/ENTR	SR/S1/L	SR/S1/LMAX	SR/S2/ELS	SR/S2/EV	SR/S2/ER	SR/S2/ENTR	SR/S2/L	SR/S2/LMAX
dialogue_txt	Human 1	Human 2	0.6363636363636364	0.21739130434782608	0.3080357142857143	0.36363636363636365	0.2645161290322581	0.6919642857142857	0.43859649122807015	0.2631578947368421	6.0	0.07894736842105263	0.18421052631578946	-0.0	1.0	1.0	23.0	0.1411042944785276	0.4171779141104294	0.47983202361612853	1.103448275862069	2.0
