ID	S1	S2	S1/Initiated Expression (IE_S1)	S1/Expression Repetition (ER_S1)	S1/tokens (%)	S2/Initiated Expression (IE_S2)	S2/Expression Repetition (ER_S2)	S2/tokens (%)	Voc. Overlap S1	Voc. Overlap S2	SR/S1/ELS	SR/S1/EV	SR/S1/ER	SR/S1/ENTR	SR/S1/L	SR/S1/LMAX	SR/S2/ELS	SR/S2/EV	SR/S2/ER	SR/S2/ENTR	SR/S2/L	SR/S2/LMAX
dialogue_txt	Human 1	Human 2	0.6111111111111112	0.23809523809523808	0.5709969788519638	0.3888888888888889	0.36619718309859156	0.42900302114803623	0.2897196261682243	0.3780487804878049	28.0	0.14213197969543148	0.4517766497461929	1.0540157730728	1.35	3.0	20.0	0.13245033112582782	0.5298013245033113	1.3078796278417233	1.6122448979591837	5.0
