ID	Num. utterances	Num. tokens	Expression Lexicon Size (ELS)	Expression Variety (EV)	Expression Repetition (ER)	Voc. Overlap	ENTR	L	LMAX
dialogue_txt	16.0	284.0	33.0	0.11619718309859155	0.2711267605633803	0.2462686567164179	0.7562281179133472	1.1938775510204083	3.0
