ID	Num. utterances	Num. tokens	Expression Lexicon Size (ELS)	Expression Variety (EV)	Expression Repetition (ER)	Voc. Overlap	ENTR	L	LMAX
dialogue_txt	16.0	166.0	24.0	0.14457831325301204	0.3493975903614458	0.3291139240506329	1.4187738515083221	1.7307692307692308	6.0
