ID	S1	S2	S1/Initiated Expression (IE_S1)	S1/Expression Repetition (ER_S1)	S1/tokens (%)	S2/Initiated Expression (IE_S2)	S2/Expression Repetition (ER_S2)	S2/tokens (%)	Voc. Overlap S1	Voc. Overlap S2	SR/S1/ELS	SR/S1/EV	SR/S1/ER	SR/S1/ENTR	SR/S1/L	SR/S1/LMAX	SR/S2/ELS	SR/S2/EV	SR/S2/ER	SR/S2/ENTR	SR/S2/L	SR/S2/LMAX
dialogue_txt	Human 1	Human 2	0.7857142857142857	0.1694915254237288	0.3224043715846995	0.21428571428571427	0.3790322580645161	0.6775956284153005	0.6511627906976745	0.4745762711864407	8.0	0.11940298507462686	0.31343283582089554	-0.0	1.0	1.0	29.0	0.2196969696969697	0.6666666666666666	1.435806619140303	1.6545454545454545	4.0
