ID	Num. utterances	Num. tokens	Expression Lexicon Size (ELS)	Expression Variety (EV)	Expression Repetition (ER)	Voc. Overlap	ENTR	L	LMAX
dialogue_txt	17.0	302.0	37.0	0.12251655629139073	0.28807947019867547	0.2483221476510067	0.45777332903419987	1.0964912280701755	2.0
