ID	Num. utterances	Num. tokens	Expression Lexicon Size (ELS)	Expression Variety (EV)	Expression Repetition (ER)	Voc. Overlap	ENTR	L	LMAX
dialogue_txt	16.0	247.0	27.0	0.10931174089068826	0.23076923076923078	0.22131147540983606	0.8329262629406798	1.2253521126760563	3.0
