ID	S1	S2	S1/Initiated Expression (IE_S1)	S1/Expression Repetition (ER_S1)	S1/tokens (%)	S2/Initiated Expression (IE_S2)	S2/Expression Repetition (ER_S2)	S2/tokens (%)	Voc. Overlap S1	Voc. Overlap S2	SR/S1/ELS	SR/S1/EV	SR/S1/ER	SR/S1/ENTR	SR/S1/L	SR/S1/LMAX	SR/S2/ELS	SR/S2/EV	SR/S2/ER	SR/S2/ENTR	SR/S2/L	SR/S2/LMAX
dialogue_txt	Human 1	Human 2	0.803921568627451	0.15966386554621848	0.42805755395683454	0.19607843137254902	0.5471698113207547	0.5719424460431655	0.5714285714285714	0.5	12.0	0.09448818897637795	0.3228346456692913	0.3372900666170139	1.125	3.0	28.0	0.16666666666666666	0.48214285714285715	0.802224330484197	1.2121212121212122	3.0
