ID	S1	S2	S1/Initiated Expression (IE_S1)	S1/Expression Repetition (ER_S1)	S1/tokens (%)	S2/Initiated Expression (IE_S2)	S2/Expression Repetition (ER_S2)	S2/tokens (%)	Voc. Overlap S1	Voc. Overlap S2	SR/S1/ELS	SR/S1/EV	SR/S1/ER	SR/S1/ENTR	SR/S1/L	SR/S1/LMAX	SR/S2/ELS	SR/S2/EV	SR/S2/ER	SR/S2/ENTR	SR/S2/L	SR/S2/LMAX
dialogue_txt	Human 1	Human 2	0.4782608695652174	0.19696969696969696	0.30414746543778803	0.5217391304347826	0.15894039735099338	0.695852534562212	0.47368421052631576	0.3068181818181818	3.0	0.0410958904109589	0.0821917808219178	-0.0	1.0	1.0	26.0	0.16455696202531644	0.5189873417721519	1.3090909691036432	1.509090909090909	3.0
