ID	Num. utterances	Num. tokens	Expression Lexicon Size (ELS)	Expression Variety (EV)	Expression Repetition (ER)	Voc. Overlap	ENTR	L	LMAX
dialogue_txt	16.0	259.0	34.0	0.13127413127413126	0.32432432432432434	0.2868217054263566	1.0680059476856498	1.3736263736263736	3.0
