ID	Num. utterances	Num. tokens	Expression Lexicon Size (ELS)	Expression Variety (EV)	Expression Repetition (ER)	Voc. Overlap	ENTR	L	LMAX
dialogue_txt	14.0	295.0	51.0	0.17288135593220338	0.39661016949152544	0.3937007874015748	0.9088889398418244	1.2598425196850394	3.0
