ID	S1	S2	S1/Initiated Expression (IE_S1)	S1/Expression Repetition (ER_S1)	S1/tokens (%)	S2/Initiated Expression (IE_S2)	S2/Expression Repetition (ER_S2)	S2/tokens (%)	Voc. Overlap S1	Voc. Overlap S2	SR/S1/ELS	SR/S1/EV	SR/S1/ER	SR/S1/ENTR	SR/S1/L	SR/S1/LMAX	SR/S2/ELS	SR/S2/EV	SR/S2/ER	SR/S2/ENTR	SR/S2/L	SR/S2/LMAX
dialogue_txt	Human 1	Human 2	0.8571428571428571	0.1386861313868613	0.5805084745762712	0.14285714285714285	0.5757575757575758	0.4194915254237288	0.5227272727272727	0.71875	19.0	0.1310344827586207	0.36551724137931035	0.693127415328288	1.186046511627907	2.0	16.0	0.14814814814814814	0.4074074074074074	0.4854607607459134	1.105263157894737	2.0
