ID	Num. utterances	Num. tokens	Expression Lexicon Size (ELS)	Expression Variety (EV)	Expression Repetition (ER)	Voc. Overlap	ENTR	L	LMAX
dialogue_txt	17.0	321.0	37.0	0.11526479750778816	0.3146417445482866	0.22666666666666666	0.9647871475035065	1.2869565217391303	4.0
