ID	S1	S2	S1/Initiated Expression (IE_S1)	S1/Expression Repetition (ER_S1)	S1/tokens (%)	S2/Initiated Expression (IE_S2)	S2/Expression Repetition (ER_S2)	S2/tokens (%)	Voc. Overlap S1	Voc. Overlap S2	SR/S1/ELS	SR/S1/EV	SR/S1/ER	SR/S1/ENTR	SR/S1/L	SR/S1/LMAX	SR/S2/ELS	SR/S2/EV	SR/S2/ER	SR/S2/ENTR	SR/S2/L	SR/S2/LMAX
dialogue_txt	Human 1	Human 2	0.8363636363636363	0.1891891891891892	0.5085910652920962	0.16363636363636364	0.6853146853146853	0.49140893470790376	0.5670103092783505	0.6790123456790124	16.0	0.1032258064516129	0.2838709677419355	0.512709142030877	1.1142857142857143	2.0	26.0	0.17218543046357615	0.5099337748344371	0.8431953160789711	1.2295081967213115	3.0
