ID	S1	S2	S1/Initiated Expression (IE_S1)	S1/Expression Repetition (ER_S1)	S1/tokens (%)	S2/Initiated Expression (IE_S2)	S2/Expression Repetition (ER_S2)	S2/tokens (%)	Voc. Overlap S1	Voc. Overlap S2	SR/S1/ELS	SR/S1/EV	SR/S1/ER	SR/S1/ENTR	SR/S1/L	SR/S1/LMAX	SR/S2/ELS	SR/S2/EV	SR/S2/ER	SR/S2/ENTR	SR/S2/L	SR/S2/LMAX
dialogue_txt	Human 1	Human 2	0.7692307692307693	0.08421052631578947	0.4634146341463415	0.23076923076923078	0.7090909090909091	0.5365853658536586	0.7538461538461538	0.765625	10.0	0.0970873786407767	0.27184466019417475	0.4021791902022728	1.08	2.0	14.0	0.11864406779661017	0.423728813559322	0.7452176541661318	1.3823529411764706	6.0
