ID	S1	S2	S1/Initiated Expression (IE_S1)	S1/Expression Repetition (ER_S1)	S1/tokens (%)	S2/Initiated Expression (IE_S2)	S2/Expression Repetition (ER_S2)	S2/tokens (%)	Voc. Overlap S1	Voc. Overlap S2	SR/S1/ELS	SR/S1/EV	SR/S1/ER	SR/S1/ENTR	SR/S1/L	SR/S1/LMAX	SR/S2/ELS	SR/S2/EV	SR/S2/ER	SR/S2/ENTR	SR/S2/L	SR/S2/LMAX
dialogue_txt	Human 1	Human 2	0.723404255319149	0.2222222222222222	0.5151515151515151	0.2765957446808511	0.4722222222222222	0.48484848484848486	0.41904761904761906	0.4943820224719101	17.0	0.10625	0.33125	0.7742433029172697	1.263157894736842	4.0	24.0	0.15789473684210525	0.4407894736842105	1.188721875540867	1.4166666666666667	3.0
