ID	Num. utterances	Num. tokens	Expression Lexicon Size (ELS)	Expression Variety (EV)	Expression Repetition (ER)	Voc. Overlap	ENTR	L	LMAX
dialogue_txt	15.0	193.0	27.0	0.13989637305699482	0.25906735751295334	0.2828282828282828	1.0331737299469321	1.3225806451612903	3.0
