ID	Num. utterances	Num. tokens	Expression Lexicon Size (ELS)	Expression Variety (EV)	Expression Repetition (ER)	Voc. Overlap	ENTR	L	LMAX
dialogue_txt	18.0	283.0	52.0	0.18374558303886926	0.3568904593639576	0.3418803418803419	1.048593480474779	1.3488372093023255	3.0
