ID	Num. utterances	Num. tokens	Expression Lexicon Size (ELS)	Expression Variety (EV)	Expression Repetition (ER)	Voc. Overlap	ENTR	L	LMAX
dialogue_txt	8.0	127.0	22.0	0.1732283464566929	0.29133858267716534	0.40298507462686567	0.7122316415361122	1.2156862745098038	3.0
