ID	S1	S2	S1/Initiated Expression (IE_S1)	S1/Expression Repetition (ER_S1)	S1/tokens (%)	S2/Initiated Expression (IE_S2)	S2/Expression Repetition (ER_S2)	S2/tokens (%)	Voc. Overlap S1	Voc. Overlap S2	SR/S1/ELS	SR/S1/EV	SR/S1/ER	SR/S1/ENTR	SR/S1/L	SR/S1/LMAX	SR/S2/ELS	SR/S2/EV	SR/S2/ER	SR/S2/ENTR	SR/S2/L	SR/S2/LMAX
dialogue_txt	Human 1	Human 2	0.6875	0.19672131147540983	0.30198019801980197	0.3125	0.24113475177304963	0.698019801980198	0.4634146341463415	0.24675324675324675	10.0	0.14492753623188406	0.37681159420289856	0.8812908992306927	1.3	2.0	14.0	0.09333333333333334	0.5333333333333333	1.7970986296312548	3.076923076923077	13.0
