ID	Num. utterances	Num. tokens	Expression Lexicon Size (ELS)	Expression Variety (EV)	Expression Repetition (ER)	Voc. Overlap	ENTR	L	LMAX
dialogue_txt	16.0	295.0	44.0	0.14915254237288136	0.3152542372881356	0.29605263157894735	0.6959080095024158	1.170731707317073	3.0
