ID	Num. utterances	Num. tokens	Expression Lexicon Size (ELS)	Expression Variety (EV)	Expression Repetition (ER)	Voc. Overlap	ENTR	L	LMAX
dialogue_txt	16.0	246.0	29.0	0.11788617886178862	0.3048780487804878	0.2540983606557377	0.9689617278713191	1.2891566265060241	4.0
