ID	Num. utterances	Num. tokens	Expression Lexicon Size (ELS)	Expression Variety (EV)	Expression Repetition (ER)	Voc. Overlap	ENTR	L	LMAX
dialogue_txt	16.0	285.0	27.0	0.09473684210526316	0.26666666666666666	0.24031007751937986	0.5928251064639407	1.1363636363636365	3.0
