ID	Num. utterances	Num. tokens	Expression Lexicon Size (ELS)	Expression Variety (EV)	Expression Repetition (ER)	Voc. Overlap	ENTR	L	LMAX
dialogue_txt	19.0	458.0	59.0	0.12882096069868995	0.3165938864628821	0.24774774774774774	0.8984200556507261	1.2606060606060605	4.0
