ID	Num. utterances	Num. tokens	Expression Lexicon Size (ELS)	Expression Variety (EV)	Expression Repetition (ER)	Voc. Overlap	ENTR	L	LMAX
dialogue_txt	14.0	228.0	20.0	0.08771929824561403	0.27631578947368424	0.23469387755102042	0.7062740891876007	1.1923076923076923	2.0
