ID	Num. utterances	Num. tokens	Expression Lexicon Size (ELS)	Expression Variety (EV)	Expression Repetition (ER)	Voc. Overlap	ENTR	L	LMAX
dialogue_txt	15.0	213.0	33.0	0.15492957746478872	0.27230046948356806	0.3025210084033613	0.36811500542807735	1.0705882352941176	2.0
