ID	Num. utterances	Num. tokens	Expression Lexicon Size (ELS)	Expression Variety (EV)	Expression Repetition (ER)	Voc. Overlap	ENTR	L	LMAX
dialogue_txt	15.0	163.0	21.0	0.12883435582822086	0.3067484662576687	0.3132530120481928	1.303395450674223	1.5490196078431373	3.0
