ID	S1	S2	S1/Initiated Expression (IE_S1)	S1/Expression Repetition (ER_S1)	S1/tokens (%)	S2/Initiated Expression (IE_S2)	S2/Expression Repetition (ER_S2)	S2/tokens (%)	Voc. Overlap S1	Voc. Overlap S2	SR/S1/ELS	SR/S1/EV	SR/S1/ER	SR/S1/ENTR	SR/S1/L	SR/S1/LMAX	SR/S2/ELS	SR/S2/EV	SR/S2/ER	SR/S2/ENTR	SR/S2/L	SR/S2/LMAX
dialogue_txt	Human 1	Human 2	0.7209302325581395	0.1952662721893491	0.5090361445783133	0.27906976744186046	0.3496932515337423	0.49096385542168675	0.43434343434343436	0.4942528735632184	26.0	0.14689265536723164	0.4067796610169492	0.83294582353614	1.2641509433962264	2.0	23.0	0.13450292397660818	0.5321637426900585	1.4859206125507187	1.7037037037037037	5.0
