ID	Num. utterances	Num. tokens	Expression Lexicon Size (ELS)	Expression Variety (EV)	Expression Repetition (ER)	Voc. Overlap	ENTR	L	LMAX
dialogue_txt	18.0	252.0	26.0	0.10317460317460317	0.2222222222222222	0.22900763358778625	0.9228554389748959	1.2686567164179106	3.0
