ID	S1	S2	S1/Initiated Expression (IE_S1)	S1/Expression Repetition (ER_S1)	S1/tokens (%)	S2/Initiated Expression (IE_S2)	S2/Expression Repetition (ER_S2)	S2/tokens (%)	Voc. Overlap S1	Voc. Overlap S2	SR/S1/ELS	SR/S1/EV	SR/S1/ER	SR/S1/ENTR	SR/S1/L	SR/S1/LMAX	SR/S2/ELS	SR/S2/EV	SR/S2/ER	SR/S2/ENTR	SR/S2/L	SR/S2/LMAX
dialogue_txt	Human 1	Human 2	0.7272727272727273	0.06666666666666667	0.2647058823529412	0.2727272727272727	0.12	0.7352941176470589	0.37142857142857144	0.23214285714285715	4.0	0.07547169811320754	0.16981132075471697	0.863120568566631	1.2857142857142858	2.0	12.0	0.09022556390977443	0.7142857142857143	1.5055213905049434	4.947368421052632	22.0
