ID	Num. utterances	Num. tokens	Expression Lexicon Size (ELS)	Expression Variety (EV)	Expression Repetition (ER)	Voc. Overlap	ENTR	L	LMAX
dialogue_txt	16.0	226.0	33.0	0.14601769911504425	0.3274336283185841	0.33636363636363636	1.1048258415105274	1.380952380952381	5.0
