ID	S1	S2	S1/Initiated Expression (IE_S1)	S1/Expression Repetition (ER_S1)	S1/tokens (%)	S2/Initiated Expression (IE_S2)	S2/Expression Repetition (ER_S2)	S2/tokens (%)	Voc. Overlap S1	Voc. Overlap S2	SR/S1/ELS	SR/S1/EV	SR/S1/ER	SR/S1/ENTR	SR/S1/L	SR/S1/LMAX	SR/S2/ELS	SR/S2/EV	SR/S2/ER	SR/S2/ENTR	SR/S2/L	SR/S2/LMAX
dialogue_txt	Human 1	Human 2	0.6666666666666666	0.19626168224299065	0.40225563909774437	0.3333333333333333	0.31446540880503143	0.5977443609022557	0.4444444444444444	0.391304347826087	13.0	0.1111111111111111	0.27350427350427353	0.362051251733998	1.0689655172413792	2.0	23.0	0.13529411764705881	0.4470588235294118	0.9796255075944929	1.3773584905660377	4.0
