ID	Num. utterances	Num. tokens	Expression Lexicon Size (ELS)	Expression Variety (EV)	Expression Repetition (ER)	Voc. Overlap	ENTR	L	LMAX
dialogue_txt	16.0	192.0	28.0	0.14583333333333334	0.24479166666666666	0.31313131313131315	0.524805134842907	1.118421052631579	2.0
