ID	Num. utterances	Num. tokens	Expression Lexicon Size (ELS)	Expression Variety (EV)	Expression Repetition (ER)	Voc. Overlap	ENTR	L	LMAX
dialogue_txt	15.0	214.0	29.0	0.13551401869158877	0.32242990654205606	0.3235294117647059	0.24988229283318547	1.0416666666666667	2.0
