ID	Num. utterances	Num. tokens	Expression Lexicon Size (ELS)	Expression Variety (EV)	Expression Repetition (ER)	Voc. Overlap	ENTR	L	LMAX
dialogue_txt	16.0	278.0	33.0	0.11870503597122302	0.2517985611510791	0.23178807947019867	0.7907163544925793	1.2105263157894737	3.0
