ID	Num. utterances	Num. tokens	Expression Lexicon Size (ELS)	Expression Variety (EV)	Expression Repetition (ER)	Voc. Overlap	ENTR	L	LMAX
dialogue_txt	18.0	284.0	30.0	0.1056338028169014	0.2323943661971831	0.22695035460992907	1.1625049115853574	1.4383561643835616	6.0
