ID	Num. utterances	Num. tokens	Expression Lexicon Size (ELS)	Expression Variety (EV)	Expression Repetition (ER)	Voc. Overlap	ENTR	L	LMAX
dialogue_txt	16.0	238.0	40.0	0.16806722689075632	0.35714285714285715	0.4117647058823529	1.1020448810705443	1.3655913978494623	4.0
