ID	Num. utterances	Num. tokens	Expression Lexicon Size (ELS)	Expression Variety (EV)	Expression Repetition (ER)	Voc. Overlap	ENTR	L	LMAX
dialogue_txt	16.0	117.0	20.0	0.17094017094017094	0.2905982905982906	0.3492063492063492	1.0957952550009336	1.3636363636363635	3.0
