ID	Num. utterances	Num. tokens	Expression Lexicon Size (ELS)	Expression Variety (EV)	Expression Repetition (ER)	Voc. Overlap	ENTR	L	LMAX
dialogue_txt	16.0	249.0	40.0	0.1606425702811245	0.27710843373493976	0.31297709923664124	0.8466803348449484	1.2637362637362637	3.0
