ID	S1	S2	S1/Initiated Expression (IE_S1)	S1/Expression Repetition (ER_S1)	S1/tokens (%)	S2/Initiated Expression (IE_S2)	S2/Expression Repetition (ER_S2)	S2/tokens (%)	Voc. Overlap S1	Voc. Overlap S2	SR/S1/ELS	SR/S1/EV	SR/S1/ER	SR/S1/ENTR	SR/S1/L	SR/S1/LMAX	SR/S2/ELS	SR/S2/EV	SR/S2/ER	SR/S2/ENTR	SR/S2/L	SR/S2/LMAX
dialogue_txt	Human 1	Human 2	0.6578947368421053	0.16822429906542055	0.4553191489361702	0.34210526315789475	0.3828125	0.5446808510638298	0.4567901234567901	0.46835443037974683	13.0	0.1111111111111111	0.27350427350427353	0.362051251733998	1.0689655172413792	2.0	19.0	0.1366906474820144	0.43884892086330934	0.8521364334963357	1.2826086956521738	4.0
