ID	Num. utterances	Num. tokens	Expression Lexicon Size (ELS)	Expression Variety (EV)	Expression Repetition (ER)	Voc. Overlap	ENTR	L	LMAX
dialogue_txt	21.0	235.0	38.0	0.16170212765957448	0.2851063829787234	0.3008130081300813	1.0256970140541923	1.3333333333333333	3.0
