ID	S1	S2	S1/Initiated Expression (IE_S1)	S1/Expression Repetition (ER_S1)	S1/tokens (%)	S2/Initiated Expression (IE_S2)	S2/Expression Repetition (ER_S2)	S2/tokens (%)	Voc. Overlap S1	Voc. Overlap S2	SR/S1/ELS	SR/S1/EV	SR/S1/ER	SR/S1/ENTR	SR/S1/L	SR/S1/LMAX	SR/S2/ELS	SR/S2/EV	SR/S2/ER	SR/S2/ENTR	SR/S2/L	SR/S2/LMAX
dialogue_txt	Human 1	Human 2	0.8157894736842105	0.10752688172043011	0.43661971830985913	0.18421052631578946	0.5416666666666666	0.5633802816901409	0.6811594202898551	0.6527777777777778	8.0	0.08	0.21	0.5225593745369408	1.1176470588235294	2.0	15.0	0.11811023622047244	0.5354330708661418	1.5058762556041068	2.6153846153846154	13.0
