ID	Num. utterances	Num. tokens	Expression Lexicon Size (ELS)	Expression Variety (EV)	Expression Repetition (ER)	Voc. Overlap	ENTR	L	LMAX
dialogue_txt	14.0	241.0	25.0	0.1037344398340249	0.2697095435684647	0.23622047244094488	0.5682853423010461	1.1294117647058823	3.0
