ID	Num. utterances	Num. tokens	Expression Lexicon Size (ELS)	Expression Variety (EV)	Expression Repetition (ER)	Voc. Overlap	ENTR	L	LMAX
dialogue_txt	14.0	297.0	38.0	0.12794612794612795	0.2895622895622896	0.2602739726027397	0.9403136099061518	1.309278350515464	3.0
