ID	Num. utterances	Num. tokens	Expression Lexicon Size (ELS)	Expression Variety (EV)	Expression Repetition (ER)	Voc. Overlap	ENTR	L	LMAX
dialogue_txt	14.0	267.0	24.0	0.0898876404494382	0.24719101123595505	0.15827338129496402	0.5479900080939727	1.1265822784810127	2.0
