ID	S1	S2	S1/Initiated Expression (IE_S1)	S1/Expression Repetition (ER_S1)	S1/tokens (%)	S2/Initiated Expression (IE_S2)	S2/Expression Repetition (ER_S2)	S2/tokens (%)	Voc. Overlap S1	Voc. Overlap S2	SR/S1/ELS	SR/S1/EV	SR/S1/ER	SR/S1/ENTR	SR/S1/L	SR/S1/LMAX	SR/S2/ELS	SR/S2/EV	SR/S2/ER	SR/S2/ENTR	SR/S2/L	SR/S2/LMAX
dialogue_txt	Human 1	Human 2	0.5909090909090909	0.2222222222222222	0.4114285714285714	0.4090909090909091	0.3786407766990291	0.5885714285714285	0.3888888888888889	0.35	9.0	0.1111111111111111	0.2716049382716049	0.4689955935892812	1.1	2.0	19.0	0.16964285714285715	0.48214285714285715	1.2754245365381236	1.7419354838709677	5.0
