ID	S1	S2	S1/Initiated Expression (IE_S1)	S1/Expression Repetition (ER_S1)	S1/tokens (%)	S2/Initiated Expression (IE_S2)	S2/Expression Repetition (ER_S2)	S2/tokens (%)	Voc. Overlap S1	Voc. Overlap S2	SR/S1/ELS	SR/S1/EV	SR/S1/ER	SR/S1/ENTR	SR/S1/L	SR/S1/LMAX	SR/S2/ELS	SR/S2/EV	SR/S2/ER	SR/S2/ENTR	SR/S2/L	SR/S2/LMAX
dialogue_txt	Human 1	Human 2	0.8461538461538461	0.16129032258064516	0.4325581395348837	0.15384615384615385	0.5245901639344263	0.5674418604651162	0.5797101449275363	0.5633802816901409	8.0	0.08	0.21	0.5225593745369408	1.1176470588235294	2.0	22.0	0.17054263565891473	0.5038759689922481	1.1180782093497093	1.4090909090909092	3.0
