ID	Num. utterances	Num. tokens	Expression Lexicon Size (ELS)	Expression Variety (EV)	Expression Repetition (ER)	Voc. Overlap	ENTR	L	LMAX
dialogue_txt	16.0	268.0	40.0	0.14925373134328357	0.332089552238806	0.3161764705882353	0.7168964215424442	1.1785714285714286	3.0
