ID	S1	S2	S1/Initiated Expression (IE_S1)	S1/Expression Repetition (ER_S1)	S1/tokens (%)	S2/Initiated Expression (IE_S2)	S2/Expression Repetition (ER_S2)	S2/tokens (%)	Voc. Overlap S1	Voc. Overlap S2	SR/S1/ELS	SR/S1/EV	SR/S1/ER	SR/S1/ENTR	SR/S1/L	SR/S1/LMAX	SR/S2/ELS	SR/S2/EV	SR/S2/ER	SR/S2/ENTR	SR/S2/L	SR/S2/LMAX
dialogue_txt	Human 1	Human 2	0.8	0.13	0.45454545454545453	0.2	0.5666666666666667	0.5454545454545454	0.5769230769230769	0.5921052631578947	11.0	0.102803738317757	0.21495327102803738	-0.0	1.0	1.0	20.0	0.15625	0.4453125	0.7694449140302984	1.2045454545454546	3.0
