ID	Num. utterances	Num. tokens	Expression Lexicon Size (ELS)	Expression Variety (EV)	Expression Repetition (ER)	Voc. Overlap	ENTR	L	LMAX
dialogue_txt	15.0	220.0	45.0	0.20454545454545456	0.36818181818181817	0.41284403669724773	1.0311718307892739	1.3267326732673268	3.0
