ID	Num. utterances	Num. tokens	Expression Lexicon Size (ELS)	Expression Variety (EV)	Expression Repetition (ER)	Voc. Overlap	ENTR	L	LMAX
dialogue_txt	18.0	246.0	20.0	0.08130081300813008	0.1910569105691057	0.19834710743801653	0.845804533823115	1.2307692307692308	3.0
