ID	S1	S2	S1/Initiated Expression (IE_S1)	S1/Expression Repetition (ER_S1)	S1/tokens (%)	S2/Initiated Expression (IE_S2)	S2/Expression Repetition (ER_S2)	S2/tokens (%)	Voc. Overlap S1	Voc. Overlap S2	SR/S1/ELS	SR/S1/EV	SR/S1/ER	SR/S1/ENTR	SR/S1/L	SR/S1/LMAX	SR/S2/ELS	SR/S2/EV	SR/S2/ER	SR/S2/ENTR	SR/S2/L	SR/S2/LMAX
dialogue_txt	Human 1	Human 2	0.7428571428571429	0.20512820512820512	0.34210526315789475	0.2571428571428571	0.3466666666666667	0.6578947368421053	0.625	0.3684210526315789	7.0	0.08045977011494253	0.2413793103448276	0.5916727785823274	1.2857142857142858	3.0	23.0	0.14465408805031446	0.4528301886792453	1.010663545987896	1.48	6.0
