ID	Num. utterances	Num. tokens	Expression Lexicon Size (ELS)	Expression Variety (EV)	Expression Repetition (ER)	Voc. Overlap	ENTR	L	LMAX
dialogue_txt	15.0	245.0	47.0	0.19183673469387755	0.4204081632653061	0.45871559633027525	1.354821316762761	1.4952380952380953	5.0
