ID	Num. utterances	Num. tokens	Expression Lexicon Size (ELS)	Expression Variety (EV)	Expression Repetition (ER)	Voc. Overlap	ENTR	L	LMAX
dialogue_txt	15.0	237.0	16.0	0.06751054852320675	0.18565400843881857	0.14634146341463414	0.6998578570269279	1.2272727272727273	4.0
