ID	S1	S2	S1/Initiated Expression (IE_S1)	S1/Expression Repetition (ER_S1)	S1/tokens (%)	S2/Initiated Expression (IE_S2)	S2/Expression Repetition (ER_S2)	S2/tokens (%)	Voc. Overlap S1	Voc. Overlap S2	SR/S1/ELS	SR/S1/EV	SR/S1/ER	SR/S1/ENTR	SR/S1/L	SR/S1/LMAX	SR/S2/ELS	SR/S2/EV	SR/S2/ER	SR/S2/ENTR	SR/S2/L	SR/S2/LMAX
dialogue_txt	Human 1	Human 2	0.5625	0.1724137931034483	0.3670886075949367	0.4375	0.19333333333333333	0.6329113924050633	0.29508196721311475	0.225	10.0	0.10638297872340426	0.30851063829787234	0.8658566174572233	1.2727272727272727	3.0	25.0	0.15822784810126583	0.5126582278481012	1.6844835205366082	1.78	4.0
