ID	Num. utterances	Num. tokens	Expression Lexicon Size (ELS)	Expression Variety (EV)	Expression Repetition (ER)	Voc. Overlap	ENTR	L	LMAX
dialogue_txt	13.0	167.0	18.0	0.10778443113772455	0.2215568862275449	0.25882352941176473	1.370862465083061	1.565217391304348	3.0
