ID	S1	S2	S1/Initiated Expression (IE_S1)	S1/Expression Repetition (ER_S1)	S1/tokens (%)	S2/Initiated Expression (IE_S2)	S2/Expression Repetition (ER_S2)	S2/tokens (%)	Voc. Overlap S1	Voc. Overlap S2	SR/S1/ELS	SR/S1/EV	SR/S1/ER	SR/S1/ENTR	SR/S1/L	SR/S1/LMAX	SR/S2/ELS	SR/S2/EV	SR/S2/ER	SR/S2/ENTR	SR/S2/L	SR/S2/LMAX
dialogue_txt	Human 1	Human 2	0.8125	0.12837837837837837	0.6948356807511737	0.1875	0.6	0.3051643192488263	0.35051546391752575	0.7391304347826086	16.0	0.1032258064516129	0.2838709677419355	0.512709142030877	1.1142857142857143	2.0	9.0	0.1232876712328767	0.3561643835616438	-0.0	1.0	1.0
