ID	S1	S2	S1/Initiated Expression (IE_S1)	S1/Expression Repetition (ER_S1)	S1/tokens (%)	S2/Initiated Expression (IE_S2)	S2/Expression Repetition (ER_S2)	S2/tokens (%)	Voc. Overlap S1	Voc. Overlap S2	SR/S1/ELS	SR/S1/EV	SR/S1/ER	SR/S1/ENTR	SR/S1/L	SR/S1/LMAX	SR/S2/ELS	SR/S2/EV	SR/S2/ER	SR/S2/ENTR	SR/S2/L	SR/S2/LMAX
dialogue_txt	Human 1	Human 2	0.8444444444444444	0.1853932584269663	0.5329341317365269	0.15555555555555556	0.5576923076923077	0.46706586826347307	0.4489795918367347	0.55	21.0	0.11290322580645161	0.3655913978494624	0.7732266742876344	1.2272727272727273	2.0	30.0	0.18292682926829268	0.5426829268292683	0.8940208071865635	1.3134328358208955	5.0
