ID	Num. utterances	Num. tokens	Expression Lexicon Size (ELS)	Expression Variety (EV)	Expression Repetition (ER)	Voc. Overlap	ENTR	L	LMAX
dialogue_txt	16.0	248.0	41.0	0.16532258064516128	0.2862903225806452	0.3135593220338983	0.7584246665423687	1.2190476190476192	2.0
