ID	S1	S2	S1/Initiated Expression (IE_S1)	S1/Expression Repetition (ER_S1)	S1/tokens (%)	S2/Initiated Expression (IE_S2)	S2/Expression Repetition (ER_S2)	S2/tokens (%)	Voc. Overlap S1	Voc. Overlap S2	SR/S1/ELS	SR/S1/EV	SR/S1/ER	SR/S1/ENTR	SR/S1/L	SR/S1/LMAX	SR/S2/ELS	SR/S2/EV	SR/S2/ER	SR/S2/ENTR	SR/S2/L	SR/S2/LMAX
dialogue_txt	Human 1	Human 2	0.8	0.10738255033557047	0.6681614349775785	0.2	0.6621621621621622	0.33183856502242154	0.336734693877551	0.7333333333333333	14.0	0.08974358974358974	0.27564102564102566	0.7355085815538398	1.206896551724138	2.0	11.0	0.13580246913580246	0.41975308641975306	0.8403586716091171	1.2692307692307692	2.0
