ID	Num. utterances	Num. tokens	Expression Lexicon Size (ELS)	Expression Variety (EV)	Expression Repetition (ER)	Voc. Overlap	ENTR	L	LMAX
dialogue_txt	15.0	282.0	36.0	0.1276595744680851	0.30141843971631205	0.2706766917293233	0.6049798114555953	1.1388888888888888	3.0
