ID	Num. utterances	Num. tokens	Expression Lexicon Size (ELS)	Expression Variety (EV)	Expression Repetition (ER)	Voc. Overlap	ENTR	L	LMAX
dialogue_txt	14.0	291.0	55.0	0.18900343642611683	0.41580756013745707	0.3709677419354839	1.1546611900271908	1.3880597014925373	4.0
