ID	Num. utterances	Num. tokens	Expression Lexicon Size (ELS)	Expression Variety (EV)	Expression Repetition (ER)	Voc. Overlap	ENTR	L	LMAX
dialogue_txt	16.0	163.0	16.0	0.09815950920245399	0.12883435582822086	0.19318181818181818	0.49418293484978865	1.1081081081081081	2.0
