ID	Num. utterances	Num. tokens	Expression Lexicon Size (ELS)	Expression Variety (EV)	Expression Repetition (ER)	Voc. Overlap	ENTR	L	LMAX
dialogue_txt	15.0	220.0	23.0	0.10454545454545454	0.19545454545454546	0.19696969696969696	0.528891814376937	1.123076923076923	3.0
