ID	Num. utterances	Num. tokens	Expression Lexicon Size (ELS)	Expression Variety (EV)	Expression Repetition (ER)	Voc. Overlap	ENTR	L	LMAX
dialogue_txt	16.0	279.0	42.0	0.15053763440860216	0.30824372759856633	0.31007751937984496	0.7281883539132343	1.1833333333333333	3.0
