ID	Num. utterances	Num. tokens	Expression Lexicon Size (ELS)	Expression Variety (EV)	Expression Repetition (ER)	Voc. Overlap	ENTR	L	LMAX
dialogue_txt	16.0	307.0	48.0	0.1563517915309446	0.3713355048859935	0.32867132867132864	0.8203806114018752	1.237037037037037	5.0
