ID	S1	S2	S1/Initiated Expression (IE_S1)	S1/Expression Repetition (ER_S1)	S1/tokens (%)	S2/Initiated Expression (IE_S2)	S2/Expression Repetition (ER_S2)	S2/tokens (%)	Voc. Overlap S1	Voc. Overlap S2	SR/S1/ELS	SR/S1/EV	SR/S1/ER	SR/S1/ENTR	SR/S1/L	SR/S1/LMAX	SR/S2/ELS	SR/S2/EV	SR/S2/ER	SR/S2/ENTR	SR/S2/L	SR/S2/LMAX
dialogue_txt	Human 1	Human 2	0.7391304347826086	0.14285714285714285	0.38735177865612647	0.2608695652173913	0.23870967741935484	0.6126482213438735	0.43283582089552236	0.34523809523809523	12.0	0.11214953271028037	0.2616822429906542	0.4021791902022728	1.08	2.0	21.0	0.12804878048780488	0.5426829268292683	2.1453444629560154	2.735294117647059	11.0
