ID	S1	S2	S1/Initiated Expression (IE_S1)	S1/Expression Repetition (ER_S1)	S1/tokens (%)	S2/Initiated Expression (IE_S2)	S2/Expression Repetition (ER_S2)	S2/tokens (%)	Voc. Overlap S1	Voc. Overlap S2	SR/S1/ELS	SR/S1/EV	SR/S1/ER	SR/S1/ENTR	SR/S1/L	SR/S1/LMAX	SR/S2/ELS	SR/S2/EV	SR/S2/ER	SR/S2/ENTR	SR/S2/L	SR/S2/LMAX
dialogue_txt	Human 1	Human 2	0.7647058823529411	0.1111111111111111	0.3317972350230415	0.23529411764705882	0.43448275862068964	0.6682027649769585	0.5740740740740741	0.40789473684210525	9.0	0.1111111111111111	0.2716049382716049	0.4689955935892812	1.1	2.0	25.0	0.16233766233766234	0.512987012987013	0.9672445408548795	1.293103448275862	3.0
