ID	Num. utterances	Num. tokens	Expression Lexicon Size (ELS)	Expression Variety (EV)	Expression Repetition (ER)	Voc. Overlap	ENTR	L	LMAX
dialogue_txt	16.0	198.0	18.0	0.09090909090909091	0.24242424242424243	0.22549019607843138	0.7163515129214616	1.2181818181818183	4.0
