ID	Num. utterances	Num. tokens	Expression Lexicon Size (ELS)	Expression Variety (EV)	Expression Repetition (ER)	Voc. Overlap	ENTR	L	LMAX
dialogue_txt	16.0	276.0	45.0	0.16304347826086957	0.37318840579710144	0.37719298245614036	0.7167567465926292	1.2113821138211383	5.0
