ID	S1	S2	S1/Initiated Expression (IE_S1)	S1/Expression Repetition (ER_S1)	S1/tokens (%)	S2/Initiated Expression (IE_S2)	S2/Expression Repetition (ER_S2)	S2/tokens (%)	Voc. Overlap S1	Voc. Overlap S2	SR/S1/ELS	SR/S1/EV	SR/S1/ER	SR/S1/ENTR	SR/S1/L	SR/S1/LMAX	SR/S2/ELS	SR/S2/EV	SR/S2/ER	SR/S2/ENTR	SR/S2/L	SR/S2/LMAX
dialogue_txt	Human 1	Human 2	0.8333333333333334	0.11267605633802817	0.3271889400921659	0.16666666666666666	0.6164383561643836	0.6728110599078341	0.8148148148148148	0.5714285714285714	7.0	0.08860759493670886	0.21518987341772153	0.5916727785823274	1.1428571428571428	2.0	35.0	0.22727272727272727	0.6428571428571429	1.1404220648836303	1.434782608695652	6.0
