ID	Num. utterances	Num. tokens	Expression Lexicon Size (ELS)	Expression Variety (EV)	Expression Repetition (ER)	Voc. Overlap	ENTR	L	LMAX
dialogue_txt	16.0	217.0	42.0	0.1935483870967742	0.45161290322580644	0.5057471264367817	1.0676947527484977	1.4299065420560748	5.0
