ID	Num. utterances	Num. tokens	Expression Lexicon Size (ELS)	Expression Variety (EV)	Expression Repetition (ER)	Voc. Overlap	ENTR	L	LMAX
dialogue_txt	18.0	326.0	52.0	0.15950920245398773	0.4049079754601227	0.43846153846153846	0.9423752237008808	1.3214285714285714	4.0
