ID	Num. utterances	Num. tokens	Expression Lexicon Size (ELS)	Expression Variety (EV)	Expression Repetition (ER)	Voc. Overlap	ENTR	L	LMAX
dialogue_txt	16.0	280.0	48.0	0.17142857142857143	0.40714285714285714	0.3949579831932773	1.1536056987641539	1.3934426229508197	5.0
