ID	Num. utterances	Num. tokens	Expression Lexicon Size (ELS)	Expression Variety (EV)	Expression Repetition (ER)	Voc. Overlap	ENTR	L	LMAX
dialogue_txt	15.0	244.0	42.0	0.1721311475409836	0.39344262295081966	0.34545454545454546	1.108893616933802	1.3888888888888888	4.0
