ID	Num. utterances	Num. tokens	Expression Lexicon Size (ELS)	Expression Variety (EV)	Expression Repetition (ER)	Voc. Overlap	ENTR	L	LMAX
dialogue_txt	17.0	253.0	33.0	0.13043478260869565	0.2766798418972332	0.2595419847328244	0.793863384804167	1.2209302325581395	4.0
