ID	Num. utterances	Num. tokens	Expression Lexicon Size (ELS)	Expression Variety (EV)	Expression Repetition (ER)	Voc. Overlap	ENTR	L	LMAX
dialogue_txt	14.0	216.0	36.0	0.16666666666666666	0.37037037037037035	0.32038834951456313	1.1373399620312552	1.4337349397590362	6.0
