ID	Num. utterances	Num. tokens	Expression Lexicon Size (ELS)	Expression Variety (EV)	Expression Repetition (ER)	Voc. Overlap	ENTR	L	LMAX
dialogue_txt	16.0	257.0	42.0	0.16342412451361868	0.311284046692607	0.32575757575757575	0.7181384220154764	1.1981132075471699	2.0
