ID	Num. utterances	Num. tokens	Expression Lexicon Size (ELS)	Expression Variety (EV)	Expression Repetition (ER)	Voc. Overlap	ENTR	L	LMAX
dialogue_txt	16.0	258.0	28.0	0.10852713178294573	0.2751937984496124	0.21481481481481482	0.5881078230339132	1.1348314606741574	3.0
