ID	Num. utterances	Num. tokens	Expression Lexicon Size (ELS)	Expression Variety (EV)	Expression Repetition (ER)	Voc. Overlap	ENTR	L	LMAX
dialogue_txt	15.0	178.0	32.0	0.1797752808988764	0.42134831460674155	0.47297297297297297	1.9955155470196773	2.1636363636363636	6.0
