ID	Num. utterances	Num. tokens	Expression Lexicon Size (ELS)	Expression Variety (EV)	Expression Repetition (ER)	Voc. Overlap	ENTR	L	LMAX
dialogue_txt	15.0	242.0	32.0	0.1322314049586777	0.23553719008264462	0.21830985915492956	0.7348966570817438	1.1851851851851851	3.0
