ID	Num. utterances	Num. tokens	Expression Lexicon Size (ELS)	Expression Variety (EV)	Expression Repetition (ER)	Voc. Overlap	ENTR	L	LMAX
dialogue_txt	15.0	276.0	31.0	0.11231884057971014	0.2608695652173913	0.2119205298013245	0.9922690452456733	1.3176470588235294	3.0
