ID	Num. utterances	Num. tokens	Expression Lexicon Size (ELS)	Expression Variety (EV)	Expression Repetition (ER)	Voc. Overlap	ENTR	L	LMAX
dialogue_txt	13.0	246.0	37.0	0.15040650406504066	0.3048780487804878	0.3178294573643411	1.020651777416926	1.315217391304348	3.0
