ID	S1	S2	S1/Initiated Expression (IE_S1)	S1/Expression Repetition (ER_S1)	S1/tokens (%)	S2/Initiated Expression (IE_S2)	S2/Expression Repetition (ER_S2)	S2/tokens (%)	Voc. Overlap S1	Voc. Overlap S2	SR/S1/ELS	SR/S1/EV	SR/S1/ER	SR/S1/ENTR	SR/S1/L	SR/S1/LMAX	SR/S2/ELS	SR/S2/EV	SR/S2/ER	SR/S2/ENTR	SR/S2/L	SR/S2/LMAX
dialogue_txt	Human 1	Human 2	0.7352941176470589	0.18947368421052632	0.36259541984732824	0.2647058823529412	0.3712574850299401	0.6374045801526718	0.5538461538461539	0.41379310344827586	10.0	0.0970873786407767	0.27184466019417475	0.4021791902022728	1.08	2.0	26.0	0.14857142857142858	0.5142857142857142	1.267366040378381	1.5636363636363637	5.0
