ID	Num. utterances	Num. tokens	Expression Lexicon Size (ELS)	Expression Variety (EV)	Expression Repetition (ER)	Voc. Overlap	ENTR	L	LMAX
dialogue_txt	15.0	215.0	24.0	0.11162790697674418	0.2372093023255814	0.226890756302521	0.9591963191047146	1.2857142857142858	3.0
