ID	S1	S2	S1/Initiated Expression (IE_S1)	S1/Expression Repetition (ER_S1)	S1/tokens (%)	S2/Initiated Expression (IE_S2)	S2/Expression Repetition (ER_S2)	S2/tokens (%)	Voc. Overlap S1	Voc. Overlap S2	SR/S1/ELS	SR/S1/EV	SR/S1/ER	SR/S1/ENTR	SR/S1/L	SR/S1/LMAX	SR/S2/ELS	SR/S2/EV	SR/S2/ER	SR/S2/ENTR	SR/S2/L	SR/S2/LMAX
dialogue_txt	Human 1	Human 2	0.6842105263157895	0.1896551724137931	0.3682539682539683	0.3157894736842105	0.3969849246231156	0.6317460317460317	0.425	0.3617021276595745	11.0	0.088	0.24	-0.0	1.0	1.0	37.0	0.17703349282296652	0.6172248803827751	1.3514570252194642	1.5714285714285714	8.0
