ID	Num. utterances	Num. tokens	Expression Lexicon Size (ELS)	Expression Variety (EV)	Expression Repetition (ER)	Voc. Overlap	ENTR	L	LMAX
dialogue_txt	16.0	247.0	27.0	0.10931174089068826	0.2793522267206478	0.2992125984251969	1.1497195899251154	1.7846153846153847	17.0
