ID	S1	S2	S1/Initiated Expression (IE_S1)	S1/Expression Repetition (ER_S1)	S1/tokens (%)	S2/Initiated Expression (IE_S2)	S2/Expression Repetition (ER_S2)	S2/tokens (%)	Voc. Overlap S1	Voc. Overlap S2	SR/S1/ELS	SR/S1/EV	SR/S1/ER	SR/S1/ENTR	SR/S1/L	SR/S1/LMAX	SR/S2/ELS	SR/S2/EV	SR/S2/ER	SR/S2/ENTR	SR/S2/L	SR/S2/LMAX
dialogue_txt	Human 1	Human 2	0.8095238095238095	0.25	0.47435897435897434	0.19047619047619047	0.5121951219512195	0.5256410256410257	0.5287356321839081	0.4791666666666667	22.0	0.14102564102564102	0.4230769230769231	0.8176338568998316	1.22	3.0	26.0	0.1511627906976744	0.5116279069767442	1.5366175307595684	1.7115384615384615	7.0
