ID	S1	S2	S1/Initiated Expression (IE_S1)	S1/Expression Repetition (ER_S1)	S1/tokens (%)	S2/Initiated Expression (IE_S2)	S2/Expression Repetition (ER_S2)	S2/tokens (%)	Voc. Overlap S1	Voc. Overlap S2	SR/S1/ELS	SR/S1/EV	SR/S1/ER	SR/S1/ENTR	SR/S1/L	SR/S1/LMAX	SR/S2/ELS	SR/S2/EV	SR/S2/ER	SR/S2/ENTR	SR/S2/L	SR/S2/LMAX
dialogue_txt	Human 1	Human 2	0.7931034482758621	0.1328125	0.6037735849056604	0.20689655172413793	0.4166666666666667	0.39622641509433965	0.3291139240506329	0.48148148148148145	18.0	0.13333333333333333	0.35555555555555557	0.6193821946787638	1.1538461538461537	2.0	12.0	0.13186813186813187	0.4175824175824176	1.0957952550009336	1.6363636363636365	4.0
