ID	Num. utterances	Num. tokens	Expression Lexicon Size (ELS)	Expression Variety (EV)	Expression Repetition (ER)	Voc. Overlap	ENTR	L	LMAX
dialogue_txt	14.0	212.0	29.0	0.13679245283018868	0.24528301886792453	0.24299065420560748	1.0490334198024456	1.3287671232876712	4.0
