ID	Num. utterances	Num. tokens	Expression Lexicon Size (ELS)	Expression Variety (EV)	Expression Repetition (ER)	Voc. Overlap	ENTR	L	LMAX
dialogue_txt	5.0	65.0	7.0	0.1076923076923077	0.12307692307692308	0.20408163265306123	0.5916727785823274	1.1428571428571428	2.0
