ID	Num. utterances	Num. tokens	Expression Lexicon Size (ELS)	Expression Variety (EV)	Expression Repetition (ER)	Voc. Overlap	ENTR	L	LMAX
dialogue_txt	15.0	297.0	44.0	0.14814814814814814	0.26936026936026936	0.2866666666666667	0.7424875695421236	1.2105263157894737	2.0
