ID	S1	S2	S1/Initiated Expression (IE_S1)	S1/Expression Repetition (ER_S1)	S1/tokens (%)	S2/Initiated Expression (IE_S2)	S2/Expression Repetition (ER_S2)	S2/tokens (%)	Voc. Overlap S1	Voc. Overlap S2	SR/S1/ELS	SR/S1/EV	SR/S1/ER	SR/S1/ENTR	SR/S1/L	SR/S1/LMAX	SR/S2/ELS	SR/S2/EV	SR/S2/ER	SR/S2/ENTR	SR/S2/L	SR/S2/LMAX
dialogue_txt	Human 1	Human 2	0.6818181818181818	0.2085889570552147	0.5488215488215489	0.3181818181818182	0.34328358208955223	0.4511784511784512	0.43	0.46236559139784944	22.0	0.12941176470588237	0.40588235294117647	1.194545119186222	1.4893617021276595	3.0	16.0	0.11267605633802817	0.31690140845070425	0.8865703508911296	1.3225806451612903	4.0
