ID	S1	S2	S1/Initiated Expression (IE_S1)	S1/Expression Repetition (ER_S1)	S1/tokens (%)	S2/Initiated Expression (IE_S2)	S2/Expression Repetition (ER_S2)	S2/tokens (%)	Voc. Overlap S1	Voc. Overlap S2	SR/S1/ELS	SR/S1/EV	SR/S1/ER	SR/S1/ENTR	SR/S1/L	SR/S1/LMAX	SR/S2/ELS	SR/S2/EV	SR/S2/ER	SR/S2/ENTR	SR/S2/L	SR/S2/LMAX
dialogue_txt	Human 1	Human 2	0.7241379310344828	0.08333333333333333	0.4666666666666667	0.27586206896551724	0.5625	0.5333333333333333	0.5409836065573771	0.5689655172413793	9.0	0.0989010989010989	0.23076923076923078	-0.0	1.0	1.0	15.0	0.14423076923076922	0.4326923076923077	1.1054930959648086	1.5	4.0
