ID	S1	S2	S1/Initiated Expression (IE_S1)	S1/Expression Repetition (ER_S1)	S1/tokens (%)	S2/Initiated Expression (IE_S2)	S2/Expression Repetition (ER_S2)	S2/tokens (%)	Voc. Overlap S1	Voc. Overlap S2	SR/S1/ELS	SR/S1/EV	SR/S1/ER	SR/S1/ENTR	SR/S1/L	SR/S1/LMAX	SR/S2/ELS	SR/S2/EV	SR/S2/ER	SR/S2/ENTR	SR/S2/L	SR/S2/LMAX
dialogue_txt	Human 1	Human 2	0.8	0.1694915254237288	0.4816326530612245	0.2	0.5039370078740157	0.5183673469387755	0.42857142857142855	0.4782608695652174	13.0	0.104	0.264	0.6051865766334206	1.1481481481481481	2.0	22.0	0.16296296296296298	0.5481481481481482	1.5538214476240477	2.054054054054054	8.0
