ID	Num. utterances	Num. tokens	Expression Lexicon Size (ELS)	Expression Variety (EV)	Expression Repetition (ER)	Voc. Overlap	ENTR	L	LMAX
dialogue_txt	16.0	221.0	34.0	0.15384615384615385	0.33031674208144796	0.34615384615384615	1.0748580006704218	1.3614457831325302	5.0
