ID	Num. utterances	Num. tokens	Expression Lexicon Size (ELS)	Expression Variety (EV)	Expression Repetition (ER)	Voc. Overlap	ENTR	L	LMAX
dialogue_txt	15.0	155.0	14.0	0.09032258064516129	0.16774193548387098	0.23170731707317074	0.29747224891928964	1.0526315789473684	2.0
