ID	S1	S2	S1/Initiated Expression (IE_S1)	S1/Expression Repetition (ER_S1)	S1/tokens (%)	S2/Initiated Expression (IE_S2)	S2/Expression Repetition (ER_S2)	S2/tokens (%)	Voc. Overlap S1	Voc. Overlap S2	SR/S1/ELS	SR/S1/EV	SR/S1/ER	SR/S1/ENTR	SR/S1/L	SR/S1/LMAX	SR/S2/ELS	SR/S2/EV	SR/S2/ER	SR/S2/ENTR	SR/S2/L	SR/S2/LMAX
dialogue_txt	Human 1	Human 2	0.9183673469387755	0.1366906474820144	0.4843205574912892	0.08163265306122448	0.6351351351351351	0.5156794425087108	0.5795454545454546	0.5930232558139535	17.0	0.11643835616438356	0.3698630136986301	0.9707450578356165	1.394736842105263	5.0	25.0	0.16129032258064516	0.4967741935483871	1.206472389634027	1.52	6.0
