ID	Num. utterances	Num. tokens	Expression Lexicon Size (ELS)	Expression Variety (EV)	Expression Repetition (ER)	Voc. Overlap	ENTR	L	LMAX
dialogue_txt	16.0	285.0	42.0	0.14736842105263157	0.3017543859649123	0.34074074074074073	0.39124356362925566	1.0769230769230769	2.0
