ID	S1	S2	S1/Initiated Expression (IE_S1)	S1/Expression Repetition (ER_S1)	S1/tokens (%)	S2/Initiated Expression (IE_S2)	S2/Expression Repetition (ER_S2)	S2/tokens (%)	Voc. Overlap S1	Voc. Overlap S2	SR/S1/ELS	SR/S1/EV	SR/S1/ER	SR/S1/ENTR	SR/S1/L	SR/S1/LMAX	SR/S2/ELS	SR/S2/EV	SR/S2/ER	SR/S2/ENTR	SR/S2/L	SR/S2/LMAX
dialogue_txt	Human 1	Human 2	0.7659574468085106	0.14792899408284024	0.513677811550152	0.23404255319148937	0.38125	0.48632218844984804	0.46464646464646464	0.4339622641509434	26.0	0.14689265536723164	0.4067796610169492	0.83294582353614	1.2641509433962264	2.0	20.0	0.11904761904761904	0.3630952380952381	0.714015280437867	1.196078431372549	2.0
