ID	Num. utterances	Num. tokens	Expression Lexicon Size (ELS)	Expression Variety (EV)	Expression Repetition (ER)	Voc. Overlap	ENTR	L	LMAX
dialogue_txt	16.0	221.0	23.0	0.10407239819004525	0.21266968325791855	0.21739130434782608	0.4349734800747426	1.0895522388059702	2.0
