ID	Num. utterances	Num. tokens	Expression Lexicon Size (ELS)	Expression Variety (EV)	Expression Repetition (ER)	Voc. Overlap	ENTR	L	LMAX
dialogue_txt	16.0	300.0	32.0	0.10666666666666667	0.25666666666666665	0.21678321678321677	0.40506269245806953	1.0841121495327102	3.0
