ID	S1	S2	S1/Initiated Expression (IE_S1)	S1/Expression Repetition (ER_S1)	S1/tokens (%)	S2/Initiated Expression (IE_S2)	S2/Expression Repetition (ER_S2)	S2/tokens (%)	Voc. Overlap S1	Voc. Overlap S2	SR/S1/ELS	SR/S1/EV	SR/S1/ER	SR/S1/ENTR	SR/S1/L	SR/S1/LMAX	SR/S2/ELS	SR/S2/EV	SR/S2/ER	SR/S2/ENTR	SR/S2/L	SR/S2/LMAX
dialogue_txt	Human 1	Human 2	0.8709677419354839	0.11538461538461539	0.430939226519337	0.12903225806451613	0.5533980582524272	0.569060773480663	0.5789473684210527	0.5238095238095238	7.0	0.08333333333333333	0.2261904761904762	0.5435644431995964	1.125	2.0	18.0	0.16363636363636364	0.43636363636363634	1.0772523556276745	1.3714285714285714	3.0
