ID	S1	S2	S1/Initiated Expression (IE_S1)	S1/Expression Repetition (ER_S1)	S1/tokens (%)	S2/Initiated Expression (IE_S2)	S2/Expression Repetition (ER_S2)	S2/tokens (%)	Voc. Overlap S1	Voc. Overlap S2	SR/S1/ELS	SR/S1/EV	SR/S1/ER	SR/S1/ENTR	SR/S1/L	SR/S1/LMAX	SR/S2/ELS	SR/S2/EV	SR/S2/ER	SR/S2/ENTR	SR/S2/L	SR/S2/LMAX
dialogue_txt	Human 1	Human 2	0.7941176470588235	0.18840579710144928	0.3791208791208791	0.20588235294117646	0.6017699115044248	0.6208791208791209	0.6140350877192983	0.603448275862069	6.0	0.07894736842105263	0.18421052631578946	-0.0	1.0	1.0	23.0	0.19008264462809918	0.5785123966942148	0.9877857431090964	1.38	5.0
