ID	S1	S2	S1/Initiated Expression (IE_S1)	S1/Expression Repetition (ER_S1)	S1/tokens (%)	S2/Initiated Expression (IE_S2)	S2/Expression Repetition (ER_S2)	S2/tokens (%)	Voc. Overlap S1	Voc. Overlap S2	SR/S1/ELS	SR/S1/EV	SR/S1/ER	SR/S1/ENTR	SR/S1/L	SR/S1/LMAX	SR/S2/ELS	SR/S2/EV	SR/S2/ER	SR/S2/ENTR	SR/S2/L	SR/S2/LMAX
dialogue_txt	Human 1	Human 2	0.8709677419354839	0.12650602409638553	0.50920245398773	0.12903225806451613	0.65	0.49079754601226994	0.5504587155963303	0.6741573033707865	19.0	0.10919540229885058	0.3160919540229885	0.760658476840993	1.2564102564102564	4.0	28.0	0.16568047337278108	0.5088757396449705	0.9957220057616336	1.303030303030303	3.0
