ID	S1	S2	S1/Initiated Expression (IE_S1)	S1/Expression Repetition (ER_S1)	S1/tokens (%)	S2/Initiated Expression (IE_S2)	S2/Expression Repetition (ER_S2)	S2/tokens (%)	Voc. Overlap S1	Voc. Overlap S2	SR/S1/ELS	SR/S1/EV	SR/S1/ER	SR/S1/ENTR	SR/S1/L	SR/S1/LMAX	SR/S2/ELS	SR/S2/EV	SR/S2/ER	SR/S2/ENTR	SR/S2/L	SR/S2/LMAX
dialogue_txt	Human 1	Human 2	0.5	0.18681318681318682	0.40444444444444444	0.5	0.22388059701492538	0.5955555555555555	0.39705882352941174	0.3375	9.0	0.09183673469387756	0.23469387755102042	0.5032583347756457	1.1111111111111112	2.0	16.0	0.11347517730496454	0.45390070921985815	1.5459702569361204	1.6756756756756757	5.0
