ID	Num. utterances	Num. tokens	Expression Lexicon Size (ELS)	Expression Variety (EV)	Expression Repetition (ER)	Voc. Overlap	ENTR	L	LMAX
dialogue_txt	15.0	261.0	30.0	0.11494252873563218	0.2835249042145594	0.21212121212121213	0.7262600383509772	1.1818181818181819	3.0
