ID	S1	S2	S1/Initiated Expression (IE_S1)	S1/Expression Repetition (ER_S1)	S1/tokens (%)	S2/Initiated Expression (IE_S2)	S2/Expression Repetition (ER_S2)	S2/tokens (%)	Voc. Overlap S1	Voc. Overlap S2	SR/S1/ELS	SR/S1/EV	SR/S1/ER	SR/S1/ENTR	SR/S1/L	SR/S1/LMAX	SR/S2/ELS	SR/S2/EV	SR/S2/ER	SR/S2/ENTR	SR/S2/L	SR/S2/LMAX
dialogue_txt	Human 1	Human 2	0.7407407407407407	0.1834319526627219	0.5331230283911672	0.25925925925925924	0.4527027027027027	0.4668769716088328	0.5050505050505051	0.5376344086021505	26.0	0.14689265536723164	0.4067796610169492	0.83294582353614	1.2641509433962264	2.0	22.0	0.14102564102564102	0.40384615384615385	0.6051865766334206	1.1481481481481481	2.0
