ID	S1	S2	S1/Initiated Expression (IE_S1)	S1/Expression Repetition (ER_S1)	S1/tokens (%)	S2/Initiated Expression (IE_S2)	S2/Expression Repetition (ER_S2)	S2/tokens (%)	Voc. Overlap S1	Voc. Overlap S2	SR/S1/ELS	SR/S1/EV	SR/S1/ER	SR/S1/ENTR	SR/S1/L	SR/S1/LMAX	SR/S2/ELS	SR/S2/EV	SR/S2/ER	SR/S2/ENTR	SR/S2/L	SR/S2/LMAX
dialogue_txt	Human 1	Human 2	0.75	0.17142857142857143	0.4150197628458498	0.25	0.43243243243243246	0.5849802371541502	0.6455696202531646	0.504950495049505	8.0	0.07142857142857142	0.17857142857142858	-0.0	1.0	1.0	17.0	0.11038961038961038	0.34415584415584416	0.8984827156232724	1.3076923076923077	4.0
