ID	S1	S2	S1/Initiated Expression (IE_S1)	S1/Expression Repetition (ER_S1)	S1/tokens (%)	S2/Initiated Expression (IE_S2)	S2/Expression Repetition (ER_S2)	S2/tokens (%)	Voc. Overlap S1	Voc. Overlap S2	SR/S1/ELS	SR/S1/EV	SR/S1/ER	SR/S1/ENTR	SR/S1/L	SR/S1/LMAX	SR/S2/ELS	SR/S2/EV	SR/S2/ER	SR/S2/ENTR	SR/S2/L	SR/S2/LMAX
dialogue_txt	Human 1	Human 2	0.7222222222222222	0.13513513513513514	0.39928057553956836	0.2777777777777778	0.30538922155688625	0.6007194244604317	0.38961038961038963	0.4166666666666667	12.0	0.10084033613445378	0.2857142857142857	-0.0	1.0	1.0	31.0	0.17714285714285713	0.6914285714285714	2.2381604093739424	2.413793103448276	8.0
