ID	Num. utterances	Num. tokens	Expression Lexicon Size (ELS)	Expression Variety (EV)	Expression Repetition (ER)	Voc. Overlap	ENTR	L	LMAX
dialogue_txt	15.0	199.0	17.0	0.08542713567839195	0.1708542713567839	0.21052631578947367	0.6500224216483541	1.1666666666666667	2.0
