ID	S1	S2	S1/Initiated Expression (IE_S1)	S1/Expression Repetition (ER_S1)	S1/tokens (%)	S2/Initiated Expression (IE_S2)	S2/Expression Repetition (ER_S2)	S2/tokens (%)	Voc. Overlap S1	Voc. Overlap S2	SR/S1/ELS	SR/S1/EV	SR/S1/ER	SR/S1/ENTR	SR/S1/L	SR/S1/LMAX	SR/S2/ELS	SR/S2/EV	SR/S2/ER	SR/S2/ENTR	SR/S2/L	SR/S2/LMAX
dialogue_txt	Human 1	Human 2	0.7272727272727273	0.17391304347826086	0.35751295336787564	0.2727272727272727	0.23387096774193547	0.6424870466321243	0.43859649122807015	0.352112676056338	6.0	0.07894736842105263	0.18421052631578946	-0.0	1.0	1.0	12.0	0.09090909090909091	0.5378787878787878	0.9219280948873623	3.5	25.0
