ID	S1	S2	S1/Initiated Expression (IE_S1)	S1/Expression Repetition (ER_S1)	S1/tokens (%)	S2/Initiated Expression (IE_S2)	S2/Expression Repetition (ER_S2)	S2/tokens (%)	Voc. Overlap S1	Voc. Overlap S2	SR/S1/ELS	SR/S1/EV	SR/S1/ER	SR/S1/ENTR	SR/S1/L	SR/S1/LMAX	SR/S2/ELS	SR/S2/EV	SR/S2/ER	SR/S2/ENTR	SR/S2/L	SR/S2/LMAX
dialogue_txt	Human 1	Human 2	0.8	0.10666666666666667	0.47770700636942676	0.2	0.47560975609756095	0.5222929936305732	0.47540983606557374	0.5576923076923077	7.0	0.08433734939759036	0.18072289156626506	0.6193821946787638	1.1538461538461537	2.0	15.0	0.16666666666666666	0.4888888888888889	0.6838104214057896	1.3870967741935485	5.0
