ID	Num. utterances	Num. tokens	Expression Lexicon Size (ELS)	Expression Variety (EV)	Expression Repetition (ER)	Voc. Overlap	ENTR	L	LMAX
dialogue_txt	14.0	181.0	26.0	0.143646408839779	0.24861878453038674	0.2523364485981308	0.6807937753703206	1.180327868852459	2.0
