ID	S1	S2	S1/Initiated Expression (IE_S1)	S1/Expression Repetition (ER_S1)	S1/tokens (%)	S2/Initiated Expression (IE_S2)	S2/Expression Repetition (ER_S2)	S2/tokens (%)	Voc. Overlap S1	Voc. Overlap S2	SR/S1/ELS	SR/S1/EV	SR/S1/ER	SR/S1/ENTR	SR/S1/L	SR/S1/LMAX	SR/S2/ELS	SR/S2/EV	SR/S2/ER	SR/S2/ENTR	SR/S2/L	SR/S2/LMAX
dialogue_txt	Human 1	Human 2	0.8235294117647058	0.17415730337078653	0.5377643504531722	0.17647058823529413	0.5359477124183006	0.4622356495468278	0.5102040816326531	0.5208333333333334	21.0	0.11290322580645161	0.3655913978494624	0.7732266742876344	1.2272727272727273	2.0	18.0	0.11180124223602485	0.39751552795031053	0.9135104147493888	1.3404255319148937	4.0
