ID	Num. utterances	Num. tokens	Expression Lexicon Size (ELS)	Expression Variety (EV)	Expression Repetition (ER)	Voc. Overlap	ENTR	L	LMAX
dialogue_txt	15.0	233.0	30.0	0.12875536480686695	0.30472103004291845	0.3181818181818182	1.225695754057351	1.5694444444444444	7.0
