ID	Num. utterances	Num. tokens	Expression Lexicon Size (ELS)	Expression Variety (EV)	Expression Repetition (ER)	Voc. Overlap	ENTR	L	LMAX
dialogue_txt	17.0	322.0	53.0	0.16459627329192547	0.4161490683229814	0.36220472440944884	1.4114696987156405	1.6111111111111112	9.0
