ID	S1	S2	S1/Initiated Expression (IE_S1)	S1/Expression Repetition (ER_S1)	S1/tokens (%)	S2/Initiated Expression (IE_S2)	S2/Expression Repetition (ER_S2)	S2/tokens (%)	Voc. Overlap S1	Voc. Overlap S2	SR/S1/ELS	SR/S1/EV	SR/S1/ER	SR/S1/ENTR	SR/S1/L	SR/S1/LMAX	SR/S2/ELS	SR/S2/EV	SR/S2/ER	SR/S2/ENTR	SR/S2/L	SR/S2/LMAX
dialogue_txt	Human 1	Human 2	0.7142857142857143	0.1375	0.39408866995073893	0.2857142857142857	0.16260162601626016	0.6059113300492611	0.3728813559322034	0.2619047619047619	6.0	0.06896551724137931	0.1724137931034483	-0.0	1.0	1.0	17.0	0.1297709923664122	0.3969465648854962	0.9278480240265199	1.2820512820512822	3.0
