ID	S1	S2	S1/Initiated Expression (IE_S1)	S1/Expression Repetition (ER_S1)	S1/tokens (%)	S2/Initiated Expression (IE_S2)	S2/Expression Repetition (ER_S2)	S2/tokens (%)	Voc. Overlap S1	Voc. Overlap S2	SR/S1/ELS	SR/S1/EV	SR/S1/ER	SR/S1/ENTR	SR/S1/L	SR/S1/LMAX	SR/S2/ELS	SR/S2/EV	SR/S2/ER	SR/S2/ENTR	SR/S2/L	SR/S2/LMAX
dialogue_txt	Human 1	Human 2	0.3333333333333333	0.2727272727272727	0.39285714285714285	0.6666666666666666	0.2647058823529412	0.6071428571428571	0.36619718309859156	0.3170731707317073	4.0	0.042105263157894736	0.16842105263157894	0.7219280948873623	1.4	3.0	25.0	0.1736111111111111	0.4861111111111111	0.5851569902762292	1.1403508771929824	2.0
