ID	Num. utterances	Num. tokens	Expression Lexicon Size (ELS)	Expression Variety (EV)	Expression Repetition (ER)	Voc. Overlap	ENTR	L	LMAX
dialogue_txt	16.0	251.0	33.0	0.13147410358565736	0.30677290836653387	0.2956521739130435	0.48890859144051524	1.1063829787234043	2.0
