ID	Num. utterances	Num. tokens	Expression Lexicon Size (ELS)	Expression Variety (EV)	Expression Repetition (ER)	Voc. Overlap	ENTR	L	LMAX
dialogue_txt	15.0	255.0	31.0	0.12156862745098039	0.3686274509803922	0.36752136752136755	1.475173840028124	1.7023809523809523	9.0
