ID	S1	S2	S1/Initiated Expression (IE_S1)	S1/Expression Repetition (ER_S1)	S1/tokens (%)	S2/Initiated Expression (IE_S2)	S2/Expression Repetition (ER_S2)	S2/tokens (%)	Voc. Overlap S1	Voc. Overlap S2	SR/S1/ELS	SR/S1/EV	SR/S1/ER	SR/S1/ENTR	SR/S1/L	SR/S1/LMAX	SR/S2/ELS	SR/S2/EV	SR/S2/ER	SR/S2/ENTR	SR/S2/L	SR/S2/LMAX
dialogue_txt	Human 1	Human 2	0.8387096774193549	0.08	0.39215686274509803	0.16129032258064516	0.5548387096774193	0.6078431372549019	0.5512820512820513	0.524390243902439	11.0	0.102803738317757	0.21495327102803738	-0.0	1.0	1.0	22.0	0.13496932515337423	0.6012269938650306	1.2756083071080524	2.5384615384615383	22.0
