ID	Num. utterances	Num. tokens	Expression Lexicon Size (ELS)	Expression Variety (EV)	Expression Repetition (ER)	Voc. Overlap	ENTR	L	LMAX
dialogue_txt	13.0	230.0	27.0	0.11739130434782609	0.2565217391304348	0.2116788321167883	0.8997559594359126	1.2571428571428571	3.0
