ID	Num. utterances	Num. tokens	Expression Lexicon Size (ELS)	Expression Variety (EV)	Expression Repetition (ER)	Voc. Overlap	ENTR	L	LMAX
dialogue_txt	18.0	270.0	33.0	0.12222222222222222	0.25555555555555554	0.25735294117647056	0.8896440932949881	1.2555555555555555	3.0
