ID	Num. utterances	Num. tokens	Expression Lexicon Size (ELS)	Expression Variety (EV)	Expression Repetition (ER)	Voc. Overlap	ENTR	L	LMAX
dialogue_txt	16.0	293.0	40.0	0.13651877133105803	0.27986348122866894	0.2945205479452055	0.6614467366902077	1.1578947368421053	3.0
