ID	S1	S2	S1/Initiated Expression (IE_S1)	S1/Expression Repetition (ER_S1)	S1/tokens (%)	S2/Initiated Expression (IE_S2)	S2/Expression Repetition (ER_S2)	S2/tokens (%)	Voc. Overlap S1	Voc. Overlap S2	SR/S1/ELS	SR/S1/EV	SR/S1/ER	SR/S1/ENTR	SR/S1/L	SR/S1/LMAX	SR/S2/ELS	SR/S2/EV	SR/S2/ER	SR/S2/ENTR	SR/S2/L	SR/S2/LMAX
dialogue_txt	Human 1	Human 2	0.65	0.224	0.42662116040955633	0.35	0.32142857142857145	0.5733788395904437	0.524390243902439	0.40186915887850466	16.0	0.12030075187969924	0.3684210526315789	0.9780155566622415	1.2941176470588236	3.0	25.0	0.14204545454545456	0.4375	0.7853821600685434	1.2222222222222223	3.0
