ID	Num. utterances	Num. tokens	Expression Lexicon Size (ELS)	Expression Variety (EV)	Expression Repetition (ER)	Voc. Overlap	ENTR	L	LMAX
dialogue_txt	14.0	292.0	43.0	0.14726027397260275	0.3424657534246575	0.30656934306569344	0.896018972858771	1.2605042016806722	4.0
