ID	S1	S2	S1/Initiated Expression (IE_S1)	S1/Expression Repetition (ER_S1)	S1/tokens (%)	S2/Initiated Expression (IE_S2)	S2/Expression Repetition (ER_S2)	S2/tokens (%)	Voc. Overlap S1	Voc. Overlap S2	SR/S1/ELS	SR/S1/EV	SR/S1/ER	SR/S1/ENTR	SR/S1/L	SR/S1/LMAX	SR/S2/ELS	SR/S2/EV	SR/S2/ER	SR/S2/ENTR	SR/S2/L	SR/S2/LMAX
dialogue_txt	Human 1	Human 2	0.66	0.21686746987951808	0.5045592705167173	0.34	0.4171779141104294	0.49544072948328266	0.47706422018348627	0.49523809523809526	19.0	0.10919540229885058	0.3160919540229885	0.760658476840993	1.2564102564102564	4.0	23.0	0.13372093023255813	0.3953488372093023	0.6051865766334206	1.1481481481481481	2.0
