ID	S1	S2	S1/Initiated Expression (IE_S1)	S1/Expression Repetition (ER_S1)	S1/tokens (%)	S2/Initiated Expression (IE_S2)	S2/Expression Repetition (ER_S2)	S2/tokens (%)	Voc. Overlap S1	Voc. Overlap S2	SR/S1/ELS	SR/S1/EV	SR/S1/ER	SR/S1/ENTR	SR/S1/L	SR/S1/LMAX	SR/S2/ELS	SR/S2/EV	SR/S2/ER	SR/S2/ENTR	SR/S2/L	SR/S2/LMAX
dialogue_txt	Human 1	Human 2	0.6538461538461539	0.26126126126126126	0.5577889447236181	0.34615384615384615	0.38636363636363635	0.44221105527638194	0.38666666666666666	0.5087719298245614	15.0	0.1271186440677966	0.3644067796610169	1.014097655573916	1.3125	3.0	17.0	0.17708333333333334	0.4479166666666667	0.8683927290103627	1.3125	3.0
