ID	S1	S2	S1/Initiated Expression (IE_S1)	S1/Expression Repetition (ER_S1)	S1/tokens (%)	S2/Initiated Expression (IE_S2)	S2/Expression Repetition (ER_S2)	S2/tokens (%)	Voc. Overlap S1	Voc. Overlap S2	SR/S1/ELS	SR/S1/EV	SR/S1/ER	SR/S1/ENTR	SR/S1/L	SR/S1/LMAX	SR/S2/ELS	SR/S2/EV	SR/S2/ER	SR/S2/ENTR	SR/S2/L	SR/S2/LMAX
dialogue_txt	Human 1	Human 2	0.7352941176470589	0.18867924528301888	0.29775280898876405	0.2647058823529412	0.488	0.702247191011236	0.7435897435897436	0.4915254237288136	5.0	0.08064516129032258	0.16129032258064516	-0.0	1.0	1.0	26.0	0.19402985074626866	0.6716417910447762	1.635929657894737	1.7115384615384615	5.0
