ID	S1	S2	S1/Initiated Expression (IE_S1)	S1/Expression Repetition (ER_S1)	S1/tokens (%)	S2/Initiated Expression (IE_S2)	S2/Expression Repetition (ER_S2)	S2/tokens (%)	Voc. Overlap S1	Voc. Overlap S2	SR/S1/ELS	SR/S1/EV	SR/S1/ER	SR/S1/ENTR	SR/S1/L	SR/S1/LMAX	SR/S2/ELS	SR/S2/EV	SR/S2/ER	SR/S2/ENTR	SR/S2/L	SR/S2/LMAX
dialogue_txt	Human 1	Human 2	0.5714285714285714	0.22413793103448276	0.4773662551440329	0.42857142857142855	0.2992125984251969	0.522633744855967	0.38271604938271603	0.3974358974358974	14.0	0.11475409836065574	0.26229508196721313	0.6051865766334206	1.1481481481481481	2.0	21.0	0.15671641791044777	0.4552238805970149	0.9664516287472262	1.3043478260869565	3.0
