ID	S1	S2	S1/Initiated Expression (IE_S1)	S1/Expression Repetition (ER_S1)	S1/tokens (%)	S2/Initiated Expression (IE_S2)	S2/Expression Repetition (ER_S2)	S2/tokens (%)	Voc. Overlap S1	Voc. Overlap S2	SR/S1/ELS	SR/S1/EV	SR/S1/ER	SR/S1/ENTR	SR/S1/L	SR/S1/LMAX	SR/S2/ELS	SR/S2/EV	SR/S2/ER	SR/S2/ENTR	SR/S2/L	SR/S2/LMAX
dialogue_txt	Human 1	Human 2	0.7352941176470589	0.1686746987951807	0.6459143968871596	0.2647058823529412	0.4835164835164835	0.3540856031128405	0.3486238532110092	0.6440677966101694	19.0	0.10919540229885058	0.3160919540229885	0.760658476840993	1.2564102564102564	4.0	11.0	0.11	0.31	0.8112781244591328	1.25	2.0
