ID	Num. utterances	Num. tokens	Expression Lexicon Size (ELS)	Expression Variety (EV)	Expression Repetition (ER)	Voc. Overlap	ENTR	L	LMAX
dialogue_txt	15.0	253.0	36.0	0.1422924901185771	0.308300395256917	0.2682926829268293	0.8262340433811	1.2222222222222223	3.0
