ID	S1	S2	S1/Initiated Expression (IE_S1)	S1/Expression Repetition (ER_S1)	S1/tokens (%)	S2/Initiated Expression (IE_S2)	S2/Expression Repetition (ER_S2)	S2/tokens (%)	Voc. Overlap S1	Voc. Overlap S2	SR/S1/ELS	SR/S1/EV	SR/S1/ER	SR/S1/ENTR	SR/S1/L	SR/S1/LMAX	SR/S2/ELS	SR/S2/EV	SR/S2/ER	SR/S2/ENTR	SR/S2/L	SR/S2/LMAX
dialogue_txt	Human 1	Human 2	0.5277777777777778	0.3069306930693069	0.39920948616600793	0.4722222222222222	0.3092105263157895	0.6007905138339921	0.5	0.36666666666666664	10.0	0.09259259259259259	0.26851851851851855	0.6193821946787638	1.1538461538461537	2.0	26.0	0.1625	0.5	1.2456863067246164	1.4339622641509433	4.0
