ID	Num. utterances	Num. tokens	Expression Lexicon Size (ELS)	Expression Variety (EV)	Expression Repetition (ER)	Voc. Overlap	ENTR	L	LMAX
dialogue_txt	16.0	357.0	63.0	0.17647058823529413	0.38375350140056025	0.4068965517241379	1.1489758211717014	1.3904109589041096	3.0
