ID	S1	S2	S1/Initiated Expression (IE_S1)	S1/Expression Repetition (ER_S1)	S1/tokens (%)	S2/Initiated Expression (IE_S2)	S2/Expression Repetition (ER_S2)	S2/tokens (%)	Voc. Overlap S1	Voc. Overlap S2	SR/S1/ELS	SR/S1/EV	SR/S1/ER	SR/S1/ENTR	SR/S1/L	SR/S1/LMAX	SR/S2/ELS	SR/S2/EV	SR/S2/ER	SR/S2/ENTR	SR/S2/L	SR/S2/LMAX
dialogue_txt	Human 1	Human 2	0.8979591836734694	0.09821428571428571	0.4163568773234201	0.10204081632653061	0.5095541401273885	0.5836431226765799	0.6103896103896104	0.5164835164835165	15.0	0.125	0.31666666666666665	0.43055186701043946	1.088235294117647	2.0	31.0	0.18787878787878787	0.5151515151515151	0.8223373699434784	1.2205882352941178	3.0
