ID	Num. utterances	Num. tokens	Expression Lexicon Size (ELS)	Expression Variety (EV)	Expression Repetition (ER)	Voc. Overlap	ENTR	L	LMAX
dialogue_txt	19.0	426.0	57.0	0.13380281690140844	0.30985915492957744	0.2639593908629442	0.81066537775653	1.220125786163522	4.0
