ID	Num. utterances	Num. tokens	Expression Lexicon Size (ELS)	Expression Variety (EV)	Expression Repetition (ER)	Voc. Overlap	ENTR	L	LMAX
dialogue_txt	15.0	213.0	34.0	0.1596244131455399	0.352112676056338	0.3939393939393939	1.1214624359978584	1.3837209302325582	5.0
