ID	Num. utterances	Num. tokens	Expression Lexicon Size (ELS)	Expression Variety (EV)	Expression Repetition (ER)	Voc. Overlap	ENTR	L	LMAX
dialogue_txt	17.0	267.0	34.0	0.12734082397003746	0.3333333333333333	0.2868217054263566	0.5608826012866568	1.1607142857142858	5.0
