ID	Num. utterances	Num. tokens	Expression Lexicon Size (ELS)	Expression Variety (EV)	Expression Repetition (ER)	Voc. Overlap	ENTR	L	LMAX
dialogue_txt	16.0	291.0	42.0	0.14432989690721648	0.2920962199312715	0.31690140845070425	0.8304809771649899	1.2241379310344827	3.0
