ID	Num. utterances	Num. tokens	Expression Lexicon Size (ELS)	Expression Variety (EV)	Expression Repetition (ER)	Voc. Overlap	ENTR	L	LMAX
dialogue_txt	16.0	323.0	56.0	0.17337461300309598	0.30959752321981426	0.32608695652173914	1.1340356851197997	1.3692307692307693	4.0
