ID	Num. utterances	Num. tokens	Expression Lexicon Size (ELS)	Expression Variety (EV)	Expression Repetition (ER)	Voc. Overlap	ENTR	L	LMAX
dialogue_txt	19.0	166.0	25.0	0.15060240963855423	0.26506024096385544	0.3176470588235294	0.9218339291539106	1.2666666666666666	3.0
