ID	S1	S2	S1/Initiated Expression (IE_S1)	S1/Expression Repetition (ER_S1)	S1/tokens (%)	S2/Initiated Expression (IE_S2)	S2/Expression Repetition (ER_S2)	S2/tokens (%)	Voc. Overlap S1	Voc. Overlap S2	SR/S1/ELS	SR/S1/EV	SR/S1/ER	SR/S1/ENTR	SR/S1/L	SR/S1/LMAX	SR/S2/ELS	SR/S2/EV	SR/S2/ER	SR/S2/ENTR	SR/S2/L	SR/S2/LMAX
dialogue_txt	Human 1	Human 2	0.7592592592592593	0.23648648648648649	0.4820846905537459	0.24074074074074073	0.5849056603773585	0.5179153094462541	0.6091954022988506	0.5638297872340425	22.0	0.14102564102564102	0.4230769230769231	0.8176338568998316	1.22	3.0	27.0	0.16167664670658682	0.49101796407185627	0.7855602922535472	1.234375	2.0
