ID	S1	S2	S1/Initiated Expression (IE_S1)	S1/Expression Repetition (ER_S1)	S1/tokens (%)	S2/Initiated Expression (IE_S2)	S2/Expression Repetition (ER_S2)	S2/tokens (%)	Voc. Overlap S1	Voc. Overlap S2	SR/S1/ELS	SR/S1/EV	SR/S1/ER	SR/S1/ENTR	SR/S1/L	SR/S1/LMAX	SR/S2/ELS	SR/S2/EV	SR/S2/ER	SR/S2/ENTR	SR/S2/L	SR/S2/LMAX
dialogue_txt	Human 1	Human 2	0.625	0.22627737226277372	0.4521452145214521	0.375	0.3313253012048193	0.5478547854785478	0.38636363636363635	0.3953488372093023	14.0	0.09655172413793103	0.296551724137931	0.8503259045049341	1.3214285714285714	4.0	28.0	0.16091954022988506	0.5862068965517241	1.5719723131933931	1.7142857142857142	6.0
