ID	Num. utterances	Num. tokens	Expression Lexicon Size (ELS)	Expression Variety (EV)	Expression Repetition (ER)	Voc. Overlap	ENTR	L	LMAX
dialogue_txt	16.0	207.0	32.0	0.15458937198067632	0.3671497584541063	0.40217391304347827	0.9304394981856656	1.3255813953488371	5.0
