ID	S1	S2	S1/Initiated Expression (IE_S1)	S1/Expression Repetition (ER_S1)	S1/tokens (%)	S2/Initiated Expression (IE_S2)	S2/Expression Repetition (ER_S2)	S2/tokens (%)	Voc. Overlap S1	Voc. Overlap S2	SR/S1/ELS	SR/S1/EV	SR/S1/ER	SR/S1/ENTR	SR/S1/L	SR/S1/LMAX	SR/S2/ELS	SR/S2/EV	SR/S2/ER	SR/S2/ENTR	SR/S2/L	SR/S2/LMAX
dialogue_txt	Human 1	Human 2	0.7837837837837838	0.15789473684210525	0.40425531914893614	0.21621621621621623	0.5214285714285715	0.5957446808510638	0.5846153846153846	0.5588235294117647	10.0	0.0970873786407767	0.27184466019417475	0.4021791902022728	1.08	2.0	29.0	0.19594594594594594	0.6554054054054054	1.3971526588569216	1.6065573770491803	7.0
