ID	Num. utterances	Num. tokens	Expression Lexicon Size (ELS)	Expression Variety (EV)	Expression Repetition (ER)	Voc. Overlap	ENTR	L	LMAX
dialogue_txt	17.0	328.0	66.0	0.20121951219512196	0.39634146341463417	0.43537414965986393	0.7563007279905448	1.1976047904191616	3.0
