ID	S1	S2	S1/Initiated Expression (IE_S1)	S1/Expression Repetition (ER_S1)	S1/tokens (%)	S2/Initiated Expression (IE_S2)	S2/Expression Repetition (ER_S2)	S2/tokens (%)	Voc. Overlap S1	Voc. Overlap S2	SR/S1/ELS	SR/S1/EV	SR/S1/ER	SR/S1/ENTR	SR/S1/L	SR/S1/LMAX	SR/S2/ELS	SR/S2/EV	SR/S2/ER	SR/S2/ENTR	SR/S2/L	SR/S2/LMAX
dialogue_txt	Human 1	Human 2	0.6428571428571429	0.09259259259259259	0.4462809917355372	0.35714285714285715	0.208955223880597	0.5537190082644629	0.36585365853658536	0.3488372093023256	4.0	0.06896551724137931	0.1724137931034483	-0.0	1.0	1.0	6.0	0.08450704225352113	0.4225352112676056	1.7609640474436812	3.0	9.0
