ID	S1	S2	S1/Initiated Expression (IE_S1)	S1/Expression Repetition (ER_S1)	S1/tokens (%)	S2/Initiated Expression (IE_S2)	S2/Expression Repetition (ER_S2)	S2/tokens (%)	Voc. Overlap S1	Voc. Overlap S2	SR/S1/ELS	SR/S1/EV	SR/S1/ER	SR/S1/ENTR	SR/S1/L	SR/S1/LMAX	SR/S2/ELS	SR/S2/EV	SR/S2/ER	SR/S2/ENTR	SR/S2/L	SR/S2/LMAX
dialogue_txt	Human 1	Human 2	0.6666666666666666	0.20535714285714285	0.5067873303167421	0.3333333333333333	0.48623853211009177	0.49321266968325794	0.45454545454545453	0.6140350877192983	15.0	0.125	0.31666666666666665	0.43055186701043946	1.088235294117647	2.0	22.0	0.18803418803418803	0.5641025641025641	1.4124567450548657	1.6578947368421053	6.0
