ID	Num. utterances	Num. tokens	Expression Lexicon Size (ELS)	Expression Variety (EV)	Expression Repetition (ER)	Voc. Overlap	ENTR	L	LMAX
dialogue_txt	17.0	248.0	32.0	0.12903225806451613	0.2862903225806452	0.32456140350877194	1.0713070562952456	1.4390243902439024	6.0
