ID	Num. utterances	Num. tokens	Expression Lexicon Size (ELS)	Expression Variety (EV)	Expression Repetition (ER)	Voc. Overlap	ENTR	L	LMAX
dialogue_txt	14.0	220.0	28.0	0.12727272727272726	0.2727272727272727	0.2358490566037736	0.9535123202761396	1.2876712328767124	3.0
