ID	S1	S2	S1/Initiated Expression (IE_S1)	S1/Expression Repetition (ER_S1)	S1/tokens (%)	S2/Initiated Expression (IE_S2)	S2/Expression Repetition (ER_S2)	S2/tokens (%)	Voc. Overlap S1	Voc. Overlap S2	SR/S1/ELS	SR/S1/EV	SR/S1/ER	SR/S1/ENTR	SR/S1/L	SR/S1/LMAX	SR/S2/ELS	SR/S2/EV	SR/S2/ER	SR/S2/ENTR	SR/S2/L	SR/S2/LMAX
dialogue_txt	Human 1	Human 2	0.6538461538461539	0.1625	0.3864734299516908	0.34615384615384615	0.2204724409448819	0.6135265700483091	0.4745762711864407	0.3888888888888889	6.0	0.06896551724137931	0.1724137931034483	-0.0	1.0	1.0	22.0	0.16296296296296298	0.5555555555555556	1.7768532774369135	1.9318181818181819	6.0
