ID	Num. utterances	Num. tokens	Expression Lexicon Size (ELS)	Expression Variety (EV)	Expression Repetition (ER)	Voc. Overlap	ENTR	L	LMAX
dialogue_txt	15.0	207.0	26.0	0.12560386473429952	0.19806763285024154	0.27184466019417475	0.31599713297842463	1.0571428571428572	2.0
