ID	S1	S2	S1/Initiated Expression (IE_S1)	S1/Expression Repetition (ER_S1)	S1/tokens (%)	S2/Initiated Expression (IE_S2)	S2/Expression Repetition (ER_S2)	S2/tokens (%)	Voc. Overlap S1	Voc. Overlap S2	SR/S1/ELS	SR/S1/EV	SR/S1/ER	SR/S1/ENTR	SR/S1/L	SR/S1/LMAX	SR/S2/ELS	SR/S2/EV	SR/S2/ER	SR/S2/ENTR	SR/S2/L	SR/S2/LMAX
dialogue_txt	Human 1	Human 2	0.8888888888888888	0.22950819672131148	0.34269662921348315	0.1111111111111111	0.452991452991453	0.6573033707865169	0.6341463414634146	0.3880597014925373	10.0	0.14492753623188406	0.37681159420289856	0.8812908992306927	1.3	2.0	21.0	0.16666666666666666	0.5079365079365079	1.6485919211274573	1.75	5.0
