ID	S1	S2	S1/Initiated Expression (IE_S1)	S1/Expression Repetition (ER_S1)	S1/tokens (%)	S2/Initiated Expression (IE_S2)	S2/Expression Repetition (ER_S2)	S2/tokens (%)	Voc. Overlap S1	Voc. Overlap S2	SR/S1/ELS	SR/S1/EV	SR/S1/ER	SR/S1/ENTR	SR/S1/L	SR/S1/LMAX	SR/S2/ELS	SR/S2/EV	SR/S2/ER	SR/S2/ENTR	SR/S2/L	SR/S2/LMAX
dialogue_txt	Human 1	Human 2	0.7	0.11864406779661017	0.34705882352941175	0.3	0.17117117117117117	0.6529411764705882	0.5116279069767442	0.2972972972972973	8.0	0.11940298507462686	0.31343283582089554	-0.0	1.0	1.0	13.0	0.1092436974789916	0.31932773109243695	0.9059282160429993	1.3214285714285714	2.0
