ID	Num. utterances	Num. tokens	Expression Lexicon Size (ELS)	Expression Variety (EV)	Expression Repetition (ER)	Voc. Overlap	ENTR	L	LMAX
dialogue_txt	16.0	266.0	45.0	0.16917293233082706	0.33458646616541354	0.4166666666666667	0.8912751727545865	1.2695652173913043	5.0
