ID	Num. utterances	Num. tokens	Expression Lexicon Size (ELS)	Expression Variety (EV)	Expression Repetition (ER)	Voc. Overlap	ENTR	L	LMAX
dialogue_txt	17.0	327.0	49.0	0.14984709480122324	0.3761467889908257	0.3660130718954248	0.683396439475187	1.2907801418439717	8.0
