ID	Num. utterances	Num. tokens	Expression Lexicon Size (ELS)	Expression Variety (EV)	Expression Repetition (ER)	Voc. Overlap	ENTR	L	LMAX
dialogue_txt	15.0	198.0	28.0	0.1414141414141414	0.29292929292929293	0.25663716814159293	0.4223847842795291	1.1756756756756757	6.0
