ID	Num. utterances	Num. tokens	Expression Lexicon Size (ELS)	Expression Variety (EV)	Expression Repetition (ER)	Voc. Overlap	ENTR	L	LMAX
dialogue_txt	15.0	279.0	38.0	0.13620071684587814	0.30824372759856633	0.2777777777777778	0.6639057588563915	1.1727272727272726	2.0
