ID	Num. utterances	Num. tokens	Expression Lexicon Size (ELS)	Expression Variety (EV)	Expression Repetition (ER)	Voc. Overlap	ENTR	L	LMAX
dialogue_txt	19.0	288.0	52.0	0.18055555555555555	0.3923611111111111	0.4049586776859504	0.9127497923340328	1.2611940298507462	3.0
