ID	S1	S2	S1/Initiated Expression (IE_S1)	S1/Expression Repetition (ER_S1)	S1/tokens (%)	S2/Initiated Expression (IE_S2)	S2/Expression Repetition (ER_S2)	S2/tokens (%)	Voc. Overlap S1	Voc. Overlap S2	SR/S1/ELS	SR/S1/EV	SR/S1/ER	SR/S1/ENTR	SR/S1/L	SR/S1/LMAX	SR/S2/ELS	SR/S2/EV	SR/S2/ER	SR/S2/ENTR	SR/S2/L	SR/S2/LMAX
dialogue_txt	Human 1	Human 2	0.8070175438596491	0.13725490196078433	0.5368421052631579	0.19298245614035087	0.5984848484848485	0.4631578947368421	0.5714285714285714	0.6741573033707865	17.0	0.10625	0.33125	0.7742433029172697	1.263157894736842	4.0	26.0	0.18571428571428572	0.4642857142857143	0.6912898694057888	1.1851851851851851	2.0
