ID	S1	S2	S1/Initiated Expression (IE_S1)	S1/Expression Repetition (ER_S1)	S1/tokens (%)	S2/Initiated Expression (IE_S2)	S2/Expression Repetition (ER_S2)	S2/tokens (%)	Voc. Overlap S1	Voc. Overlap S2	SR/S1/ELS	SR/S1/EV	SR/S1/ER	SR/S1/ENTR	SR/S1/L	SR/S1/LMAX	SR/S2/ELS	SR/S2/EV	SR/S2/ER	SR/S2/ENTR	SR/S2/L	SR/S2/LMAX
dialogue_txt	Human 1	Human 2	0.84375	0.1827956989247312	0.5314285714285715	0.15625	0.5365853658536586	0.4685714285714286	0.5217391304347826	0.631578947368421	8.0	0.08	0.21	0.5225593745369408	1.1176470588235294	2.0	11.0	0.12359550561797752	0.33707865168539325	0.8280557253795038	1.2608695652173914	2.0
