ID	Num. utterances	Num. tokens	Expression Lexicon Size (ELS)	Expression Variety (EV)	Expression Repetition (ER)	Voc. Overlap	ENTR	L	LMAX
dialogue_txt	16.0	324.0	45.0	0.1388888888888889	0.2808641975308642	0.2866666666666667	0.9409613892681645	1.2758620689655173	4.0
