ID	Num. utterances	Num. tokens	Expression Lexicon Size (ELS)	Expression Variety (EV)	Expression Repetition (ER)	Voc. Overlap	ENTR	L	LMAX
dialogue_txt	15.0	207.0	28.0	0.13526570048309178	0.2463768115942029	0.24193548387096775	0.39124356362925566	1.0769230769230769	2.0
