ID	Num. utterances	Num. tokens	Expression Lexicon Size (ELS)	Expression Variety (EV)	Expression Repetition (ER)	Voc. Overlap	ENTR	L	LMAX
dialogue_txt	19.0	459.0	85.0	0.18518518518518517	0.44880174291938996	0.5470588235294118	1.3942293966582713	1.5170731707317073	6.0
