ID	S1	S2	S1/Initiated Expression (IE_S1)	S1/Expression Repetition (ER_S1)	S1/tokens (%)	S2/Initiated Expression (IE_S2)	S2/Expression Repetition (ER_S2)	S2/tokens (%)	Voc. Overlap S1	Voc. Overlap S2	SR/S1/ELS	SR/S1/EV	SR/S1/ER	SR/S1/ENTR	SR/S1/L	SR/S1/LMAX	SR/S2/ELS	SR/S2/EV	SR/S2/ER	SR/S2/ENTR	SR/S2/L	SR/S2/LMAX
dialogue_txt	Human 1	Human 2	0.7027027027027027	0.2413793103448276	0.3425196850393701	0.2972972972972973	0.3413173652694611	0.65748031496063	0.6111111111111112	0.375	12.0	0.125	0.3645833333333333	1.0676111603502403	1.434782608695652	4.0	28.0	0.15819209039548024	0.4971751412429379	0.9555554006799892	1.3174603174603174	4.0
