ID	S1	S2	S1/Initiated Expression (IE_S1)	S1/Expression Repetition (ER_S1)	S1/tokens (%)	S2/Initiated Expression (IE_S2)	S2/Expression Repetition (ER_S2)	S2/tokens (%)	Voc. Overlap S1	Voc. Overlap S2	SR/S1/ELS	SR/S1/EV	SR/S1/ER	SR/S1/ENTR	SR/S1/L	SR/S1/LMAX	SR/S2/ELS	SR/S2/EV	SR/S2/ER	SR/S2/ENTR	SR/S2/L	SR/S2/LMAX
dialogue_txt	Human 1	Human 2	0.7666666666666667	0.15306122448979592	0.34385964912280703	0.23333333333333334	0.25133689839572193	0.656140350877193	0.4925373134328358	0.3	12.0	0.11214953271028037	0.2616822429906542	0.4021791902022728	1.08	2.0	32.0	0.16326530612244897	0.46938775510204084	0.886451179275613	1.2535211267605635	3.0
