ID	S1	S2	S1/Initiated Expression (IE_S1)	S1/Expression Repetition (ER_S1)	S1/tokens (%)	S2/Initiated Expression (IE_S2)	S2/Expression Repetition (ER_S2)	S2/tokens (%)	Voc. Overlap S1	Voc. Overlap S2	SR/S1/ELS	SR/S1/EV	SR/S1/ER	SR/S1/ENTR	SR/S1/L	SR/S1/LMAX	SR/S2/ELS	SR/S2/EV	SR/S2/ER	SR/S2/ENTR	SR/S2/L	SR/S2/LMAX
dialogue_txt	Human 1	Human 2	0.7586206896551724	0.24867724867724866	0.5279329608938548	0.2413793103448276	0.5976331360946746	0.4720670391061452	0.48598130841121495	0.5977011494252874	28.0	0.14213197969543148	0.4517766497461929	1.0540157730728	1.35	3.0	35.0	0.19662921348314608	0.5730337078651685	1.0552608949738147	1.3376623376623376	3.0
