ID	Num. utterances	Num. tokens	Expression Lexicon Size (ELS)	Expression Variety (EV)	Expression Repetition (ER)	Voc. Overlap	ENTR	L	LMAX
dialogue_txt	15.0	248.0	43.0	0.17338709677419356	0.39919354838709675	0.4205607476635514	0.820743507698328	1.2892561983471074	6.0
