ID	S1	S2	S1/Initiated Expression (IE_S1)	S1/Expression Repetition (ER_S1)	S1/tokens (%)	S2/Initiated Expression (IE_S2)	S2/Expression Repetition (ER_S2)	S2/tokens (%)	Voc. Overlap S1	Voc. Overlap S2	SR/S1/ELS	SR/S1/EV	SR/S1/ER	SR/S1/ENTR	SR/S1/L	SR/S1/LMAX	SR/S2/ELS	SR/S2/EV	SR/S2/ER	SR/S2/ENTR	SR/S2/L	SR/S2/LMAX
dialogue_txt	Human 1	Human 2	0.8333333333333334	0.09090909090909091	0.39568345323741005	0.16666666666666666	0.38095238095238093	0.60431654676259	0.6428571428571429	0.42857142857142855	5.0	0.08064516129032258	0.1935483870967742	0.8112781244591328	1.5	3.0	11.0	0.11956521739130435	0.2826086956521739	0.41381685030363374	1.0833333333333333	2.0
