ID	Num. utterances	Num. tokens	Expression Lexicon Size (ELS)	Expression Variety (EV)	Expression Repetition (ER)	Voc. Overlap	ENTR	L	LMAX
dialogue_txt	13.0	166.0	27.0	0.16265060240963855	0.5240963855421686	0.509090909090909	1.004125927086824	1.3294117647058823	4.0
