ID	Num. utterances	Num. tokens	Expression Lexicon Size (ELS)	Expression Variety (EV)	Expression Repetition (ER)	Voc. Overlap	ENTR	L	LMAX
dialogue_txt	18.0	259.0	28.0	0.10810810810810811	0.2702702702702703	0.24347826086956523	0.7608708930937779	1.2183908045977012	4.0
