ID	Num. utterances	Num. tokens	Expression Lexicon Size (ELS)	Expression Variety (EV)	Expression Repetition (ER)	Voc. Overlap	ENTR	L	LMAX
dialogue_txt	18.0	331.0	57.0	0.17220543806646527	0.3776435045317221	0.4117647058823529	1.0306474265123997	1.3609022556390977	5.0
