ID	Num. utterances	Num. tokens	Expression Lexicon Size (ELS)	Expression Variety (EV)	Expression Repetition (ER)	Voc. Overlap	ENTR	L	LMAX
dialogue_txt	15.0	251.0	37.0	0.14741035856573706	0.3705179282868526	0.33962264150943394	0.7991846838854293	1.2358490566037736	5.0
