ID	Num. utterances	Num. tokens	Expression Lexicon Size (ELS)	Expression Variety (EV)	Expression Repetition (ER)	Voc. Overlap	ENTR	L	LMAX
dialogue_txt	16.0	324.0	45.0	0.1388888888888889	0.345679012345679	0.36496350364963503	1.3984834223384515	1.5811965811965811	8.0
