ID	S1	S2	S1/Initiated Expression (IE_S1)	S1/Expression Repetition (ER_S1)	S1/tokens (%)	S2/Initiated Expression (IE_S2)	S2/Expression Repetition (ER_S2)	S2/tokens (%)	Voc. Overlap S1	Voc. Overlap S2	SR/S1/ELS	SR/S1/EV	SR/S1/ER	SR/S1/ENTR	SR/S1/L	SR/S1/LMAX	SR/S2/ELS	SR/S2/EV	SR/S2/ER	SR/S2/ENTR	SR/S2/L	SR/S2/LMAX
dialogue_txt	Human 1	Human 2	0.7241379310344828	0.14285714285714285	0.47257383966244726	0.27586206896551724	0.336	0.5274261603375527	0.38961038961038963	0.38961038961038963	15.0	0.125	0.31666666666666665	0.43055186701043946	1.088235294117647	2.0	23.0	0.17293233082706766	0.44360902255639095	0.9822877333688933	1.2954545454545454	3.0
