ID	Num. utterances	Num. tokens	Expression Lexicon Size (ELS)	Expression Variety (EV)	Expression Repetition (ER)	Voc. Overlap	ENTR	L	LMAX
dialogue_txt	16.0	237.0	29.0	0.12236286919831224	0.24472573839662448	0.24193548387096775	0.677492163139079	1.1645569620253164	3.0
