ID	Num. utterances	Num. tokens	Expression Lexicon Size (ELS)	Expression Variety (EV)	Expression Repetition (ER)	Voc. Overlap	ENTR	L	LMAX
dialogue_txt	16.0	215.0	22.0	0.10232558139534884	0.20930232558139536	0.21052631578947367	0.8454346285906613	1.263157894736842	3.0
