ID	S1	S2	S1/Initiated Expression (IE_S1)	S1/Expression Repetition (ER_S1)	S1/tokens (%)	S2/Initiated Expression (IE_S2)	S2/Expression Repetition (ER_S2)	S2/tokens (%)	Voc. Overlap S1	Voc. Overlap S2	SR/S1/ELS	SR/S1/EV	SR/S1/ER	SR/S1/ENTR	SR/S1/L	SR/S1/LMAX	SR/S2/ELS	SR/S2/EV	SR/S2/ER	SR/S2/ENTR	SR/S2/L	SR/S2/LMAX
dialogue_txt	Human 1	Human 2	0.7804878048780488	0.16842105263157894	0.3958333333333333	0.21951219512195122	0.5862068965517241	0.6041666666666666	0.6307692307692307	0.5616438356164384	10.0	0.0970873786407767	0.27184466019417475	0.4021791902022728	1.08	2.0	26.0	0.16993464052287582	0.5620915032679739	1.6779341437477555	1.7647058823529411	5.0
