ID	Num. utterances	Num. tokens	Expression Lexicon Size (ELS)	Expression Variety (EV)	Expression Repetition (ER)	Voc. Overlap	ENTR	L	LMAX
dialogue_txt	15.0	291.0	46.0	0.15807560137457044	0.3470790378006873	0.31724137931034485	0.52764232609436	1.1194029850746268	2.0
