ID	Num. utterances	Num. tokens	Expression Lexicon Size (ELS)	Expression Variety (EV)	Expression Repetition (ER)	Voc. Overlap	ENTR	L	LMAX
dialogue_txt	15.0	230.0	28.0	0.12173913043478261	0.25217391304347825	0.2366412213740458	0.4612160405139095	1.0975609756097562	2.0
