ID	S1	S2	S1/Initiated Expression (IE_S1)	S1/Expression Repetition (ER_S1)	S1/tokens (%)	S2/Initiated Expression (IE_S2)	S2/Expression Repetition (ER_S2)	S2/tokens (%)	Voc. Overlap S1	Voc. Overlap S2	SR/S1/ELS	SR/S1/EV	SR/S1/ER	SR/S1/ENTR	SR/S1/L	SR/S1/LMAX	SR/S2/ELS	SR/S2/EV	SR/S2/ER	SR/S2/ENTR	SR/S2/L	SR/S2/LMAX
dialogue_txt	Human 1	Human 2	0.8461538461538461	0.15894039735099338	0.49185667752442996	0.15384615384615385	0.5384615384615384	0.50814332247557	0.5714285714285714	0.6222222222222222	20.0	0.12578616352201258	0.33962264150943394	0.9557047234094589	1.2820512820512822	3.0	25.0	0.1524390243902439	0.4695121951219512	1.1160762796829875	1.4615384615384615	5.0
