ID	Num. utterances	Num. tokens	Expression Lexicon Size (ELS)	Expression Variety (EV)	Expression Repetition (ER)	Voc. Overlap	ENTR	L	LMAX
dialogue_txt	16.0	307.0	52.0	0.16938110749185667	0.3517915309446254	0.42424242424242425	1.4470265760019694	1.5714285714285714	6.0
