ID	S1	S2	S1/Initiated Expression (IE_S1)	S1/Expression Repetition (ER_S1)	S1/tokens (%)	S2/Initiated Expression (IE_S2)	S2/Expression Repetition (ER_S2)	S2/tokens (%)	Voc. Overlap S1	Voc. Overlap S2	SR/S1/ELS	SR/S1/EV	SR/S1/ER	SR/S1/ENTR	SR/S1/L	SR/S1/LMAX	SR/S2/ELS	SR/S2/EV	SR/S2/ER	SR/S2/ENTR	SR/S2/L	SR/S2/LMAX
dialogue_txt	Human 1	Human 2	0.8	0.1111111111111111	0.6923076923076923	0.2	0.4264705882352941	0.3076923076923077	0.3047619047619048	0.5925925925925926	17.0	0.10625	0.33125	0.7742433029172697	1.263157894736842	4.0	3.0	0.039473684210526314	0.11842105263157894	-0.0	1.0	1.0
