ID	S1	S2	S1/Initiated Expression (IE_S1)	S1/Expression Repetition (ER_S1)	S1/tokens (%)	S2/Initiated Expression (IE_S2)	S2/Expression Repetition (ER_S2)	S2/tokens (%)	Voc. Overlap S1	Voc. Overlap S2	SR/S1/ELS	SR/S1/EV	SR/S1/ER	SR/S1/ENTR	SR/S1/L	SR/S1/LMAX	SR/S2/ELS	SR/S2/EV	SR/S2/ER	SR/S2/ENTR	SR/S2/L	SR/S2/LMAX
dialogue_txt	Human 1	Human 2	0.6060606060606061	0.184	0.4432624113475177	0.3939393939393939	0.2929936305732484	0.5567375886524822	0.3902439024390244	0.38095238095238093	16.0	0.12030075187969924	0.3684210526315789	0.9780155566622415	1.2941176470588236	3.0	26.0	0.15757575757575756	0.5454545454545454	1.532463438142891	1.7592592592592593	8.0
