ID	S1	S2	S1/Initiated Expression (IE_S1)	S1/Expression Repetition (ER_S1)	S1/tokens (%)	S2/Initiated Expression (IE_S2)	S2/Expression Repetition (ER_S2)	S2/tokens (%)	Voc. Overlap S1	Voc. Overlap S2	SR/S1/ELS	SR/S1/EV	SR/S1/ER	SR/S1/ENTR	SR/S1/L	SR/S1/LMAX	SR/S2/ELS	SR/S2/EV	SR/S2/ER	SR/S2/ENTR	SR/S2/L	SR/S2/LMAX
dialogue_txt	Human 1	Human 2	0.7058823529411765	0.11	0.40160642570281124	0.29411764705882354	0.3691275167785235	0.5983935742971888	0.4230769230769231	0.358695652173913	11.0	0.102803738317757	0.21495327102803738	-0.0	1.0	1.0	24.0	0.15286624203821655	0.4585987261146497	0.9293550115186283	1.3076923076923077	4.0
