ID	Num. utterances	Num. tokens	Expression Lexicon Size (ELS)	Expression Variety (EV)	Expression Repetition (ER)	Voc. Overlap	ENTR	L	LMAX
dialogue_txt	21.0	282.0	38.0	0.1347517730496454	0.25886524822695034	0.31724137931034485	0.7662490435393174	1.2352941176470589	4.0
