ID	Num. utterances	Num. tokens	Expression Lexicon Size (ELS)	Expression Variety (EV)	Expression Repetition (ER)	Voc. Overlap	ENTR	L	LMAX
dialogue_txt	16.0	240.0	17.0	0.07083333333333333	0.15833333333333333	0.16666666666666666	0.5225593745369408	1.1176470588235294	2.0
