ID	S1	S2	S1/Initiated Expression (IE_S1)	S1/Expression Repetition (ER_S1)	S1/tokens (%)	S2/Initiated Expression (IE_S2)	S2/Expression Repetition (ER_S2)	S2/tokens (%)	Voc. Overlap S1	Voc. Overlap S2	SR/S1/ELS	SR/S1/EV	SR/S1/ER	SR/S1/ENTR	SR/S1/L	SR/S1/LMAX	SR/S2/ELS	SR/S2/EV	SR/S2/ER	SR/S2/ENTR	SR/S2/L	SR/S2/LMAX
dialogue_txt	Human 1	Human 2	0.7037037037037037	0.14285714285714285	0.3853211009174312	0.2962962962962963	0.27611940298507465	0.6146788990825688	0.47540983606557374	0.31868131868131866	9.0	0.0989010989010989	0.23076923076923078	-0.0	1.0	1.0	20.0	0.14084507042253522	0.3873239436619718	1.0225265684903673	1.3170731707317074	3.0
