ID	S1	S2	S1/Initiated Expression (IE_S1)	S1/Expression Repetition (ER_S1)	S1/tokens (%)	S2/Initiated Expression (IE_S2)	S2/Expression Repetition (ER_S2)	S2/tokens (%)	Voc. Overlap S1	Voc. Overlap S2	SR/S1/ELS	SR/S1/EV	SR/S1/ER	SR/S1/ENTR	SR/S1/L	SR/S1/LMAX	SR/S2/ELS	SR/S2/EV	SR/S2/ER	SR/S2/ENTR	SR/S2/L	SR/S2/LMAX
dialogue_txt	Human 1	Human 2	0.8	0.15942028985507245	0.3484848484848485	0.2	0.4728682170542636	0.6515151515151515	0.7017543859649122	0.5194805194805194	6.0	0.07894736842105263	0.18421052631578946	-0.0	1.0	1.0	20.0	0.145985401459854	0.5401459854014599	1.3178999727806284	1.7209302325581395	8.0
