ID	S1	S2	S1/Initiated Expression (IE_S1)	S1/Expression Repetition (ER_S1)	S1/tokens (%)	S2/Initiated Expression (IE_S2)	S2/Expression Repetition (ER_S2)	S2/tokens (%)	Voc. Overlap S1	Voc. Overlap S2	SR/S1/ELS	SR/S1/EV	SR/S1/ER	SR/S1/ENTR	SR/S1/L	SR/S1/LMAX	SR/S2/ELS	SR/S2/EV	SR/S2/ER	SR/S2/ENTR	SR/S2/L	SR/S2/LMAX
dialogue_txt	Human 1	Human 2	0.5	0.17142857142857143	0.5497382198952879	0.5	0.27906976744186046	0.450261780104712	0.34177215189873417	0.43548387096774194	8.0	0.07142857142857142	0.17857142857142858	-0.0	1.0	1.0	10.0	0.10869565217391304	0.31521739130434784	0.6500224216483541	1.1666666666666667	2.0
