ID	Num. utterances	Num. tokens	Expression Lexicon Size (ELS)	Expression Variety (EV)	Expression Repetition (ER)	Voc. Overlap	ENTR	L	LMAX
dialogue_txt	13.0	191.0	22.0	0.11518324607329843	0.2198952879581152	0.23684210526315788	0.9901165555366107	1.3035714285714286	3.0
