ID	S1	S2	S1/Initiated Expression (IE_S1)	S1/Expression Repetition (ER_S1)	S1/tokens (%)	S2/Initiated Expression (IE_S2)	S2/Expression Repetition (ER_S2)	S2/tokens (%)	Voc. Overlap S1	Voc. Overlap S2	SR/S1/ELS	SR/S1/EV	SR/S1/ER	SR/S1/ENTR	SR/S1/L	SR/S1/LMAX	SR/S2/ELS	SR/S2/EV	SR/S2/ER	SR/S2/ENTR	SR/S2/L	SR/S2/LMAX
dialogue_txt	Human 1	Human 2	0.7540983606557377	0.1686046511627907	0.5259938837920489	0.2459016393442623	0.6064516129032258	0.4740061162079511	0.5384615384615384	0.65625	21.0	0.11602209944751381	0.30386740331491713	0.41381685030363374	1.0833333333333333	2.0	26.0	0.15757575757575756	0.48484848484848486	0.7344461802527669	1.2063492063492063	2.0
