ID	Num. utterances	Num. tokens	Expression Lexicon Size (ELS)	Expression Variety (EV)	Expression Repetition (ER)	Voc. Overlap	ENTR	L	LMAX
dialogue_txt	8.0	118.0	18.0	0.15254237288135594	0.2542372881355932	0.29577464788732394	0.8067379295705628	1.2926829268292683	3.0
