ID	Num. utterances	Num. tokens	Expression Lexicon Size (ELS)	Expression Variety (EV)	Expression Repetition (ER)	Voc. Overlap	ENTR	L	LMAX
dialogue_txt	16.0	321.0	38.0	0.11838006230529595	0.2803738317757009	0.24203821656050956	0.8322015815428898	1.2252252252252251	3.0
