ID	Num. utterances	Num. tokens	Expression Lexicon Size (ELS)	Expression Variety (EV)	Expression Repetition (ER)	Voc. Overlap	ENTR	L	LMAX
dialogue_txt	15.0	274.0	23.0	0.08394160583941605	0.2116788321167883	0.20930232558139536	0.7212541319379113	1.2083333333333333	4.0
