ID	S1	S2	S1/Initiated Expression (IE_S1)	S1/Expression Repetition (ER_S1)	S1/tokens (%)	S2/Initiated Expression (IE_S2)	S2/Expression Repetition (ER_S2)	S2/tokens (%)	Voc. Overlap S1	Voc. Overlap S2	SR/S1/ELS	SR/S1/EV	SR/S1/ER	SR/S1/ENTR	SR/S1/L	SR/S1/LMAX	SR/S2/ELS	SR/S2/EV	SR/S2/ER	SR/S2/ENTR	SR/S2/L	SR/S2/LMAX
dialogue_txt	Human 1	Human 2	0.5217391304347826	0.16923076923076924	0.4744525547445255	0.4782608695652174	0.25	0.5255474452554745	0.313953488372093	0.38571428571428573	14.0	0.10218978102189781	0.3357664233576642	0.4854607607459134	1.105263157894737	2.0	25.0	0.16447368421052633	0.6381578947368421	1.9654278212944112	2.148936170212766	8.0
