ID	Num. utterances	Num. tokens	Expression Lexicon Size (ELS)	Expression Variety (EV)	Expression Repetition (ER)	Voc. Overlap	ENTR	L	LMAX
dialogue_txt	16.0	285.0	28.0	0.09824561403508772	0.2736842105263158	0.2558139534883721	0.40502013262424236	1.0808080808080809	2.0
