ID	S1	S2	S1/Initiated Expression (IE_S1)	S1/Expression Repetition (ER_S1)	S1/tokens (%)	S2/Initiated Expression (IE_S2)	S2/Expression Repetition (ER_S2)	S2/tokens (%)	Voc. Overlap S1	Voc. Overlap S2	SR/S1/ELS	SR/S1/EV	SR/S1/ER	SR/S1/ENTR	SR/S1/L	SR/S1/LMAX	SR/S2/ELS	SR/S2/EV	SR/S2/ER	SR/S2/ENTR	SR/S2/L	SR/S2/LMAX
dialogue_txt	Human 1	Human 2	0.8679245283018868	0.1366906474820144	0.48771929824561405	0.1320754716981132	0.6027397260273972	0.512280701754386	0.5454545454545454	0.5925925925925926	17.0	0.11643835616438356	0.3698630136986301	0.9707450578356165	1.394736842105263	5.0	31.0	0.20261437908496732	0.5555555555555556	1.0235461768728875	1.3174603174603174	3.0
