ID	Num. utterances	Num. tokens	Expression Lexicon Size (ELS)	Expression Variety (EV)	Expression Repetition (ER)	Voc. Overlap	ENTR	L	LMAX
dialogue_txt	15.0	217.0	24.0	0.11059907834101383	0.1935483870967742	0.21666666666666667	0.9640863283315679	1.2903225806451613	3.0
