ID	S1	S2	S1/Initiated Expression (IE_S1)	S1/Expression Repetition (ER_S1)	S1/tokens (%)	S2/Initiated Expression (IE_S2)	S2/Expression Repetition (ER_S2)	S2/tokens (%)	Voc. Overlap S1	Voc. Overlap S2	SR/S1/ELS	SR/S1/EV	SR/S1/ER	SR/S1/ENTR	SR/S1/L	SR/S1/LMAX	SR/S2/ELS	SR/S2/EV	SR/S2/ER	SR/S2/ENTR	SR/S2/L	SR/S2/LMAX
dialogue_txt	Human 1	Human 2	0.5416666666666666	0.1590909090909091	0.4055299539170507	0.4583333333333333	0.21705426356589147	0.5944700460829493	0.40625	0.3170731707317073	12.0	0.12631578947368421	0.29473684210526313	0.4021791902022728	1.08	2.0	21.0	0.15328467153284672	0.4233576642335766	0.7382848661434505	1.2083333333333333	2.0
