ID	S1	S2	S1/Initiated Expression (IE_S1)	S1/Expression Repetition (ER_S1)	S1/tokens (%)	S2/Initiated Expression (IE_S2)	S2/Expression Repetition (ER_S2)	S2/tokens (%)	Voc. Overlap S1	Voc. Overlap S2	SR/S1/ELS	SR/S1/EV	SR/S1/ER	SR/S1/ENTR	SR/S1/L	SR/S1/LMAX	SR/S2/ELS	SR/S2/EV	SR/S2/ER	SR/S2/ENTR	SR/S2/L	SR/S2/LMAX
dialogue_txt	Human 1	Human 2	0.8095238095238095	0.16964285714285715	0.43243243243243246	0.19047619047619047	0.40816326530612246	0.5675675675675675	0.6103896103896104	0.47	15.0	0.125	0.31666666666666665	0.43055186701043946	1.088235294117647	2.0	22.0	0.14193548387096774	0.4	1.1545221624411652	1.4651162790697674	4.0
