ID	S1	S2	S1/Initiated Expression (IE_S1)	S1/Expression Repetition (ER_S1)	S1/tokens (%)	S2/Initiated Expression (IE_S2)	S2/Expression Repetition (ER_S2)	S2/tokens (%)	Voc. Overlap S1	Voc. Overlap S2	SR/S1/ELS	SR/S1/EV	SR/S1/ER	SR/S1/ENTR	SR/S1/L	SR/S1/LMAX	SR/S2/ELS	SR/S2/EV	SR/S2/ER	SR/S2/ENTR	SR/S2/L	SR/S2/LMAX
dialogue_txt	Human 1	Human 2	0.6428571428571429	0.2	0.40816326530612246	0.35714285714285715	0.3706896551724138	0.5918367346938775	0.4915254237288136	0.3972602739726027	6.0	0.06896551724137931	0.1724137931034483	-0.0	1.0	1.0	21.0	0.1693548387096774	0.43548387096774194	1.0762976257251988	1.35	3.0
