ID	Num. utterances	Num. tokens	Expression Lexicon Size (ELS)	Expression Variety (EV)	Expression Repetition (ER)	Voc. Overlap	ENTR	L	LMAX
dialogue_txt	15.0	196.0	28.0	0.14285714285714285	0.3010204081632653	0.2815533980582524	0.8707070572226823	1.2647058823529411	4.0
