ID	Num. utterances	Num. tokens	Expression Lexicon Size (ELS)	Expression Variety (EV)	Expression Repetition (ER)	Voc. Overlap	ENTR	L	LMAX
dialogue_txt	16.0	315.0	56.0	0.17777777777777778	0.4031746031746032	0.4253731343283582	1.0448072132932107	1.3287671232876712	4.0
