ID	Num. utterances	Num. tokens	Expression Lexicon Size (ELS)	Expression Variety (EV)	Expression Repetition (ER)	Voc. Overlap	ENTR	L	LMAX
dialogue_txt	16.0	260.0	38.0	0.14615384615384616	0.35384615384615387	0.35398230088495575	0.8766097285926855	1.2884615384615385	6.0
