ID	S1	S2	S1/Initiated Expression (IE_S1)	S1/Expression Repetition (ER_S1)	S1/tokens (%)	S2/Initiated Expression (IE_S2)	S2/Expression Repetition (ER_S2)	S2/tokens (%)	Voc. Overlap S1	Voc. Overlap S2	SR/S1/ELS	SR/S1/EV	SR/S1/ER	SR/S1/ENTR	SR/S1/L	SR/S1/LMAX	SR/S2/ELS	SR/S2/EV	SR/S2/ER	SR/S2/ENTR	SR/S2/L	SR/S2/LMAX
dialogue_txt	Human 1	Human 2	0.7894736842105263	0.1724137931034483	0.5576923076923077	0.21052631578947367	0.5826086956521739	0.4423076923076923	0.4444444444444444	0.6349206349206349	22.0	0.1437908496732026	0.4117647058823529	0.9637459942073318	1.3333333333333333	4.0	21.0	0.17073170731707318	0.5447154471544715	1.0994839817876882	1.375	3.0
