ID	Num. utterances	Num. tokens	Expression Lexicon Size (ELS)	Expression Variety (EV)	Expression Repetition (ER)	Voc. Overlap	ENTR	L	LMAX
dialogue_txt	14.0	215.0	35.0	0.16279069767441862	0.31627906976744186	0.3490566037735849	0.8448685962214209	1.2444444444444445	3.0
