ID	S1	S2	S1/Initiated Expression (IE_S1)	S1/Expression Repetition (ER_S1)	S1/tokens (%)	S2/Initiated Expression (IE_S2)	S2/Expression Repetition (ER_S2)	S2/tokens (%)	Voc. Overlap S1	Voc. Overlap S2	SR/S1/ELS	SR/S1/EV	SR/S1/ER	SR/S1/ENTR	SR/S1/L	SR/S1/LMAX	SR/S2/ELS	SR/S2/EV	SR/S2/ER	SR/S2/ENTR	SR/S2/L	SR/S2/LMAX
dialogue_txt	Human 1	Human 2	0.7777777777777778	0.16216216216216217	0.46835443037974683	0.2222222222222222	0.5555555555555556	0.5316455696202531	0.4805194805194805	0.5211267605633803	12.0	0.10084033613445378	0.2857142857142857	-0.0	1.0	1.0	21.0	0.15671641791044777	0.48507462686567165	0.962280140500009	1.2857142857142858	3.0
