ID	Num. utterances	Num. tokens	Expression Lexicon Size (ELS)	Expression Variety (EV)	Expression Repetition (ER)	Voc. Overlap	ENTR	L	LMAX
dialogue_txt	18.0	184.0	31.0	0.16847826086956522	0.3804347826086957	0.40229885057471265	0.814746138144413	1.2413793103448276	4.0
