ID	S1	S2	S1/Initiated Expression (IE_S1)	S1/Expression Repetition (ER_S1)	S1/tokens (%)	S2/Initiated Expression (IE_S2)	S2/Expression Repetition (ER_S2)	S2/tokens (%)	Voc. Overlap S1	Voc. Overlap S2	SR/S1/ELS	SR/S1/EV	SR/S1/ER	SR/S1/ENTR	SR/S1/L	SR/S1/LMAX	SR/S2/ELS	SR/S2/EV	SR/S2/ER	SR/S2/ENTR	SR/S2/L	SR/S2/LMAX
dialogue_txt	Human 1	Human 2	0.5217391304347826	0.19696969696969696	0.3350253807106599	0.4782608695652174	0.21374045801526717	0.6649746192893401	0.49122807017543857	0.3181818181818182	3.0	0.0410958904109589	0.0821917808219178	-0.0	1.0	1.0	17.0	0.12318840579710146	0.36231884057971014	1.3004032104603251	1.4848484848484849	4.0
