ID	S1	S2	S1/Initiated Expression (IE_S1)	S1/Expression Repetition (ER_S1)	S1/tokens (%)	S2/Initiated Expression (IE_S2)	S2/Expression Repetition (ER_S2)	S2/tokens (%)	Voc. Overlap S1	Voc. Overlap S2	SR/S1/ELS	SR/S1/EV	SR/S1/ER	SR/S1/ENTR	SR/S1/L	SR/S1/LMAX	SR/S2/ELS	SR/S2/EV	SR/S2/ER	SR/S2/ENTR	SR/S2/L	SR/S2/LMAX
dialogue_txt	Human 1	Human 2	0.8947368421052632	0.07272727272727272	0.4263565891472868	0.10526315789473684	0.5	0.5736434108527132	0.5	0.45652173913043476	5.0	0.08064516129032258	0.1935483870967742	0.8112781244591328	1.5	3.0	14.0	0.17073170731707318	0.5121951219512195	1.3603059777020794	1.826086956521739	6.0
