ID	Num. utterances	Num. tokens	Expression Lexicon Size (ELS)	Expression Variety (EV)	Expression Repetition (ER)	Voc. Overlap	ENTR	L	LMAX
dialogue_txt	16.0	282.0	48.0	0.1702127659574468	0.41134751773049644	0.3968253968253968	0.5306491476384314	1.1208053691275168	3.0
