ID	S1	S2	S1/Initiated Expression (IE_S1)	S1/Expression Repetition (ER_S1)	S1/tokens (%)	S2/Initiated Expression (IE_S2)	S2/Expression Repetition (ER_S2)	S2/tokens (%)	Voc. Overlap S1	Voc. Overlap S2	SR/S1/ELS	SR/S1/EV	SR/S1/ER	SR/S1/ENTR	SR/S1/L	SR/S1/LMAX	SR/S2/ELS	SR/S2/EV	SR/S2/ER	SR/S2/ENTR	SR/S2/L	SR/S2/LMAX
dialogue_txt	Human 1	Human 2	0.5714285714285714	0.2	0.4460093896713615	0.42857142857142855	0.3389830508474576	0.5539906103286385	0.4307692307692308	0.42424242424242425	10.0	0.0970873786407767	0.27184466019417475	0.4021791902022728	1.08	2.0	17.0	0.1349206349206349	0.5158730158730159	0.7770209331965173	1.7297297297297298	10.0
