ID	Num. utterances	Num. tokens	Expression Lexicon Size (ELS)	Expression Variety (EV)	Expression Repetition (ER)	Voc. Overlap	ENTR	L	LMAX
dialogue_txt	13.0	255.0	35.0	0.13725490196078433	0.3176470588235294	0.3088235294117647	0.8229847095496999	1.2222222222222223	3.0
