ID	S1	S2	S1/Initiated Expression (IE_S1)	S1/Expression Repetition (ER_S1)	S1/tokens (%)	S2/Initiated Expression (IE_S2)	S2/Expression Repetition (ER_S2)	S2/tokens (%)	Voc. Overlap S1	Voc. Overlap S2	SR/S1/ELS	SR/S1/EV	SR/S1/ER	SR/S1/ENTR	SR/S1/L	SR/S1/LMAX	SR/S2/ELS	SR/S2/EV	SR/S2/ER	SR/S2/ENTR	SR/S2/L	SR/S2/LMAX
dialogue_txt	Human 1	Human 2	0.8260869565217391	0.09722222222222222	0.45569620253164556	0.17391304347826086	0.45348837209302323	0.5443037974683544	0.46296296296296297	0.45454545454545453	9.0	0.1111111111111111	0.2716049382716049	0.4689955935892812	1.1	2.0	11.0	0.11578947368421053	0.3684210526315789	1.0493985254159108	1.3333333333333333	3.0
