ID	Num. utterances	Num. tokens	Expression Lexicon Size (ELS)	Expression Variety (EV)	Expression Repetition (ER)	Voc. Overlap	ENTR	L	LMAX
dialogue_txt	15.0	291.0	44.0	0.15120274914089346	0.2920962199312715	0.296551724137931	0.7007261268233443	1.1896551724137931	4.0
