ID	S1	S2	S1/Initiated Expression (IE_S1)	S1/Expression Repetition (ER_S1)	S1/tokens (%)	S2/Initiated Expression (IE_S2)	S2/Expression Repetition (ER_S2)	S2/tokens (%)	Voc. Overlap S1	Voc. Overlap S2	SR/S1/ELS	SR/S1/EV	SR/S1/ER	SR/S1/ENTR	SR/S1/L	SR/S1/LMAX	SR/S2/ELS	SR/S2/EV	SR/S2/ER	SR/S2/ENTR	SR/S2/L	SR/S2/LMAX
dialogue_txt	Human 1	Human 2	0.85	0.17985611510791366	0.45874587458745875	0.15	0.7012195121951219	0.5412541254125413	0.6136363636363636	0.6585365853658537	17.0	0.11643835616438356	0.3698630136986301	0.9707450578356165	1.394736842105263	5.0	33.0	0.19298245614035087	0.6374269005847953	1.6956788801195861	1.9152542372881356	9.0
