ID	S1	S2	S1/Initiated Expression (IE_S1)	S1/Expression Repetition (ER_S1)	S1/tokens (%)	S2/Initiated Expression (IE_S2)	S2/Expression Repetition (ER_S2)	S2/tokens (%)	Voc. Overlap S1	Voc. Overlap S2	SR/S1/ELS	SR/S1/EV	SR/S1/ER	SR/S1/ENTR	SR/S1/L	SR/S1/LMAX	SR/S2/ELS	SR/S2/EV	SR/S2/ER	SR/S2/ENTR	SR/S2/L	SR/S2/LMAX
dialogue_txt	Human 1	Human 2	0.7954545454545454	0.16265060240963855	0.5303514376996805	0.20454545454545456	0.4897959183673469	0.4696485623003195	0.41284403669724773	0.5113636363636364	19.0	0.10919540229885058	0.3160919540229885	0.760658476840993	1.2564102564102564	4.0	24.0	0.15384615384615385	0.4551282051282051	0.5605769426145328	1.1311475409836065	2.0
