ID	Num. utterances	Num. tokens	Expression Lexicon Size (ELS)	Expression Variety (EV)	Expression Repetition (ER)	Voc. Overlap	ENTR	L	LMAX
dialogue_txt	14.0	169.0	27.0	0.15976331360946747	0.3254437869822485	0.3076923076923077	0.5969995167604552	1.144927536231884	2.0
