ID	S1	S2	S1/Initiated Expression (IE_S1)	S1/Expression Repetition (ER_S1)	S1/tokens (%)	S2/Initiated Expression (IE_S2)	S2/Expression Repetition (ER_S2)	S2/tokens (%)	Voc. Overlap S1	Voc. Overlap S2	SR/S1/ELS	SR/S1/EV	SR/S1/ER	SR/S1/ENTR	SR/S1/L	SR/S1/LMAX	SR/S2/ELS	SR/S2/EV	SR/S2/ER	SR/S2/ENTR	SR/S2/L	SR/S2/LMAX
dialogue_txt	Human 1	Human 2	0.7	0.21875	0.37065637065637064	0.3	0.43558282208588955	0.6293436293436293	0.6612903225806451	0.45054945054945056	14.0	0.1346153846153846	0.33653846153846156	0.34511731494495296	1.064516129032258	2.0	27.0	0.15789473684210525	0.4853801169590643	0.7640288275881945	1.196969696969697	3.0
