ID	S1	S2	S1/Initiated Expression (IE_S1)	S1/Expression Repetition (ER_S1)	S1/tokens (%)	S2/Initiated Expression (IE_S2)	S2/Expression Repetition (ER_S2)	S2/tokens (%)	Voc. Overlap S1	Voc. Overlap S2	SR/S1/ELS	SR/S1/EV	SR/S1/ER	SR/S1/ENTR	SR/S1/L	SR/S1/LMAX	SR/S2/ELS	SR/S2/EV	SR/S2/ER	SR/S2/ENTR	SR/S2/L	SR/S2/LMAX
dialogue_txt	Human 1	Human 2	0.6764705882352942	0.205607476635514	0.40225563909774437	0.3235294117647059	0.3333333333333333	0.5977443609022557	0.4444444444444444	0.3829787234042553	13.0	0.1111111111111111	0.27350427350427353	0.362051251733998	1.0689655172413792	2.0	25.0	0.14705882352941177	0.4647058823529412	1.054448920765232	1.35	3.0
