ID	Num. utterances	Num. tokens	Expression Lexicon Size (ELS)	Expression Variety (EV)	Expression Repetition (ER)	Voc. Overlap	ENTR	L	LMAX
dialogue_txt	14.0	222.0	26.0	0.11711711711711711	0.24324324324324326	0.22950819672131148	0.692419486327474	1.1857142857142857	2.0
