ID	Num. utterances	Num. tokens	Expression Lexicon Size (ELS)	Expression Variety (EV)	Expression Repetition (ER)	Voc. Overlap	ENTR	L	LMAX
dialogue_txt	15.0	197.0	17.0	0.08629441624365482	0.18781725888324874	0.21428571428571427	0.228538143953528	1.037037037037037	2.0
