ID	Num. utterances	Num. tokens	Expression Lexicon Size (ELS)	Expression Variety (EV)	Expression Repetition (ER)	Voc. Overlap	ENTR	L	LMAX
dialogue_txt	19.0	449.0	67.0	0.1492204899777283	0.34966592427616927	0.28502415458937197	0.9087898005643367	1.2566844919786095	4.0
