ID	S1	S2	S1/Initiated Expression (IE_S1)	S1/Expression Repetition (ER_S1)	S1/tokens (%)	S2/Initiated Expression (IE_S2)	S2/Expression Repetition (ER_S2)	S2/tokens (%)	Voc. Overlap S1	Voc. Overlap S2	SR/S1/ELS	SR/S1/EV	SR/S1/ER	SR/S1/ENTR	SR/S1/L	SR/S1/LMAX	SR/S2/ELS	SR/S2/EV	SR/S2/ER	SR/S2/ENTR	SR/S2/L	SR/S2/LMAX
dialogue_txt	Human 1	Human 2	0.9285714285714286	0.10884353741496598	0.5903614457831325	0.07142857142857142	0.6274509803921569	0.40963855421686746	0.4329896907216495	0.6268656716417911	21.0	0.13548387096774195	0.36774193548387096	0.5586293734521992	1.1304347826086956	2.0	14.0	0.12727272727272726	0.4090909090909091	1.0529815751302694	1.4666666666666666	5.0
