ID	Num. utterances	Num. tokens	Expression Lexicon Size (ELS)	Expression Variety (EV)	Expression Repetition (ER)	Voc. Overlap	ENTR	L	LMAX
dialogue_txt	21.0	287.0	39.0	0.13588850174216027	0.2613240418118467	0.26490066225165565	0.6135155863497235	1.1491228070175439	3.0
