ID	S1	S2	S1/Initiated Expression (IE_S1)	S1/Expression Repetition (ER_S1)	S1/tokens (%)	S2/Initiated Expression (IE_S2)	S2/Expression Repetition (ER_S2)	S2/tokens (%)	Voc. Overlap S1	Voc. Overlap S2	SR/S1/ELS	SR/S1/EV	SR/S1/ER	SR/S1/ENTR	SR/S1/L	SR/S1/LMAX	SR/S2/ELS	SR/S2/EV	SR/S2/ER	SR/S2/ENTR	SR/S2/L	SR/S2/LMAX
dialogue_txt	Human 1	Human 2	0.6153846153846154	0.2336448598130841	0.37282229965156793	0.38461538461538464	0.2777777777777778	0.627177700348432	0.49382716049382713	0.36363636363636365	13.0	0.1111111111111111	0.27350427350427353	0.362051251733998	1.0689655172413792	2.0	28.0	0.14659685863874344	0.450261780104712	0.5875823280419832	1.1369863013698631	3.0
