ID	S1	S2	S1/Initiated Expression (IE_S1)	S1/Expression Repetition (ER_S1)	S1/tokens (%)	S2/Initiated Expression (IE_S2)	S2/Expression Repetition (ER_S2)	S2/tokens (%)	Voc. Overlap S1	Voc. Overlap S2	SR/S1/ELS	SR/S1/EV	SR/S1/ER	SR/S1/ENTR	SR/S1/L	SR/S1/LMAX	SR/S2/ELS	SR/S2/EV	SR/S2/ER	SR/S2/ENTR	SR/S2/L	SR/S2/LMAX
dialogue_txt	Human 1	Human 2	0.7333333333333333	0.17105263157894737	0.34545454545454546	0.26666666666666666	0.3194444444444444	0.6545454545454545	0.5818181818181818	0.37209302325581395	10.0	0.11904761904761904	0.27380952380952384	0.7642045065086203	1.2222222222222223	2.0	22.0	0.14473684210526316	0.48026315789473684	0.8501514254479945	1.3076923076923077	4.0
