ID	Num. utterances	Num. tokens	Expression Lexicon Size (ELS)	Expression Variety (EV)	Expression Repetition (ER)	Voc. Overlap	ENTR	L	LMAX
dialogue_txt	16.0	220.0	30.0	0.13636363636363635	0.2681818181818182	0.29357798165137616	0.7967258344072607	1.2597402597402598	5.0
