ID	Num. utterances	Num. tokens	Expression Lexicon Size (ELS)	Expression Variety (EV)	Expression Repetition (ER)	Voc. Overlap	ENTR	L	LMAX
dialogue_txt	17.0	316.0	42.0	0.13291139240506328	0.3037974683544304	0.28888888888888886	1.2128562827722624	1.4594594594594594	3.0
