ID	Num. utterances	Num. tokens	Expression Lexicon Size (ELS)	Expression Variety (EV)	Expression Repetition (ER)	Voc. Overlap	ENTR	L	LMAX
dialogue_txt	15.0	302.0	47.0	0.15562913907284767	0.3443708609271523	0.3488372093023256	1.2266550557760292	1.4516129032258065	4.0
