ID	Num. utterances	Num. tokens	Expression Lexicon Size (ELS)	Expression Variety (EV)	Expression Repetition (ER)	Voc. Overlap	ENTR	L	LMAX
dialogue_txt	19.0	262.0	23.0	0.08778625954198473	0.24427480916030533	0.21705426356589147	0.7255762965946004	1.1818181818181819	3.0
