ID	Num. utterances	Num. tokens	Expression Lexicon Size (ELS)	Expression Variety (EV)	Expression Repetition (ER)	Voc. Overlap	ENTR	L	LMAX
dialogue_txt	18.0	248.0	25.0	0.10080645161290322	0.18548387096774194	0.22123893805309736	0.5115779700152473	1.1176470588235294	3.0
