ID	Num. utterances	Num. tokens	Expression Lexicon Size (ELS)	Expression Variety (EV)	Expression Repetition (ER)	Voc. Overlap	ENTR	L	LMAX
dialogue_txt	19.0	355.0	42.0	0.11830985915492957	0.2507042253521127	0.2411764705882353	0.9810172699951037	1.3177570093457944	3.0
