ID	Num. utterances	Num. tokens	Expression Lexicon Size (ELS)	Expression Variety (EV)	Expression Repetition (ER)	Voc. Overlap	ENTR	L	LMAX
dialogue_txt	14.0	229.0	24.0	0.10480349344978165	0.27510917030567683	0.23529411764705882	1.0594169292560922	1.4202898550724639	5.0
