ID	S1	S2	S1/Initiated Expression (IE_S1)	S1/Expression Repetition (ER_S1)	S1/tokens (%)	S2/Initiated Expression (IE_S2)	S2/Expression Repetition (ER_S2)	S2/tokens (%)	Voc. Overlap S1	Voc. Overlap S2	SR/S1/ELS	SR/S1/EV	SR/S1/ER	SR/S1/ENTR	SR/S1/L	SR/S1/LMAX	SR/S2/ELS	SR/S2/EV	SR/S2/ER	SR/S2/ENTR	SR/S2/L	SR/S2/LMAX
dialogue_txt	Human 1	Human 2	0.6571428571428571	0.23333333333333334	0.45627376425855515	0.34285714285714286	0.43356643356643354	0.5437262357414449	0.42105263157894735	0.4050632911392405	15.0	0.11811023622047244	0.3228346456692913	0.29747224891928964	1.0526315789473684	2.0	29.0	0.19205298013245034	0.5496688741721855	0.9424152969016815	1.3387096774193548	3.0
