ID	S1	S2	S1/Initiated Expression (IE_S1)	S1/Expression Repetition (ER_S1)	S1/tokens (%)	S2/Initiated Expression (IE_S2)	S2/Expression Repetition (ER_S2)	S2/tokens (%)	Voc. Overlap S1	Voc. Overlap S2	SR/S1/ELS	SR/S1/EV	SR/S1/ER	SR/S1/ENTR	SR/S1/L	SR/S1/LMAX	SR/S2/ELS	SR/S2/EV	SR/S2/ER	SR/S2/ENTR	SR/S2/L	SR/S2/LMAX
dialogue_txt	Human 1	Human 2	0.8108108108108109	0.20512820512820512	0.44656488549618323	0.1891891891891892	0.3931034482758621	0.5534351145038168	0.6086956521739131	0.4329896907216495	19.0	0.15079365079365079	0.4126984126984127	1.242370874393215	1.457142857142857	3.0	20.0	0.12987012987012986	0.37012987012987014	1.004746981719816	1.3414634146341464	4.0
