ID	Num. utterances	Num. tokens	Expression Lexicon Size (ELS)	Expression Variety (EV)	Expression Repetition (ER)	Voc. Overlap	ENTR	L	LMAX
dialogue_txt	15.0	290.0	44.0	0.15172413793103448	0.41379310344827586	0.39669421487603307	0.5910924472466172	1.1517241379310346	4.0
