ID	S1	S2	S1/Initiated Expression (IE_S1)	S1/Expression Repetition (ER_S1)	S1/tokens (%)	S2/Initiated Expression (IE_S2)	S2/Expression Repetition (ER_S2)	S2/tokens (%)	Voc. Overlap S1	Voc. Overlap S2	SR/S1/ELS	SR/S1/EV	SR/S1/ER	SR/S1/ENTR	SR/S1/L	SR/S1/LMAX	SR/S2/ELS	SR/S2/EV	SR/S2/ER	SR/S2/ENTR	SR/S2/L	SR/S2/LMAX
dialogue_txt	Human 1	Human 2	0.8409090909090909	0.16891891891891891	0.5103448275862069	0.1590909090909091	0.6690140845070423	0.4896551724137931	0.4948453608247423	0.6666666666666666	16.0	0.1032258064516129	0.2838709677419355	0.512709142030877	1.1142857142857143	2.0	34.0	0.22666666666666666	0.6466666666666666	1.0385145875473842	1.564516129032258	11.0
