ID	Num. utterances	Num. tokens	Expression Lexicon Size (ELS)	Expression Variety (EV)	Expression Repetition (ER)	Voc. Overlap	ENTR	L	LMAX
dialogue_txt	16.0	204.0	34.0	0.16666666666666666	0.3480392156862745	0.36666666666666664	1.1091110162637472	1.3544303797468353	4.0
