ID	S1	S2	S1/Initiated Expression (IE_S1)	S1/Expression Repetition (ER_S1)	S1/tokens (%)	S2/Initiated Expression (IE_S2)	S2/Expression Repetition (ER_S2)	S2/tokens (%)	Voc. Overlap S1	Voc. Overlap S2	SR/S1/ELS	SR/S1/EV	SR/S1/ER	SR/S1/ENTR	SR/S1/L	SR/S1/LMAX	SR/S2/ELS	SR/S2/EV	SR/S2/ER	SR/S2/ENTR	SR/S2/L	SR/S2/LMAX
dialogue_txt	Human 1	Human 2	0.8378378378378378	0.1282051282051282	0.42162162162162165	0.16216216216216217	0.6261682242990654	0.5783783783783784	0.7368421052631579	0.65625	7.0	0.08333333333333333	0.2261904761904762	0.5435644431995964	1.125	2.0	19.0	0.16666666666666666	0.5	0.6895092649964162	1.4473684210526316	8.0
