ID	S1	S2	S1/Initiated Expression (IE_S1)	S1/Expression Repetition (ER_S1)	S1/tokens (%)	S2/Initiated Expression (IE_S2)	S2/Expression Repetition (ER_S2)	S2/tokens (%)	Voc. Overlap S1	Voc. Overlap S2	SR/S1/ELS	SR/S1/EV	SR/S1/ER	SR/S1/ENTR	SR/S1/L	SR/S1/LMAX	SR/S2/ELS	SR/S2/EV	SR/S2/ER	SR/S2/ENTR	SR/S2/L	SR/S2/LMAX
dialogue_txt	Human 1	Human 2	0.9	0.16666666666666666	0.5853658536585366	0.1	0.6235294117647059	0.4146341463414634	0.47368421052631576	0.6666666666666666	15.0	0.11811023622047244	0.3228346456692913	0.29747224891928964	1.0526315789473684	2.0	16.0	0.17204301075268819	0.4838709677419355	0.2811937964320426	1.048780487804878	2.0
