ID	S1	S2	S1/Initiated Expression (IE_S1)	S1/Expression Repetition (ER_S1)	S1/tokens (%)	S2/Initiated Expression (IE_S2)	S2/Expression Repetition (ER_S2)	S2/tokens (%)	Voc. Overlap S1	Voc. Overlap S2	SR/S1/ELS	SR/S1/EV	SR/S1/ER	SR/S1/ENTR	SR/S1/L	SR/S1/LMAX	SR/S2/ELS	SR/S2/EV	SR/S2/ER	SR/S2/ENTR	SR/S2/L	SR/S2/LMAX
dialogue_txt	Human 1	Human 2	0.7954545454545454	0.16058394160583941	0.4597315436241611	0.20454545454545456	0.391304347826087	0.540268456375839	0.48863636363636365	0.44329896907216493	19.0	0.1310344827586207	0.36551724137931035	0.693127415328288	1.186046511627907	2.0	29.0	0.17058823529411765	0.48823529411764705	0.9576647057861355	1.2878787878787878	3.0
