ID	S1	S2	S1/Initiated Expression (IE_S1)	S1/Expression Repetition (ER_S1)	S1/tokens (%)	S2/Initiated Expression (IE_S2)	S2/Expression Repetition (ER_S2)	S2/tokens (%)	Voc. Overlap S1	Voc. Overlap S2	SR/S1/ELS	SR/S1/EV	SR/S1/ER	SR/S1/ENTR	SR/S1/L	SR/S1/LMAX	SR/S2/ELS	SR/S2/EV	SR/S2/ER	SR/S2/ENTR	SR/S2/L	SR/S2/LMAX
dialogue_txt	Human 1	Human 2	0.7758620689655172	0.19879518072289157	0.50920245398773	0.22413793103448276	0.5375	0.49079754601226994	0.5045871559633027	0.55	19.0	0.10919540229885058	0.3160919540229885	0.760658476840993	1.2564102564102564	4.0	30.0	0.17751479289940827	0.514792899408284	0.9375528378066099	1.2769230769230768	3.0
