ID	Num. utterances	Num. tokens	Expression Lexicon Size (ELS)	Expression Variety (EV)	Expression Repetition (ER)	Voc. Overlap	ENTR	L	LMAX
dialogue_txt	18.0	257.0	33.0	0.12840466926070038	0.2723735408560311	0.26356589147286824	1.172206694710656	1.4430379746835442	4.0
