ID	Num. utterances	Num. tokens	Expression Lexicon Size (ELS)	Expression Variety (EV)	Expression Repetition (ER)	Voc. Overlap	ENTR	L	LMAX
dialogue_txt	16.0	267.0	34.0	0.12734082397003746	0.30711610486891383	0.2748091603053435	0.6538808634486235	1.1553398058252426	3.0
