ID	Num. utterances	Num. tokens	Expression Lexicon Size (ELS)	Expression Variety (EV)	Expression Repetition (ER)	Voc. Overlap	ENTR	L	LMAX
dialogue_txt	15.0	213.0	24.0	0.11267605633802817	0.25821596244131456	0.23728813559322035	0.8635838523066536	1.2394366197183098	3.0
