ID	S1	S2	S1/Initiated Expression (IE_S1)	S1/Expression Repetition (ER_S1)	S1/tokens (%)	S2/Initiated Expression (IE_S2)	S2/Expression Repetition (ER_S2)	S2/tokens (%)	Voc. Overlap S1	Voc. Overlap S2	SR/S1/ELS	SR/S1/EV	SR/S1/ER	SR/S1/ENTR	SR/S1/L	SR/S1/LMAX	SR/S2/ELS	SR/S2/EV	SR/S2/ER	SR/S2/ENTR	SR/S2/L	SR/S2/LMAX
dialogue_txt	Human 1	Human 2	0.9047619047619048	0.072992700729927	0.5169811320754717	0.09523809523809523	0.59375	0.4830188679245283	0.43010752688172044	0.6153846153846154	11.0	0.07534246575342465	0.21232876712328766	0.4262286569981449	1.173913043478261	3.0	25.0	0.18248175182481752	0.5766423357664233	1.5903941919435396	1.702127659574468	4.0
