ID	Num. utterances	Num. tokens	Expression Lexicon Size (ELS)	Expression Variety (EV)	Expression Repetition (ER)	Voc. Overlap	ENTR	L	LMAX
dialogue_txt	18.0	265.0	42.0	0.15849056603773584	0.32452830188679244	0.3389830508474576	1.3325097579429526	1.5862068965517242	5.0
