ID	Num. utterances	Num. tokens	Expression Lexicon Size (ELS)	Expression Variety (EV)	Expression Repetition (ER)	Voc. Overlap	ENTR	L	LMAX
dialogue_txt	18.0	206.0	23.0	0.11165048543689321	0.23786407766990292	0.20588235294117646	0.9238422284571814	1.3389830508474576	2.0
