ID	Num. utterances	Num. tokens	Expression Lexicon Size (ELS)	Expression Variety (EV)	Expression Repetition (ER)	Voc. Overlap	ENTR	L	LMAX
dialogue_txt	16.0	244.0	37.0	0.15163934426229508	0.2581967213114754	0.2923076923076923	1.2179870808834734	1.4303797468354431	4.0
