ID	S1	S2	S1/Initiated Expression (IE_S1)	S1/Expression Repetition (ER_S1)	S1/tokens (%)	S2/Initiated Expression (IE_S2)	S2/Expression Repetition (ER_S2)	S2/tokens (%)	Voc. Overlap S1	Voc. Overlap S2	SR/S1/ELS	SR/S1/EV	SR/S1/ER	SR/S1/ENTR	SR/S1/L	SR/S1/LMAX	SR/S2/ELS	SR/S2/EV	SR/S2/ER	SR/S2/ENTR	SR/S2/L	SR/S2/LMAX
dialogue_txt	Human 1	Human 2	0.55	0.22727272727272727	0.4230769230769231	0.45	0.23333333333333334	0.5769230769230769	0.47619047619047616	0.32786885245901637	8.0	0.1111111111111111	0.3611111111111111	1.4294732983598408	1.7333333333333334	3.0	10.0	0.10309278350515463	0.26804123711340205	0.7742433029172697	1.368421052631579	4.0
