ID	Num. utterances	Num. tokens	Expression Lexicon Size (ELS)	Expression Variety (EV)	Expression Repetition (ER)	Voc. Overlap	ENTR	L	LMAX
dialogue_txt	16.0	309.0	53.0	0.1715210355987055	0.4110032362459547	0.41304347826086957	1.249057129337387	1.5263157894736843	6.0
