ID	Num. utterances	Num. tokens	Expression Lexicon Size (ELS)	Expression Variety (EV)	Expression Repetition (ER)	Voc. Overlap	ENTR	L	LMAX
dialogue_txt	13.0	236.0	32.0	0.13559322033898305	0.2796610169491525	0.27007299270072993	0.8324205811740159	1.2261904761904763	3.0
