ID	S1	S2	S1/Initiated Expression (IE_S1)	S1/Expression Repetition (ER_S1)	S1/tokens (%)	S2/Initiated Expression (IE_S2)	S2/Expression Repetition (ER_S2)	S2/tokens (%)	Voc. Overlap S1	Voc. Overlap S2	SR/S1/ELS	SR/S1/EV	SR/S1/ER	SR/S1/ENTR	SR/S1/L	SR/S1/LMAX	SR/S2/ELS	SR/S2/EV	SR/S2/ER	SR/S2/ENTR	SR/S2/L	SR/S2/LMAX
dialogue_txt	Human 1	Human 2	0.8125	0.14285714285714285	0.4449152542372881	0.1875	0.3893129770992366	0.5550847457627118	0.46835443037974683	0.3894736842105263	8.0	0.07142857142857142	0.17857142857142858	-0.0	1.0	1.0	19.0	0.1386861313868613	0.3795620437956204	0.9568886656798214	1.3783783783783783	2.0
