ID	Num. utterances	Num. tokens	Expression Lexicon Size (ELS)	Expression Variety (EV)	Expression Repetition (ER)	Voc. Overlap	ENTR	L	LMAX
dialogue_txt	14.0	226.0	40.0	0.17699115044247787	0.3008849557522124	0.38095238095238093	1.0760545532881824	1.4065934065934067	6.0
