ID	Num. utterances	Num. tokens	Expression Lexicon Size (ELS)	Expression Variety (EV)	Expression Repetition (ER)	Voc. Overlap	ENTR	L	LMAX
dialogue_txt	14.0	225.0	34.0	0.1511111111111111	0.3022222222222222	0.31896551724137934	0.982755786762035	1.2954545454545454	4.0
