ID	S1	S2	S1/Initiated Expression (IE_S1)	S1/Expression Repetition (ER_S1)	S1/tokens (%)	S2/Initiated Expression (IE_S2)	S2/Expression Repetition (ER_S2)	S2/tokens (%)	Voc. Overlap S1	Voc. Overlap S2	SR/S1/ELS	SR/S1/EV	SR/S1/ER	SR/S1/ENTR	SR/S1/L	SR/S1/LMAX	SR/S2/ELS	SR/S2/EV	SR/S2/ER	SR/S2/ENTR	SR/S2/L	SR/S2/LMAX
dialogue_txt	Human 1	Human 2	0.5263157894736842	0.14772727272727273	0.4036697247706422	0.47368421052631576	0.23846153846153847	0.5963302752293578	0.34375	0.275	12.0	0.12631578947368421	0.29473684210526313	0.4021791902022728	1.08	2.0	20.0	0.14492753623188406	0.463768115942029	1.1104488100045833	1.4651162790697674	4.0
