ID	Num. utterances	Num. tokens	Expression Lexicon Size (ELS)	Expression Variety (EV)	Expression Repetition (ER)	Voc. Overlap	ENTR	L	LMAX
dialogue_txt	16.0	205.0	36.0	0.17560975609756097	0.35121951219512193	0.37254901960784315	1.0198246545088228	1.3176470588235294	3.0
