ID	Num. utterances	Num. tokens	Expression Lexicon Size (ELS)	Expression Variety (EV)	Expression Repetition (ER)	Voc. Overlap	ENTR	L	LMAX
dialogue_txt	16.0	285.0	26.0	0.0912280701754386	0.22456140350877193	0.20422535211267606	0.6816559115981192	1.180722891566265	2.0
