ID	Num. utterances	Num. tokens	Expression Lexicon Size (ELS)	Expression Variety (EV)	Expression Repetition (ER)	Voc. Overlap	ENTR	L	LMAX
dialogue_txt	18.0	302.0	31.0	0.10264900662251655	0.2119205298013245	0.20382165605095542	0.5957610966703235	1.1444444444444444	2.0
