ID	Num. utterances	Num. tokens	Expression Lexicon Size (ELS)	Expression Variety (EV)	Expression Repetition (ER)	Voc. Overlap	ENTR	L	LMAX
dialogue_txt	15.0	184.0	33.0	0.1793478260869565	0.45108695652173914	0.4647887323943662	1.5880517141016754	1.7534246575342465	7.0
