ID	S1	S2	S1/Initiated Expression (IE_S1)	S1/Expression Repetition (ER_S1)	S1/tokens (%)	S2/Initiated Expression (IE_S2)	S2/Expression Repetition (ER_S2)	S2/tokens (%)	Voc. Overlap S1	Voc. Overlap S2	SR/S1/ELS	SR/S1/EV	SR/S1/ER	SR/S1/ENTR	SR/S1/L	SR/S1/LMAX	SR/S2/ELS	SR/S2/EV	SR/S2/ER	SR/S2/ENTR	SR/S2/L	SR/S2/LMAX
dialogue_txt	Human 1	Human 2	0.75	0.19576719576719576	0.5080645161290323	0.25	0.5027322404371585	0.49193548387096775	0.38317757009345793	0.4606741573033708	28.0	0.14213197969543148	0.4517766497461929	1.0540157730728	1.35	3.0	33.0	0.171875	0.6354166666666666	1.5476092957556493	1.7285714285714286	5.0
