ID	Num. utterances	Num. tokens	Expression Lexicon Size (ELS)	Expression Variety (EV)	Expression Repetition (ER)	Voc. Overlap	ENTR	L	LMAX
dialogue_txt	15.0	209.0	30.0	0.14354066985645933	0.22488038277511962	0.26956521739130435	0.2918182565988858	1.0512820512820513	2.0
