ID	Num. utterances	Num. tokens	Expression Lexicon Size (ELS)	Expression Variety (EV)	Expression Repetition (ER)	Voc. Overlap	ENTR	L	LMAX
dialogue_txt	15.0	249.0	30.0	0.12048192771084337	0.24497991967871485	0.22627737226277372	1.03013266230198	1.3918918918918919	5.0
