ID	S1	S2	S1/Initiated Expression (IE_S1)	S1/Expression Repetition (ER_S1)	S1/tokens (%)	S2/Initiated Expression (IE_S2)	S2/Expression Repetition (ER_S2)	S2/tokens (%)	Voc. Overlap S1	Voc. Overlap S2	SR/S1/ELS	SR/S1/EV	SR/S1/ER	SR/S1/ENTR	SR/S1/L	SR/S1/LMAX	SR/S2/ELS	SR/S2/EV	SR/S2/ER	SR/S2/ENTR	SR/S2/L	SR/S2/LMAX
dialogue_txt	Human 1	Human 2	0.7391304347826086	0.22429906542056074	0.44398340248962653	0.2608695652173913	0.5597014925373134	0.5560165975103735	0.6049382716049383	0.6049382716049383	13.0	0.1111111111111111	0.27350427350427353	0.362051251733998	1.0689655172413792	2.0	25.0	0.1724137931034483	0.5172413793103449	1.114287970621908	1.4313725490196079	4.0
