ID	Num. utterances	Num. tokens	Expression Lexicon Size (ELS)	Expression Variety (EV)	Expression Repetition (ER)	Voc. Overlap	ENTR	L	LMAX
dialogue_txt	15.0	192.0	31.0	0.16145833333333334	0.3229166666666667	0.336734693877551	0.66046212049841	1.1585365853658536	3.0
