ID	S1	S2	S1/Initiated Expression (IE_S1)	S1/Expression Repetition (ER_S1)	S1/tokens (%)	S2/Initiated Expression (IE_S2)	S2/Expression Repetition (ER_S2)	S2/tokens (%)	Voc. Overlap S1	Voc. Overlap S2	SR/S1/ELS	SR/S1/EV	SR/S1/ER	SR/S1/ENTR	SR/S1/L	SR/S1/LMAX	SR/S2/ELS	SR/S2/EV	SR/S2/ER	SR/S2/ENTR	SR/S2/L	SR/S2/LMAX
dialogue_txt	Human 1	Human 2	0.8846153846153846	0.1724137931034483	0.4702702702702703	0.11538461538461539	0.4489795918367347	0.5297297297297298	0.46296296296296297	0.423728813559322	12.0	0.125	0.3645833333333333	1.0676111603502403	1.434782608695652	4.0	14.0	0.12962962962962962	0.37037037037037035	0.9000224216483542	1.625	7.0
