ID	S1	S2	S1/Initiated Expression (IE_S1)	S1/Expression Repetition (ER_S1)	S1/tokens (%)	S2/Initiated Expression (IE_S2)	S2/Expression Repetition (ER_S2)	S2/tokens (%)	Voc. Overlap S1	Voc. Overlap S2	SR/S1/ELS	SR/S1/EV	SR/S1/ER	SR/S1/ENTR	SR/S1/L	SR/S1/LMAX	SR/S2/ELS	SR/S2/EV	SR/S2/ER	SR/S2/ENTR	SR/S2/L	SR/S2/LMAX
dialogue_txt	Human 1	Human 2	0.6470588235294118	0.125	0.45454545454545453	0.35294117647058826	0.16666666666666666	0.5454545454545454	0.3220338983050847	0.2676056338028169	6.0	0.06896551724137931	0.1724137931034483	-0.0	1.0	1.0	10.0	0.09615384615384616	0.23076923076923078	0.4394969869215133	1.0909090909090908	2.0
