ID	Num. utterances	Num. tokens	Expression Lexicon Size (ELS)	Expression Variety (EV)	Expression Repetition (ER)	Voc. Overlap	ENTR	L	LMAX
dialogue_txt	14.0	194.0	26.0	0.13402061855670103	0.3247422680412371	0.32941176470588235	1.092725395776657	1.3823529411764706	4.0
