ID	Num. utterances	Num. tokens	Expression Lexicon Size (ELS)	Expression Variety (EV)	Expression Repetition (ER)	Voc. Overlap	ENTR	L	LMAX
dialogue_txt	15.0	187.0	24.0	0.12834224598930483	0.2994652406417112	0.3404255319148936	0.6082641774163249	1.1643835616438356	3.0
