ID	S1	S2	S1/Initiated Expression (IE_S1)	S1/Expression Repetition (ER_S1)	S1/tokens (%)	S2/Initiated Expression (IE_S2)	S2/Expression Repetition (ER_S2)	S2/tokens (%)	Voc. Overlap S1	Voc. Overlap S2	SR/S1/ELS	SR/S1/EV	SR/S1/ER	SR/S1/ENTR	SR/S1/L	SR/S1/LMAX	SR/S2/ELS	SR/S2/EV	SR/S2/ER	SR/S2/ENTR	SR/S2/L	SR/S2/LMAX
dialogue_txt	Human 1	Human 2	0.8918918918918919	0.10714285714285714	0.44621513944223107	0.10810810810810811	0.6330935251798561	0.5537848605577689	0.5789473684210527	0.6376811594202898	11.0	0.09166666666666666	0.225	-0.0	1.0	1.0	26.0	0.17687074829931973	0.6258503401360545	1.5629358028283415	1.7169811320754718	6.0
