ID	S1	S2	S1/Initiated Expression (IE_S1)	S1/Expression Repetition (ER_S1)	S1/tokens (%)	S2/Initiated Expression (IE_S2)	S2/Expression Repetition (ER_S2)	S2/tokens (%)	Voc. Overlap S1	Voc. Overlap S2	SR/S1/ELS	SR/S1/EV	SR/S1/ER	SR/S1/ENTR	SR/S1/L	SR/S1/LMAX	SR/S2/ELS	SR/S2/EV	SR/S2/ER	SR/S2/ENTR	SR/S2/L	SR/S2/LMAX
dialogue_txt	Human 1	Human 2	0.7213114754098361	0.2822085889570552	0.5030864197530864	0.2786885245901639	0.5962732919254659	0.49691358024691357	0.57	0.6627906976744186	22.0	0.12941176470588237	0.40588235294117647	1.194545119186222	1.4893617021276595	3.0	33.0	0.1952662721893491	0.5680473372781065	0.8569221891630912	1.236842105263158	3.0
