ID	Num. utterances	Num. tokens	Expression Lexicon Size (ELS)	Expression Variety (EV)	Expression Repetition (ER)	Voc. Overlap	ENTR	L	LMAX
dialogue_txt	16.0	312.0	44.0	0.14102564102564102	0.32051282051282054	0.2905405405405405	0.7352676975736316	1.2479338842975207	5.0
