ID	S1	S2	S1/Initiated Expression (IE_S1)	S1/Expression Repetition (ER_S1)	S1/tokens (%)	S2/Initiated Expression (IE_S2)	S2/Expression Repetition (ER_S2)	S2/tokens (%)	Voc. Overlap S1	Voc. Overlap S2	SR/S1/ELS	SR/S1/EV	SR/S1/ER	SR/S1/ENTR	SR/S1/L	SR/S1/LMAX	SR/S2/ELS	SR/S2/EV	SR/S2/ER	SR/S2/ENTR	SR/S2/L	SR/S2/LMAX
dialogue_txt	Human 1	Human 2	0.7058823529411765	0.15254237288135594	0.34705882352941175	0.29411764705882354	0.26126126126126126	0.6529411764705882	0.45	0.2571428571428571	6.0	0.09230769230769231	0.24615384615384617	0.8904916402194913	1.3076923076923077	2.0	13.0	0.11016949152542373	0.3728813559322034	0.8865703508911296	1.2580645161290323	3.0
