ID	Num. utterances	Num. tokens	Expression Lexicon Size (ELS)	Expression Variety (EV)	Expression Repetition (ER)	Voc. Overlap	ENTR	L	LMAX
dialogue_txt	16.0	264.0	22.0	0.08333333333333333	0.19696969696969696	0.1791044776119403	0.5079353563991224	1.1126760563380282	2.0
