ID	Num. utterances	Num. tokens	Expression Lexicon Size (ELS)	Expression Variety (EV)	Expression Repetition (ER)	Voc. Overlap	ENTR	L	LMAX
dialogue_txt	15.0	268.0	35.0	0.13059701492537312	0.24253731343283583	0.2569444444444444	0.43055186701043946	1.088235294117647	2.0
