ID	Num. utterances	Num. tokens	Expression Lexicon Size (ELS)	Expression Variety (EV)	Expression Repetition (ER)	Voc. Overlap	ENTR	L	LMAX
dialogue_txt	16.0	292.0	23.0	0.07876712328767123	0.17465753424657535	0.14743589743589744	0.5617526078313282	1.131578947368421	2.0
