ID	S1	S2	S1/Initiated Expression (IE_S1)	S1/Expression Repetition (ER_S1)	S1/tokens (%)	S2/Initiated Expression (IE_S2)	S2/Expression Repetition (ER_S2)	S2/tokens (%)	Voc. Overlap S1	Voc. Overlap S2	SR/S1/ELS	SR/S1/EV	SR/S1/ER	SR/S1/ENTR	SR/S1/L	SR/S1/LMAX	SR/S2/ELS	SR/S2/EV	SR/S2/ER	SR/S2/ENTR	SR/S2/L	SR/S2/LMAX
dialogue_txt	Human 1	Human 2	0.7058823529411765	0.17857142857142858	0.4019138755980861	0.29411764705882354	0.4	0.5980861244019139	0.5901639344262295	0.5	9.0	0.0989010989010989	0.23076923076923078	-0.0	1.0	1.0	24.0	0.18045112781954886	0.518796992481203	0.7952956987846439	1.2321428571428572	3.0
