ID	Num. utterances	Num. tokens	Expression Lexicon Size (ELS)	Expression Variety (EV)	Expression Repetition (ER)	Voc. Overlap	ENTR	L	LMAX
dialogue_txt	15.0	209.0	34.0	0.16267942583732056	0.31100478468899523	0.3711340206185567	1.0293222212707065	1.3376623376623376	4.0
