ID	S1	S2	S1/Initiated Expression (IE_S1)	S1/Expression Repetition (ER_S1)	S1/tokens (%)	S2/Initiated Expression (IE_S2)	S2/Expression Repetition (ER_S2)	S2/tokens (%)	Voc. Overlap S1	Voc. Overlap S2	SR/S1/ELS	SR/S1/EV	SR/S1/ER	SR/S1/ENTR	SR/S1/L	SR/S1/LMAX	SR/S2/ELS	SR/S2/EV	SR/S2/ER	SR/S2/ENTR	SR/S2/L	SR/S2/LMAX
dialogue_txt	Human 1	Human 2	0.8285714285714286	0.1693121693121693	0.6847826086956522	0.17142857142857143	0.5747126436781609	0.31521739130434784	0.3177570093457944	0.6415094339622641	28.0	0.14213197969543148	0.4517766497461929	1.0540157730728	1.35	3.0	15.0	0.15625	0.4166666666666667	0.6840384356390417	1.1818181818181819	2.0
