ID	Num. utterances	Num. tokens	Expression Lexicon Size (ELS)	Expression Variety (EV)	Expression Repetition (ER)	Voc. Overlap	ENTR	L	LMAX
dialogue_txt	19.0	308.0	33.0	0.10714285714285714	0.30194805194805197	0.2236842105263158	0.5369064378756414	1.1226415094339623	2.0
