ID	S1	S2	S1/Initiated Expression (IE_S1)	S1/Expression Repetition (ER_S1)	S1/tokens (%)	S2/Initiated Expression (IE_S2)	S2/Expression Repetition (ER_S2)	S2/tokens (%)	Voc. Overlap S1	Voc. Overlap S2	SR/S1/ELS	SR/S1/EV	SR/S1/ER	SR/S1/ENTR	SR/S1/L	SR/S1/LMAX	SR/S2/ELS	SR/S2/EV	SR/S2/ER	SR/S2/ENTR	SR/S2/L	SR/S2/LMAX
dialogue_txt	Human 1	Human 2	0.7105263157894737	0.21951219512195122	0.5211864406779662	0.2894736842105263	0.4424778761061947	0.4788135593220339	0.4935064935064935	0.5066666666666667	22.0	0.16793893129770993	0.42748091603053434	0.6581912658132185	1.1702127659574468	2.0	20.0	0.1652892561983471	0.4049586776859504	0.2580186686648155	1.0434782608695652	2.0
