ID	S1	S2	S1/Initiated Expression (IE_S1)	S1/Expression Repetition (ER_S1)	S1/tokens (%)	S2/Initiated Expression (IE_S2)	S2/Expression Repetition (ER_S2)	S2/tokens (%)	Voc. Overlap S1	Voc. Overlap S2	SR/S1/ELS	SR/S1/EV	SR/S1/ER	SR/S1/ENTR	SR/S1/L	SR/S1/LMAX	SR/S2/ELS	SR/S2/EV	SR/S2/ER	SR/S2/ENTR	SR/S2/L	SR/S2/LMAX
dialogue_txt	Human 1	Human 2	0.4666666666666667	0.2692307692307692	0.47560975609756095	0.5333333333333333	0.25	0.524390243902439	0.35051546391752575	0.3177570093457944	22.0	0.13414634146341464	0.39634146341463417	0.5095157180881823	1.1132075471698113	2.0	24.0	0.13333333333333333	0.4388888888888889	1.1875331628701828	1.4528301886792452	4.0
