ID	Num. utterances	Num. tokens	Expression Lexicon Size (ELS)	Expression Variety (EV)	Expression Repetition (ER)	Voc. Overlap	ENTR	L	LMAX
dialogue_txt	19.0	455.0	53.0	0.11648351648351649	0.2945054945054945	0.21929824561403508	0.7574053360088417	1.197452229299363	4.0
