ID	Num. utterances	Num. tokens	Expression Lexicon Size (ELS)	Expression Variety (EV)	Expression Repetition (ER)	Voc. Overlap	ENTR	L	LMAX
dialogue_txt	19.0	221.0	31.0	0.14027149321266968	0.29411764705882354	0.2882882882882883	1.034513809900778	1.3214285714285714	4.0
