ID	Num. utterances	Num. tokens	Expression Lexicon Size (ELS)	Expression Variety (EV)	Expression Repetition (ER)	Voc. Overlap	ENTR	L	LMAX
dialogue_txt	17.0	328.0	47.0	0.14329268292682926	0.31097560975609756	0.2684563758389262	1.466683092922621	1.5675675675675675	5.0
