ID	S1	S2	S1/Initiated Expression (IE_S1)	S1/Expression Repetition (ER_S1)	S1/tokens (%)	S2/Initiated Expression (IE_S2)	S2/Expression Repetition (ER_S2)	S2/tokens (%)	Voc. Overlap S1	Voc. Overlap S2	SR/S1/ELS	SR/S1/EV	SR/S1/ER	SR/S1/ENTR	SR/S1/L	SR/S1/LMAX	SR/S2/ELS	SR/S2/EV	SR/S2/ER	SR/S2/ENTR	SR/S2/L	SR/S2/LMAX
dialogue_txt	Human 1	Human 2	0.6	0.24324324324324326	0.49498327759197325	0.4	0.3509933774834437	0.5050167224080268	0.40229885057471265	0.3723404255319149	22.0	0.14102564102564102	0.4230769230769231	0.8176338568998316	1.22	3.0	24.0	0.1509433962264151	0.4339622641509434	0.7889406572966207	1.2363636363636363	2.0
