ID	Num. utterances	Num. tokens	Expression Lexicon Size (ELS)	Expression Variety (EV)	Expression Repetition (ER)	Voc. Overlap	ENTR	L	LMAX
dialogue_txt	14.0	218.0	25.0	0.11467889908256881	0.27522935779816515	0.24271844660194175	1.0935100275615792	1.3857142857142857	5.0
