ID	Num. utterances	Num. tokens	Expression Lexicon Size (ELS)	Expression Variety (EV)	Expression Repetition (ER)	Voc. Overlap	ENTR	L	LMAX
dialogue_txt	16.0	140.0	25.0	0.17857142857142858	0.34285714285714286	0.379746835443038	1.01044884930661	1.3114754098360655	3.0
