ID	Num. utterances	Num. tokens	Expression Lexicon Size (ELS)	Expression Variety (EV)	Expression Repetition (ER)	Voc. Overlap	ENTR	L	LMAX
dialogue_txt	13.0	227.0	37.0	0.16299559471365638	0.31718061674008813	0.36607142857142855	0.61045086453503	1.1979166666666667	3.0
