ID	Num. utterances	Num. tokens	Expression Lexicon Size (ELS)	Expression Variety (EV)	Expression Repetition (ER)	Voc. Overlap	ENTR	L	LMAX
dialogue_txt	18.0	277.0	29.0	0.10469314079422383	0.2490974729241877	0.20279720279720279	0.9265974367672984	1.271604938271605	4.0
