ID	S1	S2	S1/Initiated Expression (IE_S1)	S1/Expression Repetition (ER_S1)	S1/tokens (%)	S2/Initiated Expression (IE_S2)	S2/Expression Repetition (ER_S2)	S2/tokens (%)	Voc. Overlap S1	Voc. Overlap S2	SR/S1/ELS	SR/S1/EV	SR/S1/ER	SR/S1/ENTR	SR/S1/L	SR/S1/LMAX	SR/S2/ELS	SR/S2/EV	SR/S2/ER	SR/S2/ENTR	SR/S2/L	SR/S2/LMAX
dialogue_txt	Human 1	Human 2	0.5	0.12727272727272726	0.3691275167785235	0.5	0.1595744680851064	0.6308724832214765	0.30952380952380953	0.23214285714285715	5.0	0.08064516129032258	0.1935483870967742	0.8112781244591328	1.5	3.0	10.0	0.09803921568627451	0.5098039215686274	0.9938972639364227	2.3636363636363638	9.0
