ID	Num. utterances	Num. tokens	Expression Lexicon Size (ELS)	Expression Variety (EV)	Expression Repetition (ER)	Voc. Overlap	ENTR	L	LMAX
dialogue_txt	17.0	180.0	17.0	0.09444444444444444	0.24444444444444444	0.20430107526881722	0.4394969869215133	1.0909090909090908	2.0
