ID	S1	S2	S1/Initiated Expression (IE_S1)	S1/Expression Repetition (ER_S1)	S1/tokens (%)	S2/Initiated Expression (IE_S2)	S2/Expression Repetition (ER_S2)	S2/tokens (%)	Voc. Overlap S1	Voc. Overlap S2	SR/S1/ELS	SR/S1/EV	SR/S1/ER	SR/S1/ENTR	SR/S1/L	SR/S1/LMAX	SR/S2/ELS	SR/S2/EV	SR/S2/ER	SR/S2/ENTR	SR/S2/L	SR/S2/LMAX
dialogue_txt	Human 1	Human 2	0.8043478260869565	0.224	0.4355400696864111	0.1956521739130435	0.5061728395061729	0.5644599303135889	0.5348837209302325	0.48936170212765956	19.0	0.14285714285714285	0.3533834586466165	0.4612160405139095	1.0975609756097562	2.0	30.0	0.17647058823529413	0.5235294117647059	0.8553529129344399	1.2352941176470589	3.0
