ID	S1	S2	S1/Initiated Expression (IE_S1)	S1/Expression Repetition (ER_S1)	S1/tokens (%)	S2/Initiated Expression (IE_S2)	S2/Expression Repetition (ER_S2)	S2/tokens (%)	Voc. Overlap S1	Voc. Overlap S2	SR/S1/ELS	SR/S1/EV	SR/S1/ER	SR/S1/ENTR	SR/S1/L	SR/S1/LMAX	SR/S2/ELS	SR/S2/EV	SR/S2/ER	SR/S2/ENTR	SR/S2/L	SR/S2/LMAX
dialogue_txt	Human 1	Human 2	0.7307692307692307	0.15	0.37037037037037035	0.2692307692307692	0.36764705882352944	0.6296296296296297	0.5555555555555556	0.35294117647058826	8.0	0.0898876404494382	0.2696629213483146	0.4854607607459134	1.2105263157894737	3.0	26.0	0.1780821917808219	0.4726027397260274	1.176065103715944	1.4166666666666667	4.0
