ID	Num. utterances	Num. tokens	Expression Lexicon Size (ELS)	Expression Variety (EV)	Expression Repetition (ER)	Voc. Overlap	ENTR	L	LMAX
dialogue_txt	13.0	229.0	34.0	0.14847161572052403	0.30131004366812225	0.2773109243697479	1.0134742243619603	1.4078947368421053	6.0
