ID	Num. utterances	Num. tokens	Expression Lexicon Size (ELS)	Expression Variety (EV)	Expression Repetition (ER)	Voc. Overlap	ENTR	L	LMAX
dialogue_txt	14.0	259.0	38.0	0.14671814671814673	0.33204633204633205	0.30158730158730157	0.5790454188913072	1.1478260869565218	4.0
