ID	S1	S2	S1/Initiated Expression (IE_S1)	S1/Expression Repetition (ER_S1)	S1/tokens (%)	S2/Initiated Expression (IE_S2)	S2/Expression Repetition (ER_S2)	S2/tokens (%)	Voc. Overlap S1	Voc. Overlap S2	SR/S1/ELS	SR/S1/EV	SR/S1/ER	SR/S1/ENTR	SR/S1/L	SR/S1/LMAX	SR/S2/ELS	SR/S2/EV	SR/S2/ER	SR/S2/ENTR	SR/S2/L	SR/S2/LMAX
dialogue_txt	Human 1	Human 2	0.7857142857142857	0.2119205298013245	0.6711111111111111	0.21428571428571427	0.527027027027027	0.3288888888888889	0.32967032967032966	0.6382978723404256	21.0	0.13291139240506328	0.3924050632911392	0.39662777277837885	1.0784313725490196	2.0	13.0	0.15853658536585366	0.43902439024390244	0.9305861291319928	1.3461538461538463	2.0
