ID	Num. utterances	Num. tokens	Expression Lexicon Size (ELS)	Expression Variety (EV)	Expression Repetition (ER)	Voc. Overlap	ENTR	L	LMAX
dialogue_txt	15.0	225.0	28.0	0.12444444444444444	0.31555555555555553	0.2777777777777778	0.388238977512362	1.076086956521739	2.0
