ID	S1	S2	S1/Initiated Expression (IE_S1)	S1/Expression Repetition (ER_S1)	S1/tokens (%)	S2/Initiated Expression (IE_S2)	S2/Expression Repetition (ER_S2)	S2/tokens (%)	Voc. Overlap S1	Voc. Overlap S2	SR/S1/ELS	SR/S1/EV	SR/S1/ER	SR/S1/ENTR	SR/S1/L	SR/S1/LMAX	SR/S2/ELS	SR/S2/EV	SR/S2/ER	SR/S2/ENTR	SR/S2/L	SR/S2/LMAX
dialogue_txt	Human 1	Human 2	0.7631578947368421	0.19791666666666666	0.35687732342007433	0.23684210526315788	0.5144508670520231	0.6431226765799256	0.6290322580645161	0.45348837209302323	14.0	0.1346153846153846	0.33653846153846156	0.34511731494495296	1.064516129032258	2.0	31.0	0.1712707182320442	0.5966850828729282	1.3869602933016412	1.65625	6.0
