ID	S1	S2	S1/Initiated Expression (IE_S1)	S1/Expression Repetition (ER_S1)	S1/tokens (%)	S2/Initiated Expression (IE_S2)	S2/Expression Repetition (ER_S2)	S2/tokens (%)	Voc. Overlap S1	Voc. Overlap S2	SR/S1/ELS	SR/S1/EV	SR/S1/ER	SR/S1/ENTR	SR/S1/L	SR/S1/LMAX	SR/S2/ELS	SR/S2/EV	SR/S2/ER	SR/S2/ENTR	SR/S2/L	SR/S2/LMAX
dialogue_txt	Human 1	Human 2	0.7647058823529411	0.16483516483516483	0.35968379446640314	0.23529411764705882	0.35185185185185186	0.6403162055335968	0.5384615384615384	0.3763440860215054	12.0	0.12121212121212122	0.2828282828282828	-0.0	1.0	1.0	26.0	0.15294117647058825	0.4764705882352941	1.1484747421966308	1.509433962264151	5.0
