ID	Num. utterances	Num. tokens	Expression Lexicon Size (ELS)	Expression Variety (EV)	Expression Repetition (ER)	Voc. Overlap	ENTR	L	LMAX
dialogue_txt	15.0	277.0	46.0	0.16606498194945848	0.3140794223826715	0.3333333333333333	1.0460813902888042	1.3611111111111112	6.0
