ID	Num. utterances	Num. tokens	Expression Lexicon Size (ELS)	Expression Variety (EV)	Expression Repetition (ER)	Voc. Overlap	ENTR	L	LMAX
dialogue_txt	17.0	279.0	29.0	0.1039426523297491	0.2724014336917563	0.2108843537414966	0.4787235113859628	1.1030927835051547	2.0
