ID	S1	S2	S1/Initiated Expression (IE_S1)	S1/Expression Repetition (ER_S1)	S1/tokens (%)	S2/Initiated Expression (IE_S2)	S2/Expression Repetition (ER_S2)	S2/tokens (%)	Voc. Overlap S1	Voc. Overlap S2	SR/S1/ELS	SR/S1/EV	SR/S1/ER	SR/S1/ENTR	SR/S1/L	SR/S1/LMAX	SR/S2/ELS	SR/S2/EV	SR/S2/ER	SR/S2/ENTR	SR/S2/L	SR/S2/LMAX
dialogue_txt	Human 1	Human 2	0.7857142857142857	0.125	0.4036697247706422	0.21428571428571427	0.3230769230769231	0.5963302752293578	0.4375	0.34146341463414637	12.0	0.12631578947368421	0.29473684210526313	0.4021791902022728	1.08	2.0	21.0	0.15217391304347827	0.4492753623188406	0.828411716566275	1.2244897959183674	3.0
