ID	Num. utterances	Num. tokens	Expression Lexicon Size (ELS)	Expression Variety (EV)	Expression Repetition (ER)	Voc. Overlap	ENTR	L	LMAX
dialogue_txt	15.0	218.0	28.0	0.12844036697247707	0.24311926605504589	0.23728813559322035	0.6652735227649414	1.1733333333333333	2.0
