ID	Num. utterances	Num. tokens	Expression Lexicon Size (ELS)	Expression Variety (EV)	Expression Repetition (ER)	Voc. Overlap	ENTR	L	LMAX
dialogue_txt	16.0	308.0	49.0	0.1590909090909091	0.3344155844155844	0.3424657534246575	0.776372206220317	1.2045454545454546	3.0
