ID	Num. utterances	Num. tokens	Expression Lexicon Size (ELS)	Expression Variety (EV)	Expression Repetition (ER)	Voc. Overlap	ENTR	L	LMAX
dialogue_txt	16.0	189.0	34.0	0.17989417989417988	0.3544973544973545	0.391304347826087	1.034513809900778	1.3214285714285714	4.0
