ID	Num. utterances	Num. tokens	Expression Lexicon Size (ELS)	Expression Variety (EV)	Expression Repetition (ER)	Voc. Overlap	ENTR	L	LMAX
dialogue_txt	15.0	252.0	34.0	0.1349206349206349	0.3134920634920635	0.2698412698412698	1.0012335777903418	1.309278350515464	4.0
