ID	Num. utterances	Num. tokens	Expression Lexicon Size (ELS)	Expression Variety (EV)	Expression Repetition (ER)	Voc. Overlap	ENTR	L	LMAX
dialogue_txt	18.0	178.0	30.0	0.16853932584269662	0.37640449438202245	0.37037037037037035	1.2075768240606206	1.4605263157894737	6.0
