ID	S1	S2	S1/Initiated Expression (IE_S1)	S1/Expression Repetition (ER_S1)	S1/tokens (%)	S2/Initiated Expression (IE_S2)	S2/Expression Repetition (ER_S2)	S2/tokens (%)	Voc. Overlap S1	Voc. Overlap S2	SR/S1/ELS	SR/S1/EV	SR/S1/ER	SR/S1/ENTR	SR/S1/L	SR/S1/LMAX	SR/S2/ELS	SR/S2/EV	SR/S2/ER	SR/S2/ENTR	SR/S2/L	SR/S2/LMAX
dialogue_txt	Human 1	Human 2	0.8095238095238095	0.030303030303030304	0.3127962085308057	0.19047619047619047	0.696551724137931	0.6872037914691943	0.7543859649122807	0.6417910447761194	3.0	0.0410958904109589	0.0821917808219178	-0.0	1.0	1.0	35.0	0.23026315789473684	0.7039473684210527	1.525660045332441	1.7903225806451613	9.0
