ID	Num. utterances	Num. tokens	Expression Lexicon Size (ELS)	Expression Variety (EV)	Expression Repetition (ER)	Voc. Overlap	ENTR	L	LMAX
dialogue_txt	15.0	268.0	36.0	0.13432835820895522	0.31716417910447764	0.2824427480916031	0.7871900872958213	1.2075471698113207	3.0
