ID	Num. utterances	Num. tokens	Expression Lexicon Size (ELS)	Expression Variety (EV)	Expression Repetition (ER)	Voc. Overlap	ENTR	L	LMAX
dialogue_txt	16.0	281.0	48.0	0.1708185053380783	0.43416370106761565	0.4205607476635514	1.0825622229464316	1.3407407407407408	4.0
