ID	Num. utterances	Num. tokens	Expression Lexicon Size (ELS)	Expression Variety (EV)	Expression Repetition (ER)	Voc. Overlap	ENTR	L	LMAX
dialogue_txt	19.0	360.0	57.0	0.15833333333333333	0.38333333333333336	0.3515151515151515	0.7642721816863343	1.1987951807228916	4.0
