ID	Num. utterances	Num. tokens	Expression Lexicon Size (ELS)	Expression Variety (EV)	Expression Repetition (ER)	Voc. Overlap	ENTR	L	LMAX
dialogue_txt	16.0	260.0	35.0	0.1346153846153846	0.34615384615384615	0.3418803418803419	0.49531565002694444	1.1238938053097345	4.0
