ID	Num. utterances	Num. tokens	Expression Lexicon Size (ELS)	Expression Variety (EV)	Expression Repetition (ER)	Voc. Overlap	ENTR	L	LMAX
dialogue_txt	16.0	272.0	42.0	0.15441176470588236	0.3602941176470588	0.31007751937984496	0.9796188843691829	1.2956521739130435	4.0
