ID	S1	S2	S1/Initiated Expression (IE_S1)	S1/Expression Repetition (ER_S1)	S1/tokens (%)	S2/Initiated Expression (IE_S2)	S2/Expression Repetition (ER_S2)	S2/tokens (%)	Voc. Overlap S1	Voc. Overlap S2	SR/S1/ELS	SR/S1/EV	SR/S1/ER	SR/S1/ENTR	SR/S1/L	SR/S1/LMAX	SR/S2/ELS	SR/S2/EV	SR/S2/ER	SR/S2/ENTR	SR/S2/L	SR/S2/LMAX
dialogue_txt	Human 1	Human 2	0.6470588235294118	0.12962962962962962	0.4462809917355372	0.35294117647058826	0.26865671641791045	0.5537190082644629	0.5365853658536586	0.41509433962264153	4.0	0.06896551724137931	0.1724137931034483	-0.0	1.0	1.0	5.0	0.07042253521126761	0.2112676056338028	1.4355205042826666	1.6666666666666667	3.0
