ID	S1	S2	S1/Initiated Expression (IE_S1)	S1/Expression Repetition (ER_S1)	S1/tokens (%)	S2/Initiated Expression (IE_S2)	S2/Expression Repetition (ER_S2)	S2/tokens (%)	Voc. Overlap S1	Voc. Overlap S2	SR/S1/ELS	SR/S1/EV	SR/S1/ER	SR/S1/ENTR	SR/S1/L	SR/S1/LMAX	SR/S2/ELS	SR/S2/EV	SR/S2/ER	SR/S2/ENTR	SR/S2/L	SR/S2/LMAX
dialogue_txt	Human 1	Human 2	0.46875	0.28448275862068967	0.4793388429752066	0.53125	0.25396825396825395	0.5206611570247934	0.41975308641975306	0.4146341463414634	14.0	0.11475409836065574	0.26229508196721313	0.6051865766334206	1.1481481481481481	2.0	19.0	0.14285714285714285	0.40601503759398494	1.0087600267079522	1.3095238095238095	3.0
