ID	Num. utterances	Num. tokens	Expression Lexicon Size (ELS)	Expression Variety (EV)	Expression Repetition (ER)	Voc. Overlap	ENTR	L	LMAX
dialogue_txt	19.0	440.0	48.0	0.10909090909090909	0.29545454545454547	0.24423963133640553	0.7774953814857689	1.2287581699346406	4.0
