ID	S1	S2	S1/Initiated Expression (IE_S1)	S1/Expression Repetition (ER_S1)	S1/tokens (%)	S2/Initiated Expression (IE_S2)	S2/Expression Repetition (ER_S2)	S2/tokens (%)	Voc. Overlap S1	Voc. Overlap S2	SR/S1/ELS	SR/S1/EV	SR/S1/ER	SR/S1/ENTR	SR/S1/L	SR/S1/LMAX	SR/S2/ELS	SR/S2/EV	SR/S2/ER	SR/S2/ENTR	SR/S2/L	SR/S2/LMAX
dialogue_txt	Human 1	Human 2	0.7857142857142857	0.11538461538461539	0.4642857142857143	0.21428571428571427	0.6	0.5357142857142857	0.5178571428571429	0.6041666666666666	7.0	0.08045977011494253	0.2413793103448276	0.5916727785823274	1.2857142857142858	3.0	19.0	0.1919191919191919	0.5454545454545454	1.3046940364895225	1.4864864864864864	4.0
