ID	Num. utterances	Num. tokens	Expression Lexicon Size (ELS)	Expression Variety (EV)	Expression Repetition (ER)	Voc. Overlap	ENTR	L	LMAX
dialogue_txt	21.0	308.0	50.0	0.16233766233766234	0.33766233766233766	0.3472222222222222	0.9212027989530768	1.3106060606060606	4.0
