ID	Num. utterances	Num. tokens	Expression Lexicon Size (ELS)	Expression Variety (EV)	Expression Repetition (ER)	Voc. Overlap	ENTR	L	LMAX
dialogue_txt	15.0	177.0	29.0	0.1638418079096045	0.327683615819209	0.38372093023255816	1.1474629720071525	1.4057971014492754	4.0
