ID	S1	S2	S1/Initiated Expression (IE_S1)	S1/Expression Repetition (ER_S1)	S1/tokens (%)	S2/Initiated Expression (IE_S2)	S2/Expression Repetition (ER_S2)	S2/tokens (%)	Voc. Overlap S1	Voc. Overlap S2	SR/S1/ELS	SR/S1/EV	SR/S1/ER	SR/S1/ENTR	SR/S1/L	SR/S1/LMAX	SR/S2/ELS	SR/S2/EV	SR/S2/ER	SR/S2/ENTR	SR/S2/L	SR/S2/LMAX
dialogue_txt	Human 1	Human 2	0.8275862068965517	0.056818181818181816	0.4971751412429379	0.1724137931034483	0.5955056179775281	0.5028248587570622	0.515625	0.6	12.0	0.12631578947368421	0.29473684210526313	0.4021791902022728	1.08	2.0	15.0	0.15463917525773196	0.44329896907216493	0.9957220057616336	1.303030303030303	3.0
