ID	Num. utterances	Num. tokens	Expression Lexicon Size (ELS)	Expression Variety (EV)	Expression Repetition (ER)	Voc. Overlap	ENTR	L	LMAX
dialogue_txt	16.0	230.0	31.0	0.13478260869565217	0.26956521739130435	0.29411764705882354	0.6957338078495314	1.170731707317073	3.0
