ID	S1	S2	S1/Initiated Expression (IE_S1)	S1/Expression Repetition (ER_S1)	S1/tokens (%)	S2/Initiated Expression (IE_S2)	S2/Expression Repetition (ER_S2)	S2/tokens (%)	Voc. Overlap S1	Voc. Overlap S2	SR/S1/ELS	SR/S1/EV	SR/S1/ER	SR/S1/ENTR	SR/S1/L	SR/S1/LMAX	SR/S2/ELS	SR/S2/EV	SR/S2/ER	SR/S2/ENTR	SR/S2/L	SR/S2/LMAX
dialogue_txt	Human 1	Human 2	0.8596491228070176	0.07272727272727272	0.5288461538461539	0.14035087719298245	0.6394557823129252	0.47115384615384615	0.5229357798165137	0.6551724137931034	19.0	0.10982658959537572	0.32947976878612717	0.4394969869215133	1.0909090909090908	2.0	27.0	0.17419354838709677	0.4967741935483871	0.6198467660962341	1.1774193548387097	3.0
