ID	Num. utterances	Num. tokens	Expression Lexicon Size (ELS)	Expression Variety (EV)	Expression Repetition (ER)	Voc. Overlap	ENTR	L	LMAX
dialogue_txt	15.0	204.0	27.0	0.1323529411764706	0.3235294117647059	0.3163265306122449	1.4350195813171613	1.7096774193548387	7.0
