ID	S1	S2	S1/Initiated Expression (IE_S1)	S1/Expression Repetition (ER_S1)	S1/tokens (%)	S2/Initiated Expression (IE_S2)	S2/Expression Repetition (ER_S2)	S2/tokens (%)	Voc. Overlap S1	Voc. Overlap S2	SR/S1/ELS	SR/S1/EV	SR/S1/ER	SR/S1/ENTR	SR/S1/L	SR/S1/LMAX	SR/S2/ELS	SR/S2/EV	SR/S2/ER	SR/S2/ENTR	SR/S2/L	SR/S2/LMAX
dialogue_txt	Human 1	Human 2	0.5	0.31666666666666665	0.24691358024691357	0.5	0.18032786885245902	0.7530864197530864	0.5869565217391305	0.25	5.0	0.07246376811594203	0.17391304347826086	0.7219280948873623	1.2	2.0	28.0	0.14583333333333334	0.5208333333333334	1.65371458594431	1.7719298245614035	5.0
