ID	Num. utterances	Num. tokens	Expression Lexicon Size (ELS)	Expression Variety (EV)	Expression Repetition (ER)	Voc. Overlap	ENTR	L	LMAX
dialogue_txt	18.0	243.0	22.0	0.09053497942386832	0.2139917695473251	0.2125984251968504	0.688127716809808	1.1690140845070423	3.0
