ID	S1	S2	S1/Initiated Expression (IE_S1)	S1/Expression Repetition (ER_S1)	S1/tokens (%)	S2/Initiated Expression (IE_S2)	S2/Expression Repetition (ER_S2)	S2/tokens (%)	Voc. Overlap S1	Voc. Overlap S2	SR/S1/ELS	SR/S1/EV	SR/S1/ER	SR/S1/ENTR	SR/S1/L	SR/S1/LMAX	SR/S2/ELS	SR/S2/EV	SR/S2/ER	SR/S2/ENTR	SR/S2/L	SR/S2/LMAX
dialogue_txt	Human 1	Human 2	0.6944444444444444	0.13138686131386862	0.4807017543859649	0.3055555555555556	0.40540540540540543	0.519298245614035	0.3870967741935484	0.4044943820224719	11.0	0.07534246575342465	0.21232876712328766	0.4262286569981449	1.173913043478261	3.0	18.0	0.11464968152866242	0.43312101910828027	1.4854752972273344	1.7	3.0
