ID	Num. utterances	Num. tokens	Expression Lexicon Size (ELS)	Expression Variety (EV)	Expression Repetition (ER)	Voc. Overlap	ENTR	L	LMAX
dialogue_txt	18.0	285.0	36.0	0.12631578947368421	0.2736842105263158	0.2465753424657534	0.6616179061408356	1.1717171717171717	2.0
