ID	Num. utterances	Num. tokens	Expression Lexicon Size (ELS)	Expression Variety (EV)	Expression Repetition (ER)	Voc. Overlap	ENTR	L	LMAX
dialogue_txt	18.0	134.0	23.0	0.17164179104477612	0.30597014925373134	0.3484848484848485	0.9158945926726128	1.263157894736842	3.0
