ID	S1	S2	S1/Initiated Expression (IE_S1)	S1/Expression Repetition (ER_S1)	S1/tokens (%)	S2/Initiated Expression (IE_S2)	S2/Expression Repetition (ER_S2)	S2/tokens (%)	Voc. Overlap S1	Voc. Overlap S2	SR/S1/ELS	SR/S1/EV	SR/S1/ER	SR/S1/ENTR	SR/S1/L	SR/S1/LMAX	SR/S2/ELS	SR/S2/EV	SR/S2/ER	SR/S2/ENTR	SR/S2/L	SR/S2/LMAX
dialogue_txt	Human 1	Human 2	0.6521739130434783	0.17204301075268819	0.41150442477876104	0.34782608695652173	0.21052631578947367	0.588495575221239	0.37681159420289856	0.3466666666666667	8.0	0.08	0.21	0.5225593745369408	1.1176470588235294	2.0	23.0	0.16428571428571428	0.5642857142857143	1.3744823423408508	1.6808510638297873	8.0
