ID	Num. utterances	Num. tokens	Expression Lexicon Size (ELS)	Expression Variety (EV)	Expression Repetition (ER)	Voc. Overlap	ENTR	L	LMAX
dialogue_txt	14.0	226.0	23.0	0.10176991150442478	0.19469026548672566	0.22033898305084745	0.7230020642792742	1.1818181818181819	3.0
