ID	Num. utterances	Num. tokens	Expression Lexicon Size (ELS)	Expression Variety (EV)	Expression Repetition (ER)	Voc. Overlap	ENTR	L	LMAX
dialogue_txt	15.0	213.0	28.0	0.13145539906103287	0.28169014084507044	0.26495726495726496	1.0096707368146252	1.3194444444444444	3.0
