ID	S1	S2	S1/Initiated Expression (IE_S1)	S1/Expression Repetition (ER_S1)	S1/tokens (%)	S2/Initiated Expression (IE_S2)	S2/Expression Repetition (ER_S2)	S2/tokens (%)	Voc. Overlap S1	Voc. Overlap S2	SR/S1/ELS	SR/S1/EV	SR/S1/ER	SR/S1/ENTR	SR/S1/L	SR/S1/LMAX	SR/S2/ELS	SR/S2/EV	SR/S2/ER	SR/S2/ENTR	SR/S2/L	SR/S2/LMAX
dialogue_txt	Human 1	Human 2	0.7307692307692307	0.1	0.6878306878306878	0.2692307692307692	0.4915254237288136	0.31216931216931215	0.2826086956521739	0.6842105263157895	13.0	0.0948905109489051	0.24087591240875914	0.3809465857053901	1.0740740740740742	2.0	12.0	0.18181818181818182	0.3787878787878788	-0.0	1.0	1.0
