ID	S1	S2	S1/Initiated Expression (IE_S1)	S1/Expression Repetition (ER_S1)	S1/tokens (%)	S2/Initiated Expression (IE_S2)	S2/Expression Repetition (ER_S2)	S2/tokens (%)	Voc. Overlap S1	Voc. Overlap S2	SR/S1/ELS	SR/S1/EV	SR/S1/ER	SR/S1/ENTR	SR/S1/L	SR/S1/LMAX	SR/S2/ELS	SR/S2/EV	SR/S2/ER	SR/S2/ENTR	SR/S2/L	SR/S2/LMAX
dialogue_txt	Human 1	Human 2	0.631578947368421	0.21511627906976744	0.45866666666666667	0.3684210526315789	0.4876847290640394	0.5413333333333333	0.452991452991453	0.5	21.0	0.11602209944751381	0.30386740331491713	0.41381685030363374	1.0833333333333333	2.0	36.0	0.16901408450704225	0.5868544600938967	1.131704360442081	1.388235294117647	5.0
