ID	S1	S2	S1/Initiated Expression (IE_S1)	S1/Expression Repetition (ER_S1)	S1/tokens (%)	S2/Initiated Expression (IE_S2)	S2/Expression Repetition (ER_S2)	S2/tokens (%)	Voc. Overlap S1	Voc. Overlap S2	SR/S1/ELS	SR/S1/EV	SR/S1/ER	SR/S1/ENTR	SR/S1/L	SR/S1/LMAX	SR/S2/ELS	SR/S2/EV	SR/S2/ER	SR/S2/ENTR	SR/S2/L	SR/S2/LMAX
dialogue_txt	Human 1	Human 2	0.8163265306122449	0.23699421965317918	0.5290519877675841	0.1836734693877551	0.6233766233766234	0.4709480122324159	0.5104166666666666	0.620253164556962	26.0	0.143646408839779	0.4419889502762431	0.849092165846601	1.2321428571428572	3.0	28.0	0.1728395061728395	0.6111111111111112	1.5998426227279605	2.1956521739130435	15.0
