ID	S1	S2	S1/Initiated Expression (IE_S1)	S1/Expression Repetition (ER_S1)	S1/tokens (%)	S2/Initiated Expression (IE_S2)	S2/Expression Repetition (ER_S2)	S2/tokens (%)	Voc. Overlap S1	Voc. Overlap S2	SR/S1/ELS	SR/S1/EV	SR/S1/ER	SR/S1/ENTR	SR/S1/L	SR/S1/LMAX	SR/S2/ELS	SR/S2/EV	SR/S2/ER	SR/S2/ENTR	SR/S2/L	SR/S2/LMAX
dialogue_txt	Human 1	Human 2	0.9166666666666666	0.10256410256410256	0.42857142857142855	0.08333333333333333	0.7884615384615384	0.5714285714285714	0.7368421052631579	0.7368421052631579	7.0	0.08333333333333333	0.2261904761904762	0.5435644431995964	1.125	2.0	16.0	0.14414414414414414	0.5765765765765766	2.065984894757639	2.3448275862068964	6.0
