ID	Num. utterances	Num. tokens	Expression Lexicon Size (ELS)	Expression Variety (EV)	Expression Repetition (ER)	Voc. Overlap	ENTR	L	LMAX
dialogue_txt	14.0	217.0	24.0	0.11059907834101383	0.22119815668202766	0.23333333333333334	0.8302976707487129	1.2461538461538462	4.0
