ID	S1	S2	S1/Initiated Expression (IE_S1)	S1/Expression Repetition (ER_S1)	S1/tokens (%)	S2/Initiated Expression (IE_S2)	S2/Expression Repetition (ER_S2)	S2/tokens (%)	Voc. Overlap S1	Voc. Overlap S2	SR/S1/ELS	SR/S1/EV	SR/S1/ER	SR/S1/ENTR	SR/S1/L	SR/S1/LMAX	SR/S2/ELS	SR/S2/EV	SR/S2/ER	SR/S2/ENTR	SR/S2/L	SR/S2/LMAX
dialogue_txt	Human 1	Human 2	0.7272727272727273	0.18032786885245902	0.2837209302325581	0.2727272727272727	0.2662337662337662	0.7162790697674418	0.46808510638297873	0.22916666666666666	8.0	0.11594202898550725	0.2463768115942029	-0.0	1.0	1.0	22.0	0.13580246913580246	0.43209876543209874	1.176065103715944	1.4166666666666667	4.0
