ID	Num. utterances	Num. tokens	Expression Lexicon Size (ELS)	Expression Variety (EV)	Expression Repetition (ER)	Voc. Overlap	ENTR	L	LMAX
dialogue_txt	18.0	337.0	60.0	0.17804154302670624	0.44807121661721067	0.46825396825396826	0.9182617028156976	1.2760736196319018	3.0
