ID	Num. utterances	Num. tokens	Expression Lexicon Size (ELS)	Expression Variety (EV)	Expression Repetition (ER)	Voc. Overlap	ENTR	L	LMAX
dialogue_txt	15.0	288.0	53.0	0.1840277777777778	0.3993055555555556	0.4032258064516129	0.7102668725158433	1.1942446043165467	2.0
