ID	S1	S2	S1/Initiated Expression (IE_S1)	S1/Expression Repetition (ER_S1)	S1/tokens (%)	S2/Initiated Expression (IE_S2)	S2/Expression Repetition (ER_S2)	S2/tokens (%)	Voc. Overlap S1	Voc. Overlap S2	SR/S1/ELS	SR/S1/EV	SR/S1/ER	SR/S1/ENTR	SR/S1/L	SR/S1/LMAX	SR/S2/ELS	SR/S2/EV	SR/S2/ER	SR/S2/ENTR	SR/S2/L	SR/S2/LMAX
dialogue_txt	Human 1	Human 2	0.6774193548387096	0.15328467153284672	0.4254658385093168	0.3225806451612903	0.2810810810810811	0.5745341614906833	0.3655913978494624	0.3541666666666667	11.0	0.07534246575342465	0.21232876712328766	0.4262286569981449	1.173913043478261	3.0	32.0	0.16494845360824742	0.5721649484536082	1.5180644947778812	1.6911764705882353	7.0
