ID	S1	S2	S1/Initiated Expression (IE_S1)	S1/Expression Repetition (ER_S1)	S1/tokens (%)	S2/Initiated Expression (IE_S2)	S2/Expression Repetition (ER_S2)	S2/tokens (%)	Voc. Overlap S1	Voc. Overlap S2	SR/S1/ELS	SR/S1/EV	SR/S1/ER	SR/S1/ENTR	SR/S1/L	SR/S1/LMAX	SR/S2/ELS	SR/S2/EV	SR/S2/ER	SR/S2/ENTR	SR/S2/L	SR/S2/LMAX
dialogue_txt	Human 1	Human 2	0.75	0.12121212121212122	0.39520958083832336	0.25	0.43564356435643564	0.6047904191616766	0.5964912280701754	0.5396825396825397	3.0	0.0410958904109589	0.0821917808219178	-0.0	1.0	1.0	18.0	0.16666666666666666	0.46296296296296297	0.8262437571709397	1.3235294117647058	4.0
