ID	Num. utterances	Num. tokens	Expression Lexicon Size (ELS)	Expression Variety (EV)	Expression Repetition (ER)	Voc. Overlap	ENTR	L	LMAX
dialogue_txt	15.0	242.0	45.0	0.1859504132231405	0.34297520661157027	0.39823008849557523	1.0526755062632567	1.3611111111111112	6.0
