ID	Num. utterances	Num. tokens	Expression Lexicon Size (ELS)	Expression Variety (EV)	Expression Repetition (ER)	Voc. Overlap	ENTR	L	LMAX
dialogue_txt	16.0	270.0	44.0	0.16296296296296298	0.31851851851851853	0.3508771929824561	0.9947478368823643	1.3055555555555556	3.0
