ID	Num. utterances	Num. tokens	Expression Lexicon Size (ELS)	Expression Variety (EV)	Expression Repetition (ER)	Voc. Overlap	ENTR	L	LMAX
dialogue_txt	13.0	199.0	32.0	0.16080402010050251	0.32663316582914576	0.3673469387755102	1.0091276662705382	1.3205128205128205	4.0
