ID	S1	S2	S1/Initiated Expression (IE_S1)	S1/Expression Repetition (ER_S1)	S1/tokens (%)	S2/Initiated Expression (IE_S2)	S2/Expression Repetition (ER_S2)	S2/tokens (%)	Voc. Overlap S1	Voc. Overlap S2	SR/S1/ELS	SR/S1/EV	SR/S1/ER	SR/S1/ENTR	SR/S1/L	SR/S1/LMAX	SR/S2/ELS	SR/S2/EV	SR/S2/ER	SR/S2/ENTR	SR/S2/L	SR/S2/LMAX
dialogue_txt	Human 1	Human 2	0.7857142857142857	0.1981981981981982	0.44047619047619047	0.21428571428571427	0.3617021276595745	0.5595238095238095	0.44	0.375	15.0	0.1271186440677966	0.3644067796610169	1.014097655573916	1.3125	3.0	17.0	0.11409395973154363	0.42953020134228187	1.3164705646319832	1.6666666666666667	6.0
