ID	S1	S2	S1/Initiated Expression (IE_S1)	S1/Expression Repetition (ER_S1)	S1/tokens (%)	S2/Initiated Expression (IE_S2)	S2/Expression Repetition (ER_S2)	S2/tokens (%)	Voc. Overlap S1	Voc. Overlap S2	SR/S1/ELS	SR/S1/EV	SR/S1/ER	SR/S1/ENTR	SR/S1/L	SR/S1/LMAX	SR/S2/ELS	SR/S2/EV	SR/S2/ER	SR/S2/ENTR	SR/S2/L	SR/S2/LMAX
dialogue_txt	Human 1	Human 2	0.8888888888888888	0.09836065573770492	0.32620320855614976	0.1111111111111111	0.3968253968253968	0.6737967914438503	0.6829268292682927	0.4	10.0	0.14492753623188406	0.37681159420289856	0.8812908992306927	1.3	2.0	19.0	0.14074074074074075	0.5185185185185185	1.610641047240665	1.8205128205128205	5.0
