ID	S1	S2	S1/Initiated Expression (IE_S1)	S1/Expression Repetition (ER_S1)	S1/tokens (%)	S2/Initiated Expression (IE_S2)	S2/Expression Repetition (ER_S2)	S2/tokens (%)	Voc. Overlap S1	Voc. Overlap S2	SR/S1/ELS	SR/S1/EV	SR/S1/ER	SR/S1/ENTR	SR/S1/L	SR/S1/LMAX	SR/S2/ELS	SR/S2/EV	SR/S2/ER	SR/S2/ENTR	SR/S2/L	SR/S2/LMAX
dialogue_txt	Human 1	Human 2	0.7551020408163265	0.2109375	0.48484848484848486	0.24489795918367346	0.5661764705882353	0.5151515151515151	0.6708860759493671	0.6162790697674418	18.0	0.13333333333333333	0.35555555555555557	0.6193821946787638	1.1538461538461537	2.0	21.0	0.14685314685314685	0.48951048951048953	0.9405662399881731	1.4583333333333333	5.0
