ID	Num. utterances	Num. tokens	Expression Lexicon Size (ELS)	Expression Variety (EV)	Expression Repetition (ER)	Voc. Overlap	ENTR	L	LMAX
dialogue_txt	19.0	429.0	56.0	0.13053613053613053	0.358974358974359	0.2894736842105263	0.7886994890454007	1.2065217391304348	3.0
