ID	Num. utterances	Num. tokens	Expression Lexicon Size (ELS)	Expression Variety (EV)	Expression Repetition (ER)	Voc. Overlap	ENTR	L	LMAX
dialogue_txt	17.0	237.0	26.0	0.10970464135021098	0.2489451476793249	0.22413793103448276	0.9484361605972349	1.3134328358208955	3.0
