ID	Num. utterances	Num. tokens	Expression Lexicon Size (ELS)	Expression Variety (EV)	Expression Repetition (ER)	Voc. Overlap	ENTR	L	LMAX
dialogue_txt	16.0	279.0	38.0	0.13620071684587814	0.30824372759856633	0.26277372262773724	1.0046500160193013	1.306930693069307	3.0
