ID	Num. utterances	Num. tokens	Expression Lexicon Size (ELS)	Expression Variety (EV)	Expression Repetition (ER)	Voc. Overlap	ENTR	L	LMAX
dialogue_txt	16.0	352.0	60.0	0.17045454545454544	0.4034090909090909	0.4444444444444444	0.9511314068374567	1.3202614379084967	4.0
