ID	Num. utterances	Num. tokens	Expression Lexicon Size (ELS)	Expression Variety (EV)	Expression Repetition (ER)	Voc. Overlap	ENTR	L	LMAX
dialogue_txt	16.0	310.0	53.0	0.17096774193548386	0.36774193548387096	0.3897058823529412	0.9998447216153697	1.3211678832116789	5.0
