ID	S1	S2	S1/Initiated Expression (IE_S1)	S1/Expression Repetition (ER_S1)	S1/tokens (%)	S2/Initiated Expression (IE_S2)	S2/Expression Repetition (ER_S2)	S2/tokens (%)	Voc. Overlap S1	Voc. Overlap S2	SR/S1/ELS	SR/S1/EV	SR/S1/ER	SR/S1/ENTR	SR/S1/L	SR/S1/LMAX	SR/S2/ELS	SR/S2/EV	SR/S2/ER	SR/S2/ENTR	SR/S2/L	SR/S2/LMAX
dialogue_txt	Human 1	Human 2	0.8536585365853658	0.14388489208633093	0.5036231884057971	0.14634146341463414	0.5036496350364964	0.4963768115942029	0.5	0.5116279069767442	17.0	0.11643835616438356	0.3698630136986301	0.9707450578356165	1.394736842105263	5.0	20.0	0.1388888888888889	0.4375	1.3415618584949454	1.6388888888888888	6.0
