ID	Num. utterances	Num. tokens	Expression Lexicon Size (ELS)	Expression Variety (EV)	Expression Repetition (ER)	Voc. Overlap	ENTR	L	LMAX
dialogue_txt	16.0	224.0	38.0	0.16964285714285715	0.35267857142857145	0.3644859813084112	1.2582479233263826	1.4505494505494505	4.0
