ID	S1	S2	S1/Initiated Expression (IE_S1)	S1/Expression Repetition (ER_S1)	S1/tokens (%)	S2/Initiated Expression (IE_S2)	S2/Expression Repetition (ER_S2)	S2/tokens (%)	Voc. Overlap S1	Voc. Overlap S2	SR/S1/ELS	SR/S1/EV	SR/S1/ER	SR/S1/ENTR	SR/S1/L	SR/S1/LMAX	SR/S2/ELS	SR/S2/EV	SR/S2/ER	SR/S2/ENTR	SR/S2/L	SR/S2/LMAX
dialogue_txt	Human 1	Human 2	0.7272727272727273	0.12903225806451613	0.4325581395348837	0.2727272727272727	0.26229508196721313	0.5674418604651162	0.36231884057971014	0.36231884057971014	8.0	0.08	0.21	0.5225593745369408	1.1176470588235294	2.0	16.0	0.12403100775193798	0.5658914728682171	1.2635442407015731	2.5172413793103448	19.0
