ID	Num. utterances	Num. tokens	Expression Lexicon Size (ELS)	Expression Variety (EV)	Expression Repetition (ER)	Voc. Overlap	ENTR	L	LMAX
dialogue_txt	14.0	215.0	22.0	0.10232558139534884	0.20465116279069767	0.22123893805309736	0.7732283485249176	1.2307692307692308	3.0
