ID	Num. utterances	Num. tokens	Expression Lexicon Size (ELS)	Expression Variety (EV)	Expression Repetition (ER)	Voc. Overlap	ENTR	L	LMAX
dialogue_txt	19.0	450.0	62.0	0.13777777777777778	0.37333333333333335	0.4052631578947368	1.0950319638388357	1.521978021978022	15.0
