ID	Num. utterances	Num. tokens	Expression Lexicon Size (ELS)	Expression Variety (EV)	Expression Repetition (ER)	Voc. Overlap	ENTR	L	LMAX
dialogue_txt	13.0	161.0	23.0	0.14285714285714285	0.33540372670807456	0.27848101265822783	1.7281829263726862	1.836734693877551	6.0
