ID	Num. utterances	Num. tokens	Expression Lexicon Size (ELS)	Expression Variety (EV)	Expression Repetition (ER)	Voc. Overlap	ENTR	L	LMAX
dialogue_txt	14.0	260.0	28.0	0.1076923076923077	0.23846153846153847	0.20279720279720279	0.4900739916342825	1.108433734939759	3.0
