ID	S1	S2	S1/Initiated Expression (IE_S1)	S1/Expression Repetition (ER_S1)	S1/tokens (%)	S2/Initiated Expression (IE_S2)	S2/Expression Repetition (ER_S2)	S2/tokens (%)	Voc. Overlap S1	Voc. Overlap S2	SR/S1/ELS	SR/S1/EV	SR/S1/ER	SR/S1/ENTR	SR/S1/L	SR/S1/LMAX	SR/S2/ELS	SR/S2/EV	SR/S2/ER	SR/S2/ENTR	SR/S2/L	SR/S2/LMAX
dialogue_txt	Human 1	Human 2	0.76	0.1864406779661017	0.39072847682119205	0.24	0.41304347826086957	0.609271523178808	0.5116279069767442	0.3793103448275862	8.0	0.11940298507462686	0.31343283582089554	-0.0	1.0	1.0	14.0	0.14	0.4	0.6840384356390417	1.1818181818181819	2.0
