ID	Num. utterances	Num. tokens	Expression Lexicon Size (ELS)	Expression Variety (EV)	Expression Repetition (ER)	Voc. Overlap	ENTR	L	LMAX
dialogue_txt	16.0	287.0	32.0	0.11149825783972125	0.23344947735191637	0.2206896551724138	0.5547781633412736	1.1290322580645162	2.0
