ID	S1	S2	S1/Initiated Expression (IE_S1)	S1/Expression Repetition (ER_S1)	S1/tokens (%)	S2/Initiated Expression (IE_S2)	S2/Expression Repetition (ER_S2)	S2/tokens (%)	Voc. Overlap S1	Voc. Overlap S2	SR/S1/ELS	SR/S1/EV	SR/S1/ER	SR/S1/ENTR	SR/S1/L	SR/S1/LMAX	SR/S2/ELS	SR/S2/EV	SR/S2/ER	SR/S2/ENTR	SR/S2/L	SR/S2/LMAX
dialogue_txt	Human 1	Human 2	0.59375	0.2204724409448819	0.4425087108013937	0.40625	0.24375	0.5574912891986062	0.3902439024390244	0.3368421052631579	17.0	0.1259259259259259	0.34074074074074073	0.6394571324851641	1.162162162162162	2.0	25.0	0.1488095238095238	0.4880952380952381	1.439396559168369	1.6875	7.0
