ID	Num. utterances	Num. tokens	Expression Lexicon Size (ELS)	Expression Variety (EV)	Expression Repetition (ER)	Voc. Overlap	ENTR	L	LMAX
dialogue_txt	14.0	277.0	29.0	0.10469314079422383	0.22743682310469315	0.2158273381294964	0.34781691357106326	1.065217391304348	2.0
