ID	S1	S2	S1/Initiated Expression (IE_S1)	S1/Expression Repetition (ER_S1)	S1/tokens (%)	S2/Initiated Expression (IE_S2)	S2/Expression Repetition (ER_S2)	S2/tokens (%)	Voc. Overlap S1	Voc. Overlap S2	SR/S1/ELS	SR/S1/EV	SR/S1/ER	SR/S1/ENTR	SR/S1/L	SR/S1/LMAX	SR/S2/ELS	SR/S2/EV	SR/S2/ER	SR/S2/ENTR	SR/S2/L	SR/S2/LMAX
dialogue_txt	Human 1	Human 2	0.6111111111111112	0.22764227642276422	0.43309859154929575	0.3888888888888889	0.2981366459627329	0.5669014084507042	0.425	0.4146341463414634	15.0	0.11450381679389313	0.3282442748091603	0.5225593745369408	1.1176470588235294	2.0	24.0	0.14201183431952663	0.5976331360946746	1.2247024254981775	2.106382978723404	11.0
