ID	S1	S2	S1/Initiated Expression (IE_S1)	S1/Expression Repetition (ER_S1)	S1/tokens (%)	S2/Initiated Expression (IE_S2)	S2/Expression Repetition (ER_S2)	S2/tokens (%)	Voc. Overlap S1	Voc. Overlap S2	SR/S1/ELS	SR/S1/EV	SR/S1/ER	SR/S1/ENTR	SR/S1/L	SR/S1/LMAX	SR/S2/ELS	SR/S2/EV	SR/S2/ER	SR/S2/ENTR	SR/S2/L	SR/S2/LMAX
dialogue_txt	Human 1	Human 2	0.6785714285714286	0.12121212121212122	0.4125	0.32142857142857145	0.43617021276595747	0.5875	0.543859649122807	0.49206349206349204	3.0	0.0410958904109589	0.0821917808219178	-0.0	1.0	1.0	14.0	0.13861386138613863	0.38613861386138615	0.8865703508911296	1.2580645161290323	3.0
