ID	S1	S2	S1/Initiated Expression (IE_S1)	S1/Expression Repetition (ER_S1)	S1/tokens (%)	S2/Initiated Expression (IE_S2)	S2/Expression Repetition (ER_S2)	S2/tokens (%)	Voc. Overlap S1	Voc. Overlap S2	SR/S1/ELS	SR/S1/EV	SR/S1/ER	SR/S1/ENTR	SR/S1/L	SR/S1/LMAX	SR/S2/ELS	SR/S2/EV	SR/S2/ER	SR/S2/ENTR	SR/S2/L	SR/S2/LMAX
dialogue_txt	Human 1	Human 2	0.8064516129032258	0.1566265060240964	0.6535433070866141	0.1935483870967742	0.5	0.3464566929133858	0.29357798165137616	0.6274509803921569	19.0	0.10919540229885058	0.3160919540229885	0.760658476840993	1.2564102564102564	4.0	18.0	0.18556701030927836	0.4742268041237113	1.1626848846806317	1.4242424242424243	4.0
