ID	Num. utterances	Num. tokens	Expression Lexicon Size (ELS)	Expression Variety (EV)	Expression Repetition (ER)	Voc. Overlap	ENTR	L	LMAX
dialogue_txt	18.0	307.0	25.0	0.08143322475570032	0.18241042345276873	0.15428571428571428	0.5965109917085879	1.144736842105263	2.0
