ID	S1	S2	S1/Initiated Expression (IE_S1)	S1/Expression Repetition (ER_S1)	S1/tokens (%)	S2/Initiated Expression (IE_S2)	S2/Expression Repetition (ER_S2)	S2/tokens (%)	Voc. Overlap S1	Voc. Overlap S2	SR/S1/ELS	SR/S1/EV	SR/S1/ER	SR/S1/ENTR	SR/S1/L	SR/S1/LMAX	SR/S2/ELS	SR/S2/EV	SR/S2/ER	SR/S2/ENTR	SR/S2/L	SR/S2/LMAX
dialogue_txt	Human 1	Human 2	0.7435897435897436	0.11888111888111888	0.4880546075085324	0.2564102564102564	0.4	0.5119453924914675	0.3942307692307692	0.41414141414141414	14.0	0.09333333333333334	0.26	0.32984607020714635	1.0606060606060606	2.0	21.0	0.1337579617834395	0.42038216560509556	0.8451064151274781	1.2307692307692308	3.0
