ID	Num. utterances	Num. tokens	Expression Lexicon Size (ELS)	Expression Variety (EV)	Expression Repetition (ER)	Voc. Overlap	ENTR	L	LMAX
dialogue_txt	18.0	239.0	17.0	0.07112970711297072	0.1506276150627615	0.15789473684210525	0.37123232664087563	1.0714285714285714	2.0
