ID	S1	S2	S1/Initiated Expression (IE_S1)	S1/Expression Repetition (ER_S1)	S1/tokens (%)	S2/Initiated Expression (IE_S2)	S2/Expression Repetition (ER_S2)	S2/tokens (%)	Voc. Overlap S1	Voc. Overlap S2	SR/S1/ELS	SR/S1/EV	SR/S1/ER	SR/S1/ENTR	SR/S1/L	SR/S1/LMAX	SR/S2/ELS	SR/S2/EV	SR/S2/ER	SR/S2/ENTR	SR/S2/L	SR/S2/LMAX
dialogue_txt	Human 1	Human 2	0.8214285714285714	0.15976331360946747	0.5184049079754601	0.17857142857142858	0.5732484076433121	0.4815950920245399	0.5151515151515151	0.5930232558139535	26.0	0.14689265536723164	0.4067796610169492	0.83294582353614	1.2641509433962264	2.0	34.0	0.20606060606060606	0.5636363636363636	0.7595950107597029	1.1948051948051948	3.0
