ID	Num. utterances	Num. tokens	Expression Lexicon Size (ELS)	Expression Variety (EV)	Expression Repetition (ER)	Voc. Overlap	ENTR	L	LMAX
dialogue_txt	15.0	185.0	39.0	0.21081081081081082	0.40540540540540543	0.40229885057471265	0.8339069897496598	1.2333333333333334	4.0
