ID	S1	S2	S1/Initiated Expression (IE_S1)	S1/Expression Repetition (ER_S1)	S1/tokens (%)	S2/Initiated Expression (IE_S2)	S2/Expression Repetition (ER_S2)	S2/tokens (%)	Voc. Overlap S1	Voc. Overlap S2	SR/S1/ELS	SR/S1/EV	SR/S1/ER	SR/S1/ENTR	SR/S1/L	SR/S1/LMAX	SR/S2/ELS	SR/S2/EV	SR/S2/ER	SR/S2/ENTR	SR/S2/L	SR/S2/LMAX
dialogue_txt	Human 1	Human 2	0.7948717948717948	0.2028985507246377	0.372972972972973	0.20512820512820512	0.5258620689655172	0.6270270270270271	0.6140350877192983	0.5384615384615384	6.0	0.07894736842105263	0.18421052631578946	-0.0	1.0	1.0	25.0	0.20161290322580644	0.5483870967741935	1.3655212859470054	1.5333333333333334	4.0
