ID	Num. utterances	Num. tokens	Expression Lexicon Size (ELS)	Expression Variety (EV)	Expression Repetition (ER)	Voc. Overlap	ENTR	L	LMAX
dialogue_txt	13.0	211.0	19.0	0.09004739336492891	0.1990521327014218	0.16806722689075632	0.3576467062456332	1.0677966101694916	2.0
