ID	Num. utterances	Num. tokens	Expression Lexicon Size (ELS)	Expression Variety (EV)	Expression Repetition (ER)	Voc. Overlap	ENTR	L	LMAX
dialogue_txt	19.0	272.0	26.0	0.09558823529411764	0.23161764705882354	0.2074074074074074	0.4725472219330292	1.101123595505618	2.0
