ID	Num. utterances	Num. tokens	Expression Lexicon Size (ELS)	Expression Variety (EV)	Expression Repetition (ER)	Voc. Overlap	ENTR	L	LMAX
dialogue_txt	15.0	243.0	23.0	0.09465020576131687	0.23868312757201646	0.19696969696969696	0.4854607607459134	1.105263157894737	2.0
