ID	Num. utterances	Num. tokens	Expression Lexicon Size (ELS)	Expression Variety (EV)	Expression Repetition (ER)	Voc. Overlap	ENTR	L	LMAX
dialogue_txt	13.0	258.0	34.0	0.13178294573643412	0.2558139534883721	0.2638888888888889	0.8934604987430774	1.2560975609756098	3.0
