ID	S1	S2	S1/Initiated Expression (IE_S1)	S1/Expression Repetition (ER_S1)	S1/tokens (%)	S2/Initiated Expression (IE_S2)	S2/Expression Repetition (ER_S2)	S2/tokens (%)	Voc. Overlap S1	Voc. Overlap S2	SR/S1/ELS	SR/S1/EV	SR/S1/ER	SR/S1/ENTR	SR/S1/L	SR/S1/LMAX	SR/S2/ELS	SR/S2/EV	SR/S2/ER	SR/S2/ENTR	SR/S2/L	SR/S2/LMAX
dialogue_txt	Human 1	Human 2	0.7380952380952381	0.15748031496062992	0.49609375	0.2619047619047619	0.46511627906976744	0.50390625	0.524390243902439	0.5443037974683544	17.0	0.1259259259259259	0.34074074074074073	0.6394571324851641	1.162162162162162	2.0	21.0	0.15328467153284672	0.48175182481751827	1.1498918734198726	1.625	8.0
