ID	S1	S2	S1/Initiated Expression (IE_S1)	S1/Expression Repetition (ER_S1)	S1/tokens (%)	S2/Initiated Expression (IE_S2)	S2/Expression Repetition (ER_S2)	S2/tokens (%)	Voc. Overlap S1	Voc. Overlap S2	SR/S1/ELS	SR/S1/EV	SR/S1/ER	SR/S1/ENTR	SR/S1/L	SR/S1/LMAX	SR/S2/ELS	SR/S2/EV	SR/S2/ER	SR/S2/ENTR	SR/S2/L	SR/S2/LMAX
dialogue_txt	Human 1	Human 2	0.7297297297297297	0.1523809523809524	0.4069767441860465	0.2702702702702703	0.5294117647058824	0.5930232558139535	0.5316455696202531	0.5454545454545454	8.0	0.07142857142857142	0.17857142857142858	-0.0	1.0	1.0	30.0	0.18867924528301888	0.610062893081761	1.117865189078814	1.3823529411764706	4.0
