ID	Num. utterances	Num. tokens	Expression Lexicon Size (ELS)	Expression Variety (EV)	Expression Repetition (ER)	Voc. Overlap	ENTR	L	LMAX
dialogue_txt	19.0	359.0	50.0	0.1392757660167131	0.3203342618384401	0.2978723404255319	0.9155276993458932	1.2805755395683454	4.0
