ID	S1	S2	S1/Initiated Expression (IE_S1)	S1/Expression Repetition (ER_S1)	S1/tokens (%)	S2/Initiated Expression (IE_S2)	S2/Expression Repetition (ER_S2)	S2/tokens (%)	Voc. Overlap S1	Voc. Overlap S2	SR/S1/ELS	SR/S1/EV	SR/S1/ER	SR/S1/ENTR	SR/S1/L	SR/S1/LMAX	SR/S2/ELS	SR/S2/EV	SR/S2/ER	SR/S2/ENTR	SR/S2/L	SR/S2/LMAX
dialogue_txt	Human 1	Human 2	0.5909090909090909	0.23636363636363636	0.28061224489795916	0.4090909090909091	0.2198581560283688	0.7193877551020408	0.5714285714285714	0.3157894736842105	5.0	0.08064516129032258	0.1935483870967742	0.8112781244591328	1.5	3.0	28.0	0.18791946308724833	0.5973154362416108	1.471293218576647	1.679245283018868	3.0
