ID	Num. utterances	Num. tokens	Expression Lexicon Size (ELS)	Expression Variety (EV)	Expression Repetition (ER)	Voc. Overlap	ENTR	L	LMAX
dialogue_txt	13.0	202.0	31.0	0.15346534653465346	0.29207920792079206	0.2978723404255319	0.8186534640717636	1.2191780821917808	3.0
