ID	S1	S2	S1/Initiated Expression (IE_S1)	S1/Expression Repetition (ER_S1)	S1/tokens (%)	S2/Initiated Expression (IE_S2)	S2/Expression Repetition (ER_S2)	S2/tokens (%)	Voc. Overlap S1	Voc. Overlap S2	SR/S1/ELS	SR/S1/EV	SR/S1/ER	SR/S1/ENTR	SR/S1/L	SR/S1/LMAX	SR/S2/ELS	SR/S2/EV	SR/S2/ER	SR/S2/ENTR	SR/S2/L	SR/S2/LMAX
dialogue_txt	Human 1	Human 2	0.8055555555555556	0.2	0.4868913857677903	0.19444444444444445	0.4306569343065693	0.5131086142322098	0.4069767441860465	0.4605263157894737	14.0	0.10218978102189781	0.3357664233576642	0.4854607607459134	1.105263157894737	2.0	24.0	0.16551724137931034	0.4689655172413793	0.7679899965605539	1.2	3.0
