ID	S1	S2	S1/Initiated Expression (IE_S1)	S1/Expression Repetition (ER_S1)	S1/tokens (%)	S2/Initiated Expression (IE_S2)	S2/Expression Repetition (ER_S2)	S2/tokens (%)	Voc. Overlap S1	Voc. Overlap S2	SR/S1/ELS	SR/S1/EV	SR/S1/ER	SR/S1/ENTR	SR/S1/L	SR/S1/LMAX	SR/S2/ELS	SR/S2/EV	SR/S2/ER	SR/S2/ENTR	SR/S2/L	SR/S2/LMAX
dialogue_txt	Human 1	Human 2	0.7971014492753623	0.21011673151750973	0.5673289183222958	0.2028985507246377	0.5357142857142857	0.4326710816777042	0.42857142857142855	0.5390625	32.0	0.12030075187969924	0.38345864661654133	0.6900836911817917	1.1686746987951808	3.0	28.0	0.13592233009708737	0.4368932038834951	0.6997722217733069	1.1891891891891893	2.0
