ID	Num. utterances	Num. tokens	Expression Lexicon Size (ELS)	Expression Variety (EV)	Expression Repetition (ER)	Voc. Overlap	ENTR	L	LMAX
dialogue_txt	17.0	284.0	52.0	0.18309859154929578	0.4119718309859155	0.4380165289256198	0.5962988584330505	1.1446540880503144	2.0
