ID	S1	S2	S1/Initiated Expression (IE_S1)	S1/Expression Repetition (ER_S1)	S1/tokens (%)	S2/Initiated Expression (IE_S2)	S2/Expression Repetition (ER_S2)	S2/tokens (%)	Voc. Overlap S1	Voc. Overlap S2	SR/S1/ELS	SR/S1/EV	SR/S1/ER	SR/S1/ENTR	SR/S1/L	SR/S1/LMAX	SR/S2/ELS	SR/S2/EV	SR/S2/ER	SR/S2/ENTR	SR/S2/L	SR/S2/LMAX
dialogue_txt	Human 1	Human 2	0.5217391304347826	0.16326530612244897	0.4083333333333333	0.4782608695652174	0.21830985915492956	0.5916666666666667	0.35294117647058826	0.39344262295081966	9.0	0.08490566037735849	0.25471698113207547	0.9530138853315971	1.3157894736842106	3.0	21.0	0.14	0.6666666666666666	1.8137994458217865	2.8857142857142857	13.0
