ID	Num. utterances	Num. tokens	Expression Lexicon Size (ELS)	Expression Variety (EV)	Expression Repetition (ER)	Voc. Overlap	ENTR	L	LMAX
dialogue_txt	14.0	221.0	37.0	0.167420814479638	0.3438914027149321	0.3469387755102041	1.253963743241131	1.4642857142857142	3.0
