ID	Num. utterances	Num. tokens	Expression Lexicon Size (ELS)	Expression Variety (EV)	Expression Repetition (ER)	Voc. Overlap	ENTR	L	LMAX
dialogue_txt	18.0	261.0	27.0	0.10344827586206896	0.2567049808429119	0.21774193548387097	0.6631968402398287	1.1724137931034482	2.0
