ID	Num. utterances	Num. tokens	Expression Lexicon Size (ELS)	Expression Variety (EV)	Expression Repetition (ER)	Voc. Overlap	ENTR	L	LMAX
dialogue_txt	14.0	217.0	21.0	0.0967741935483871	0.2073732718894009	0.2018348623853211	0.5547781633412736	1.1290322580645162	2.0
