ID	Num. utterances	Num. tokens	Expression Lexicon Size (ELS)	Expression Variety (EV)	Expression Repetition (ER)	Voc. Overlap	ENTR	L	LMAX
dialogue_txt	17.0	315.0	32.0	0.10158730158730159	0.23809523809523808	0.19444444444444445	0.5171354891896202	1.1157894736842104	2.0
