ID	Num. utterances	Num. tokens	Expression Lexicon Size (ELS)	Expression Variety (EV)	Expression Repetition (ER)	Voc. Overlap	ENTR	L	LMAX
dialogue_txt	13.0	154.0	26.0	0.16883116883116883	0.3961038961038961	0.35135135135135137	0.7016267768890584	1.2028985507246377	4.0
