ID	S1	S2	S1/Initiated Expression (IE_S1)	S1/Expression Repetition (ER_S1)	S1/tokens (%)	S2/Initiated Expression (IE_S2)	S2/Expression Repetition (ER_S2)	S2/tokens (%)	Voc. Overlap S1	Voc. Overlap S2	SR/S1/ELS	SR/S1/EV	SR/S1/ER	SR/S1/ENTR	SR/S1/L	SR/S1/LMAX	SR/S2/ELS	SR/S2/EV	SR/S2/ER	SR/S2/ENTR	SR/S2/L	SR/S2/LMAX
dialogue_txt	Human 1	Human 2	0.7906976744186046	0.144	0.44642857142857145	0.20930232558139536	0.49032258064516127	0.5535714285714286	0.5697674418604651	0.5764705882352941	19.0	0.14285714285714285	0.3533834586466165	0.4612160405139095	1.0975609756097562	2.0	27.0	0.1656441717791411	0.6196319018404908	1.3850308915512004	1.9423076923076923	8.0
