ID	S1	S2	S1/Initiated Expression (IE_S1)	S1/Expression Repetition (ER_S1)	S1/tokens (%)	S2/Initiated Expression (IE_S2)	S2/Expression Repetition (ER_S2)	S2/tokens (%)	Voc. Overlap S1	Voc. Overlap S2	SR/S1/ELS	SR/S1/EV	SR/S1/ER	SR/S1/ENTR	SR/S1/L	SR/S1/LMAX	SR/S2/ELS	SR/S2/EV	SR/S2/ER	SR/S2/ENTR	SR/S2/L	SR/S2/LMAX
dialogue_txt	Human 1	Human 2	0.7924528301886793	0.19594594594594594	0.49498327759197325	0.20754716981132076	0.609271523178808	0.5050167224080268	0.5051546391752577	0.6125	16.0	0.1032258064516129	0.2838709677419355	0.512709142030877	1.1142857142857143	2.0	34.0	0.2138364779874214	0.6037735849056604	0.9594595517237233	1.2876712328767124	4.0
