ID	Num. utterances	Num. tokens	Expression Lexicon Size (ELS)	Expression Variety (EV)	Expression Repetition (ER)	Voc. Overlap	ENTR	L	LMAX
dialogue_txt	15.0	267.0	30.0	0.11235955056179775	0.250936329588015	0.21481481481481482	0.9683300728450452	1.2891566265060241	4.0
