ID	S1	S2	S1/Initiated Expression (IE_S1)	S1/Expression Repetition (ER_S1)	S1/tokens (%)	S2/Initiated Expression (IE_S2)	S2/Expression Repetition (ER_S2)	S2/tokens (%)	Voc. Overlap S1	Voc. Overlap S2	SR/S1/ELS	SR/S1/EV	SR/S1/ER	SR/S1/ENTR	SR/S1/L	SR/S1/LMAX	SR/S2/ELS	SR/S2/EV	SR/S2/ER	SR/S2/ENTR	SR/S2/L	SR/S2/LMAX
dialogue_txt	Human 1	Human 2	0.8333333333333334	0.10256410256410256	0.4875	0.16666666666666666	0.5487804878048781	0.5125	0.631578947368421	0.6101694915254238	7.0	0.08333333333333333	0.2261904761904762	0.5435644431995964	1.125	2.0	14.0	0.15730337078651685	0.38202247191011235	0.362051251733998	1.0689655172413792	2.0
