ID	Num. utterances	Num. tokens	Expression Lexicon Size (ELS)	Expression Variety (EV)	Expression Repetition (ER)	Voc. Overlap	ENTR	L	LMAX
dialogue_txt	19.0	246.0	26.0	0.10569105691056911	0.24390243902439024	0.21008403361344538	1.1578693192298966	1.3823529411764706	4.0
