ID	Num. utterances	Num. tokens	Expression Lexicon Size (ELS)	Expression Variety (EV)	Expression Repetition (ER)	Voc. Overlap	ENTR	L	LMAX
dialogue_txt	16.0	306.0	56.0	0.1830065359477124	0.4117647058823529	0.42063492063492064	1.0965274541146268	1.3496503496503496	4.0
