ID	S1	S2	S1/Initiated Expression (IE_S1)	S1/Expression Repetition (ER_S1)	S1/tokens (%)	S2/Initiated Expression (IE_S2)	S2/Expression Repetition (ER_S2)	S2/tokens (%)	Voc. Overlap S1	Voc. Overlap S2	SR/S1/ELS	SR/S1/EV	SR/S1/ER	SR/S1/ENTR	SR/S1/L	SR/S1/LMAX	SR/S2/ELS	SR/S2/EV	SR/S2/ER	SR/S2/ENTR	SR/S2/L	SR/S2/LMAX
dialogue_txt	Human 1	Human 2	0.2	0.2727272727272727	0.3776824034334764	0.8	0.1103448275862069	0.6223175965665236	0.29577464788732394	0.22340425531914893	4.0	0.042105263157894736	0.16842105263157894	0.7219280948873623	1.4	3.0	18.0	0.11764705882352941	0.35947712418300654	0.42171270524317384	1.1136363636363635	3.0
