ID	Num. utterances	Num. tokens	Expression Lexicon Size (ELS)	Expression Variety (EV)	Expression Repetition (ER)	Voc. Overlap	ENTR	L	LMAX
dialogue_txt	16.0	239.0	37.0	0.15481171548117154	0.3263598326359833	0.3333333333333333	0.8021224301408327	1.2142857142857142	3.0
