ID	Num. utterances	Num. tokens	Expression Lexicon Size (ELS)	Expression Variety (EV)	Expression Repetition (ER)	Voc. Overlap	ENTR	L	LMAX
dialogue_txt	16.0	334.0	50.0	0.1497005988023952	0.3562874251497006	0.3148148148148148	0.7146259800174547	1.178082191780822	3.0
