ID	Num. utterances	Num. tokens	Expression Lexicon Size (ELS)	Expression Variety (EV)	Expression Repetition (ER)	Voc. Overlap	ENTR	L	LMAX
dialogue_txt	19.0	359.0	57.0	0.15877437325905291	0.37047353760445684	0.3493975903614458	0.710744404817493	1.177914110429448	3.0
