ID	Num. utterances	Num. tokens	Expression Lexicon Size (ELS)	Expression Variety (EV)	Expression Repetition (ER)	Voc. Overlap	ENTR	L	LMAX
dialogue_txt	14.0	285.0	40.0	0.14035087719298245	0.2736842105263158	0.2827586206896552	0.8431289456622559	1.233009708737864	3.0
