ID	Num. utterances	Num. tokens	Expression Lexicon Size (ELS)	Expression Variety (EV)	Expression Repetition (ER)	Voc. Overlap	ENTR	L	LMAX
dialogue_txt	16.0	227.0	35.0	0.15418502202643172	0.30837004405286345	0.3269230769230769	1.1776744132645711	1.3908045977011494	4.0
