ID	Num. utterances	Num. tokens	Expression Lexicon Size (ELS)	Expression Variety (EV)	Expression Repetition (ER)	Voc. Overlap	ENTR	L	LMAX
dialogue_txt	16.0	303.0	37.0	0.12211221122112212	0.25412541254125415	0.23529411764705882	0.7070040649747601	1.1926605504587156	2.0
