ID	Num. utterances	Num. tokens	Expression Lexicon Size (ELS)	Expression Variety (EV)	Expression Repetition (ER)	Voc. Overlap	ENTR	L	LMAX
dialogue_txt	15.0	244.0	48.0	0.19672131147540983	0.4344262295081967	0.45454545454545453	1.2170948787769549	1.424778761061947	4.0
