ID	Num. utterances	Num. tokens	Expression Lexicon Size (ELS)	Expression Variety (EV)	Expression Repetition (ER)	Voc. Overlap	ENTR	L	LMAX
dialogue_txt	16.0	209.0	32.0	0.15311004784688995	0.5119617224880383	0.4266666666666667	1.7603141634024264	1.860759493670886	5.0
