ID	S1	S2	S1/Initiated Expression (IE_S1)	S1/Expression Repetition (ER_S1)	S1/tokens (%)	S2/Initiated Expression (IE_S2)	S2/Expression Repetition (ER_S2)	S2/tokens (%)	Voc. Overlap S1	Voc. Overlap S2	SR/S1/ELS	SR/S1/EV	SR/S1/ER	SR/S1/ENTR	SR/S1/L	SR/S1/LMAX	SR/S2/ELS	SR/S2/EV	SR/S2/ER	SR/S2/ENTR	SR/S2/L	SR/S2/LMAX
dialogue_txt	Human 1	Human 2	0.8571428571428571	0.13636363636363635	0.4230769230769231	0.14285714285714285	0.4	0.5769230769230769	0.546875	0.45454545454545453	12.0	0.12631578947368421	0.29473684210526313	0.4021791902022728	1.08	2.0	18.0	0.140625	0.4609375	1.1135537667834474	1.425	4.0
