ID	Num. utterances	Num. tokens	Expression Lexicon Size (ELS)	Expression Variety (EV)	Expression Repetition (ER)	Voc. Overlap	ENTR	L	LMAX
dialogue_txt	15.0	208.0	28.0	0.1346153846153846	0.28846153846153844	0.330188679245283	1.409099423981748	1.5538461538461539	5.0
