ID	S1	S2	S1/Initiated Expression (IE_S1)	S1/Expression Repetition (ER_S1)	S1/tokens (%)	S2/Initiated Expression (IE_S2)	S2/Expression Repetition (ER_S2)	S2/tokens (%)	Voc. Overlap S1	Voc. Overlap S2	SR/S1/ELS	SR/S1/EV	SR/S1/ER	SR/S1/ENTR	SR/S1/L	SR/S1/LMAX	SR/S2/ELS	SR/S2/EV	SR/S2/ER	SR/S2/ENTR	SR/S2/L	SR/S2/LMAX
dialogue_txt	Human 1	Human 2	0.6774193548387096	0.1875	0.4497991967871486	0.3225806451612903	0.29927007299270075	0.5502008032128514	0.40789473684210525	0.36046511627906974	11.0	0.09166666666666666	0.225	-0.0	1.0	1.0	22.0	0.15172413793103448	0.47586206896551725	1.2634894734530364	1.5952380952380953	7.0
