ID	Num. utterances	Num. tokens	Expression Lexicon Size (ELS)	Expression Variety (EV)	Expression Repetition (ER)	Voc. Overlap	ENTR	L	LMAX
dialogue_txt	17.0	355.0	49.0	0.13802816901408452	0.3352112676056338	0.25806451612903225	1.183371352021374	1.3955223880597014	4.0
