ID	Num. utterances	Num. tokens	Expression Lexicon Size (ELS)	Expression Variety (EV)	Expression Repetition (ER)	Voc. Overlap	ENTR	L	LMAX
dialogue_txt	18.0	197.0	26.0	0.1319796954314721	0.28426395939086296	0.24778761061946902	1.1019265099737878	1.373134328358209	3.0
