ID	S1	S2	S1/Initiated Expression (IE_S1)	S1/Expression Repetition (ER_S1)	S1/tokens (%)	S2/Initiated Expression (IE_S2)	S2/Expression Repetition (ER_S2)	S2/tokens (%)	Voc. Overlap S1	Voc. Overlap S2	SR/S1/ELS	SR/S1/EV	SR/S1/ER	SR/S1/ENTR	SR/S1/L	SR/S1/LMAX	SR/S2/ELS	SR/S2/EV	SR/S2/ER	SR/S2/ENTR	SR/S2/L	SR/S2/LMAX
dialogue_txt	Human 1	Human 2	0.5588235294117647	0.20261437908496732	0.5204081632653061	0.4411764705882353	0.3049645390070922	0.47959183673469385	0.3523809523809524	0.4065934065934066	17.0	0.10625	0.33125	0.7742433029172697	1.263157894736842	4.0	20.0	0.1342281879194631	0.40268456375838924	0.9938972639364227	1.3181818181818181	3.0
