ID	Num. utterances	Num. tokens	Expression Lexicon Size (ELS)	Expression Variety (EV)	Expression Repetition (ER)	Voc. Overlap	ENTR	L	LMAX
dialogue_txt	15.0	294.0	34.0	0.11564625850340136	0.25170068027210885	0.23270440251572327	0.7919436444170953	1.2164948453608246	4.0
