ID	Num. utterances	Num. tokens	Expression Lexicon Size (ELS)	Expression Variety (EV)	Expression Repetition (ER)	Voc. Overlap	ENTR	L	LMAX
dialogue_txt	16.0	190.0	28.0	0.14736842105263157	0.3631578947368421	0.3333333333333333	0.9865222832866404	1.36986301369863	4.0
