ID	Num. utterances	Num. tokens	Expression Lexicon Size (ELS)	Expression Variety (EV)	Expression Repetition (ER)	Voc. Overlap	ENTR	L	LMAX
dialogue_txt	19.0	282.0	43.0	0.1524822695035461	0.32978723404255317	0.3007518796992481	0.855344109894999	1.2413793103448276	3.0
