ID	S1	S2	S1/Initiated Expression (IE_S1)	S1/Expression Repetition (ER_S1)	S1/tokens (%)	S2/Initiated Expression (IE_S2)	S2/Expression Repetition (ER_S2)	S2/tokens (%)	Voc. Overlap S1	Voc. Overlap S2	SR/S1/ELS	SR/S1/EV	SR/S1/ER	SR/S1/ENTR	SR/S1/L	SR/S1/LMAX	SR/S2/ELS	SR/S2/EV	SR/S2/ER	SR/S2/ENTR	SR/S2/L	SR/S2/LMAX
dialogue_txt	Human 1	Human 2	0.6744186046511628	0.21551724137931033	0.41134751773049644	0.32558139534883723	0.40963855421686746	0.5886524822695035	0.5	0.43010752688172044	11.0	0.088	0.24	-0.0	1.0	1.0	32.0	0.18181818181818182	0.5340909090909091	1.1416798640562196	1.411764705882353	5.0
