ID	S1	S2	S1/Initiated Expression (IE_S1)	S1/Expression Repetition (ER_S1)	S1/tokens (%)	S2/Initiated Expression (IE_S2)	S2/Expression Repetition (ER_S2)	S2/tokens (%)	Voc. Overlap S1	Voc. Overlap S2	SR/S1/ELS	SR/S1/EV	SR/S1/ER	SR/S1/ENTR	SR/S1/L	SR/S1/LMAX	SR/S2/ELS	SR/S2/EV	SR/S2/ER	SR/S2/ENTR	SR/S2/L	SR/S2/LMAX
dialogue_txt	Human 1	Human 2	0.775	0.1953125	0.47232472324723246	0.225	0.5314685314685315	0.5276752767527675	0.5063291139240507	0.5	18.0	0.13333333333333333	0.35555555555555557	0.6193821946787638	1.1538461538461537	2.0	25.0	0.16666666666666666	0.5333333333333333	1.1462529571518456	1.4545454545454546	5.0
