ID	Num. utterances	Num. tokens	Expression Lexicon Size (ELS)	Expression Variety (EV)	Expression Repetition (ER)	Voc. Overlap	ENTR	L	LMAX
dialogue_txt	16.0	285.0	41.0	0.14385964912280702	0.3508771929824561	0.3533834586466165	0.8252808148657091	1.2416666666666667	5.0
