ID	S1	S2	S1/Initiated Expression (IE_S1)	S1/Expression Repetition (ER_S1)	S1/tokens (%)	S2/Initiated Expression (IE_S2)	S2/Expression Repetition (ER_S2)	S2/tokens (%)	Voc. Overlap S1	Voc. Overlap S2	SR/S1/ELS	SR/S1/EV	SR/S1/ER	SR/S1/ENTR	SR/S1/L	SR/S1/LMAX	SR/S2/ELS	SR/S2/EV	SR/S2/ER	SR/S2/ENTR	SR/S2/L	SR/S2/LMAX
dialogue_txt	Human 1	Human 2	0.6190476190476191	0.1864406779661017	0.2599118942731278	0.38095238095238093	0.16666666666666666	0.7400881057268722	0.4883720930232558	0.1926605504587156	8.0	0.11940298507462686	0.31343283582089554	-0.0	1.0	1.0	25.0	0.14204545454545456	0.4147727272727273	0.6514545142704253	1.1964285714285714	4.0
