ID	S1	S2	S1/Initiated Expression (IE_S1)	S1/Expression Repetition (ER_S1)	S1/tokens (%)	S2/Initiated Expression (IE_S2)	S2/Expression Repetition (ER_S2)	S2/tokens (%)	Voc. Overlap S1	Voc. Overlap S2	SR/S1/ELS	SR/S1/EV	SR/S1/ER	SR/S1/ENTR	SR/S1/L	SR/S1/LMAX	SR/S2/ELS	SR/S2/EV	SR/S2/ER	SR/S2/ENTR	SR/S2/L	SR/S2/LMAX
dialogue_txt	Human 1	Human 2	0.7916666666666666	0.19672131147540983	0.273542600896861	0.20833333333333334	0.3271604938271605	0.726457399103139	0.6097560975609756	0.2808988764044944	10.0	0.14492753623188406	0.37681159420289856	0.8812908992306927	1.3	2.0	30.0	0.17543859649122806	0.5029239766081871	1.3130468615293815	1.5517241379310345	4.0
