ID	S1	S2	S1/Initiated Expression (IE_S1)	S1/Expression Repetition (ER_S1)	S1/tokens (%)	S2/Initiated Expression (IE_S2)	S2/Expression Repetition (ER_S2)	S2/tokens (%)	Voc. Overlap S1	Voc. Overlap S2	SR/S1/ELS	SR/S1/EV	SR/S1/ER	SR/S1/ENTR	SR/S1/L	SR/S1/LMAX	SR/S2/ELS	SR/S2/EV	SR/S2/ER	SR/S2/ENTR	SR/S2/L	SR/S2/LMAX
dialogue_txt	Human 1	Human 2	0.7777777777777778	0.1623931623931624	0.37987012987012986	0.2222222222222222	0.32460732984293195	0.6201298701298701	0.4782608695652174	0.33	19.0	0.15079365079365079	0.4126984126984127	1.242370874393215	1.457142857142857	3.0	38.0	0.19	0.595	1.4050850918179054	1.55	4.0
