ID	Num. utterances	Num. tokens	Expression Lexicon Size (ELS)	Expression Variety (EV)	Expression Repetition (ER)	Voc. Overlap	ENTR	L	LMAX
dialogue_txt	18.0	219.0	24.0	0.1095890410958904	0.2511415525114155	0.2641509433962264	0.8529886966758373	1.2571428571428571	4.0
