ID	Num. utterances	Num. tokens	Expression Lexicon Size (ELS)	Expression Variety (EV)	Expression Repetition (ER)	Voc. Overlap	ENTR	L	LMAX
dialogue_txt	17.0	322.0	39.0	0.12111801242236025	0.2857142857142857	0.25903614457831325	0.6287993046640766	1.146551724137931	3.0
