ID	S1	S2	S1/Initiated Expression (IE_S1)	S1/Expression Repetition (ER_S1)	S1/tokens (%)	S2/Initiated Expression (IE_S2)	S2/Expression Repetition (ER_S2)	S2/tokens (%)	Voc. Overlap S1	Voc. Overlap S2	SR/S1/ELS	SR/S1/EV	SR/S1/ER	SR/S1/ENTR	SR/S1/L	SR/S1/LMAX	SR/S2/ELS	SR/S2/EV	SR/S2/ER	SR/S2/ENTR	SR/S2/L	SR/S2/LMAX
dialogue_txt	Human 1	Human 2	0.7894736842105263	0.08759124087591241	0.4391025641025641	0.21052631578947367	0.38857142857142857	0.5608974358974359	0.3978494623655914	0.40217391304347827	11.0	0.07534246575342465	0.21232876712328766	0.4262286569981449	1.173913043478261	3.0	29.0	0.15760869565217392	0.592391304347826	1.5292237364650436	1.8333333333333333	9.0
