ID	Num. utterances	Num. tokens	Expression Lexicon Size (ELS)	Expression Variety (EV)	Expression Repetition (ER)	Voc. Overlap	ENTR	L	LMAX
dialogue_txt	15.0	251.0	22.0	0.08764940239043825	0.23904382470119523	0.18461538461538463	0.3984592740952356	1.0789473684210527	2.0
