ID	S1	S2	S1/Initiated Expression (IE_S1)	S1/Expression Repetition (ER_S1)	S1/tokens (%)	S2/Initiated Expression (IE_S2)	S2/Expression Repetition (ER_S2)	S2/tokens (%)	Voc. Overlap S1	Voc. Overlap S2	SR/S1/ELS	SR/S1/EV	SR/S1/ER	SR/S1/ENTR	SR/S1/L	SR/S1/LMAX	SR/S2/ELS	SR/S2/EV	SR/S2/ER	SR/S2/ENTR	SR/S2/L	SR/S2/LMAX
dialogue_txt	Human 1	Human 2	0.8181818181818182	0.18018018018018017	0.44223107569721115	0.18181818181818182	0.2857142857142857	0.5577689243027888	0.32	0.3037974683544304	15.0	0.1271186440677966	0.3644067796610169	1.014097655573916	1.3125	3.0	25.0	0.16891891891891891	0.5202702702702703	1.561303984200316	1.7291666666666667	5.0
