ID	Num. utterances	Num. tokens	Expression Lexicon Size (ELS)	Expression Variety (EV)	Expression Repetition (ER)	Voc. Overlap	ENTR	L	LMAX
dialogue_txt	15.0	202.0	29.0	0.14356435643564355	0.2623762376237624	0.2912621359223301	1.108748954042917	1.3676470588235294	3.0
