ID	Num. utterances	Num. tokens	Expression Lexicon Size (ELS)	Expression Variety (EV)	Expression Repetition (ER)	Voc. Overlap	ENTR	L	LMAX
dialogue_txt	14.0	286.0	44.0	0.15384615384615385	0.3356643356643357	0.33098591549295775	0.7110153492009835	1.2100840336134453	5.0
