ID	Num. utterances	Num. tokens	Expression Lexicon Size (ELS)	Expression Variety (EV)	Expression Repetition (ER)	Voc. Overlap	ENTR	L	LMAX
dialogue_txt	16.0	305.0	47.0	0.1540983606557377	0.39344262295081966	0.3484848484848485	1.1575419273864116	1.3969465648854962	6.0
