ID	Num. utterances	Num. tokens	Expression Lexicon Size (ELS)	Expression Variety (EV)	Expression Repetition (ER)	Voc. Overlap	ENTR	L	LMAX
dialogue_txt	16.0	340.0	59.0	0.17352941176470588	0.3735294117647059	0.3576158940397351	0.7219620213240787	1.1949685534591195	4.0
