ID	S1	S2	S1/Initiated Expression (IE_S1)	S1/Expression Repetition (ER_S1)	S1/tokens (%)	S2/Initiated Expression (IE_S2)	S2/Expression Repetition (ER_S2)	S2/tokens (%)	Voc. Overlap S1	Voc. Overlap S2	SR/S1/ELS	SR/S1/EV	SR/S1/ER	SR/S1/ENTR	SR/S1/L	SR/S1/LMAX	SR/S2/ELS	SR/S2/EV	SR/S2/ER	SR/S2/ENTR	SR/S2/L	SR/S2/LMAX
dialogue_txt	Human 1	Human 2	0.725	0.13986013986013987	0.48639455782312924	0.275	0.4768211920529801	0.5136054421768708	0.36538461538461536	0.4578313253012048	14.0	0.09333333333333334	0.26	0.32984607020714635	1.0606060606060606	2.0	32.0	0.20253164556962025	0.6012658227848101	0.8842529958014984	1.3768115942028984	6.0
