ID	S1	S2	S1/Initiated Expression (IE_S1)	S1/Expression Repetition (ER_S1)	S1/tokens (%)	S2/Initiated Expression (IE_S2)	S2/Expression Repetition (ER_S2)	S2/tokens (%)	Voc. Overlap S1	Voc. Overlap S2	SR/S1/ELS	SR/S1/EV	SR/S1/ER	SR/S1/ENTR	SR/S1/L	SR/S1/LMAX	SR/S2/ELS	SR/S2/EV	SR/S2/ER	SR/S2/ENTR	SR/S2/L	SR/S2/LMAX
dialogue_txt	Human 1	Human 2	0.8055555555555556	0.11428571428571428	0.41015625	0.19444444444444445	0.4370860927152318	0.58984375	0.4810126582278481	0.3917525773195876	8.0	0.07142857142857142	0.17857142857142858	-0.0	1.0	1.0	28.0	0.17834394904458598	0.49044585987261147	1.058667443364256	1.3508771929824561	3.0
