ID	Num. utterances	Num. tokens	Expression Lexicon Size (ELS)	Expression Variety (EV)	Expression Repetition (ER)	Voc. Overlap	ENTR	L	LMAX
dialogue_txt	15.0	264.0	40.0	0.15151515151515152	0.3409090909090909	0.32558139534883723	0.7254230207665604	1.2017543859649122	2.0
