ID	S1	S2	S1/Initiated Expression (IE_S1)	S1/Expression Repetition (ER_S1)	S1/tokens (%)	S2/Initiated Expression (IE_S2)	S2/Expression Repetition (ER_S2)	S2/tokens (%)	Voc. Overlap S1	Voc. Overlap S2	SR/S1/ELS	SR/S1/EV	SR/S1/ER	SR/S1/ENTR	SR/S1/L	SR/S1/LMAX	SR/S2/ELS	SR/S2/EV	SR/S2/ER	SR/S2/ENTR	SR/S2/L	SR/S2/LMAX
dialogue_txt	Human 1	Human 2	0.8	0.16923076923076924	0.49242424242424243	0.2	0.5074626865671642	0.5075757575757576	0.4883720930232558	0.49411764705882355	14.0	0.10218978102189781	0.3357664233576642	0.4854607607459134	1.105263157894737	2.0	21.0	0.14788732394366197	0.47183098591549294	0.8667256130949591	1.2884615384615385	2.0
