ID	S1	S2	S1/Initiated Expression (IE_S1)	S1/Expression Repetition (ER_S1)	S1/tokens (%)	S2/Initiated Expression (IE_S2)	S2/Expression Repetition (ER_S2)	S2/tokens (%)	Voc. Overlap S1	Voc. Overlap S2	SR/S1/ELS	SR/S1/EV	SR/S1/ER	SR/S1/ENTR	SR/S1/L	SR/S1/LMAX	SR/S2/ELS	SR/S2/EV	SR/S2/ER	SR/S2/ENTR	SR/S2/L	SR/S2/LMAX
dialogue_txt	Human 1	Human 2	0.7419354838709677	0.12213740458015267	0.5019157088122606	0.25806451612903225	0.36153846153846153	0.49808429118773945	0.3541666666666667	0.40476190476190477	16.0	0.11594202898550725	0.2971014492753623	0.6402064333604701	1.1764705882352942	3.0	22.0	0.15942028985507245	0.4492753623188406	1.231120013701481	1.5116279069767442	3.0
