ID	Num. utterances	Num. tokens	Expression Lexicon Size (ELS)	Expression Variety (EV)	Expression Repetition (ER)	Voc. Overlap	ENTR	L	LMAX
dialogue_txt	16.0	313.0	45.0	0.14376996805111822	0.38338658146964855	0.37142857142857144	0.6901313915415168	1.2112676056338028	6.0
