ID	Num. utterances	Num. tokens	Expression Lexicon Size (ELS)	Expression Variety (EV)	Expression Repetition (ER)	Voc. Overlap	ENTR	L	LMAX
dialogue_txt	13.0	169.0	35.0	0.20710059171597633	0.47928994082840237	0.5409836065573771	0.8861377250790344	1.2551020408163265	3.0
