ID	S1	S2	S1/Initiated Expression (IE_S1)	S1/Expression Repetition (ER_S1)	S1/tokens (%)	S2/Initiated Expression (IE_S2)	S2/Expression Repetition (ER_S2)	S2/tokens (%)	Voc. Overlap S1	Voc. Overlap S2	SR/S1/ELS	SR/S1/EV	SR/S1/ER	SR/S1/ENTR	SR/S1/L	SR/S1/LMAX	SR/S2/ELS	SR/S2/EV	SR/S2/ER	SR/S2/ENTR	SR/S2/L	SR/S2/LMAX
dialogue_txt	Human 1	Human 2	0.8888888888888888	0.1694915254237288	0.4306569343065693	0.1111111111111111	0.7564102564102564	0.5693430656934306	0.627906976744186	0.75	8.0	0.11940298507462686	0.31343283582089554	-0.0	1.0	1.0	18.0	0.20930232558139536	0.686046511627907	1.5970008216693459	2.0689655172413794	10.0
