ID	S1	S2	S1/Initiated Expression (IE_S1)	S1/Expression Repetition (ER_S1)	S1/tokens (%)	S2/Initiated Expression (IE_S2)	S2/Expression Repetition (ER_S2)	S2/tokens (%)	Voc. Overlap S1	Voc. Overlap S2	SR/S1/ELS	SR/S1/EV	SR/S1/ER	SR/S1/ENTR	SR/S1/L	SR/S1/LMAX	SR/S2/ELS	SR/S2/EV	SR/S2/ER	SR/S2/ENTR	SR/S2/L	SR/S2/LMAX
dialogue_txt	Human 1	Human 2	0.7222222222222222	0.1968503937007874	0.48846153846153845	0.2777777777777778	0.5488721804511278	0.5115384615384615	0.5975609756097561	0.6533333333333333	17.0	0.1259259259259259	0.34074074074074073	0.6394571324851641	1.162162162162162	2.0	26.0	0.18439716312056736	0.5319148936170213	0.9064786306474749	1.2586206896551724	3.0
