ID	S1	S2	S1/Initiated Expression (IE_S1)	S1/Expression Repetition (ER_S1)	S1/tokens (%)	S2/Initiated Expression (IE_S2)	S2/Expression Repetition (ER_S2)	S2/tokens (%)	Voc. Overlap S1	Voc. Overlap S2	SR/S1/ELS	SR/S1/EV	SR/S1/ER	SR/S1/ENTR	SR/S1/L	SR/S1/LMAX	SR/S2/ELS	SR/S2/EV	SR/S2/ER	SR/S2/ENTR	SR/S2/L	SR/S2/LMAX
dialogue_txt	Human 1	Human 2	0.4782608695652174	0.22413793103448276	0.36942675159235666	0.5217391304347826	0.21212121212121213	0.6305732484076433	0.3	0.24242424242424243	11.0	0.088	0.24	-0.0	1.0	1.0	35.0	0.16826923076923078	0.5865384615384616	1.5142044090846976	1.676056338028169	6.0
