ID	S1	S2	S1/Initiated Expression (IE_S1)	S1/Expression Repetition (ER_S1)	S1/tokens (%)	S2/Initiated Expression (IE_S2)	S2/Expression Repetition (ER_S2)	S2/tokens (%)	Voc. Overlap S1	Voc. Overlap S2	SR/S1/ELS	SR/S1/EV	SR/S1/ER	SR/S1/ENTR	SR/S1/L	SR/S1/LMAX	SR/S2/ELS	SR/S2/EV	SR/S2/ER	SR/S2/ENTR	SR/S2/L	SR/S2/LMAX
dialogue_txt	Human 1	Human 2	0.6511627906976745	0.22413793103448276	0.37662337662337664	0.3488372093023256	0.3645833333333333	0.6233766233766234	0.4875	0.42391304347826086	11.0	0.088	0.24	-0.0	1.0	1.0	36.0	0.1782178217821782	0.594059405940594	1.5484079671001303	1.6486486486486487	4.0
