ID	Num. utterances	Num. tokens	Expression Lexicon Size (ELS)	Expression Variety (EV)	Expression Repetition (ER)	Voc. Overlap	ENTR	L	LMAX
dialogue_txt	16.0	313.0	59.0	0.18849840255591055	0.3706070287539936	0.40268456375838924	0.7181401470384314	1.1986301369863013	5.0
