ID	Num. utterances	Num. tokens	Expression Lexicon Size (ELS)	Expression Variety (EV)	Expression Repetition (ER)	Voc. Overlap	ENTR	L	LMAX
dialogue_txt	15.0	172.0	17.0	0.09883720930232558	0.27906976744186046	0.25925925925925924	0.995982522411738	1.3888888888888888	5.0
