ID	Num. utterances	Num. tokens	Expression Lexicon Size (ELS)	Expression Variety (EV)	Expression Repetition (ER)	Voc. Overlap	ENTR	L	LMAX
dialogue_txt	16.0	210.0	30.0	0.14285714285714285	0.3476190476190476	0.3473684210526316	0.8767978929288378	1.302325581395349	5.0
