ID	Num. utterances	Num. tokens	Expression Lexicon Size (ELS)	Expression Variety (EV)	Expression Repetition (ER)	Voc. Overlap	ENTR	L	LMAX
dialogue_txt	19.0	170.0	32.0	0.18823529411764706	0.3764705882352941	0.463768115942029	1.0873741817293185	1.3580246913580247	3.0
