ID	Num. utterances	Num. tokens	Expression Lexicon Size (ELS)	Expression Variety (EV)	Expression Repetition (ER)	Voc. Overlap	ENTR	L	LMAX
dialogue_txt	14.0	260.0	49.0	0.18846153846153846	0.4269230769230769	0.5045871559633027	1.1586000810261048	1.3779527559055118	4.0
