ID	Num. utterances	Num. tokens	Expression Lexicon Size (ELS)	Expression Variety (EV)	Expression Repetition (ER)	Voc. Overlap	ENTR	L	LMAX
dialogue_txt	15.0	221.0	34.0	0.15384615384615385	0.2986425339366516	0.35833333333333334	1.4869889963772682	1.5972222222222223	5.0
