ID	Num. utterances	Num. tokens	Expression Lexicon Size (ELS)	Expression Variety (EV)	Expression Repetition (ER)	Voc. Overlap	ENTR	L	LMAX
dialogue_txt	18.0	218.0	25.0	0.11467889908256881	0.27522935779816515	0.21551724137931033	0.7377169942176535	1.2028985507246377	3.0
