ID	S1	S2	S1/Initiated Expression (IE_S1)	S1/Expression Repetition (ER_S1)	S1/tokens (%)	S2/Initiated Expression (IE_S2)	S2/Expression Repetition (ER_S2)	S2/tokens (%)	Voc. Overlap S1	Voc. Overlap S2	SR/S1/ELS	SR/S1/EV	SR/S1/ER	SR/S1/ENTR	SR/S1/L	SR/S1/LMAX	SR/S2/ELS	SR/S2/EV	SR/S2/ER	SR/S2/ENTR	SR/S2/L	SR/S2/LMAX
dialogue_txt	Human 1	Human 2	0.78125	0.15827338129496402	0.5091575091575091	0.21875	0.373134328358209	0.4908424908424908	0.375	0.39285714285714285	17.0	0.11643835616438356	0.3698630136986301	0.9707450578356165	1.394736842105263	5.0	24.0	0.1702127659574468	0.46099290780141844	1.1071323362387913	1.3777777777777778	3.0
