ID	Num. utterances	Num. tokens	Expression Lexicon Size (ELS)	Expression Variety (EV)	Expression Repetition (ER)	Voc. Overlap	ENTR	L	LMAX
dialogue_txt	14.0	185.0	30.0	0.16216216216216217	0.3621621621621622	0.32558139534883723	1.028106163323988	1.3246753246753247	3.0
