ID	Num. utterances	Num. tokens	Expression Lexicon Size (ELS)	Expression Variety (EV)	Expression Repetition (ER)	Voc. Overlap	ENTR	L	LMAX
dialogue_txt	19.0	221.0	27.0	0.12217194570135746	0.23076923076923078	0.2413793103448276	1.0433312471503746	1.3287671232876712	4.0
