ID	Num. utterances	Num. tokens	Expression Lexicon Size (ELS)	Expression Variety (EV)	Expression Repetition (ER)	Voc. Overlap	ENTR	L	LMAX
dialogue_txt	17.0	323.0	39.0	0.12074303405572756	0.32507739938080493	0.272108843537415	1.104585618450956	1.3697478991596639	3.0
