ID	Num. utterances	Num. tokens	Expression Lexicon Size (ELS)	Expression Variety (EV)	Expression Repetition (ER)	Voc. Overlap	ENTR	L	LMAX
dialogue_txt	15.0	225.0	22.0	0.09777777777777778	0.2311111111111111	0.22413793103448276	0.6609623351442084	1.1714285714285715	2.0
