ID	S1	S2	S1/Initiated Expression (IE_S1)	S1/Expression Repetition (ER_S1)	S1/tokens (%)	S2/Initiated Expression (IE_S2)	S2/Expression Repetition (ER_S2)	S2/tokens (%)	Voc. Overlap S1	Voc. Overlap S2	SR/S1/ELS	SR/S1/EV	SR/S1/ER	SR/S1/ENTR	SR/S1/L	SR/S1/LMAX	SR/S2/ELS	SR/S2/EV	SR/S2/ER	SR/S2/ENTR	SR/S2/L	SR/S2/LMAX
dialogue_txt	Human 1	Human 2	0.627906976744186	0.25742574257425743	0.40239043824701193	0.37209302325581395	0.46	0.5976095617529881	0.5909090909090909	0.52	10.0	0.09259259259259259	0.26851851851851855	0.6193821946787638	1.1538461538461537	2.0	32.0	0.20253164556962025	0.5949367088607594	1.0040840867045762	1.3428571428571427	3.0
