ID	Num. utterances	Num. tokens	Expression Lexicon Size (ELS)	Expression Variety (EV)	Expression Repetition (ER)	Voc. Overlap	ENTR	L	LMAX
dialogue_txt	15.0	251.0	35.0	0.1394422310756972	0.3147410358565737	0.2845528455284553	1.085349902612645	1.3404255319148937	4.0
