ID	S1	S2	S1/Initiated Expression (IE_S1)	S1/Expression Repetition (ER_S1)	S1/tokens (%)	S2/Initiated Expression (IE_S2)	S2/Expression Repetition (ER_S2)	S2/tokens (%)	Voc. Overlap S1	Voc. Overlap S2	SR/S1/ELS	SR/S1/EV	SR/S1/ER	SR/S1/ENTR	SR/S1/L	SR/S1/LMAX	SR/S2/ELS	SR/S2/EV	SR/S2/ER	SR/S2/ENTR	SR/S2/L	SR/S2/LMAX
dialogue_txt	Human 1	Human 2	0.7333333333333333	0.14615384615384616	0.46099290780141844	0.26666666666666666	0.34210526315789475	0.5390070921985816	0.358695652173913	0.4074074074074074	13.0	0.0948905109489051	0.24087591240875914	0.3809465857053901	1.0740740740740742	2.0	25.0	0.15723270440251572	0.5660377358490566	1.8248860010148023	1.9038461538461537	5.0
