ID	Num. utterances	Num. tokens	Expression Lexicon Size (ELS)	Expression Variety (EV)	Expression Repetition (ER)	Voc. Overlap	ENTR	L	LMAX
dialogue_txt	16.0	210.0	20.0	0.09523809523809523	0.18095238095238095	0.18253968253968253	0.225363639127395	1.0363636363636364	2.0
