ID	Num. utterances	Num. tokens	Expression Lexicon Size (ELS)	Expression Variety (EV)	Expression Repetition (ER)	Voc. Overlap	ENTR	L	LMAX
dialogue_txt	16.0	220.0	27.0	0.12272727272727273	0.2318181818181818	0.25892857142857145	0.5079353563991224	1.1126760563380282	2.0
