ID	S1	S2	S1/Initiated Expression (IE_S1)	S1/Expression Repetition (ER_S1)	S1/tokens (%)	S2/Initiated Expression (IE_S2)	S2/Expression Repetition (ER_S2)	S2/tokens (%)	Voc. Overlap S1	Voc. Overlap S2	SR/S1/ELS	SR/S1/EV	SR/S1/ER	SR/S1/ENTR	SR/S1/L	SR/S1/LMAX	SR/S2/ELS	SR/S2/EV	SR/S2/ER	SR/S2/ENTR	SR/S2/L	SR/S2/LMAX
dialogue_txt	Human 1	Human 2	0.5862068965517241	0.11	0.40816326530612246	0.41379310344827586	0.3310344827586207	0.5918367346938775	0.3717948717948718	0.32954545454545453	11.0	0.102803738317757	0.21495327102803738	-0.0	1.0	1.0	22.0	0.1437908496732026	0.46405228758169936	0.93847073649916	1.38	6.0
