ID	S1	S2	S1/Initiated Expression (IE_S1)	S1/Expression Repetition (ER_S1)	S1/tokens (%)	S2/Initiated Expression (IE_S2)	S2/Expression Repetition (ER_S2)	S2/tokens (%)	Voc. Overlap S1	Voc. Overlap S2	SR/S1/ELS	SR/S1/EV	SR/S1/ER	SR/S1/ENTR	SR/S1/L	SR/S1/LMAX	SR/S2/ELS	SR/S2/EV	SR/S2/ER	SR/S2/ENTR	SR/S2/L	SR/S2/LMAX
dialogue_txt	Human 1	Human 2	0.72	0.18309859154929578	0.2897959183673469	0.28	0.29310344827586204	0.710204081632653	0.5370370370370371	0.29292929292929293	7.0	0.08860759493670886	0.21518987341772153	0.5916727785823274	1.1428571428571428	2.0	29.0	0.15934065934065933	0.5274725274725275	1.510202663848142	1.75	8.0
