ID	Num. utterances	Num. tokens	Expression Lexicon Size (ELS)	Expression Variety (EV)	Expression Repetition (ER)	Voc. Overlap	ENTR	L	LMAX
dialogue_txt	16.0	245.0	25.0	0.10204081632653061	0.2612244897959184	0.23387096774193547	0.5356276627744186	1.1204819277108433	3.0
