ID	Num. utterances	Num. tokens	Expression Lexicon Size (ELS)	Expression Variety (EV)	Expression Repetition (ER)	Voc. Overlap	ENTR	L	LMAX
dialogue_txt	16.0	147.0	18.0	0.12244897959183673	0.2108843537414966	0.26666666666666666	0.8315435491770659	1.3181818181818181	5.0
