ID	Num. utterances	Num. tokens	Expression Lexicon Size (ELS)	Expression Variety (EV)	Expression Repetition (ER)	Voc. Overlap	ENTR	L	LMAX
dialogue_txt	16.0	294.0	49.0	0.16666666666666666	0.4523809523809524	0.42857142857142855	1.1563868141642457	1.380281690140845	4.0
