ID	S1	S2	S1/Initiated Expression (IE_S1)	S1/Expression Repetition (ER_S1)	S1/tokens (%)	S2/Initiated Expression (IE_S2)	S2/Expression Repetition (ER_S2)	S2/tokens (%)	Voc. Overlap S1	Voc. Overlap S2	SR/S1/ELS	SR/S1/EV	SR/S1/ER	SR/S1/ENTR	SR/S1/L	SR/S1/LMAX	SR/S2/ELS	SR/S2/EV	SR/S2/ER	SR/S2/ENTR	SR/S2/L	SR/S2/LMAX
dialogue_txt	Human 1	Human 2	0.9090909090909091	0.14285714285714285	0.4524714828897338	0.09090909090909091	0.5555555555555556	0.5475285171102662	0.56	0.5	15.0	0.11811023622047244	0.3779527559055118	1.0537703474884237	1.3333333333333333	3.0	23.0	0.1513157894736842	0.4934210526315789	0.6793652793002186	1.2962962962962963	6.0
