ID	Num. utterances	Num. tokens	Expression Lexicon Size (ELS)	Expression Variety (EV)	Expression Repetition (ER)	Voc. Overlap	ENTR	L	LMAX
dialogue_txt	17.0	270.0	49.0	0.1814814814814815	0.37407407407407406	0.3893805309734513	0.87909217140301	1.2661290322580645	5.0
