ID	Num. utterances	Num. tokens	Expression Lexicon Size (ELS)	Expression Variety (EV)	Expression Repetition (ER)	Voc. Overlap	ENTR	L	LMAX
dialogue_txt	16.0	329.0	63.0	0.19148936170212766	0.44680851063829785	0.48717948717948717	1.0689969303845428	1.380952380952381	6.0
