ID	S1	S2	S1/Initiated Expression (IE_S1)	S1/Expression Repetition (ER_S1)	S1/tokens (%)	S2/Initiated Expression (IE_S2)	S2/Expression Repetition (ER_S2)	S2/tokens (%)	Voc. Overlap S1	Voc. Overlap S2	SR/S1/ELS	SR/S1/EV	SR/S1/ER	SR/S1/ENTR	SR/S1/L	SR/S1/LMAX	SR/S2/ELS	SR/S2/EV	SR/S2/ER	SR/S2/ENTR	SR/S2/L	SR/S2/LMAX
dialogue_txt	Human 1	Human 2	0.75	0.2125984251968504	0.4756554307116105	0.25	0.42857142857142855	0.5243445692883895	0.5432098765432098	0.4888888888888889	16.0	0.11940298507462686	0.34328358208955223	0.6394571324851641	1.162162162162162	2.0	22.0	0.14864864864864866	0.44594594594594594	0.8176338568998316	1.3	5.0
