ID	Num. utterances	Num. tokens	Expression Lexicon Size (ELS)	Expression Variety (EV)	Expression Repetition (ER)	Voc. Overlap	ENTR	L	LMAX
dialogue_txt	15.0	267.0	44.0	0.1647940074906367	0.3258426966292135	0.3464566929133858	0.7188396509975399	1.1794871794871795	3.0
