ID	Num. utterances	Num. tokens	Expression Lexicon Size (ELS)	Expression Variety (EV)	Expression Repetition (ER)	Voc. Overlap	ENTR	L	LMAX
dialogue_txt	13.0	230.0	30.0	0.13043478260869565	0.24347826086956523	0.25210084033613445	0.6145715612236267	1.1518987341772151	2.0
