ID	S1	S2	S1/Initiated Expression (IE_S1)	S1/Expression Repetition (ER_S1)	S1/tokens (%)	S2/Initiated Expression (IE_S2)	S2/Expression Repetition (ER_S2)	S2/tokens (%)	Voc. Overlap S1	Voc. Overlap S2	SR/S1/ELS	SR/S1/EV	SR/S1/ER	SR/S1/ENTR	SR/S1/L	SR/S1/LMAX	SR/S2/ELS	SR/S2/EV	SR/S2/ER	SR/S2/ENTR	SR/S2/L	SR/S2/LMAX
dialogue_txt	Human 1	Human 2	0.5	0.18181818181818182	0.39285714285714285	0.5	0.27450980392156865	0.6071428571428571	0.47368421052631576	0.47368421052631576	3.0	0.0410958904109589	0.0821917808219178	-0.0	1.0	1.0	17.0	0.1559633027522936	0.5137614678899083	1.286074688164428	1.588235294117647	4.0
