ID	Num. utterances	Num. tokens	Expression Lexicon Size (ELS)	Expression Variety (EV)	Expression Repetition (ER)	Voc. Overlap	ENTR	L	LMAX
dialogue_txt	17.0	123.0	21.0	0.17073170731707318	0.3252032520325203	0.3620689655172414	0.7631395237172489	1.2264150943396226	3.0
