ID	Num. utterances	Num. tokens	Expression Lexicon Size (ELS)	Expression Variety (EV)	Expression Repetition (ER)	Voc. Overlap	ENTR	L	LMAX
dialogue_txt	16.0	269.0	33.0	0.12267657992565056	0.26022304832713755	0.22900763358778625	0.8033968125621925	1.2134831460674158	3.0
