ID	S1	S2	S1/Initiated Expression (IE_S1)	S1/Expression Repetition (ER_S1)	S1/tokens (%)	S2/Initiated Expression (IE_S2)	S2/Expression Repetition (ER_S2)	S2/tokens (%)	Voc. Overlap S1	Voc. Overlap S2	SR/S1/ELS	SR/S1/EV	SR/S1/ER	SR/S1/ENTR	SR/S1/L	SR/S1/LMAX	SR/S2/ELS	SR/S2/EV	SR/S2/ER	SR/S2/ENTR	SR/S2/L	SR/S2/LMAX
dialogue_txt	Human 1	Human 2	0.7272727272727273	0.18018018018018017	0.41263940520446096	0.2727272727272727	0.31645569620253167	0.587360594795539	0.38961038961038963	0.35714285714285715	12.0	0.10084033613445378	0.2857142857142857	-0.0	1.0	1.0	27.0	0.16265060240963855	0.5301204819277109	1.3002578061834356	1.490909090909091	4.0
