ID	Num. utterances	Num. tokens	Expression Lexicon Size (ELS)	Expression Variety (EV)	Expression Repetition (ER)	Voc. Overlap	ENTR	L	LMAX
dialogue_txt	16.0	205.0	28.0	0.13658536585365855	0.3170731707317073	0.35051546391752575	1.0210904222901538	1.4246575342465753	8.0
