ID	Num. utterances	Num. tokens	Expression Lexicon Size (ELS)	Expression Variety (EV)	Expression Repetition (ER)	Voc. Overlap	ENTR	L	LMAX
dialogue_txt	14.0	248.0	43.0	0.17338709677419356	0.3911290322580645	0.39655172413793105	0.9220923753184969	1.28099173553719	4.0
