ID	S1	S2	S1/Initiated Expression (IE_S1)	S1/Expression Repetition (ER_S1)	S1/tokens (%)	S2/Initiated Expression (IE_S2)	S2/Expression Repetition (ER_S2)	S2/tokens (%)	Voc. Overlap S1	Voc. Overlap S2	SR/S1/ELS	SR/S1/EV	SR/S1/ER	SR/S1/ENTR	SR/S1/L	SR/S1/LMAX	SR/S2/ELS	SR/S2/EV	SR/S2/ER	SR/S2/ENTR	SR/S2/L	SR/S2/LMAX
dialogue_txt	Human 1	Human 2	0.52	0.18181818181818182	0.4074074074074074	0.48	0.203125	0.5925925925925926	0.39436619718309857	0.32558139534883723	4.0	0.042105263157894736	0.16842105263157894	0.7219280948873623	1.4	3.0	19.0	0.13970588235294118	0.36764705882352944	0.6193821946787638	1.3076923076923077	3.0
