ID	Num. utterances	Num. tokens	Expression Lexicon Size (ELS)	Expression Variety (EV)	Expression Repetition (ER)	Voc. Overlap	ENTR	L	LMAX
dialogue_txt	16.0	235.0	18.0	0.07659574468085106	0.16170212765957448	0.16666666666666666	0.5564215672884281	1.1296296296296295	2.0
