ID	Num. utterances	Num. tokens	Expression Lexicon Size (ELS)	Expression Variety (EV)	Expression Repetition (ER)	Voc. Overlap	ENTR	L	LMAX
dialogue_txt	15.0	195.0	37.0	0.18974358974358974	0.4256410256410256	0.4235294117647059	1.1550610025781654	1.4883720930232558	7.0
