ID	Num. utterances	Num. tokens	Expression Lexicon Size (ELS)	Expression Variety (EV)	Expression Repetition (ER)	Voc. Overlap	ENTR	L	LMAX
dialogue_txt	14.0	294.0	60.0	0.20408163265306123	0.42857142857142855	0.48333333333333334	0.7133091442588197	1.1772151898734178	3.0
