ID	Num. utterances	Num. tokens	Expression Lexicon Size (ELS)	Expression Variety (EV)	Expression Repetition (ER)	Voc. Overlap	ENTR	L	LMAX
dialogue_txt	16.0	354.0	61.0	0.17231638418079095	0.3954802259887006	0.3776223776223776	0.8960114687414312	1.2830188679245282	4.0
