ID	S1	S2	S1/Initiated Expression (IE_S1)	S1/Expression Repetition (ER_S1)	S1/tokens (%)	S2/Initiated Expression (IE_S2)	S2/Expression Repetition (ER_S2)	S2/tokens (%)	Voc. Overlap S1	Voc. Overlap S2	SR/S1/ELS	SR/S1/EV	SR/S1/ER	SR/S1/ENTR	SR/S1/L	SR/S1/LMAX	SR/S2/ELS	SR/S2/EV	SR/S2/ER	SR/S2/ENTR	SR/S2/L	SR/S2/LMAX
dialogue_txt	Human 1	Human 2	0.8307692307692308	0.20606060606060606	0.5045871559633027	0.16923076923076924	0.6234567901234568	0.4954128440366973	0.5504587155963303	0.6741573033707865	19.0	0.10982658959537572	0.32947976878612717	0.4394969869215133	1.0909090909090908	2.0	32.0	0.18823529411764706	0.5294117647058824	0.8257243385804643	1.25	4.0
