ID	Num. utterances	Num. tokens	Expression Lexicon Size (ELS)	Expression Variety (EV)	Expression Repetition (ER)	Voc. Overlap	ENTR	L	LMAX
dialogue_txt	16.0	327.0	65.0	0.19877675840978593	0.41284403669724773	0.43478260869565216	0.9391475565261329	1.2919254658385093	5.0
