ID	S1	S2	S1/Initiated Expression (IE_S1)	S1/Expression Repetition (ER_S1)	S1/tokens (%)	S2/Initiated Expression (IE_S2)	S2/Expression Repetition (ER_S2)	S2/tokens (%)	Voc. Overlap S1	Voc. Overlap S2	SR/S1/ELS	SR/S1/EV	SR/S1/ER	SR/S1/ENTR	SR/S1/L	SR/S1/LMAX	SR/S2/ELS	SR/S2/EV	SR/S2/ER	SR/S2/ENTR	SR/S2/L	SR/S2/LMAX
dialogue_txt	Human 1	Human 2	0.5416666666666666	0.21212121212121213	0.3142857142857143	0.4583333333333333	0.2847222222222222	0.6857142857142857	0.49122807017543857	0.32941176470588235	3.0	0.0410958904109589	0.0821917808219178	-0.0	1.0	1.0	25.0	0.16556291390728478	0.5099337748344371	0.879293633880837	1.271186440677966	3.0
