ID	S1	S2	S1/Initiated Expression (IE_S1)	S1/Expression Repetition (ER_S1)	S1/tokens (%)	S2/Initiated Expression (IE_S2)	S2/Expression Repetition (ER_S2)	S2/tokens (%)	Voc. Overlap S1	Voc. Overlap S2	SR/S1/ELS	SR/S1/EV	SR/S1/ER	SR/S1/ENTR	SR/S1/L	SR/S1/LMAX	SR/S2/ELS	SR/S2/EV	SR/S2/ER	SR/S2/ENTR	SR/S2/L	SR/S2/LMAX
dialogue_txt	Human 1	Human 2	0.8913043478260869	0.0948905109489051	0.5111940298507462	0.10869565217391304	0.6259541984732825	0.48880597014925375	0.625	0.6470588235294118	19.0	0.1310344827586207	0.36551724137931035	0.693127415328288	1.186046511627907	2.0	25.0	0.17857142857142858	0.42857142857142855	0.3809465857053901	1.0740740740740742	2.0
