ID	S1	S2	S1/Initiated Expression (IE_S1)	S1/Expression Repetition (ER_S1)	S1/tokens (%)	S2/Initiated Expression (IE_S2)	S2/Expression Repetition (ER_S2)	S2/tokens (%)	Voc. Overlap S1	Voc. Overlap S2	SR/S1/ELS	SR/S1/EV	SR/S1/ER	SR/S1/ENTR	SR/S1/L	SR/S1/LMAX	SR/S2/ELS	SR/S2/EV	SR/S2/ER	SR/S2/ENTR	SR/S2/L	SR/S2/LMAX
dialogue_txt	Human 1	Human 2	0.75	0.22321428571428573	0.4148148148148148	0.25	0.34810126582278483	0.5851851851851851	0.5064935064935064	0.4148936170212766	15.0	0.125	0.31666666666666665	0.43055186701043946	1.088235294117647	2.0	26.0	0.1566265060240964	0.4457831325301205	0.4537163391869448	1.0952380952380953	2.0
