ID	Num. utterances	Num. tokens	Expression Lexicon Size (ELS)	Expression Variety (EV)	Expression Repetition (ER)	Voc. Overlap	ENTR	L	LMAX
dialogue_txt	16.0	270.0	40.0	0.14814814814814814	0.2962962962962963	0.29545454545454547	0.747235192534319	1.1904761904761905	3.0
