ID	Num. utterances	Num. tokens	Expression Lexicon Size (ELS)	Expression Variety (EV)	Expression Repetition (ER)	Voc. Overlap	ENTR	L	LMAX
dialogue_txt	18.0	380.0	30.0	0.07894736842105263	0.26052631578947366	0.1870967741935484	0.7546167018169156	1.2169811320754718	2.0
