ID	S1	S2	S1/Initiated Expression (IE_S1)	S1/Expression Repetition (ER_S1)	S1/tokens (%)	S2/Initiated Expression (IE_S2)	S2/Expression Repetition (ER_S2)	S2/tokens (%)	Voc. Overlap S1	Voc. Overlap S2	SR/S1/ELS	SR/S1/EV	SR/S1/ER	SR/S1/ENTR	SR/S1/L	SR/S1/LMAX	SR/S2/ELS	SR/S2/EV	SR/S2/ER	SR/S2/ENTR	SR/S2/L	SR/S2/LMAX
dialogue_txt	Human 1	Human 2	0.7727272727272727	0.16778523489932887	0.5033783783783784	0.22727272727272727	0.48299319727891155	0.4966216216216216	0.42857142857142855	0.4421052631578947	14.0	0.08974358974358974	0.27564102564102566	0.7355085815538398	1.206896551724138	2.0	24.0	0.15584415584415584	0.4025974025974026	0.9510456605801272	1.28	3.0
