ID	Num. utterances	Num. tokens	Expression Lexicon Size (ELS)	Expression Variety (EV)	Expression Repetition (ER)	Voc. Overlap	ENTR	L	LMAX
dialogue_txt	19.0	302.0	38.0	0.12582781456953643	0.28807947019867547	0.26811594202898553	0.8054173325324785	1.2162162162162162	3.0
