ID	Num. utterances	Num. tokens	Expression Lexicon Size (ELS)	Expression Variety (EV)	Expression Repetition (ER)	Voc. Overlap	ENTR	L	LMAX
dialogue_txt	13.0	248.0	33.0	0.13306451612903225	0.28225806451612906	0.26119402985074625	0.6321302781219706	1.1590909090909092	2.0
