ID	S1	S2	S1/Initiated Expression (IE_S1)	S1/Expression Repetition (ER_S1)	S1/tokens (%)	S2/Initiated Expression (IE_S2)	S2/Expression Repetition (ER_S2)	S2/tokens (%)	Voc. Overlap S1	Voc. Overlap S2	SR/S1/ELS	SR/S1/EV	SR/S1/ER	SR/S1/ENTR	SR/S1/L	SR/S1/LMAX	SR/S2/ELS	SR/S2/EV	SR/S2/ER	SR/S2/ENTR	SR/S2/L	SR/S2/LMAX
dialogue_txt	Human 1	Human 2	0.8205128205128205	0.1437908496732026	0.5331010452961672	0.1794871794871795	0.4701492537313433	0.46689895470383275	0.37142857142857144	0.4431818181818182	17.0	0.10625	0.33125	0.7742433029172697	1.263157894736842	4.0	22.0	0.15492957746478872	0.43661971830985913	1.1701209721527661	1.4090909090909092	4.0
