ID	S1	S2	S1/Initiated Expression (IE_S1)	S1/Expression Repetition (ER_S1)	S1/tokens (%)	S2/Initiated Expression (IE_S2)	S2/Expression Repetition (ER_S2)	S2/tokens (%)	Voc. Overlap S1	Voc. Overlap S2	SR/S1/ELS	SR/S1/EV	SR/S1/ER	SR/S1/ENTR	SR/S1/L	SR/S1/LMAX	SR/S2/ELS	SR/S2/EV	SR/S2/ER	SR/S2/ENTR	SR/S2/L	SR/S2/LMAX
dialogue_txt	Human 1	Human 2	0.5333333333333333	0.20454545454545456	0.3776824034334764	0.4666666666666667	0.2689655172413793	0.6223175965665236	0.43661971830985913	0.31958762886597936	4.0	0.042105263157894736	0.16842105263157894	0.7219280948873623	1.4	3.0	19.0	0.12418300653594772	0.3790849673202614	0.8872409357400916	1.25	3.0
