ID	Num. utterances	Num. tokens	Expression Lexicon Size (ELS)	Expression Variety (EV)	Expression Repetition (ER)	Voc. Overlap	ENTR	L	LMAX
dialogue_txt	16.0	281.0	29.0	0.10320284697508897	0.2704626334519573	0.1986754966887417	0.637387499222191	1.1612903225806452	2.0
