ID	Num. utterances	Num. tokens	Expression Lexicon Size (ELS)	Expression Variety (EV)	Expression Repetition (ER)	Voc. Overlap	ENTR	L	LMAX
dialogue_txt	19.0	234.0	23.0	0.09829059829059829	0.24786324786324787	0.24271844660194175	0.37123232664087563	1.0714285714285714	2.0
