ID	S1	S2	S1/Initiated Expression (IE_S1)	S1/Expression Repetition (ER_S1)	S1/tokens (%)	S2/Initiated Expression (IE_S2)	S2/Expression Repetition (ER_S2)	S2/tokens (%)	Voc. Overlap S1	Voc. Overlap S2	SR/S1/ELS	SR/S1/EV	SR/S1/ER	SR/S1/ENTR	SR/S1/L	SR/S1/LMAX	SR/S2/ELS	SR/S2/EV	SR/S2/ER	SR/S2/ENTR	SR/S2/L	SR/S2/LMAX
dialogue_txt	Human 1	Human 2	0.6086956521739131	0.18666666666666668	0.36231884057971014	0.391304347826087	0.18181818181818182	0.6376811594202898	0.4098360655737705	0.3048780487804878	7.0	0.08433734939759036	0.18072289156626506	0.6193821946787638	1.1538461538461537	2.0	20.0	0.14285714285714285	0.44285714285714284	1.4619161995539922	1.6153846153846154	4.0
