ID	Num. utterances	Num. tokens	Expression Lexicon Size (ELS)	Expression Variety (EV)	Expression Repetition (ER)	Voc. Overlap	ENTR	L	LMAX
dialogue_txt	16.0	207.0	23.0	0.1111111111111111	0.18357487922705315	0.211864406779661	0.41868431052685634	1.0847457627118644	2.0
