ID	Num. utterances	Num. tokens	Expression Lexicon Size (ELS)	Expression Variety (EV)	Expression Repetition (ER)	Voc. Overlap	ENTR	L	LMAX
dialogue_txt	16.0	242.0	33.0	0.13636363636363635	0.3347107438016529	0.3557692307692308	1.0512798130687158	1.3777777777777778	6.0
