ID	Num. utterances	Num. tokens	Expression Lexicon Size (ELS)	Expression Variety (EV)	Expression Repetition (ER)	Voc. Overlap	ENTR	L	LMAX
dialogue_txt	16.0	293.0	46.0	0.15699658703071673	0.378839590443686	0.39655172413793105	1.1592944124864981	1.4180327868852458	5.0
