ID	S1	S2	S1/Initiated Expression (IE_S1)	S1/Expression Repetition (ER_S1)	S1/tokens (%)	S2/Initiated Expression (IE_S2)	S2/Expression Repetition (ER_S2)	S2/tokens (%)	Voc. Overlap S1	Voc. Overlap S2	SR/S1/ELS	SR/S1/EV	SR/S1/ER	SR/S1/ENTR	SR/S1/L	SR/S1/LMAX	SR/S2/ELS	SR/S2/EV	SR/S2/ER	SR/S2/ENTR	SR/S2/L	SR/S2/LMAX
dialogue_txt	Human 1	Human 2	0.7659574468085106	0.16891891891891891	0.5068493150684932	0.23404255319148937	0.5833333333333334	0.4931506849315068	0.4742268041237113	0.5897435897435898	16.0	0.1032258064516129	0.2838709677419355	0.512709142030877	1.1142857142857143	2.0	29.0	0.19078947368421054	0.5592105263157895	1.0976898589791901	1.3870967741935485	5.0
