ID	Num. utterances	Num. tokens	Expression Lexicon Size (ELS)	Expression Variety (EV)	Expression Repetition (ER)	Voc. Overlap	ENTR	L	LMAX
dialogue_txt	16.0	213.0	18.0	0.08450704225352113	0.18309859154929578	0.1834862385321101	0.7773898393997909	1.2037037037037037	3.0
