ID	Num. utterances	Num. tokens	Expression Lexicon Size (ELS)	Expression Variety (EV)	Expression Repetition (ER)	Voc. Overlap	ENTR	L	LMAX
dialogue_txt	14.0	276.0	43.0	0.15579710144927536	0.3007246376811594	0.3235294117647059	0.7250192946210086	1.1842105263157894	3.0
