ID	Num. utterances	Num. tokens	Expression Lexicon Size (ELS)	Expression Variety (EV)	Expression Repetition (ER)	Voc. Overlap	ENTR	L	LMAX
dialogue_txt	15.0	210.0	20.0	0.09523809523809523	0.20952380952380953	0.16279069767441862	0.4236805715709105	1.0862068965517242	2.0
