ID	S1	S2	S1/Initiated Expression (IE_S1)	S1/Expression Repetition (ER_S1)	S1/tokens (%)	S2/Initiated Expression (IE_S2)	S2/Expression Repetition (ER_S2)	S2/tokens (%)	Voc. Overlap S1	Voc. Overlap S2	SR/S1/ELS	SR/S1/EV	SR/S1/ER	SR/S1/ENTR	SR/S1/L	SR/S1/LMAX	SR/S2/ELS	SR/S2/EV	SR/S2/ER	SR/S2/ENTR	SR/S2/L	SR/S2/LMAX
dialogue_txt	Human 1	Human 2	0.8	0.11607142857142858	0.5283018867924528	0.2	0.75	0.4716981132075472	0.5263157894736842	0.8163265306122449	11.0	0.09166666666666666	0.225	-0.0	1.0	1.0	17.0	0.1574074074074074	0.6666666666666666	1.882088690058108	2.0277777777777777	5.0
