ID	S1	S2	S1/Initiated Expression (IE_S1)	S1/Expression Repetition (ER_S1)	S1/tokens (%)	S2/Initiated Expression (IE_S2)	S2/Expression Repetition (ER_S2)	S2/tokens (%)	Voc. Overlap S1	Voc. Overlap S2	SR/S1/ELS	SR/S1/EV	SR/S1/ER	SR/S1/ENTR	SR/S1/L	SR/S1/LMAX	SR/S2/ELS	SR/S2/EV	SR/S2/ER	SR/S2/ENTR	SR/S2/L	SR/S2/LMAX
dialogue_txt	Human 1	Human 2	0.8378378378378378	0.145985401459854	0.6088888888888889	0.16216216216216217	0.6704545454545454	0.39111111111111113	0.5113636363636364	0.7894736842105263	19.0	0.1310344827586207	0.36551724137931035	0.693127415328288	1.186046511627907	2.0	16.0	0.16494845360824742	0.4742268041237113	0.4689955935892812	1.1	2.0
