ID	S1	S2	S1/Initiated Expression (IE_S1)	S1/Expression Repetition (ER_S1)	S1/tokens (%)	S2/Initiated Expression (IE_S2)	S2/Expression Repetition (ER_S2)	S2/tokens (%)	Voc. Overlap S1	Voc. Overlap S2	SR/S1/ELS	SR/S1/EV	SR/S1/ER	SR/S1/ENTR	SR/S1/L	SR/S1/LMAX	SR/S2/ELS	SR/S2/EV	SR/S2/ER	SR/S2/ENTR	SR/S2/L	SR/S2/LMAX
dialogue_txt	Human 1	Human 2	0.896551724137931	0.10256410256410256	0.4406779661016949	0.10344827586206896	0.5252525252525253	0.559322033898305	0.5789473684210527	0.55	7.0	0.08333333333333333	0.2261904761904762	0.5435644431995964	1.125	2.0	17.0	0.16037735849056603	0.5471698113207547	1.54515219719895	1.6470588235294117	4.0
