ID	Num. utterances	Num. tokens	Expression Lexicon Size (ELS)	Expression Variety (EV)	Expression Repetition (ER)	Voc. Overlap	ENTR	L	LMAX
dialogue_txt	14.0	191.0	29.0	0.1518324607329843	0.24607329842931938	0.35294117647058826	0.48977901368693755	1.1066666666666667	2.0
