ID	S1	S2	S1/Initiated Expression (IE_S1)	S1/Expression Repetition (ER_S1)	S1/tokens (%)	S2/Initiated Expression (IE_S2)	S2/Expression Repetition (ER_S2)	S2/tokens (%)	Voc. Overlap S1	Voc. Overlap S2	SR/S1/ELS	SR/S1/EV	SR/S1/ER	SR/S1/ENTR	SR/S1/L	SR/S1/LMAX	SR/S2/ELS	SR/S2/EV	SR/S2/ER	SR/S2/ENTR	SR/S2/L	SR/S2/LMAX
dialogue_txt	Human 1	Human 2	0.8	0.22151898734177214	0.48466257668711654	0.2	0.49404761904761907	0.5153374233128835	0.5434782608695652	0.5434782608695652	22.0	0.13253012048192772	0.4397590361445783	1.0783220795483648	1.44	5.0	31.0	0.1751412429378531	0.536723163841808	1.235502924094377	1.4848484848484849	6.0
