ID	Num. utterances	Num. tokens	Expression Lexicon Size (ELS)	Expression Variety (EV)	Expression Repetition (ER)	Voc. Overlap	ENTR	L	LMAX
dialogue_txt	17.0	326.0	50.0	0.15337423312883436	0.3619631901840491	0.373134328358209	0.9286807317274342	1.2689655172413794	3.0
