ID	Num. utterances	Num. tokens	Expression Lexicon Size (ELS)	Expression Variety (EV)	Expression Repetition (ER)	Voc. Overlap	ENTR	L	LMAX
dialogue_txt	14.0	279.0	53.0	0.18996415770609318	0.4014336917562724	0.4406779661016949	1.041332693300676	1.338235294117647	4.0
