ID	S1	S2	S1/Initiated Expression (IE_S1)	S1/Expression Repetition (ER_S1)	S1/tokens (%)	S2/Initiated Expression (IE_S2)	S2/Expression Repetition (ER_S2)	S2/tokens (%)	Voc. Overlap S1	Voc. Overlap S2	SR/S1/ELS	SR/S1/EV	SR/S1/ER	SR/S1/ENTR	SR/S1/L	SR/S1/LMAX	SR/S2/ELS	SR/S2/EV	SR/S2/ER	SR/S2/ENTR	SR/S2/L	SR/S2/LMAX
dialogue_txt	Human 1	Human 2	0.6774193548387096	0.20689655172413793	0.5117647058823529	0.3225806451612903	0.4939759036144578	0.48823529411764705	0.5901639344262295	0.631578947368421	10.0	0.10638297872340426	0.30851063829787234	0.8658566174572233	1.2727272727272727	3.0	14.0	0.15384615384615385	0.3956043956043956	0.32984607020714635	1.0606060606060606	2.0
