ID	S1	S2	S1/Initiated Expression (IE_S1)	S1/Expression Repetition (ER_S1)	S1/tokens (%)	S2/Initiated Expression (IE_S2)	S2/Expression Repetition (ER_S2)	S2/tokens (%)	Voc. Overlap S1	Voc. Overlap S2	SR/S1/ELS	SR/S1/EV	SR/S1/ER	SR/S1/ENTR	SR/S1/L	SR/S1/LMAX	SR/S2/ELS	SR/S2/EV	SR/S2/ER	SR/S2/ENTR	SR/S2/L	SR/S2/LMAX
dialogue_txt	Human 1	Human 2	0.6296296296296297	0.18055555555555555	0.375	0.37037037037037035	0.4166666666666667	0.625	0.5	0.391304347826087	9.0	0.1111111111111111	0.2716049382716049	0.4689955935892812	1.1	2.0	21.0	0.16279069767441862	0.4883720930232558	1.0340238311909427	1.326086956521739	3.0
