ID	S1	S2	S1/Initiated Expression (IE_S1)	S1/Expression Repetition (ER_S1)	S1/tokens (%)	S2/Initiated Expression (IE_S2)	S2/Expression Repetition (ER_S2)	S2/tokens (%)	Voc. Overlap S1	Voc. Overlap S2	SR/S1/ELS	SR/S1/EV	SR/S1/ER	SR/S1/ENTR	SR/S1/L	SR/S1/LMAX	SR/S2/ELS	SR/S2/EV	SR/S2/ER	SR/S2/ENTR	SR/S2/L	SR/S2/LMAX
dialogue_txt	Human 1	Human 2	0.868421052631579	0.1724137931034483	0.3702127659574468	0.13157894736842105	0.6013513513513513	0.6297872340425532	0.6481481481481481	0.49295774647887325	12.0	0.125	0.3645833333333333	1.0676111603502403	1.434782608695652	4.0	22.0	0.13924050632911392	0.5759493670886076	1.986929961460259	2.3	8.0
