ID	Num. utterances	Num. tokens	Expression Lexicon Size (ELS)	Expression Variety (EV)	Expression Repetition (ER)	Voc. Overlap	ENTR	L	LMAX
dialogue_txt	15.0	254.0	34.0	0.13385826771653545	0.2795275590551181	0.2391304347826087	1.0339860820039324	1.345679012345679	5.0
