ID	S1	S2	S1/Initiated Expression (IE_S1)	S1/Expression Repetition (ER_S1)	S1/tokens (%)	S2/Initiated Expression (IE_S2)	S2/Expression Repetition (ER_S2)	S2/tokens (%)	Voc. Overlap S1	Voc. Overlap S2	SR/S1/ELS	SR/S1/EV	SR/S1/ER	SR/S1/ENTR	SR/S1/L	SR/S1/LMAX	SR/S2/ELS	SR/S2/EV	SR/S2/ER	SR/S2/ENTR	SR/S2/L	SR/S2/LMAX
dialogue_txt	Human 1	Human 2	0.5384615384615384	0.17045454545454544	0.3876651982378855	0.46153846153846156	0.23741007194244604	0.6123348017621145	0.352112676056338	0.2840909090909091	4.0	0.042105263157894736	0.16842105263157894	0.7219280948873623	1.4	3.0	18.0	0.12244897959183673	0.4013605442176871	0.9938972639364227	1.3181818181818181	3.0
