ID	Num. utterances	Num. tokens	Expression Lexicon Size (ELS)	Expression Variety (EV)	Expression Repetition (ER)	Voc. Overlap	ENTR	L	LMAX
dialogue_txt	15.0	236.0	27.0	0.11440677966101695	0.2033898305084746	0.21323529411764705	0.5638560041131416	1.1323529411764706	2.0
