ID	S1	S2	S1/Initiated Expression (IE_S1)	S1/Expression Repetition (ER_S1)	S1/tokens (%)	S2/Initiated Expression (IE_S2)	S2/Expression Repetition (ER_S2)	S2/tokens (%)	Voc. Overlap S1	Voc. Overlap S2	SR/S1/ELS	SR/S1/EV	SR/S1/ER	SR/S1/ENTR	SR/S1/L	SR/S1/LMAX	SR/S2/ELS	SR/S2/EV	SR/S2/ER	SR/S2/ENTR	SR/S2/L	SR/S2/LMAX
dialogue_txt	Human 1	Human 2	0.7777777777777778	0.09	0.423728813559322	0.2222222222222222	0.2867647058823529	0.576271186440678	0.3717948717948718	0.3333333333333333	11.0	0.102803738317757	0.21495327102803738	-0.0	1.0	1.0	23.0	0.1597222222222222	0.4861111111111111	1.1191194231256714	1.5909090909090908	8.0
