ID	S1	S2	S1/Initiated Expression (IE_S1)	S1/Expression Repetition (ER_S1)	S1/tokens (%)	S2/Initiated Expression (IE_S2)	S2/Expression Repetition (ER_S2)	S2/tokens (%)	Voc. Overlap S1	Voc. Overlap S2	SR/S1/ELS	SR/S1/EV	SR/S1/ER	SR/S1/ENTR	SR/S1/L	SR/S1/LMAX	SR/S2/ELS	SR/S2/EV	SR/S2/ER	SR/S2/ENTR	SR/S2/L	SR/S2/LMAX
dialogue_txt	Human 1	Human 2	0.7333333333333333	0.16071428571428573	0.4132841328413284	0.26666666666666666	0.37735849056603776	0.5867158671586716	0.39473684210526316	0.3448275862068966	11.0	0.09166666666666666	0.225	-0.0	1.0	1.0	29.0	0.17365269461077845	0.5568862275449101	1.0678428865900869	1.5666666666666667	7.0
