ID	Num. utterances	Num. tokens	Expression Lexicon Size (ELS)	Expression Variety (EV)	Expression Repetition (ER)	Voc. Overlap	ENTR	L	LMAX
dialogue_txt	16.0	263.0	29.0	0.11026615969581749	0.3155893536121673	0.24806201550387597	0.7944665355211293	1.2527472527472527	4.0
