ID	Num. utterances	Num. tokens	Expression Lexicon Size (ELS)	Expression Variety (EV)	Expression Repetition (ER)	Voc. Overlap	ENTR	L	LMAX
dialogue_txt	16.0	328.0	55.0	0.1676829268292683	0.43902439024390244	0.4628099173553719	1.3275494131638954	1.5661764705882353	7.0
