ID	S1	S2	S1/Initiated Expression (IE_S1)	S1/Expression Repetition (ER_S1)	S1/tokens (%)	S2/Initiated Expression (IE_S2)	S2/Expression Repetition (ER_S2)	S2/tokens (%)	Voc. Overlap S1	Voc. Overlap S2	SR/S1/ELS	SR/S1/EV	SR/S1/ER	SR/S1/ENTR	SR/S1/L	SR/S1/LMAX	SR/S2/ELS	SR/S2/EV	SR/S2/ER	SR/S2/ENTR	SR/S2/L	SR/S2/LMAX
dialogue_txt	Human 1	Human 2	0.8709677419354839	0.08547008547008547	0.4134275618374558	0.12903225806451613	0.3373493975903614	0.5865724381625441	0.42028985507246375	0.3258426966292135	19.0	0.15079365079365079	0.4126984126984127	1.242370874393215	1.457142857142857	3.0	29.0	0.1657142857142857	0.52	1.3265863115401308	1.5689655172413792	4.0
