ID	Num. utterances	Num. tokens	Expression Lexicon Size (ELS)	Expression Variety (EV)	Expression Repetition (ER)	Voc. Overlap	ENTR	L	LMAX
dialogue_txt	16.0	252.0	45.0	0.17857142857142858	0.4007936507936508	0.5242718446601942	1.0940761162140655	1.3644067796610169	5.0
