ID	Num. utterances	Num. tokens	Expression Lexicon Size (ELS)	Expression Variety (EV)	Expression Repetition (ER)	Voc. Overlap	ENTR	L	LMAX
dialogue_txt	19.0	473.0	75.0	0.15856236786469344	0.4059196617336152	0.3435897435897436	0.7482919852348981	1.1914893617021276	3.0
