ID	Num. utterances	Num. tokens	Expression Lexicon Size (ELS)	Expression Variety (EV)	Expression Repetition (ER)	Voc. Overlap	ENTR	L	LMAX
dialogue_txt	13.0	178.0	31.0	0.17415730337078653	0.43820224719101125	0.4935064935064935	1.4980691826073085	1.6527777777777777	6.0
