ID	Num. utterances	Num. tokens	Expression Lexicon Size (ELS)	Expression Variety (EV)	Expression Repetition (ER)	Voc. Overlap	ENTR	L	LMAX
dialogue_txt	19.0	280.0	27.0	0.09642857142857143	0.21071428571428572	0.21212121212121213	0.6900836911817917	1.1686746987951808	3.0
