ID	Num. utterances	Num. tokens	Expression Lexicon Size (ELS)	Expression Variety (EV)	Expression Repetition (ER)	Voc. Overlap	ENTR	L	LMAX
dialogue_txt	16.0	247.0	37.0	0.14979757085020243	0.25101214574898784	0.3252032520325203	1.2151215308805665	1.475609756097561	5.0
