ID	Num. utterances	Num. tokens	Expression Lexicon Size (ELS)	Expression Variety (EV)	Expression Repetition (ER)	Voc. Overlap	ENTR	L	LMAX
dialogue_txt	16.0	263.0	31.0	0.11787072243346007	0.26996197718631176	0.22302158273381295	0.5665095065529053	1.1333333333333333	2.0
