ID	Num. utterances	Num. tokens	Expression Lexicon Size (ELS)	Expression Variety (EV)	Expression Repetition (ER)	Voc. Overlap	ENTR	L	LMAX
dialogue_txt	18.0	227.0	31.0	0.13656387665198239	0.21585903083700442	0.2767857142857143	1.0622969215162898	1.3611111111111112	5.0
