ID	S1	S2	S1/Initiated Expression (IE_S1)	S1/Expression Repetition (ER_S1)	S1/tokens (%)	S2/Initiated Expression (IE_S2)	S2/Expression Repetition (ER_S2)	S2/tokens (%)	Voc. Overlap S1	Voc. Overlap S2	SR/S1/ELS	SR/S1/EV	SR/S1/ER	SR/S1/ENTR	SR/S1/L	SR/S1/LMAX	SR/S2/ELS	SR/S2/EV	SR/S2/ER	SR/S2/ENTR	SR/S2/L	SR/S2/LMAX
dialogue_txt	Human 1	Human 2	0.8055555555555556	0.09523809523809523	0.4221105527638191	0.19444444444444445	0.6782608695652174	0.5778894472361809	0.5737704918032787	0.6140350877192983	9.0	0.0989010989010989	0.23076923076923078	-0.0	1.0	1.0	28.0	0.22764227642276422	0.6747967479674797	1.3540489879782314	1.5555555555555556	4.0
