ID	S1	S2	S1/Initiated Expression (IE_S1)	S1/Expression Repetition (ER_S1)	S1/tokens (%)	S2/Initiated Expression (IE_S2)	S2/Expression Repetition (ER_S2)	S2/tokens (%)	Voc. Overlap S1	Voc. Overlap S2	SR/S1/ELS	SR/S1/EV	SR/S1/ER	SR/S1/ENTR	SR/S1/L	SR/S1/LMAX	SR/S2/ELS	SR/S2/EV	SR/S2/ER	SR/S2/ENTR	SR/S2/L	SR/S2/LMAX
dialogue_txt	Human 1	Human 2	0.7619047619047619	0.14492753623188406	0.3094170403587444	0.23809523809523808	0.2922077922077922	0.6905829596412556	0.43859649122807015	0.25510204081632654	6.0	0.07894736842105263	0.18421052631578946	-0.0	1.0	1.0	17.0	0.10493827160493827	0.37037037037037035	0.9557047234094589	1.4102564102564104	3.0
