ID	Num. utterances	Num. tokens	Expression Lexicon Size (ELS)	Expression Variety (EV)	Expression Repetition (ER)	Voc. Overlap	ENTR	L	LMAX
dialogue_txt	15.0	223.0	21.0	0.09417040358744394	0.24663677130044842	0.19230769230769232	0.6838104214057896	1.1935483870967742	3.0
