ID	S1	S2	S1/Initiated Expression (IE_S1)	S1/Expression Repetition (ER_S1)	S1/tokens (%)	S2/Initiated Expression (IE_S2)	S2/Expression Repetition (ER_S2)	S2/tokens (%)	Voc. Overlap S1	Voc. Overlap S2	SR/S1/ELS	SR/S1/EV	SR/S1/ER	SR/S1/ENTR	SR/S1/L	SR/S1/LMAX	SR/S2/ELS	SR/S2/EV	SR/S2/ER	SR/S2/ENTR	SR/S2/L	SR/S2/LMAX
dialogue_txt	Human 1	Human 2	0.8918918918918919	0.11965811965811966	0.4978723404255319	0.10810810810810811	0.5932203389830508	0.502127659574468	0.5362318840579711	0.5692307692307692	19.0	0.15079365079365079	0.4126984126984127	1.242370874393215	1.457142857142857	3.0	21.0	0.16535433070866143	0.49606299212598426	1.47935629362261	1.6486486486486487	4.0
