ID	Num. utterances	Num. tokens	Expression Lexicon Size (ELS)	Expression Variety (EV)	Expression Repetition (ER)	Voc. Overlap	ENTR	L	LMAX
dialogue_txt	15.0	286.0	39.0	0.13636363636363635	0.33916083916083917	0.2962962962962963	0.5921679367230969	1.1512605042016806	4.0
