ID	S1	S2	S1/Initiated Expression (IE_S1)	S1/Expression Repetition (ER_S1)	S1/tokens (%)	S2/Initiated Expression (IE_S2)	S2/Expression Repetition (ER_S2)	S2/tokens (%)	Voc. Overlap S1	Voc. Overlap S2	SR/S1/ELS	SR/S1/EV	SR/S1/ER	SR/S1/ENTR	SR/S1/L	SR/S1/LMAX	SR/S2/ELS	SR/S2/EV	SR/S2/ER	SR/S2/ENTR	SR/S2/L	SR/S2/LMAX
dialogue_txt	Human 1	Human 2	0.8064516129032258	0.16153846153846155	0.625	0.1935483870967742	0.5897435897435898	0.375	0.32558139534883723	0.5957446808510638	14.0	0.10218978102189781	0.3357664233576642	0.4854607607459134	1.105263157894737	2.0	14.0	0.16279069767441862	0.5	1.1469968458926931	1.4333333333333333	4.0
