ID	Num. utterances	Num. tokens	Expression Lexicon Size (ELS)	Expression Variety (EV)	Expression Repetition (ER)	Voc. Overlap	ENTR	L	LMAX
dialogue_txt	15.0	208.0	31.0	0.14903846153846154	0.32211538461538464	0.26666666666666666	1.0221381403460275	1.3164556962025316	3.0
