ID	S1	S2	S1/Initiated Expression (IE_S1)	S1/Expression Repetition (ER_S1)	S1/tokens (%)	S2/Initiated Expression (IE_S2)	S2/Expression Repetition (ER_S2)	S2/tokens (%)	Voc. Overlap S1	Voc. Overlap S2	SR/S1/ELS	SR/S1/EV	SR/S1/ER	SR/S1/ENTR	SR/S1/L	SR/S1/LMAX	SR/S2/ELS	SR/S2/EV	SR/S2/ER	SR/S2/ENTR	SR/S2/L	SR/S2/LMAX
dialogue_txt	Human 1	Human 2	0.8125	0.05555555555555555	0.4462809917355372	0.1875	0.34328358208955223	0.5537190082644629	0.5121951219512195	0.4666666666666667	4.0	0.06896551724137931	0.1724137931034483	-0.0	1.0	1.0	7.0	0.09859154929577464	0.4084507042253521	1.8230679822736606	2.6363636363636362	7.0
