ID	Num. utterances	Num. tokens	Expression Lexicon Size (ELS)	Expression Variety (EV)	Expression Repetition (ER)	Voc. Overlap	ENTR	L	LMAX
dialogue_txt	16.0	175.0	10.0	0.05714285714285714	0.09714285714285714	0.16470588235294117	0.34511731494495296	1.064516129032258	2.0
