ID	Num. utterances	Num. tokens	Expression Lexicon Size (ELS)	Expression Variety (EV)	Expression Repetition (ER)	Voc. Overlap	ENTR	L	LMAX
dialogue_txt	16.0	278.0	49.0	0.17625899280575538	0.39568345323741005	0.36585365853658536	0.8429654102140464	1.2296296296296296	3.0
