ID	S1	S2	S1/Initiated Expression (IE_S1)	S1/Expression Repetition (ER_S1)	S1/tokens (%)	S2/Initiated Expression (IE_S2)	S2/Expression Repetition (ER_S2)	S2/tokens (%)	Voc. Overlap S1	Voc. Overlap S2	SR/S1/ELS	SR/S1/EV	SR/S1/ER	SR/S1/ENTR	SR/S1/L	SR/S1/LMAX	SR/S2/ELS	SR/S2/EV	SR/S2/ER	SR/S2/ENTR	SR/S2/L	SR/S2/LMAX
dialogue_txt	Human 1	Human 2	0.8048780487804879	0.14285714285714285	0.35379061371841153	0.1951219512195122	0.46368715083798884	0.6462093862815884	0.6567164179104478	0.43137254901960786	12.0	0.11214953271028037	0.2616822429906542	0.4021791902022728	1.08	2.0	34.0	0.18085106382978725	0.526595744680851	1.0613394019349702	1.3424657534246576	3.0
