ID	Num. utterances	Num. tokens	Expression Lexicon Size (ELS)	Expression Variety (EV)	Expression Repetition (ER)	Voc. Overlap	ENTR	L	LMAX
dialogue_txt	15.0	165.0	14.0	0.08484848484848485	0.19393939393939394	0.19148936170212766	0.7793498372920851	1.2307692307692308	2.0
