ID	Num. utterances	Num. tokens	Expression Lexicon Size (ELS)	Expression Variety (EV)	Expression Repetition (ER)	Voc. Overlap	ENTR	L	LMAX
dialogue_txt	14.0	223.0	34.0	0.15246636771300448	0.3004484304932735	0.3181818181818182	0.880957988341242	1.247191011235955	3.0
