ID	Num. utterances	Num. tokens	Expression Lexicon Size (ELS)	Expression Variety (EV)	Expression Repetition (ER)	Voc. Overlap	ENTR	L	LMAX
dialogue_txt	19.0	435.0	49.0	0.11264367816091954	0.271264367816092	0.2558139534883721	0.5280398628703225	1.1139240506329113	3.0
