ID	Num. utterances	Num. tokens	Expression Lexicon Size (ELS)	Expression Variety (EV)	Expression Repetition (ER)	Voc. Overlap	ENTR	L	LMAX
dialogue_txt	16.0	303.0	42.0	0.13861386138613863	0.3927392739273927	0.3458646616541353	0.7912268768272424	1.3253968253968254	7.0
