ID	S1	S2	S1/Initiated Expression (IE_S1)	S1/Expression Repetition (ER_S1)	S1/tokens (%)	S2/Initiated Expression (IE_S2)	S2/Expression Repetition (ER_S2)	S2/tokens (%)	Voc. Overlap S1	Voc. Overlap S2	SR/S1/ELS	SR/S1/EV	SR/S1/ER	SR/S1/ENTR	SR/S1/L	SR/S1/LMAX	SR/S2/ELS	SR/S2/EV	SR/S2/ER	SR/S2/ENTR	SR/S2/L	SR/S2/LMAX
dialogue_txt	Human 1	Human 2	0.65625	0.23076923076923078	0.41935483870967744	0.34375	0.4126984126984127	0.5806451612903226	0.5076923076923077	0.44	12.0	0.12121212121212122	0.2828282828282828	-0.0	1.0	1.0	15.0	0.11194029850746269	0.44776119402985076	1.6023342696935312	1.7575757575757576	4.0
