ID	S1	S2	S1/Initiated Expression (IE_S1)	S1/Expression Repetition (ER_S1)	S1/tokens (%)	S2/Initiated Expression (IE_S2)	S2/Expression Repetition (ER_S2)	S2/tokens (%)	Voc. Overlap S1	Voc. Overlap S2	SR/S1/ELS	SR/S1/EV	SR/S1/ER	SR/S1/ENTR	SR/S1/L	SR/S1/LMAX	SR/S2/ELS	SR/S2/EV	SR/S2/ER	SR/S2/ENTR	SR/S2/L	SR/S2/LMAX
dialogue_txt	Human 1	Human 2	0.6153846153846154	0.24324324324324326	0.47435897435897434	0.38461538461538464	0.5	0.5256410256410257	0.47126436781609193	0.4823529411764706	22.0	0.14102564102564102	0.4230769230769231	0.8176338568998316	1.22	3.0	26.0	0.1511627906976744	0.5581395348837209	1.6285957849442392	1.7894736842105263	5.0
