ID	Num. utterances	Num. tokens	Expression Lexicon Size (ELS)	Expression Variety (EV)	Expression Repetition (ER)	Voc. Overlap	ENTR	L	LMAX
dialogue_txt	15.0	179.0	27.0	0.15083798882681565	0.33519553072625696	0.3333333333333333	1.1871927644701994	1.5454545454545454	7.0
