ID	Num. utterances	Num. tokens	Expression Lexicon Size (ELS)	Expression Variety (EV)	Expression Repetition (ER)	Voc. Overlap	ENTR	L	LMAX
dialogue_txt	5.0	63.0	6.0	0.09523809523809523	0.1111111111111111	0.16326530612244897	0.6500224216483541	1.1666666666666667	2.0
