ID	S1	S2	S1/Initiated Expression (IE_S1)	S1/Expression Repetition (ER_S1)	S1/tokens (%)	S2/Initiated Expression (IE_S2)	S2/Expression Repetition (ER_S2)	S2/tokens (%)	Voc. Overlap S1	Voc. Overlap S2	SR/S1/ELS	SR/S1/EV	SR/S1/ER	SR/S1/ENTR	SR/S1/L	SR/S1/LMAX	SR/S2/ELS	SR/S2/EV	SR/S2/ER	SR/S2/ENTR	SR/S2/L	SR/S2/LMAX
dialogue_txt	Human 1	Human 2	0.5416666666666666	0.22033898305084745	0.4627450980392157	0.4583333333333333	0.22627737226277372	0.5372549019607843	0.37662337662337664	0.31521739130434784	13.0	0.104	0.264	0.6051865766334206	1.1481481481481481	2.0	19.0	0.1310344827586207	0.3586206896551724	0.8703622255167202	1.2439024390243902	3.0
