ID	Num. utterances	Num. tokens	Expression Lexicon Size (ELS)	Expression Variety (EV)	Expression Repetition (ER)	Voc. Overlap	ENTR	L	LMAX
dialogue_txt	15.0	213.0	34.0	0.1596244131455399	0.3615023474178404	0.41414141414141414	0.8607283514142157	1.2421052631578948	4.0
