ID	S1	S2	S1/Initiated Expression (IE_S1)	S1/Expression Repetition (ER_S1)	S1/tokens (%)	S2/Initiated Expression (IE_S2)	S2/Expression Repetition (ER_S2)	S2/tokens (%)	Voc. Overlap S1	Voc. Overlap S2	SR/S1/ELS	SR/S1/EV	SR/S1/ER	SR/S1/ENTR	SR/S1/L	SR/S1/LMAX	SR/S2/ELS	SR/S2/EV	SR/S2/ER	SR/S2/ENTR	SR/S2/L	SR/S2/LMAX
dialogue_txt	Human 1	Human 2	0.6756756756756757	0.25196850393700787	0.4584837545126354	0.32432432432432434	0.38666666666666666	0.5415162454873647	0.48148148148148145	0.4431818181818182	16.0	0.11940298507462686	0.34328358208955223	0.6394571324851641	1.162162162162162	2.0	23.0	0.14556962025316456	0.47468354430379744	1.1928368519465136	1.4615384615384615	4.0
