ID	S1	S2	S1/Initiated Expression (IE_S1)	S1/Expression Repetition (ER_S1)	S1/tokens (%)	S2/Initiated Expression (IE_S2)	S2/Expression Repetition (ER_S2)	S2/tokens (%)	Voc. Overlap S1	Voc. Overlap S2	SR/S1/ELS	SR/S1/EV	SR/S1/ER	SR/S1/ENTR	SR/S1/L	SR/S1/LMAX	SR/S2/ELS	SR/S2/EV	SR/S2/ER	SR/S2/ENTR	SR/S2/L	SR/S2/LMAX
dialogue_txt	Human 1	Human 2	0.6216216216216216	0.2440944881889764	0.508	0.3783783783783784	0.2845528455284553	0.492	0.43902439024390244	0.43373493975903615	17.0	0.1259259259259259	0.34074074074074073	0.6394571324851641	1.162162162162162	2.0	15.0	0.11450381679389313	0.29770992366412213	0.31599713297842463	1.0571428571428572	2.0
