ID	S1	S2	S1/Initiated Expression (IE_S1)	S1/Expression Repetition (ER_S1)	S1/tokens (%)	S2/Initiated Expression (IE_S2)	S2/Expression Repetition (ER_S2)	S2/tokens (%)	Voc. Overlap S1	Voc. Overlap S2	SR/S1/ELS	SR/S1/EV	SR/S1/ER	SR/S1/ENTR	SR/S1/L	SR/S1/LMAX	SR/S2/ELS	SR/S2/EV	SR/S2/ER	SR/S2/ENTR	SR/S2/L	SR/S2/LMAX
dialogue_txt	Human 1	Human 2	0.7428571428571429	0.1796875	0.5161290322580645	0.2571428571428571	0.4166666666666667	0.4838709677419355	0.38823529411764707	0.4177215189873418	19.0	0.14074074074074075	0.37777777777777777	0.5916727785823274	1.1428571428571428	2.0	15.0	0.11811023622047244	0.41732283464566927	0.5796354087834323	1.3076923076923077	6.0
