ID	Num. utterances	Num. tokens	Expression Lexicon Size (ELS)	Expression Variety (EV)	Expression Repetition (ER)	Voc. Overlap	ENTR	L	LMAX
dialogue_txt	17.0	329.0	44.0	0.1337386018237082	0.3221884498480243	0.26744186046511625	0.3262588146294927	1.0597014925373134	2.0
