ID	Num. utterances	Num. tokens	Expression Lexicon Size (ELS)	Expression Variety (EV)	Expression Repetition (ER)	Voc. Overlap	ENTR	L	LMAX
dialogue_txt	15.0	290.0	37.0	0.12758620689655173	0.30689655172413793	0.2585034013605442	0.7564880238554577	1.212962962962963	4.0
