ID	S1	S2	S1/Initiated Expression (IE_S1)	S1/Expression Repetition (ER_S1)	S1/tokens (%)	S2/Initiated Expression (IE_S2)	S2/Expression Repetition (ER_S2)	S2/tokens (%)	Voc. Overlap S1	Voc. Overlap S2	SR/S1/ELS	SR/S1/EV	SR/S1/ER	SR/S1/ENTR	SR/S1/L	SR/S1/LMAX	SR/S2/ELS	SR/S2/EV	SR/S2/ER	SR/S2/ENTR	SR/S2/L	SR/S2/LMAX
dialogue_txt	Human 1	Human 2	0.7027027027027027	0.22297297297297297	0.5103448275862069	0.2972972972972973	0.39436619718309857	0.4896551724137931	0.3917525773195876	0.4318181818181818	16.0	0.1032258064516129	0.2838709677419355	0.512709142030877	1.1142857142857143	2.0	20.0	0.13333333333333333	0.43333333333333335	0.9055872616982603	1.3333333333333333	4.0
