ID	Num. utterances	Num. tokens	Expression Lexicon Size (ELS)	Expression Variety (EV)	Expression Repetition (ER)	Voc. Overlap	ENTR	L	LMAX
dialogue_txt	16.0	364.0	62.0	0.17032967032967034	0.40934065934065933	0.4015151515151515	1.3608655064494155	1.5337837837837838	7.0
