ID	Num. utterances	Num. tokens	Expression Lexicon Size (ELS)	Expression Variety (EV)	Expression Repetition (ER)	Voc. Overlap	ENTR	L	LMAX
dialogue_txt	16.0	332.0	54.0	0.16265060240963855	0.34036144578313254	0.3877551020408163	0.9464436723390902	1.2867132867132867	5.0
