ID	S1	S2	S1/Initiated Expression (IE_S1)	S1/Expression Repetition (ER_S1)	S1/tokens (%)	S2/Initiated Expression (IE_S2)	S2/Expression Repetition (ER_S2)	S2/tokens (%)	Voc. Overlap S1	Voc. Overlap S2	SR/S1/ELS	SR/S1/EV	SR/S1/ER	SR/S1/ENTR	SR/S1/L	SR/S1/LMAX	SR/S2/ELS	SR/S2/EV	SR/S2/ER	SR/S2/ENTR	SR/S2/L	SR/S2/LMAX
dialogue_txt	Human 1	Human 2	0.8095238095238095	0.10810810810810811	0.7254901960784313	0.19047619047619047	0.6071428571428571	0.27450980392156865	0.23711340206185566	0.6571428571428571	16.0	0.1032258064516129	0.2838709677419355	0.512709142030877	1.1142857142857143	2.0	9.0	0.140625	0.390625	0.7742433029172697	1.263157894736842	3.0
