ID	Num. utterances	Num. tokens	Expression Lexicon Size (ELS)	Expression Variety (EV)	Expression Repetition (ER)	Voc. Overlap	ENTR	L	LMAX
dialogue_txt	15.0	241.0	36.0	0.14937759336099585	0.3070539419087137	0.3333333333333333	0.6350404396229887	1.1584158415841583	3.0
