ID	Num. utterances	Num. tokens	Expression Lexicon Size (ELS)	Expression Variety (EV)	Expression Repetition (ER)	Voc. Overlap	ENTR	L	LMAX
dialogue_txt	15.0	286.0	39.0	0.13636363636363635	0.34615384615384615	0.3358208955223881	0.6883252003023836	1.2032520325203253	4.0
