ID	Num. utterances	Num. tokens	Expression Lexicon Size (ELS)	Expression Variety (EV)	Expression Repetition (ER)	Voc. Overlap	ENTR	L	LMAX
dialogue_txt	14.0	227.0	25.0	0.11013215859030837	0.19823788546255505	0.2076923076923077	0.6274303352684106	1.1571428571428573	2.0
