ID	Num. utterances	Num. tokens	Expression Lexicon Size (ELS)	Expression Variety (EV)	Expression Repetition (ER)	Voc. Overlap	ENTR	L	LMAX
dialogue_txt	18.0	223.0	39.0	0.17488789237668162	0.38565022421524664	0.5268817204301075	1.543973948130539	1.9615384615384615	15.0
