ID	Num. utterances	Num. tokens	Expression Lexicon Size (ELS)	Expression Variety (EV)	Expression Repetition (ER)	Voc. Overlap	ENTR	L	LMAX
dialogue_txt	17.0	264.0	34.0	0.12878787878787878	0.29545454545454547	0.25833333333333336	0.8763600057770584	1.2747252747252746	5.0
