ID	Num. utterances	Num. tokens	Expression Lexicon Size (ELS)	Expression Variety (EV)	Expression Repetition (ER)	Voc. Overlap	ENTR	L	LMAX
dialogue_txt	14.0	218.0	28.0	0.12844036697247707	0.2706422018348624	0.27350427350427353	0.8424240244940003	1.2702702702702702	5.0
