ID	Num. utterances	Num. tokens	Expression Lexicon Size (ELS)	Expression Variety (EV)	Expression Repetition (ER)	Voc. Overlap	ENTR	L	LMAX
dialogue_txt	8.0	113.0	10.0	0.08849557522123894	0.11504424778761062	0.1518987341772152	0.7024665512903903	1.1904761904761905	2.0
