ID	Num. utterances	Num. tokens	Expression Lexicon Size (ELS)	Expression Variety (EV)	Expression Repetition (ER)	Voc. Overlap	ENTR	L	LMAX
dialogue_txt	13.0	178.0	17.0	0.09550561797752809	0.1797752808988764	0.18811881188118812	0.6422064220541268	1.2619047619047619	4.0
