ID	Num. utterances	Num. tokens	Expression Lexicon Size (ELS)	Expression Variety (EV)	Expression Repetition (ER)	Voc. Overlap	ENTR	L	LMAX
dialogue_txt	16.0	253.0	41.0	0.16205533596837945	0.3201581027667984	0.3559322033898305	0.6700085023285582	1.1869158878504673	4.0
