ID	Num. utterances	Num. tokens	Expression Lexicon Size (ELS)	Expression Variety (EV)	Expression Repetition (ER)	Voc. Overlap	ENTR	L	LMAX
dialogue_txt	15.0	301.0	44.0	0.1461794019933555	0.3687707641196013	0.35877862595419846	0.6698126576238703	1.2028985507246377	4.0
