ID	S1	S2	S1/Initiated Expression (IE_S1)	S1/Expression Repetition (ER_S1)	S1/tokens (%)	S2/Initiated Expression (IE_S2)	S2/Expression Repetition (ER_S2)	S2/tokens (%)	Voc. Overlap S1	Voc. Overlap S2	SR/S1/ELS	SR/S1/EV	SR/S1/ER	SR/S1/ENTR	SR/S1/L	SR/S1/LMAX	SR/S2/ELS	SR/S2/EV	SR/S2/ER	SR/S2/ENTR	SR/S2/L	SR/S2/LMAX
dialogue_txt	Human 1	Human 2	0.68	0.18867924528301888	0.2849462365591398	0.32	0.2631578947368421	0.7150537634408602	0.5641025641025641	0.2682926829268293	5.0	0.08064516129032258	0.16129032258064516	-0.0	1.0	1.0	23.0	0.1619718309859155	0.4788732394366197	0.7075696535050607	1.1785714285714286	3.0
