ID	Num. utterances	Num. tokens	Expression Lexicon Size (ELS)	Expression Variety (EV)	Expression Repetition (ER)	Voc. Overlap	ENTR	L	LMAX
dialogue_txt	18.0	186.0	25.0	0.13440860215053763	0.24193548387096775	0.2222222222222222	0.8304809771649899	1.2586206896551724	4.0
