ID	S1	S2	S1/Initiated Expression (IE_S1)	S1/Expression Repetition (ER_S1)	S1/tokens (%)	S2/Initiated Expression (IE_S2)	S2/Expression Repetition (ER_S2)	S2/tokens (%)	Voc. Overlap S1	Voc. Overlap S2	SR/S1/ELS	SR/S1/EV	SR/S1/ER	SR/S1/ENTR	SR/S1/L	SR/S1/LMAX	SR/S2/ELS	SR/S2/EV	SR/S2/ER	SR/S2/ENTR	SR/S2/L	SR/S2/LMAX
dialogue_txt	Human 1	Human 2	0.6666666666666666	0.2033898305084746	0.27314814814814814	0.3333333333333333	0.25477707006369427	0.7268518518518519	0.5581395348837209	0.24489795918367346	8.0	0.11940298507462686	0.31343283582089554	-0.0	1.0	1.0	28.0	0.1696969696969697	0.43636363636363634	0.5605769426145328	1.1311475409836065	2.0
