ID	S1	S2	S1/Initiated Expression (IE_S1)	S1/Expression Repetition (ER_S1)	S1/tokens (%)	S2/Initiated Expression (IE_S2)	S2/Expression Repetition (ER_S2)	S2/tokens (%)	Voc. Overlap S1	Voc. Overlap S2	SR/S1/ELS	SR/S1/EV	SR/S1/ER	SR/S1/ENTR	SR/S1/L	SR/S1/LMAX	SR/S2/ELS	SR/S2/EV	SR/S2/ER	SR/S2/ENTR	SR/S2/L	SR/S2/LMAX
dialogue_txt	Human 1	Human 2	0.6129032258064516	0.2	0.2803738317757009	0.3870967741935484	0.35064935064935066	0.719626168224299	0.6521739130434783	0.3488372093023256	5.0	0.07246376811594203	0.17391304347826086	0.7219280948873623	1.2	2.0	27.0	0.1656441717791411	0.5521472392638037	1.8492558158081727	2.1363636363636362	8.0
