ID	S1	S2	S1/Initiated Expression (IE_S1)	S1/Expression Repetition (ER_S1)	S1/tokens (%)	S2/Initiated Expression (IE_S2)	S2/Expression Repetition (ER_S2)	S2/tokens (%)	Voc. Overlap S1	Voc. Overlap S2	SR/S1/ELS	SR/S1/EV	SR/S1/ER	SR/S1/ENTR	SR/S1/L	SR/S1/LMAX	SR/S2/ELS	SR/S2/EV	SR/S2/ER	SR/S2/ENTR	SR/S2/L	SR/S2/LMAX
dialogue_txt	Human 1	Human 2	0.7111111111111111	0.23357664233576642	0.46283783783783783	0.28888888888888886	0.5157232704402516	0.5371621621621622	0.5681818181818182	0.5208333333333334	19.0	0.1310344827586207	0.36551724137931035	0.693127415328288	1.186046511627907	2.0	27.0	0.16071428571428573	0.5	0.6540471842463446	1.1818181818181819	3.0
