ID	Num. utterances	Num. tokens	Expression Lexicon Size (ELS)	Expression Variety (EV)	Expression Repetition (ER)	Voc. Overlap	ENTR	L	LMAX
dialogue_txt	17.0	296.0	45.0	0.15202702702702703	0.38513513513513514	0.373134328358209	0.6177955443560753	1.1549295774647887	4.0
