ID	Num. utterances	Num. tokens	Expression Lexicon Size (ELS)	Expression Variety (EV)	Expression Repetition (ER)	Voc. Overlap	ENTR	L	LMAX
dialogue_txt	17.0	308.0	37.0	0.12012987012987013	0.237012987012987	0.2582781456953642	0.4566836315394428	1.0961538461538463	2.0
