ID	Num. utterances	Num. tokens	Expression Lexicon Size (ELS)	Expression Variety (EV)	Expression Repetition (ER)	Voc. Overlap	ENTR	L	LMAX
dialogue_txt	18.0	180.0	30.0	0.16666666666666666	0.3611111111111111	0.3132530120481928	1.1259053672964667	1.378787878787879	3.0
