ID	Num. utterances	Num. tokens	Expression Lexicon Size (ELS)	Expression Variety (EV)	Expression Repetition (ER)	Voc. Overlap	ENTR	L	LMAX
dialogue_txt	15.0	292.0	48.0	0.1643835616438356	0.339041095890411	0.36619718309859156	0.6703625755547318	1.2230769230769232	5.0
