ID	Num. utterances	Num. tokens	Expression Lexicon Size (ELS)	Expression Variety (EV)	Expression Repetition (ER)	Voc. Overlap	ENTR	L	LMAX
dialogue_txt	16.0	251.0	27.0	0.10756972111553785	0.2788844621513944	0.27049180327868855	0.8275855630406446	1.2439024390243902	3.0
