ID	Num. utterances	Num. tokens	Expression Lexicon Size (ELS)	Expression Variety (EV)	Expression Repetition (ER)	Voc. Overlap	ENTR	L	LMAX
dialogue_txt	16.0	209.0	17.0	0.08133971291866028	0.14354066985645933	0.17543859649122806	0.41381685030363374	1.0833333333333333	2.0
