ID	Num. utterances	Num. tokens	Expression Lexicon Size (ELS)	Expression Variety (EV)	Expression Repetition (ER)	Voc. Overlap	ENTR	L	LMAX
dialogue_txt	15.0	212.0	19.0	0.08962264150943396	0.22169811320754718	0.2072072072072072	0.6669740736911405	1.1639344262295082	3.0
