ID	S1	S2	S1/Initiated Expression (IE_S1)	S1/Expression Repetition (ER_S1)	S1/tokens (%)	S2/Initiated Expression (IE_S2)	S2/Expression Repetition (ER_S2)	S2/tokens (%)	Voc. Overlap S1	Voc. Overlap S2	SR/S1/ELS	SR/S1/EV	SR/S1/ER	SR/S1/ENTR	SR/S1/L	SR/S1/LMAX	SR/S2/ELS	SR/S2/EV	SR/S2/ER	SR/S2/ENTR	SR/S2/L	SR/S2/LMAX
dialogue_txt	Human 1	Human 2	0.7	0.14814814814814814	0.48214285714285715	0.3	0.2413793103448276	0.5178571428571429	0.3902439024390244	0.36363636363636365	4.0	0.06896551724137931	0.1724137931034483	-0.0	1.0	1.0	5.0	0.08064516129032258	0.1935483870967742	-0.0	1.0	1.0
