ID	Num. utterances	Num. tokens	Expression Lexicon Size (ELS)	Expression Variety (EV)	Expression Repetition (ER)	Voc. Overlap	ENTR	L	LMAX
dialogue_txt	8.0	112.0	10.0	0.08928571428571429	0.19642857142857142	0.2318840579710145	0.8166890883150209	1.4166666666666667	5.0
