ID	S1	S2	S1/Initiated Expression (IE_S1)	S1/Expression Repetition (ER_S1)	S1/tokens (%)	S2/Initiated Expression (IE_S2)	S2/Expression Repetition (ER_S2)	S2/tokens (%)	Voc. Overlap S1	Voc. Overlap S2	SR/S1/ELS	SR/S1/EV	SR/S1/ER	SR/S1/ENTR	SR/S1/L	SR/S1/LMAX	SR/S2/ELS	SR/S2/EV	SR/S2/ER	SR/S2/ENTR	SR/S2/L	SR/S2/LMAX
dialogue_txt	Human 1	Human 2	0.7916666666666666	0.24324324324324326	0.4966442953020134	0.20833333333333334	0.56	0.5033557046979866	0.5057471264367817	0.55	22.0	0.14102564102564102	0.4230769230769231	0.8176338568998316	1.22	3.0	28.0	0.17721518987341772	0.5443037974683544	0.8871599536752377	1.3770491803278688	6.0
