ID	S1	S2	S1/Initiated Expression (IE_S1)	S1/Expression Repetition (ER_S1)	S1/tokens (%)	S2/Initiated Expression (IE_S2)	S2/Expression Repetition (ER_S2)	S2/tokens (%)	Voc. Overlap S1	Voc. Overlap S2	SR/S1/ELS	SR/S1/EV	SR/S1/ER	SR/S1/ENTR	SR/S1/L	SR/S1/LMAX	SR/S2/ELS	SR/S2/EV	SR/S2/ER	SR/S2/ENTR	SR/S2/L	SR/S2/LMAX
dialogue_txt	Human 1	Human 2	0.8409090909090909	0.1732283464566929	0.5644444444444444	0.1590909090909091	0.7244897959183674	0.43555555555555553	0.5432098765432098	0.7586206896551724	16.0	0.11940298507462686	0.34328358208955223	0.6394571324851641	1.162162162162162	2.0	21.0	0.19811320754716982	0.5377358490566038	0.8076702057269436	1.2173913043478262	3.0
