ID	Num. utterances	Num. tokens	Expression Lexicon Size (ELS)	Expression Variety (EV)	Expression Repetition (ER)	Voc. Overlap	ENTR	L	LMAX
dialogue_txt	14.0	254.0	37.0	0.14566929133858267	0.3228346456692913	0.29133858267716534	0.8517890390276766	1.2380952380952381	3.0
