ID	Num. utterances	Num. tokens	Expression Lexicon Size (ELS)	Expression Variety (EV)	Expression Repetition (ER)	Voc. Overlap	ENTR	L	LMAX
dialogue_txt	14.0	240.0	22.0	0.09166666666666666	0.21666666666666667	0.19672131147540983	0.6024308020404452	1.1470588235294117	2.0
