ID	Num. utterances	Num. tokens	Expression Lexicon Size (ELS)	Expression Variety (EV)	Expression Repetition (ER)	Voc. Overlap	ENTR	L	LMAX
dialogue_txt	15.0	163.0	25.0	0.15337423312883436	0.32515337423312884	0.3291139240506329	1.142597043466652	1.4406779661016949	6.0
