ID	Num. utterances	Num. tokens	Expression Lexicon Size (ELS)	Expression Variety (EV)	Expression Repetition (ER)	Voc. Overlap	ENTR	L	LMAX
dialogue_txt	15.0	183.0	30.0	0.16393442622950818	0.3879781420765027	0.36470588235294116	0.5846008946294322	1.1764705882352942	4.0
