ID	S1	S2	S1/Initiated Expression (IE_S1)	S1/Expression Repetition (ER_S1)	S1/tokens (%)	S2/Initiated Expression (IE_S2)	S2/Expression Repetition (ER_S2)	S2/tokens (%)	Voc. Overlap S1	Voc. Overlap S2	SR/S1/ELS	SR/S1/EV	SR/S1/ER	SR/S1/ENTR	SR/S1/L	SR/S1/LMAX	SR/S2/ELS	SR/S2/EV	SR/S2/ER	SR/S2/ENTR	SR/S2/L	SR/S2/LMAX
dialogue_txt	Human 1	Human 2	0.5333333333333333	0.16981132075471697	0.20703125	0.4666666666666667	0.08374384236453201	0.79296875	0.41025641025641024	0.14285714285714285	5.0	0.08064516129032258	0.16129032258064516	-0.0	1.0	1.0	34.0	0.16037735849056603	0.5188679245283019	1.246867848089857	1.4487179487179487	4.0
