ID	S1	S2	S1/Initiated Expression (IE_S1)	S1/Expression Repetition (ER_S1)	S1/tokens (%)	S2/Initiated Expression (IE_S2)	S2/Expression Repetition (ER_S2)	S2/tokens (%)	Voc. Overlap S1	Voc. Overlap S2	SR/S1/ELS	SR/S1/EV	SR/S1/ER	SR/S1/ENTR	SR/S1/L	SR/S1/LMAX	SR/S2/ELS	SR/S2/EV	SR/S2/ER	SR/S2/ENTR	SR/S2/L	SR/S2/LMAX
dialogue_txt	Human 1	Human 2	0.7368421052631579	0.21839080459770116	0.3258426966292135	0.2631578947368421	0.2111111111111111	0.6741573033707865	0.3888888888888889	0.22826086956521738	12.0	0.125	0.3645833333333333	1.0676111603502403	1.434782608695652	4.0	36.0	0.18947368421052632	0.631578947368421	1.5456636290595156	1.6710526315789473	5.0
