ID	Num. utterances	Num. tokens	Expression Lexicon Size (ELS)	Expression Variety (EV)	Expression Repetition (ER)	Voc. Overlap	ENTR	L	LMAX
dialogue_txt	15.0	212.0	49.0	0.23113207547169812	0.38207547169811323	0.46534653465346537	0.9878656233761456	1.2990654205607477	4.0
