ID	Num. utterances	Num. tokens	Expression Lexicon Size (ELS)	Expression Variety (EV)	Expression Repetition (ER)	Voc. Overlap	ENTR	L	LMAX
dialogue_txt	16.0	237.0	17.0	0.07172995780590717	0.14345991561181434	0.14285714285714285	0.5993142373098092	1.1458333333333333	2.0
