ID	S1	S2	S1/Initiated Expression (IE_S1)	S1/Expression Repetition (ER_S1)	S1/tokens (%)	S2/Initiated Expression (IE_S2)	S2/Expression Repetition (ER_S2)	S2/tokens (%)	Voc. Overlap S1	Voc. Overlap S2	SR/S1/ELS	SR/S1/EV	SR/S1/ER	SR/S1/ENTR	SR/S1/L	SR/S1/LMAX	SR/S2/ELS	SR/S2/EV	SR/S2/ER	SR/S2/ENTR	SR/S2/L	SR/S2/LMAX
dialogue_txt	Human 1	Human 2	0.9411764705882353	0.14414414414414414	0.6032608695652174	0.058823529411764705	0.6712328767123288	0.3967391304347826	0.49333333333333335	0.6851851851851852	15.0	0.1271186440677966	0.3644067796610169	1.014097655573916	1.3125	3.0	9.0	0.1111111111111111	0.2962962962962963	1.1994602933016412	1.4375	3.0
