ID	Num. utterances	Num. tokens	Expression Lexicon Size (ELS)	Expression Variety (EV)	Expression Repetition (ER)	Voc. Overlap	ENTR	L	LMAX
dialogue_txt	15.0	177.0	22.0	0.12429378531073447	0.24293785310734464	0.2926829268292683	0.9086539335415877	1.3333333333333333	5.0
