ID	S1	S2	S1/Initiated Expression (IE_S1)	S1/Expression Repetition (ER_S1)	S1/tokens (%)	S2/Initiated Expression (IE_S2)	S2/Expression Repetition (ER_S2)	S2/tokens (%)	Voc. Overlap S1	Voc. Overlap S2	SR/S1/ELS	SR/S1/EV	SR/S1/ER	SR/S1/ENTR	SR/S1/L	SR/S1/LMAX	SR/S2/ELS	SR/S2/EV	SR/S2/ER	SR/S2/ENTR	SR/S2/L	SR/S2/LMAX
dialogue_txt	Human 1	Human 2	0.7272727272727273	0.1527777777777778	0.4067796610169492	0.2727272727272727	0.3047619047619048	0.5932203389830508	0.4897959183673469	0.42105263157894735	6.0	0.0759493670886076	0.3037974683544304	1.1488348542809166	1.5714285714285714	4.0	15.0	0.13274336283185842	0.5575221238938053	1.3534215477588594	2.1785714285714284	11.0
