ID	S1	S2	S1/Initiated Expression (IE_S1)	S1/Expression Repetition (ER_S1)	S1/tokens (%)	S2/Initiated Expression (IE_S2)	S2/Expression Repetition (ER_S2)	S2/tokens (%)	Voc. Overlap S1	Voc. Overlap S2	SR/S1/ELS	SR/S1/EV	SR/S1/ER	SR/S1/ENTR	SR/S1/L	SR/S1/LMAX	SR/S2/ELS	SR/S2/EV	SR/S2/ER	SR/S2/ENTR	SR/S2/L	SR/S2/LMAX
dialogue_txt	Human 1	Human 2	0.6285714285714286	0.25196850393700787	0.4774436090225564	0.37142857142857144	0.35251798561151076	0.5225563909774437	0.4691358024691358	0.4691358024691358	16.0	0.11940298507462686	0.34328358208955223	0.6394571324851641	1.162162162162162	2.0	26.0	0.17687074829931973	0.5170068027210885	1.2901208527411523	1.5	4.0
