ID	Num. utterances	Num. tokens	Expression Lexicon Size (ELS)	Expression Variety (EV)	Expression Repetition (ER)	Voc. Overlap	ENTR	L	LMAX
dialogue_txt	19.0	448.0	53.0	0.11830357142857142	0.3236607142857143	0.2583732057416268	0.7571560192202024	1.2229299363057324	5.0
