ID	Num. utterances	Num. tokens	Expression Lexicon Size (ELS)	Expression Variety (EV)	Expression Repetition (ER)	Voc. Overlap	ENTR	L	LMAX
dialogue_txt	15.0	262.0	32.0	0.12213740458015267	0.2480916030534351	0.23972602739726026	0.49958440742366095	1.10989010989011	2.0
