ID	S1	S2	S1/Initiated Expression (IE_S1)	S1/Expression Repetition (ER_S1)	S1/tokens (%)	S2/Initiated Expression (IE_S2)	S2/Expression Repetition (ER_S2)	S2/tokens (%)	Voc. Overlap S1	Voc. Overlap S2	SR/S1/ELS	SR/S1/EV	SR/S1/ER	SR/S1/ENTR	SR/S1/L	SR/S1/LMAX	SR/S2/ELS	SR/S2/EV	SR/S2/ER	SR/S2/ENTR	SR/S2/L	SR/S2/LMAX
dialogue_txt	Human 1	Human 2	0.625	0.21621621621621623	0.42366412213740456	0.375	0.271523178807947	0.5763358778625954	0.4861111111111111	0.3211009174311927	16.0	0.13559322033898305	0.3644067796610169	1.1400457981819085	1.3870967741935485	3.0	17.0	0.1069182389937107	0.31446540880503143	0.446481346896803	1.0930232558139534	2.0
