ID	S1	S2	S1/Initiated Expression (IE_S1)	S1/Expression Repetition (ER_S1)	S1/tokens (%)	S2/Initiated Expression (IE_S2)	S2/Expression Repetition (ER_S2)	S2/tokens (%)	Voc. Overlap S1	Voc. Overlap S2	SR/S1/ELS	SR/S1/EV	SR/S1/ER	SR/S1/ENTR	SR/S1/L	SR/S1/LMAX	SR/S2/ELS	SR/S2/EV	SR/S2/ER	SR/S2/ENTR	SR/S2/L	SR/S2/LMAX
dialogue_txt	Human 1	Human 2	0.7142857142857143	0.2275132275132275	0.5415472779369628	0.2857142857142857	0.45625	0.4584527220630373	0.4205607476635514	0.4891304347826087	28.0	0.14213197969543148	0.4517766497461929	1.0540157730728	1.35	3.0	25.0	0.14792899408284024	0.514792899408284	1.443012533677769	1.5789473684210527	4.0
