ID	S1	S2	S1/Initiated Expression (IE_S1)	S1/Expression Repetition (ER_S1)	S1/tokens (%)	S2/Initiated Expression (IE_S2)	S2/Expression Repetition (ER_S2)	S2/tokens (%)	Voc. Overlap S1	Voc. Overlap S2	SR/S1/ELS	SR/S1/EV	SR/S1/ER	SR/S1/ENTR	SR/S1/L	SR/S1/LMAX	SR/S2/ELS	SR/S2/EV	SR/S2/ER	SR/S2/ENTR	SR/S2/L	SR/S2/LMAX
dialogue_txt	Human 1	Human 2	0.6666666666666666	0.18110236220472442	0.4756554307116105	0.3333333333333333	0.4	0.5243445692883895	0.48148148148148145	0.47560975609756095	16.0	0.11940298507462686	0.34328358208955223	0.6394571324851641	1.162162162162162	2.0	21.0	0.14189189189189189	0.4797297297297297	1.0772800400074183	1.6428571428571428	6.0
