ID	Num. utterances	Num. tokens	Expression Lexicon Size (ELS)	Expression Variety (EV)	Expression Repetition (ER)	Voc. Overlap	ENTR	L	LMAX
dialogue_txt	16.0	338.0	50.0	0.14792899408284024	0.3165680473372781	0.2732919254658385	0.7491679027154705	1.1911764705882353	3.0
