ID	Num. utterances	Num. tokens	Expression Lexicon Size (ELS)	Expression Variety (EV)	Expression Repetition (ER)	Voc. Overlap	ENTR	L	LMAX
dialogue_txt	16.0	330.0	47.0	0.14242424242424243	0.3242424242424242	0.310126582278481	1.094589255415141	1.3790322580645162	6.0
