ID	Num. utterances	Num. tokens	Expression Lexicon Size (ELS)	Expression Variety (EV)	Expression Repetition (ER)	Voc. Overlap	ENTR	L	LMAX
dialogue_txt	14.0	186.0	26.0	0.13978494623655913	0.24731182795698925	0.2803738317757009	1.0195011407932684	1.380952380952381	6.0
