ID	Num. utterances	Num. tokens	Expression Lexicon Size (ELS)	Expression Variety (EV)	Expression Repetition (ER)	Voc. Overlap	ENTR	L	LMAX
dialogue_txt	13.0	248.0	36.0	0.14516129032258066	0.32661290322580644	0.33064516129032256	1.0874584059380135	1.3666666666666667	5.0
