ID	Num. utterances	Num. tokens	Expression Lexicon Size (ELS)	Expression Variety (EV)	Expression Repetition (ER)	Voc. Overlap	ENTR	L	LMAX
dialogue_txt	18.0	252.0	20.0	0.07936507936507936	0.23015873015873015	0.1935483870967742	0.475642856926632	1.1066666666666667	3.0
