ID	S1	S2	S1/Initiated Expression (IE_S1)	S1/Expression Repetition (ER_S1)	S1/tokens (%)	S2/Initiated Expression (IE_S2)	S2/Expression Repetition (ER_S2)	S2/tokens (%)	Voc. Overlap S1	Voc. Overlap S2	SR/S1/ELS	SR/S1/EV	SR/S1/ER	SR/S1/ENTR	SR/S1/L	SR/S1/LMAX	SR/S2/ELS	SR/S2/EV	SR/S2/ER	SR/S2/ENTR	SR/S2/L	SR/S2/LMAX
dialogue_txt	Human 1	Human 2	0.6	0.21666666666666667	0.23809523809523808	0.4	0.234375	0.7619047619047619	0.5217391304347826	0.23529411764705882	5.0	0.07246376811594203	0.17391304347826086	0.7219280948873623	1.2	2.0	30.0	0.14925373134328357	0.5472636815920398	1.869433213367127	1.9310344827586208	6.0
