ID	Num. utterances	Num. tokens	Expression Lexicon Size (ELS)	Expression Variety (EV)	Expression Repetition (ER)	Voc. Overlap	ENTR	L	LMAX
dialogue_txt	16.0	333.0	46.0	0.13813813813813813	0.2972972972972973	0.2953020134228188	1.0325127226019573	1.3305785123966942	4.0
