ID	S1	S2	S1/Initiated Expression (IE_S1)	S1/Expression Repetition (ER_S1)	S1/tokens (%)	S2/Initiated Expression (IE_S2)	S2/Expression Repetition (ER_S2)	S2/tokens (%)	Voc. Overlap S1	Voc. Overlap S2	SR/S1/ELS	SR/S1/EV	SR/S1/ER	SR/S1/ENTR	SR/S1/L	SR/S1/LMAX	SR/S2/ELS	SR/S2/EV	SR/S2/ER	SR/S2/ENTR	SR/S2/L	SR/S2/LMAX
dialogue_txt	Human 1	Human 2	0.6304347826086957	0.21301775147928995	0.5075075075075075	0.3695652173913043	0.38414634146341464	0.4924924924924925	0.4444444444444444	0.46808510638297873	26.0	0.14689265536723164	0.4067796610169492	0.83294582353614	1.2641509433962264	2.0	28.0	0.16279069767441862	0.5116279069767442	1.0651733453246295	1.3387096774193548	4.0
