ID	Num. utterances	Num. tokens	Expression Lexicon Size (ELS)	Expression Variety (EV)	Expression Repetition (ER)	Voc. Overlap	ENTR	L	LMAX
dialogue_txt	13.0	193.0	29.0	0.15025906735751296	0.27979274611398963	0.27835051546391754	0.907325137928082	1.2608695652173914	3.0
