ID	Num. utterances	Num. tokens	Expression Lexicon Size (ELS)	Expression Variety (EV)	Expression Repetition (ER)	Voc. Overlap	ENTR	L	LMAX
dialogue_txt	16.0	272.0	50.0	0.18382352941176472	0.3492647058823529	0.38345864661654133	1.019877456921777	1.3114754098360655	4.0
