ID	Num. utterances	Num. tokens	Expression Lexicon Size (ELS)	Expression Variety (EV)	Expression Repetition (ER)	Voc. Overlap	ENTR	L	LMAX
dialogue_txt	15.0	241.0	43.0	0.17842323651452283	0.34024896265560167	0.37398373983739835	0.7897801248157614	1.2568807339449541	5.0
