ID	S1	S2	S1/Initiated Expression (IE_S1)	S1/Expression Repetition (ER_S1)	S1/tokens (%)	S2/Initiated Expression (IE_S2)	S2/Expression Repetition (ER_S2)	S2/tokens (%)	Voc. Overlap S1	Voc. Overlap S2	SR/S1/ELS	SR/S1/EV	SR/S1/ER	SR/S1/ENTR	SR/S1/L	SR/S1/LMAX	SR/S2/ELS	SR/S2/EV	SR/S2/ER	SR/S2/ENTR	SR/S2/L	SR/S2/LMAX
dialogue_txt	Human 1	Human 2	0.8125	0.12949640287769784	0.468013468013468	0.1875	0.3924050632911392	0.531986531986532	0.3977272727272727	0.35714285714285715	17.0	0.11643835616438356	0.3698630136986301	0.9707450578356165	1.394736842105263	5.0	25.0	0.15151515151515152	0.46060606060606063	1.2591027353372657	1.4509803921568627	4.0
