ID	S1	S2	S1/Initiated Expression (IE_S1)	S1/Expression Repetition (ER_S1)	S1/tokens (%)	S2/Initiated Expression (IE_S2)	S2/Expression Repetition (ER_S2)	S2/tokens (%)	Voc. Overlap S1	Voc. Overlap S2	SR/S1/ELS	SR/S1/EV	SR/S1/ER	SR/S1/ENTR	SR/S1/L	SR/S1/LMAX	SR/S2/ELS	SR/S2/EV	SR/S2/ER	SR/S2/ENTR	SR/S2/L	SR/S2/LMAX
dialogue_txt	Human 1	Human 2	0.5714285714285714	0.18120805369127516	0.465625	0.42857142857142855	0.30994152046783624	0.534375	0.29591836734693877	0.32954545454545453	14.0	0.08974358974358974	0.27564102564102566	0.7355085815538398	1.206896551724138	2.0	24.0	0.1348314606741573	0.5674157303370787	1.671872279459598	2.25531914893617	13.0
