ID	S1	S2	S1/Initiated Expression (IE_S1)	S1/Expression Repetition (ER_S1)	S1/tokens (%)	S2/Initiated Expression (IE_S2)	S2/Expression Repetition (ER_S2)	S2/tokens (%)	Voc. Overlap S1	Voc. Overlap S2	SR/S1/ELS	SR/S1/EV	SR/S1/ER	SR/S1/ENTR	SR/S1/L	SR/S1/LMAX	SR/S2/ELS	SR/S2/EV	SR/S2/ER	SR/S2/ENTR	SR/S2/L	SR/S2/LMAX
dialogue_txt	Human 1	Human 2	0.84	0.1566265060240964	0.5460526315789473	0.16	0.6014492753623188	0.45394736842105265	0.45871559633027525	0.6578947368421053	19.0	0.10919540229885058	0.3160919540229885	0.760658476840993	1.2564102564102564	4.0	26.0	0.17687074829931973	0.5306122448979592	0.9777265714801471	1.2982456140350878	3.0
