ID	S1	S2	S1/Initiated Expression (IE_S1)	S1/Expression Repetition (ER_S1)	S1/tokens (%)	S2/Initiated Expression (IE_S2)	S2/Expression Repetition (ER_S2)	S2/tokens (%)	Voc. Overlap S1	Voc. Overlap S2	SR/S1/ELS	SR/S1/EV	SR/S1/ER	SR/S1/ENTR	SR/S1/L	SR/S1/LMAX	SR/S2/ELS	SR/S2/EV	SR/S2/ER	SR/S2/ENTR	SR/S2/L	SR/S2/LMAX
dialogue_txt	Human 1	Human 2	0.6	0.15151515151515152	0.375	0.4	0.35454545454545455	0.625	0.5263157894736842	0.43478260869565216	3.0	0.0410958904109589	0.0821917808219178	-0.0	1.0	1.0	16.0	0.13675213675213677	0.3418803418803419	1.1105522511832786	1.3666666666666667	3.0
