ID	Num. utterances	Num. tokens	Expression Lexicon Size (ELS)	Expression Variety (EV)	Expression Repetition (ER)	Voc. Overlap	ENTR	L	LMAX
dialogue_txt	19.0	235.0	24.0	0.10212765957446808	0.22127659574468084	0.21774193548387097	0.8076324724151276	1.2272727272727273	3.0
