ID	S1	S2	S1/Initiated Expression (IE_S1)	S1/Expression Repetition (ER_S1)	S1/tokens (%)	S2/Initiated Expression (IE_S2)	S2/Expression Repetition (ER_S2)	S2/tokens (%)	Voc. Overlap S1	Voc. Overlap S2	SR/S1/ELS	SR/S1/EV	SR/S1/ER	SR/S1/ENTR	SR/S1/L	SR/S1/LMAX	SR/S2/ELS	SR/S2/EV	SR/S2/ER	SR/S2/ENTR	SR/S2/L	SR/S2/LMAX
dialogue_txt	Human 1	Human 2	0.875	0.16091954022988506	0.3702127659574468	0.125	0.25675675675675674	0.6297872340425532	0.5	0.27835051546391754	12.0	0.125	0.3645833333333333	1.0676111603502403	1.434782608695652	4.0	19.0	0.12025316455696203	0.36075949367088606	1.062412253213859	1.3414634146341464	3.0
