ID	Num. utterances	Num. tokens	Expression Lexicon Size (ELS)	Expression Variety (EV)	Expression Repetition (ER)	Voc. Overlap	ENTR	L	LMAX
dialogue_txt	18.0	228.0	27.0	0.11842105263157894	0.2850877192982456	0.2608695652173913	1.128891883528531	1.4225352112676057	6.0
