ID	Num. utterances	Num. tokens	Expression Lexicon Size (ELS)	Expression Variety (EV)	Expression Repetition (ER)	Voc. Overlap	ENTR	L	LMAX
dialogue_txt	16.0	261.0	33.0	0.12643678160919541	0.32567049808429116	0.3148148148148148	0.7558735149541188	1.1935483870967742	3.0
