ID	S1	S2	S1/Initiated Expression (IE_S1)	S1/Expression Repetition (ER_S1)	S1/tokens (%)	S2/Initiated Expression (IE_S2)	S2/Expression Repetition (ER_S2)	S2/tokens (%)	Voc. Overlap S1	Voc. Overlap S2	SR/S1/ELS	SR/S1/EV	SR/S1/ER	SR/S1/ENTR	SR/S1/L	SR/S1/LMAX	SR/S2/ELS	SR/S2/EV	SR/S2/ER	SR/S2/ENTR	SR/S2/L	SR/S2/LMAX
dialogue_txt	Human 1	Human 2	0.8181818181818182	0.16842105263157894	0.36398467432950193	0.18181818181818182	0.41566265060240964	0.6360153256704981	0.5230769230769231	0.44155844155844154	10.0	0.0970873786407767	0.27184466019417475	0.4021791902022728	1.08	2.0	27.0	0.15517241379310345	0.6149425287356322	1.5561192944788882	1.9615384615384615	10.0
