ID	Num. utterances	Num. tokens	Expression Lexicon Size (ELS)	Expression Variety (EV)	Expression Repetition (ER)	Voc. Overlap	ENTR	L	LMAX
dialogue_txt	19.0	229.0	35.0	0.15283842794759825	0.3056768558951965	0.34234234234234234	1.0933237732294023	1.423529411764706	4.0
