ID	S1	S2	S1/Initiated Expression (IE_S1)	S1/Expression Repetition (ER_S1)	S1/tokens (%)	S2/Initiated Expression (IE_S2)	S2/Expression Repetition (ER_S2)	S2/tokens (%)	Voc. Overlap S1	Voc. Overlap S2	SR/S1/ELS	SR/S1/EV	SR/S1/ER	SR/S1/ENTR	SR/S1/L	SR/S1/LMAX	SR/S2/ELS	SR/S2/EV	SR/S2/ER	SR/S2/ENTR	SR/S2/L	SR/S2/LMAX
dialogue_txt	Human 1	Human 2	0.7058823529411765	0.22429906542056074	0.40074906367041196	0.29411764705882354	0.4125	0.599250936329588	0.6296296296296297	0.5151515151515151	13.0	0.1111111111111111	0.27350427350427353	0.362051251733998	1.0689655172413792	2.0	28.0	0.16374269005847952	0.47953216374269003	1.326427315856485	1.4814814814814814	4.0
