ID	S1	S2	S1/Initiated Expression (IE_S1)	S1/Expression Repetition (ER_S1)	S1/tokens (%)	S2/Initiated Expression (IE_S2)	S2/Expression Repetition (ER_S2)	S2/tokens (%)	Voc. Overlap S1	Voc. Overlap S2	SR/S1/ELS	SR/S1/EV	SR/S1/ER	SR/S1/ENTR	SR/S1/L	SR/S1/LMAX	SR/S2/ELS	SR/S2/EV	SR/S2/ER	SR/S2/ENTR	SR/S2/L	SR/S2/LMAX
dialogue_txt	Human 1	Human 2	0.8717948717948718	0.13846153846153847	0.48148148148148145	0.1282051282051282	0.5357142857142857	0.5185185185185185	0.46511627906976744	0.5063291139240507	14.0	0.10218978102189781	0.3357664233576642	0.4854607607459134	1.105263157894737	2.0	25.0	0.16891891891891891	0.4864864864864865	0.8699959791362579	1.2413793103448276	3.0
