ID	Num. utterances	Num. tokens	Expression Lexicon Size (ELS)	Expression Variety (EV)	Expression Repetition (ER)	Voc. Overlap	ENTR	L	LMAX
dialogue_txt	16.0	264.0	46.0	0.17424242424242425	0.3522727272727273	0.39166666666666666	1.1937327282712455	1.481818181818182	6.0
