ID	Num. utterances	Num. tokens	Expression Lexicon Size (ELS)	Expression Variety (EV)	Expression Repetition (ER)	Voc. Overlap	ENTR	L	LMAX
dialogue_txt	19.0	452.0	53.0	0.1172566371681416	0.3163716814159292	0.30288461538461536	1.0466814285914885	1.3333333333333333	4.0
