ID	S1	S2	S1/Initiated Expression (IE_S1)	S1/Expression Repetition (ER_S1)	S1/tokens (%)	S2/Initiated Expression (IE_S2)	S2/Expression Repetition (ER_S2)	S2/tokens (%)	Voc. Overlap S1	Voc. Overlap S2	SR/S1/ELS	SR/S1/EV	SR/S1/ER	SR/S1/ENTR	SR/S1/L	SR/S1/LMAX	SR/S2/ELS	SR/S2/EV	SR/S2/ER	SR/S2/ENTR	SR/S2/L	SR/S2/LMAX
dialogue_txt	Human 1	Human 2	0.9	0.21311475409836064	0.2772727272727273	0.1	0.4528301886792453	0.7227272727272728	0.7073170731707317	0.3372093023255814	10.0	0.14492753623188406	0.37681159420289856	0.8812908992306927	1.3	2.0	30.0	0.17857142857142858	0.5535714285714286	0.8421336865994521	1.2297297297297298	3.0
