ID	S1	S2	S1/Initiated Expression (IE_S1)	S1/Expression Repetition (ER_S1)	S1/tokens (%)	S2/Initiated Expression (IE_S2)	S2/Expression Repetition (ER_S2)	S2/tokens (%)	Voc. Overlap S1	Voc. Overlap S2	SR/S1/ELS	SR/S1/EV	SR/S1/ER	SR/S1/ENTR	SR/S1/L	SR/S1/LMAX	SR/S2/ELS	SR/S2/EV	SR/S2/ER	SR/S2/ENTR	SR/S2/L	SR/S2/LMAX
dialogue_txt	Human 1	Human 2	0.7142857142857143	0.15254237288135594	0.3105263157894737	0.2857142857142857	0.21374045801526717	0.6894736842105263	0.575	0.27710843373493976	6.0	0.09230769230769231	0.24615384615384617	0.8904916402194913	1.3076923076923077	2.0	14.0	0.10144927536231885	0.34057971014492755	0.9780155566622415	1.2941176470588236	3.0
