ID	S1	S2	S1/Initiated Expression (IE_S1)	S1/Expression Repetition (ER_S1)	S1/tokens (%)	S2/Initiated Expression (IE_S2)	S2/Expression Repetition (ER_S2)	S2/tokens (%)	Voc. Overlap S1	Voc. Overlap S2	SR/S1/ELS	SR/S1/EV	SR/S1/ER	SR/S1/ENTR	SR/S1/L	SR/S1/LMAX	SR/S2/ELS	SR/S2/EV	SR/S2/ER	SR/S2/ENTR	SR/S2/L	SR/S2/LMAX
dialogue_txt	Human 1	Human 2	0.6785714285714286	0.1523809523809524	0.4585152838427948	0.32142857142857145	0.3064516129032258	0.5414847161572053	0.4050632911392405	0.3950617283950617	8.0	0.07142857142857142	0.17857142857142858	-0.0	1.0	1.0	19.0	0.14615384615384616	0.4307692307692308	1.0087600267079522	1.3095238095238095	3.0
