ID	S1	S2	S1/Initiated Expression (IE_S1)	S1/Expression Repetition (ER_S1)	S1/tokens (%)	S2/Initiated Expression (IE_S2)	S2/Expression Repetition (ER_S2)	S2/tokens (%)	Voc. Overlap S1	Voc. Overlap S2	SR/S1/ELS	SR/S1/EV	SR/S1/ER	SR/S1/ENTR	SR/S1/L	SR/S1/LMAX	SR/S2/ELS	SR/S2/EV	SR/S2/ER	SR/S2/ENTR	SR/S2/L	SR/S2/LMAX
dialogue_txt	Human 1	Human 2	0.71875	0.17880794701986755	0.5316901408450704	0.28125	0.39849624060150374	0.46830985915492956	0.3956043956043956	0.4090909090909091	21.0	0.13291139240506328	0.3924050632911392	0.39662777277837885	1.0784313725490196	2.0	16.0	0.11347517730496454	0.3617021276595745	1.2137556289325473	1.5	5.0
