ID	S1	S2	S1/Initiated Expression (IE_S1)	S1/Expression Repetition (ER_S1)	S1/tokens (%)	S2/Initiated Expression (IE_S2)	S2/Expression Repetition (ER_S2)	S2/tokens (%)	Voc. Overlap S1	Voc. Overlap S2	SR/S1/ELS	SR/S1/EV	SR/S1/ER	SR/S1/ENTR	SR/S1/L	SR/S1/LMAX	SR/S2/ELS	SR/S2/EV	SR/S2/ER	SR/S2/ENTR	SR/S2/L	SR/S2/LMAX
dialogue_txt	Human 1	Human 2	0.8064516129032258	0.18055555555555555	0.32432432432432434	0.1935483870967742	0.38	0.6756756756756757	0.6851851851851852	0.40217391304347827	9.0	0.1111111111111111	0.2716049382716049	0.4689955935892812	1.1	2.0	20.0	0.12578616352201258	0.42138364779874216	0.9003383297995279	1.2553191489361701	3.0
