ID	S1	S2	S1/Initiated Expression (IE_S1)	S1/Expression Repetition (ER_S1)	S1/tokens (%)	S2/Initiated Expression (IE_S2)	S2/Expression Repetition (ER_S2)	S2/tokens (%)	Voc. Overlap S1	Voc. Overlap S2	SR/S1/ELS	SR/S1/EV	SR/S1/ER	SR/S1/ENTR	SR/S1/L	SR/S1/LMAX	SR/S2/ELS	SR/S2/EV	SR/S2/ER	SR/S2/ENTR	SR/S2/L	SR/S2/LMAX
dialogue_txt	Human 1	Human 2	0.375	0.2159090909090909	0.38427947598253276	0.625	0.19148936170212766	0.6157205240174672	0.36619718309859156	0.2857142857142857	4.0	0.042105263157894736	0.16842105263157894	0.7219280948873623	1.4	3.0	20.0	0.1342281879194631	0.4161073825503356	0.6954717793346741	1.1764705882352942	3.0
