ID	Num. utterances	Num. tokens	Expression Lexicon Size (ELS)	Expression Variety (EV)	Expression Repetition (ER)	Voc. Overlap	ENTR	L	LMAX
dialogue_txt	15.0	204.0	22.0	0.10784313725490197	0.23529411764705882	0.22772277227722773	0.7098258851941679	1.1940298507462686	2.0
