ID	S1	S2	S1/Initiated Expression (IE_S1)	S1/Expression Repetition (ER_S1)	S1/tokens (%)	S2/Initiated Expression (IE_S2)	S2/Expression Repetition (ER_S2)	S2/tokens (%)	Voc. Overlap S1	Voc. Overlap S2	SR/S1/ELS	SR/S1/EV	SR/S1/ER	SR/S1/ENTR	SR/S1/L	SR/S1/LMAX	SR/S2/ELS	SR/S2/EV	SR/S2/ER	SR/S2/ENTR	SR/S2/L	SR/S2/LMAX
dialogue_txt	Human 1	Human 2	0.5833333333333334	0.12727272727272726	0.3313253012048193	0.4166666666666667	0.12612612612612611	0.6686746987951807	0.38095238095238093	0.22857142857142856	5.0	0.08064516129032258	0.1935483870967742	0.8112781244591328	1.5	3.0	16.0	0.13445378151260504	0.4369747899159664	1.3952348075179823	1.8518518518518519	5.0
