ID	S1	S2	S1/Initiated Expression (IE_S1)	S1/Expression Repetition (ER_S1)	S1/tokens (%)	S2/Initiated Expression (IE_S2)	S2/Expression Repetition (ER_S2)	S2/tokens (%)	Voc. Overlap S1	Voc. Overlap S2	SR/S1/ELS	SR/S1/EV	SR/S1/ER	SR/S1/ENTR	SR/S1/L	SR/S1/LMAX	SR/S2/ELS	SR/S2/EV	SR/S2/ER	SR/S2/ENTR	SR/S2/L	SR/S2/LMAX
dialogue_txt	Human 1	Human 2	1.0	0.06593406593406594	0.4396135265700483	0.0	0.5603448275862069	0.5603864734299517	0.47692307692307695	0.543859649122807	12.0	0.12121212121212122	0.2828282828282828	-0.0	1.0	1.0	21.0	0.1693548387096774	0.5403225806451613	1.5866986361881041	1.8108108108108107	7.0
