ID	S1	S2	S1/Initiated Expression (IE_S1)	S1/Expression Repetition (ER_S1)	S1/tokens (%)	S2/Initiated Expression (IE_S2)	S2/Expression Repetition (ER_S2)	S2/tokens (%)	Voc. Overlap S1	Voc. Overlap S2	SR/S1/ELS	SR/S1/EV	SR/S1/ER	SR/S1/ENTR	SR/S1/L	SR/S1/LMAX	SR/S2/ELS	SR/S2/EV	SR/S2/ER	SR/S2/ENTR	SR/S2/L	SR/S2/LMAX
dialogue_txt	Human 1	Human 2	0.6444444444444445	0.14093959731543623	0.5209790209790209	0.35555555555555557	0.5109489051094891	0.479020979020979	0.3877551020408163	0.48717948717948717	14.0	0.08974358974358974	0.27564102564102566	0.7355085815538398	1.206896551724138	2.0	23.0	0.1597222222222222	0.4791666666666667	1.0540589454420242	1.3404255319148937	3.0
