ID	S1	S2	S1/Initiated Expression (IE_S1)	S1/Expression Repetition (ER_S1)	S1/tokens (%)	S2/Initiated Expression (IE_S2)	S2/Expression Repetition (ER_S2)	S2/tokens (%)	Voc. Overlap S1	Voc. Overlap S2	SR/S1/ELS	SR/S1/EV	SR/S1/ER	SR/S1/ENTR	SR/S1/L	SR/S1/LMAX	SR/S2/ELS	SR/S2/EV	SR/S2/ER	SR/S2/ENTR	SR/S2/L	SR/S2/LMAX
dialogue_txt	Human 1	Human 2	0.6285714285714286	0.2222222222222222	0.42391304347826086	0.37142857142857144	0.3270440251572327	0.5760869565217391	0.4782608695652174	0.358695652173913	19.0	0.15079365079365079	0.4126984126984127	1.242370874393215	1.457142857142857	3.0	31.0	0.18452380952380953	0.5059523809523809	0.678845403270673	1.196969696969697	4.0
