ID	S1	S2	S1/Initiated Expression (IE_S1)	S1/Expression Repetition (ER_S1)	S1/tokens (%)	S2/Initiated Expression (IE_S2)	S2/Expression Repetition (ER_S2)	S2/tokens (%)	Voc. Overlap S1	Voc. Overlap S2	SR/S1/ELS	SR/S1/EV	SR/S1/ER	SR/S1/ENTR	SR/S1/L	SR/S1/LMAX	SR/S2/ELS	SR/S2/EV	SR/S2/ER	SR/S2/ENTR	SR/S2/L	SR/S2/LMAX
dialogue_txt	Human 1	Human 2	0.8421052631578947	0.19594594594594594	0.46540880503144655	0.15789473684210525	0.6470588235294118	0.5345911949685535	0.6091954022988506	0.5638297872340425	22.0	0.14102564102564102	0.4230769230769231	0.8176338568998316	1.22	3.0	28.0	0.15730337078651685	0.5112359550561798	0.48122566384173693	1.103896103896104	2.0
