ID	Num. utterances	Num. tokens	Expression Lexicon Size (ELS)	Expression Variety (EV)	Expression Repetition (ER)	Voc. Overlap	ENTR	L	LMAX
dialogue_txt	16.0	325.0	36.0	0.11076923076923077	0.3169230769230769	0.24342105263157895	0.8041008422195163	1.2347826086956522	5.0
