ID	Num. utterances	Num. tokens	Expression Lexicon Size (ELS)	Expression Variety (EV)	Expression Repetition (ER)	Voc. Overlap	ENTR	L	LMAX
dialogue_txt	16.0	294.0	45.0	0.15306122448979592	0.30952380952380953	0.29850746268656714	0.8067379295705629	1.2195121951219512	3.0
