ID	Num. utterances	Num. tokens	Expression Lexicon Size (ELS)	Expression Variety (EV)	Expression Repetition (ER)	Voc. Overlap	ENTR	L	LMAX
dialogue_txt	19.0	363.0	55.0	0.15151515151515152	0.3581267217630854	0.30857142857142855	0.934604994993282	1.2866666666666666	4.0
