ID	Num. utterances	Num. tokens	Expression Lexicon Size (ELS)	Expression Variety (EV)	Expression Repetition (ER)	Voc. Overlap	ENTR	L	LMAX
dialogue_txt	18.0	360.0	64.0	0.17777777777777778	0.40555555555555556	0.34965034965034963	1.2513492107222501	1.4391891891891893	4.0
