ID	Num. utterances	Num. tokens	Expression Lexicon Size (ELS)	Expression Variety (EV)	Expression Repetition (ER)	Voc. Overlap	ENTR	L	LMAX
dialogue_txt	14.0	263.0	34.0	0.12927756653992395	0.28517110266159695	0.25190839694656486	0.7510324165275098	1.2150537634408602	2.0
