ID	S1	S2	S1/Initiated Expression (IE_S1)	S1/Expression Repetition (ER_S1)	S1/tokens (%)	S2/Initiated Expression (IE_S2)	S2/Expression Repetition (ER_S2)	S2/tokens (%)	Voc. Overlap S1	Voc. Overlap S2	SR/S1/ELS	SR/S1/EV	SR/S1/ER	SR/S1/ENTR	SR/S1/L	SR/S1/LMAX	SR/S2/ELS	SR/S2/EV	SR/S2/ER	SR/S2/ENTR	SR/S2/L	SR/S2/LMAX
dialogue_txt	Human 1	Human 2	0.8709677419354839	0.14583333333333334	0.5485714285714286	0.12903225806451613	0.6455696202531646	0.4514285714285714	0.5645161290322581	0.7291666666666666	14.0	0.1346153846153846	0.33653846153846156	0.34511731494495296	1.064516129032258	2.0	13.0	0.14942528735632185	0.4367816091954023	0.9463729359854419	1.2857142857142858	3.0
