ID	Num. utterances	Num. tokens	Expression Lexicon Size (ELS)	Expression Variety (EV)	Expression Repetition (ER)	Voc. Overlap	ENTR	L	LMAX
dialogue_txt	14.0	245.0	31.0	0.12653061224489795	0.23673469387755103	0.23484848484848486	0.7012065844539666	1.1898734177215189	2.0
