ID	Num. utterances	Num. tokens	Expression Lexicon Size (ELS)	Expression Variety (EV)	Expression Repetition (ER)	Voc. Overlap	ENTR	L	LMAX
dialogue_txt	15.0	269.0	43.0	0.15985130111524162	0.3828996282527881	0.3333333333333333	1.0560843540539915	1.3362068965517242	3.0
