ID	Num. utterances	Num. tokens	Expression Lexicon Size (ELS)	Expression Variety (EV)	Expression Repetition (ER)	Voc. Overlap	ENTR	L	LMAX
dialogue_txt	16.0	280.0	29.0	0.10357142857142858	0.21071428571428572	0.21678321678321677	0.6443453588491947	1.1529411764705881	3.0
