ID	Num. utterances	Num. tokens	Expression Lexicon Size (ELS)	Expression Variety (EV)	Expression Repetition (ER)	Voc. Overlap	ENTR	L	LMAX
dialogue_txt	16.0	225.0	25.0	0.1111111111111111	0.3288888888888889	0.29473684210526313	1.0018443410165754	1.3466666666666667	5.0
