ID	S1	S2	S1/Initiated Expression (IE_S1)	S1/Expression Repetition (ER_S1)	S1/tokens (%)	S2/Initiated Expression (IE_S2)	S2/Expression Repetition (ER_S2)	S2/tokens (%)	Voc. Overlap S1	Voc. Overlap S2	SR/S1/ELS	SR/S1/EV	SR/S1/ER	SR/S1/ENTR	SR/S1/L	SR/S1/LMAX	SR/S2/ELS	SR/S2/EV	SR/S2/ER	SR/S2/ENTR	SR/S2/L	SR/S2/LMAX
dialogue_txt	Human 1	Human 2	0.8	0.11594202898550725	0.36507936507936506	0.2	0.2833333333333333	0.6349206349206349	0.49122807017543857	0.35443037974683544	6.0	0.07894736842105263	0.18421052631578946	-0.0	1.0	1.0	16.0	0.125	0.375	0.9275265884316758	1.3428571428571427	2.0
