ID	Num. utterances	Num. tokens	Expression Lexicon Size (ELS)	Expression Variety (EV)	Expression Repetition (ER)	Voc. Overlap	ENTR	L	LMAX
dialogue_txt	16.0	283.0	39.0	0.13780918727915195	0.31448763250883394	0.2916666666666667	0.5470757224073375	1.1206896551724137	3.0
