ID	S1	S2	S1/Initiated Expression (IE_S1)	S1/Expression Repetition (ER_S1)	S1/tokens (%)	S2/Initiated Expression (IE_S2)	S2/Expression Repetition (ER_S2)	S2/tokens (%)	Voc. Overlap S1	Voc. Overlap S2	SR/S1/ELS	SR/S1/EV	SR/S1/ER	SR/S1/ENTR	SR/S1/L	SR/S1/LMAX	SR/S2/ELS	SR/S2/EV	SR/S2/ER	SR/S2/ENTR	SR/S2/L	SR/S2/LMAX
dialogue_txt	Human 1	Human 2	0.7647058823529411	0.13559322033898305	0.2783018867924528	0.23529411764705882	0.47058823529411764	0.7216981132075472	0.6976744186046512	0.43478260869565216	8.0	0.11940298507462686	0.31343283582089554	-0.0	1.0	1.0	34.0	0.2111801242236025	0.6894409937888198	1.5526886555649952	1.6666666666666667	5.0
