ID	S1	S2	S1/Initiated Expression (IE_S1)	S1/Expression Repetition (ER_S1)	S1/tokens (%)	S2/Initiated Expression (IE_S2)	S2/Expression Repetition (ER_S2)	S2/tokens (%)	Voc. Overlap S1	Voc. Overlap S2	SR/S1/ELS	SR/S1/EV	SR/S1/ER	SR/S1/ENTR	SR/S1/L	SR/S1/LMAX	SR/S2/ELS	SR/S2/EV	SR/S2/ER	SR/S2/ENTR	SR/S2/L	SR/S2/LMAX
dialogue_txt	Human 1	Human 2	0.8	0.20809248554913296	0.5323076923076923	0.2	0.39473684210526316	0.4676923076923077	0.375	0.375	26.0	0.143646408839779	0.4419889502762431	0.849092165846601	1.2321428571428572	3.0	24.0	0.15	0.41875	0.9561781213852657	1.2941176470588236	3.0
