ID	S1	S2	S1/Initiated Expression (IE_S1)	S1/Expression Repetition (ER_S1)	S1/tokens (%)	S2/Initiated Expression (IE_S2)	S2/Expression Repetition (ER_S2)	S2/tokens (%)	Voc. Overlap S1	Voc. Overlap S2	SR/S1/ELS	SR/S1/EV	SR/S1/ER	SR/S1/ENTR	SR/S1/L	SR/S1/LMAX	SR/S2/ELS	SR/S2/EV	SR/S2/ER	SR/S2/ENTR	SR/S2/L	SR/S2/LMAX
dialogue_txt	Human 1	Human 2	0.5614035087719298	0.22709163346613545	0.5756880733944955	0.43859649122807015	0.40540540540540543	0.4243119266055046	0.34459459459459457	0.4434782608695652	33.0	0.12692307692307692	0.38076923076923075	1.0120119515886774	1.3142857142857143	3.0	26.0	0.13333333333333333	0.441025641025641	0.9007196798623593	1.3166666666666667	2.0
