ID	Num. utterances	Num. tokens	Expression Lexicon Size (ELS)	Expression Variety (EV)	Expression Repetition (ER)	Voc. Overlap	ENTR	L	LMAX
dialogue_txt	15.0	207.0	21.0	0.10144927536231885	0.20772946859903382	0.23853211009174313	1.018424695195087	1.3214285714285714	3.0
