ID	Num. utterances	Num. tokens	Expression Lexicon Size (ELS)	Expression Variety (EV)	Expression Repetition (ER)	Voc. Overlap	ENTR	L	LMAX
dialogue_txt	16.0	278.0	51.0	0.18345323741007194	0.4316546762589928	0.46153846153846156	1.4174596445741932	1.546218487394958	5.0
