ID	Num. utterances	Num. tokens	Expression Lexicon Size (ELS)	Expression Variety (EV)	Expression Repetition (ER)	Voc. Overlap	ENTR	L	LMAX
dialogue_txt	19.0	347.0	58.0	0.16714697406340057	0.40057636887608067	0.3783783783783784	0.9593907478323443	1.2784810126582278	4.0
