ID	S1	S2	S1/Initiated Expression (IE_S1)	S1/Expression Repetition (ER_S1)	S1/tokens (%)	S2/Initiated Expression (IE_S2)	S2/Expression Repetition (ER_S2)	S2/tokens (%)	Voc. Overlap S1	Voc. Overlap S2	SR/S1/ELS	SR/S1/EV	SR/S1/ER	SR/S1/ENTR	SR/S1/L	SR/S1/LMAX	SR/S2/ELS	SR/S2/EV	SR/S2/ER	SR/S2/ENTR	SR/S2/L	SR/S2/LMAX
dialogue_txt	Human 1	Human 2	0.7894736842105263	0.072992700729927	0.5229007633587787	0.21052631578947367	0.6	0.4770992366412214	0.44086021505376344	0.5694444444444444	11.0	0.07534246575342465	0.21232876712328766	0.4262286569981449	1.173913043478261	3.0	16.0	0.11940298507462686	0.47761194029850745	1.4687704274131959	2.0	6.0
