ID	S1	S2	S1/Initiated Expression (IE_S1)	S1/Expression Repetition (ER_S1)	S1/tokens (%)	S2/Initiated Expression (IE_S2)	S2/Expression Repetition (ER_S2)	S2/tokens (%)	Voc. Overlap S1	Voc. Overlap S2	SR/S1/ELS	SR/S1/EV	SR/S1/ER	SR/S1/ENTR	SR/S1/L	SR/S1/LMAX	SR/S2/ELS	SR/S2/EV	SR/S2/ER	SR/S2/ENTR	SR/S2/L	SR/S2/LMAX
dialogue_txt	Human 1	Human 2	0.5625	0.18110236220472442	0.4652014652014652	0.4375	0.2876712328767123	0.5347985347985348	0.36585365853658536	0.4225352112676056	17.0	0.1259259259259259	0.34074074074074073	0.6394571324851641	1.162162162162162	2.0	29.0	0.18831168831168832	0.6168831168831169	1.67434646363484	1.8035714285714286	6.0
