ID	S1	S2	S1/Initiated Expression (IE_S1)	S1/Expression Repetition (ER_S1)	S1/tokens (%)	S2/Initiated Expression (IE_S2)	S2/Expression Repetition (ER_S2)	S2/tokens (%)	Voc. Overlap S1	Voc. Overlap S2	SR/S1/ELS	SR/S1/EV	SR/S1/ER	SR/S1/ENTR	SR/S1/L	SR/S1/LMAX	SR/S2/ELS	SR/S2/EV	SR/S2/ER	SR/S2/ENTR	SR/S2/L	SR/S2/LMAX
dialogue_txt	Human 1	Human 2	0.78125	0.11363636363636363	0.4607329842931937	0.21875	0.47572815533980584	0.5392670157068062	0.4507042253521127	0.5	4.0	0.042105263157894736	0.16842105263157894	0.7219280948873623	1.4	3.0	17.0	0.15315315315315314	0.42342342342342343	0.7642045065086203	1.2222222222222223	2.0
