ID	S1	S2	S1/Initiated Expression (IE_S1)	S1/Expression Repetition (ER_S1)	S1/tokens (%)	S2/Initiated Expression (IE_S2)	S2/Expression Repetition (ER_S2)	S2/tokens (%)	Voc. Overlap S1	Voc. Overlap S2	SR/S1/ELS	SR/S1/EV	SR/S1/ER	SR/S1/ENTR	SR/S1/L	SR/S1/LMAX	SR/S2/ELS	SR/S2/EV	SR/S2/ER	SR/S2/ENTR	SR/S2/L	SR/S2/LMAX
dialogue_txt	Human 1	Human 2	0.8461538461538461	0.11188811188811189	0.4965277777777778	0.15384615384615385	0.503448275862069	0.5034722222222222	0.4807692307692308	0.5208333333333334	14.0	0.09333333333333334	0.26	0.32984607020714635	1.0606060606060606	2.0	20.0	0.13157894736842105	0.40131578947368424	0.6784070909375675	1.2608695652173914	5.0
