ID	Num. utterances	Num. tokens	Expression Lexicon Size (ELS)	Expression Variety (EV)	Expression Repetition (ER)	Voc. Overlap	ENTR	L	LMAX
dialogue_txt	16.0	344.0	35.0	0.10174418604651163	0.2819767441860465	0.20238095238095238	0.7296274178915987	1.203883495145631	2.0
