ID	S1	S2	S1/Initiated Expression (IE_S1)	S1/Expression Repetition (ER_S1)	S1/tokens (%)	S2/Initiated Expression (IE_S2)	S2/Expression Repetition (ER_S2)	S2/tokens (%)	Voc. Overlap S1	Voc. Overlap S2	SR/S1/ELS	SR/S1/EV	SR/S1/ER	SR/S1/ENTR	SR/S1/L	SR/S1/LMAX	SR/S2/ELS	SR/S2/EV	SR/S2/ER	SR/S2/ENTR	SR/S2/L	SR/S2/LMAX
dialogue_txt	Human 1	Human 2	0.7333333333333333	0.17777777777777778	0.22388059701492538	0.26666666666666666	0.16666666666666666	0.7761194029850746	0.5142857142857142	0.1836734693877551	4.0	0.07547169811320754	0.16981132075471697	0.863120568566631	1.2857142857142858	2.0	30.0	0.18292682926829268	0.4573170731707317	0.6860084270341613	1.1692307692307693	3.0
