ID	Num. utterances	Num. tokens	Expression Lexicon Size (ELS)	Expression Variety (EV)	Expression Repetition (ER)	Voc. Overlap	ENTR	L	LMAX
dialogue_txt	16.0	312.0	29.0	0.09294871794871795	0.2724358974358974	0.21678321678321677	1.014453705644249	1.3369565217391304	5.0
