ID	Num. utterances	Num. tokens	Expression Lexicon Size (ELS)	Expression Variety (EV)	Expression Repetition (ER)	Voc. Overlap	ENTR	L	LMAX
dialogue_txt	16.0	287.0	45.0	0.156794425087108	0.37630662020905925	0.371900826446281	0.8234175970398536	1.2238805970149254	3.0
