ID	Num. utterances	Num. tokens	Expression Lexicon Size (ELS)	Expression Variety (EV)	Expression Repetition (ER)	Voc. Overlap	ENTR	L	LMAX
dialogue_txt	16.0	309.0	50.0	0.16181229773462782	0.34951456310679613	0.3197278911564626	0.8788340852390336	1.2462686567164178	3.0
