ID	Num. utterances	Num. tokens	Expression Lexicon Size (ELS)	Expression Variety (EV)	Expression Repetition (ER)	Voc. Overlap	ENTR	L	LMAX
dialogue_txt	19.0	231.0	38.0	0.1645021645021645	0.41125541125541126	0.3723404255319149	1.2193341096968513	1.4526315789473685	5.0
