ID	Num. utterances	Num. tokens	Expression Lexicon Size (ELS)	Expression Variety (EV)	Expression Repetition (ER)	Voc. Overlap	ENTR	L	LMAX
dialogue_txt	19.0	297.0	29.0	0.09764309764309764	0.26262626262626265	0.16981132075471697	0.6587435307694673	1.1704545454545454	2.0
