ID	S1	S2	S1/Initiated Expression (IE_S1)	S1/Expression Repetition (ER_S1)	S1/tokens (%)	S2/Initiated Expression (IE_S2)	S2/Expression Repetition (ER_S2)	S2/tokens (%)	Voc. Overlap S1	Voc. Overlap S2	SR/S1/ELS	SR/S1/EV	SR/S1/ER	SR/S1/ENTR	SR/S1/L	SR/S1/LMAX	SR/S2/ELS	SR/S2/EV	SR/S2/ER	SR/S2/ENTR	SR/S2/L	SR/S2/LMAX
dialogue_txt	Human 1	Human 2	0.92	0.21311475409836064	0.32620320855614976	0.08	0.5	0.6737967914438503	0.6829268292682927	0.42424242424242425	10.0	0.14492753623188406	0.37681159420289856	0.8812908992306927	1.3	2.0	26.0	0.1925925925925926	0.5703703703703704	0.9912642605354288	1.4615384615384615	5.0
