ID	Num. utterances	Num. tokens	Expression Lexicon Size (ELS)	Expression Variety (EV)	Expression Repetition (ER)	Voc. Overlap	ENTR	L	LMAX
dialogue_txt	17.0	187.0	25.0	0.13368983957219252	0.40641711229946526	0.35443037974683544	0.7223028660090712	1.3289473684210527	6.0
