ID	Num. utterances	Num. tokens	Expression Lexicon Size (ELS)	Expression Variety (EV)	Expression Repetition (ER)	Voc. Overlap	ENTR	L	LMAX
dialogue_txt	15.0	205.0	25.0	0.12195121951219512	0.2097560975609756	0.2631578947368421	0.7619882811604883	1.1967213114754098	3.0
