ID	S1	S2	S1/Initiated Expression (IE_S1)	S1/Expression Repetition (ER_S1)	S1/tokens (%)	S2/Initiated Expression (IE_S2)	S2/Expression Repetition (ER_S2)	S2/tokens (%)	Voc. Overlap S1	Voc. Overlap S2	SR/S1/ELS	SR/S1/EV	SR/S1/ER	SR/S1/ENTR	SR/S1/L	SR/S1/LMAX	SR/S2/ELS	SR/S2/EV	SR/S2/ER	SR/S2/ENTR	SR/S2/L	SR/S2/LMAX
dialogue_txt	Human 1	Human 2	0.775	0.12605042016806722	0.4117647058823529	0.225	0.5352941176470588	0.5882352941176471	0.5952380952380952	0.5050505050505051	12.0	0.09448818897637795	0.3228346456692913	0.3372900666170139	1.125	3.0	24.0	0.1340782122905028	0.4692737430167598	0.9653723546781459	1.6875	12.0
