ID	Num. utterances	Num. tokens	Expression Lexicon Size (ELS)	Expression Variety (EV)	Expression Repetition (ER)	Voc. Overlap	ENTR	L	LMAX
dialogue_txt	16.0	251.0	42.0	0.16733067729083664	0.3545816733067729	0.4158415841584158	1.0833770412634038	1.4479166666666667	5.0
