ID	Num. utterances	Num. tokens	Expression Lexicon Size (ELS)	Expression Variety (EV)	Expression Repetition (ER)	Voc. Overlap	ENTR	L	LMAX
dialogue_txt	16.0	221.0	20.0	0.09049773755656108	0.2081447963800905	0.23008849557522124	0.7679899965605539	1.3454545454545455	7.0
