ID	Num. utterances	Num. tokens	Expression Lexicon Size (ELS)	Expression Variety (EV)	Expression Repetition (ER)	Voc. Overlap	ENTR	L	LMAX
dialogue_txt	19.0	266.0	38.0	0.14285714285714285	0.29699248120300753	0.29927007299270075	1.1621441069936482	1.391304347826087	4.0
