ID	S1	S2	S1/Initiated Expression (IE_S1)	S1/Expression Repetition (ER_S1)	S1/tokens (%)	S2/Initiated Expression (IE_S2)	S2/Expression Repetition (ER_S2)	S2/tokens (%)	Voc. Overlap S1	Voc. Overlap S2	SR/S1/ELS	SR/S1/EV	SR/S1/ER	SR/S1/ENTR	SR/S1/L	SR/S1/LMAX	SR/S2/ELS	SR/S2/EV	SR/S2/ER	SR/S2/ENTR	SR/S2/L	SR/S2/LMAX
dialogue_txt	Human 1	Human 2	0.7222222222222222	0.22033898305084745	0.2964824120603015	0.2777777777777778	0.42857142857142855	0.7035175879396985	0.7441860465116279	0.4266666666666667	8.0	0.11940298507462686	0.31343283582089554	-0.0	1.0	1.0	28.0	0.1891891891891892	0.5675675675675675	1.5381495788845212	1.6603773584905661	5.0
