ID	Num. utterances	Num. tokens	Expression Lexicon Size (ELS)	Expression Variety (EV)	Expression Repetition (ER)	Voc. Overlap	ENTR	L	LMAX
dialogue_txt	16.0	199.0	36.0	0.18090452261306533	0.36683417085427134	0.37209302325581395	1.0462142562183352	1.3333333333333333	3.0
