ID	S1	S2	S1/Initiated Expression (IE_S1)	S1/Expression Repetition (ER_S1)	S1/tokens (%)	S2/Initiated Expression (IE_S2)	S2/Expression Repetition (ER_S2)	S2/tokens (%)	Voc. Overlap S1	Voc. Overlap S2	SR/S1/ELS	SR/S1/EV	SR/S1/ER	SR/S1/ENTR	SR/S1/L	SR/S1/LMAX	SR/S2/ELS	SR/S2/EV	SR/S2/ER	SR/S2/ENTR	SR/S2/L	SR/S2/LMAX
dialogue_txt	Human 1	Human 2	0.7755102040816326	0.20212765957446807	0.5280898876404494	0.22448979591836735	0.4226190476190476	0.47191011235955055	0.4519230769230769	0.4563106796116505	22.0	0.1116751269035533	0.40609137055837563	0.9106559588025549	1.26	3.0	22.0	0.12429378531073447	0.4406779661016949	1.1619480154262511	1.509433962264151	6.0
