ID	Num. utterances	Num. tokens	Expression Lexicon Size (ELS)	Expression Variety (EV)	Expression Repetition (ER)	Voc. Overlap	ENTR	L	LMAX
dialogue_txt	15.0	207.0	24.0	0.11594202898550725	0.19806763285024154	0.23333333333333334	0.19590927087360493	1.0303030303030303	2.0
