ID	S1	S2	S1/Initiated Expression (IE_S1)	S1/Expression Repetition (ER_S1)	S1/tokens (%)	S2/Initiated Expression (IE_S2)	S2/Expression Repetition (ER_S2)	S2/tokens (%)	Voc. Overlap S1	Voc. Overlap S2	SR/S1/ELS	SR/S1/EV	SR/S1/ER	SR/S1/ENTR	SR/S1/L	SR/S1/LMAX	SR/S2/ELS	SR/S2/EV	SR/S2/ER	SR/S2/ENTR	SR/S2/L	SR/S2/LMAX
dialogue_txt	Human 1	Human 2	0.8181818181818182	0.16666666666666666	0.31413612565445026	0.18181818181818182	0.48091603053435117	0.6858638743455497	0.7608695652173914	0.4666666666666667	5.0	0.07246376811594203	0.17391304347826086	0.7219280948873623	1.2	2.0	24.0	0.17142857142857143	0.5	1.030141816908297	1.3269230769230769	3.0
