ID	Num. utterances	Num. tokens	Expression Lexicon Size (ELS)	Expression Variety (EV)	Expression Repetition (ER)	Voc. Overlap	ENTR	L	LMAX
dialogue_txt	14.0	234.0	45.0	0.19230769230769232	0.32905982905982906	0.41025641025641024	1.0630756656769849	1.3428571428571427	4.0
