ID	S1	S2	S1/Initiated Expression (IE_S1)	S1/Expression Repetition (ER_S1)	S1/tokens (%)	S2/Initiated Expression (IE_S2)	S2/Expression Repetition (ER_S2)	S2/tokens (%)	Voc. Overlap S1	Voc. Overlap S2	SR/S1/ELS	SR/S1/EV	SR/S1/ER	SR/S1/ENTR	SR/S1/L	SR/S1/LMAX	SR/S2/ELS	SR/S2/EV	SR/S2/ER	SR/S2/ENTR	SR/S2/L	SR/S2/LMAX
dialogue_txt	Human 1	Human 2	0.8095238095238095	0.1111111111111111	0.23316062176165803	0.19047619047619047	0.2702702702702703	0.7668393782383419	0.6571428571428571	0.3150684931506849	4.0	0.07547169811320754	0.16981132075471697	0.863120568566631	1.2857142857142858	2.0	24.0	0.15384615384615385	0.5705128205128205	1.7816799562258154	2.1136363636363638	9.0
