ID	Num. utterances	Num. tokens	Expression Lexicon Size (ELS)	Expression Variety (EV)	Expression Repetition (ER)	Voc. Overlap	ENTR	L	LMAX
dialogue_txt	15.0	248.0	46.0	0.18548387096774194	0.3548387096774194	0.3888888888888889	1.12710209629919	1.380952380952381	5.0
