ID	S1	S2	S1/Initiated Expression (IE_S1)	S1/Expression Repetition (ER_S1)	S1/tokens (%)	S2/Initiated Expression (IE_S2)	S2/Expression Repetition (ER_S2)	S2/tokens (%)	Voc. Overlap S1	Voc. Overlap S2	SR/S1/ELS	SR/S1/EV	SR/S1/ER	SR/S1/ENTR	SR/S1/L	SR/S1/LMAX	SR/S2/ELS	SR/S2/EV	SR/S2/ER	SR/S2/ENTR	SR/S2/L	SR/S2/LMAX
dialogue_txt	Human 1	Human 2	0.6666666666666666	0.26436781609195403	0.3107142857142857	0.3333333333333333	0.18652849740932642	0.6892857142857143	0.3333333333333333	0.20454545454545456	12.0	0.125	0.3645833333333333	1.0676111603502403	1.434782608695652	4.0	33.0	0.1625615763546798	0.6403940886699507	2.065614100083996	2.306451612903226	7.0
