ID	Num. utterances	Num. tokens	Expression Lexicon Size (ELS)	Expression Variety (EV)	Expression Repetition (ER)	Voc. Overlap	ENTR	L	LMAX
dialogue_txt	18.0	259.0	35.0	0.13513513513513514	0.2471042471042471	0.25547445255474455	0.7828683344026046	1.2045454545454546	3.0
