ID	S1	S2	S1/Initiated Expression (IE_S1)	S1/Expression Repetition (ER_S1)	S1/tokens (%)	S2/Initiated Expression (IE_S2)	S2/Expression Repetition (ER_S2)	S2/tokens (%)	Voc. Overlap S1	Voc. Overlap S2	SR/S1/ELS	SR/S1/EV	SR/S1/ER	SR/S1/ENTR	SR/S1/L	SR/S1/LMAX	SR/S2/ELS	SR/S2/EV	SR/S2/ER	SR/S2/ENTR	SR/S2/L	SR/S2/LMAX
dialogue_txt	Human 1	Human 2	0.8	0.11678832116788321	0.528957528957529	0.2	0.39344262295081966	0.47104247104247104	0.3763440860215054	0.4430379746835443	11.0	0.07534246575342465	0.21232876712328766	0.4262286569981449	1.173913043478261	3.0	17.0	0.1297709923664122	0.3511450381679389	0.7742433029172697	1.2105263157894737	3.0
