ID	Num. utterances	Num. tokens	Expression Lexicon Size (ELS)	Expression Variety (EV)	Expression Repetition (ER)	Voc. Overlap	ENTR	L	LMAX
dialogue_txt	17.0	305.0	32.0	0.10491803278688525	0.22950819672131148	0.2361111111111111	0.7444406727405051	1.1888888888888889	3.0
