ID	Num. utterances	Num. tokens	Expression Lexicon Size (ELS)	Expression Variety (EV)	Expression Repetition (ER)	Voc. Overlap	ENTR	L	LMAX
dialogue_txt	17.0	139.0	24.0	0.17266187050359713	0.39568345323741005	0.46551724137931033	0.8378254542545167	1.2575757575757576	4.0
