ID	S1	S2	S1/Initiated Expression (IE_S1)	S1/Expression Repetition (ER_S1)	S1/tokens (%)	S2/Initiated Expression (IE_S2)	S2/Expression Repetition (ER_S2)	S2/tokens (%)	Voc. Overlap S1	Voc. Overlap S2	SR/S1/ELS	SR/S1/EV	SR/S1/ER	SR/S1/ENTR	SR/S1/L	SR/S1/LMAX	SR/S2/ELS	SR/S2/EV	SR/S2/ER	SR/S2/ENTR	SR/S2/L	SR/S2/LMAX
dialogue_txt	Human 1	Human 2	0.717948717948718	0.19708029197080293	0.4477124183006536	0.28205128205128205	0.39644970414201186	0.5522875816993464	0.4431818181818182	0.45348837209302323	14.0	0.09655172413793103	0.296551724137931	0.8503259045049341	1.3214285714285714	4.0	32.0	0.1807909604519774	0.615819209039548	1.5971587174063298	1.8	5.0
