ID	Num. utterances	Num. tokens	Expression Lexicon Size (ELS)	Expression Variety (EV)	Expression Repetition (ER)	Voc. Overlap	ENTR	L	LMAX
dialogue_txt	19.0	226.0	32.0	0.1415929203539823	0.27876106194690264	0.30434782608695654	1.3043700592473857	1.4722222222222223	4.0
