ID	Num. utterances	Num. tokens	Expression Lexicon Size (ELS)	Expression Variety (EV)	Expression Repetition (ER)	Voc. Overlap	ENTR	L	LMAX
dialogue_txt	18.0	364.0	50.0	0.13736263736263737	0.3241758241758242	0.3270440251572327	1.1393630712192322	1.368421052631579	4.0
