ID	S1	S2	S1/Initiated Expression (IE_S1)	S1/Expression Repetition (ER_S1)	S1/tokens (%)	S2/Initiated Expression (IE_S2)	S2/Expression Repetition (ER_S2)	S2/tokens (%)	Voc. Overlap S1	Voc. Overlap S2	SR/S1/ELS	SR/S1/EV	SR/S1/ER	SR/S1/ENTR	SR/S1/L	SR/S1/LMAX	SR/S2/ELS	SR/S2/EV	SR/S2/ER	SR/S2/ENTR	SR/S2/L	SR/S2/LMAX
dialogue_txt	Human 1	Human 2	0.74	0.22340425531914893	0.5164835164835165	0.26	0.4318181818181818	0.4835164835164835	0.5	0.48598130841121495	22.0	0.1116751269035533	0.40609137055837563	0.9106559588025549	1.26	3.0	23.0	0.12432432432432433	0.44324324324324327	1.4137182460493483	1.588235294117647	5.0
