ID	Num. utterances	Num. tokens	Expression Lexicon Size (ELS)	Expression Variety (EV)	Expression Repetition (ER)	Voc. Overlap	ENTR	L	LMAX
dialogue_txt	21.0	258.0	48.0	0.18604651162790697	0.39147286821705424	0.4247787610619469	1.0381032531854777	1.3697478991596639	5.0
