ID	S1	S2	S1/Initiated Expression (IE_S1)	S1/Expression Repetition (ER_S1)	S1/tokens (%)	S2/Initiated Expression (IE_S2)	S2/Expression Repetition (ER_S2)	S2/tokens (%)	Voc. Overlap S1	Voc. Overlap S2	SR/S1/ELS	SR/S1/EV	SR/S1/ER	SR/S1/ENTR	SR/S1/L	SR/S1/LMAX	SR/S2/ELS	SR/S2/EV	SR/S2/ER	SR/S2/ENTR	SR/S2/L	SR/S2/LMAX
dialogue_txt	Human 1	Human 2	0.8275862068965517	0.14754098360655737	0.305	0.1724137931034483	0.4028776978417266	0.695	0.6170212765957447	0.37662337662337664	8.0	0.11594202898550725	0.2463768115942029	-0.0	1.0	1.0	13.0	0.08843537414965986	0.4489795918367347	1.2292041910556644	2.3333333333333335	9.0
