ID	Num. utterances	Num. tokens	Expression Lexicon Size (ELS)	Expression Variety (EV)	Expression Repetition (ER)	Voc. Overlap	ENTR	L	LMAX
dialogue_txt	14.0	208.0	21.0	0.10096153846153846	0.1971153846153846	0.20869565217391303	0.5605769426145328	1.1311475409836065	2.0
