ID	S1	S2	S1/Initiated Expression (IE_S1)	S1/Expression Repetition (ER_S1)	S1/tokens (%)	S2/Initiated Expression (IE_S2)	S2/Expression Repetition (ER_S2)	S2/tokens (%)	Voc. Overlap S1	Voc. Overlap S2	SR/S1/ELS	SR/S1/EV	SR/S1/ER	SR/S1/ENTR	SR/S1/L	SR/S1/LMAX	SR/S2/ELS	SR/S2/EV	SR/S2/ER	SR/S2/ENTR	SR/S2/L	SR/S2/LMAX
dialogue_txt	Human 1	Human 2	0.5945945945945946	0.21904761904761905	0.42338709677419356	0.40540540540540543	0.40559440559440557	0.5766129032258065	0.5569620253164557	0.4888888888888889	8.0	0.07142857142857142	0.17857142857142858	-0.0	1.0	1.0	20.0	0.1342281879194631	0.4228187919463087	1.132997910270387	1.3902439024390243	4.0
