ID	Num. utterances	Num. tokens	Expression Lexicon Size (ELS)	Expression Variety (EV)	Expression Repetition (ER)	Voc. Overlap	ENTR	L	LMAX
dialogue_txt	18.0	233.0	22.0	0.0944206008583691	0.15450643776824036	0.21238938053097345	0.7351527608884878	1.4074074074074074	9.0
