ID	S1	S2	S1/Initiated Expression (IE_S1)	S1/Expression Repetition (ER_S1)	S1/tokens (%)	S2/Initiated Expression (IE_S2)	S2/Expression Repetition (ER_S2)	S2/tokens (%)	Voc. Overlap S1	Voc. Overlap S2	SR/S1/ELS	SR/S1/EV	SR/S1/ER	SR/S1/ENTR	SR/S1/L	SR/S1/LMAX	SR/S2/ELS	SR/S2/EV	SR/S2/ER	SR/S2/ENTR	SR/S2/L	SR/S2/LMAX
dialogue_txt	Human 1	Human 2	0.47368421052631576	0.21621621621621623	0.44223107569721115	0.5263157894736842	0.2571428571428571	0.5577689243027888	0.26666666666666666	0.3076923076923077	15.0	0.1271186440677966	0.3644067796610169	1.014097655573916	1.3125	3.0	26.0	0.17567567567567569	0.6486486486486487	1.904870417099083	2.1	6.0
