ID	Num. utterances	Num. tokens	Expression Lexicon Size (ELS)	Expression Variety (EV)	Expression Repetition (ER)	Voc. Overlap	ENTR	L	LMAX
dialogue_txt	15.0	251.0	19.0	0.07569721115537849	0.23904382470119523	0.16666666666666666	0.3227569588973982	1.0588235294117647	2.0
