ID	S1	S2	S1/Initiated Expression (IE_S1)	S1/Expression Repetition (ER_S1)	S1/tokens (%)	S2/Initiated Expression (IE_S2)	S2/Expression Repetition (ER_S2)	S2/tokens (%)	Voc. Overlap S1	Voc. Overlap S2	SR/S1/ELS	SR/S1/EV	SR/S1/ER	SR/S1/ENTR	SR/S1/L	SR/S1/LMAX	SR/S2/ELS	SR/S2/EV	SR/S2/ER	SR/S2/ENTR	SR/S2/L	SR/S2/LMAX
dialogue_txt	Human 1	Human 2	0.8103448275862069	0.1510791366906475	0.46959459459459457	0.1896551724137931	0.6624203821656051	0.5304054054054054	0.6363636363636364	0.6436781609195402	17.0	0.11643835616438356	0.3698630136986301	0.9707450578356165	1.394736842105263	5.0	29.0	0.17682926829268292	0.5365853658536586	1.3713054016517379	1.6666666666666667	6.0
