ID	S1	S2	S1/Initiated Expression (IE_S1)	S1/Expression Repetition (ER_S1)	S1/tokens (%)	S2/Initiated Expression (IE_S2)	S2/Expression Repetition (ER_S2)	S2/tokens (%)	Voc. Overlap S1	Voc. Overlap S2	SR/S1/ELS	SR/S1/EV	SR/S1/ER	SR/S1/ENTR	SR/S1/L	SR/S1/LMAX	SR/S2/ELS	SR/S2/EV	SR/S2/ER	SR/S2/ENTR	SR/S2/L	SR/S2/LMAX
dialogue_txt	Human 1	Human 2	0.7894736842105263	0.14754098360655737	0.2687224669603524	0.21052631578947367	0.21686746987951808	0.7312775330396476	0.44680851063829785	0.23595505617977527	8.0	0.11594202898550725	0.2463768115942029	-0.0	1.0	1.0	25.0	0.14367816091954022	0.5344827586206896	1.940459143675585	2.111111111111111	8.0
