ID	Num. utterances	Num. tokens	Expression Lexicon Size (ELS)	Expression Variety (EV)	Expression Repetition (ER)	Voc. Overlap	ENTR	L	LMAX
dialogue_txt	15.0	291.0	28.0	0.09621993127147767	0.26804123711340205	0.19333333333333333	0.6852274136794784	1.1666666666666667	3.0
