ID	S1	S2	S1/Initiated Expression (IE_S1)	S1/Expression Repetition (ER_S1)	S1/tokens (%)	S2/Initiated Expression (IE_S2)	S2/Expression Repetition (ER_S2)	S2/tokens (%)	Voc. Overlap S1	Voc. Overlap S2	SR/S1/ELS	SR/S1/EV	SR/S1/ER	SR/S1/ENTR	SR/S1/L	SR/S1/LMAX	SR/S2/ELS	SR/S2/EV	SR/S2/ER	SR/S2/ENTR	SR/S2/L	SR/S2/LMAX
dialogue_txt	Human 1	Human 2	0.6428571428571429	0.2119205298013245	0.5189003436426117	0.35714285714285715	0.32857142857142857	0.48109965635738833	0.31868131868131866	0.32954545454545453	21.0	0.13291139240506328	0.3924050632911392	0.39662777277837885	1.0784313725490196	2.0	18.0	0.12162162162162163	0.41216216216216217	1.2110873009284773	1.6	6.0
