ID	Num. utterances	Num. tokens	Expression Lexicon Size (ELS)	Expression Variety (EV)	Expression Repetition (ER)	Voc. Overlap	ENTR	L	LMAX
dialogue_txt	15.0	235.0	40.0	0.1702127659574468	0.31063829787234043	0.35135135135135137	1.1865493064817287	1.4204545454545454	4.0
