ID	Num. utterances	Num. tokens	Expression Lexicon Size (ELS)	Expression Variety (EV)	Expression Repetition (ER)	Voc. Overlap	ENTR	L	LMAX
dialogue_txt	15.0	230.0	31.0	0.13478260869565217	0.29130434782608694	0.2644628099173554	0.9721177581368874	1.2987012987012987	4.0
