ID	Num. utterances	Num. tokens	Expression Lexicon Size (ELS)	Expression Variety (EV)	Expression Repetition (ER)	Voc. Overlap	ENTR	L	LMAX
dialogue_txt	17.0	317.0	38.0	0.11987381703470032	0.3186119873817035	0.27205882352941174	1.0880348055130873	1.3628318584070795	3.0
