ID	Num. utterances	Num. tokens	Expression Lexicon Size (ELS)	Expression Variety (EV)	Expression Repetition (ER)	Voc. Overlap	ENTR	L	LMAX
dialogue_txt	18.0	274.0	36.0	0.13138686131386862	0.2773722627737226	0.29545454545454547	0.930863833651596	1.3369565217391304	3.0
