ID	Num. utterances	Num. tokens	Expression Lexicon Size (ELS)	Expression Variety (EV)	Expression Repetition (ER)	Voc. Overlap	ENTR	L	LMAX
dialogue_txt	19.0	218.0	27.0	0.12385321100917432	0.26605504587155965	0.2727272727272727	0.8729587404029866	1.2533333333333334	4.0
