ID	S1	S2	S1/Initiated Expression (IE_S1)	S1/Expression Repetition (ER_S1)	S1/tokens (%)	S2/Initiated Expression (IE_S2)	S2/Expression Repetition (ER_S2)	S2/tokens (%)	Voc. Overlap S1	Voc. Overlap S2	SR/S1/ELS	SR/S1/EV	SR/S1/ER	SR/S1/ENTR	SR/S1/L	SR/S1/LMAX	SR/S2/ELS	SR/S2/EV	SR/S2/ER	SR/S2/ENTR	SR/S2/L	SR/S2/LMAX
dialogue_txt	Human 1	Human 2	0.8095238095238095	0.16326530612244897	0.358974358974359	0.19047619047619047	0.45714285714285713	0.6410256410256411	0.6417910447761194	0.46236559139784944	12.0	0.11214953271028037	0.2616822429906542	0.4021791902022728	1.08	2.0	30.0	0.16304347826086957	0.5163043478260869	0.9743624933910557	1.2916666666666667	3.0
