ID	Num. utterances	Num. tokens	Expression Lexicon Size (ELS)	Expression Variety (EV)	Expression Repetition (ER)	Voc. Overlap	ENTR	L	LMAX
dialogue_txt	14.0	259.0	47.0	0.18146718146718147	0.3861003861003861	0.41964285714285715	1.0324797770982486	1.361344537815126	5.0
