ID	S1	S2	S1/Initiated Expression (IE_S1)	S1/Expression Repetition (ER_S1)	S1/tokens (%)	S2/Initiated Expression (IE_S2)	S2/Expression Repetition (ER_S2)	S2/tokens (%)	Voc. Overlap S1	Voc. Overlap S2	SR/S1/ELS	SR/S1/EV	SR/S1/ER	SR/S1/ENTR	SR/S1/L	SR/S1/LMAX	SR/S2/ELS	SR/S2/EV	SR/S2/ER	SR/S2/ENTR	SR/S2/L	SR/S2/LMAX
dialogue_txt	Human 1	Human 2	0.7	0.2222222222222222	0.38870431893687707	0.3	0.41847826086956524	0.6112956810631229	0.6521739130434783	0.45	19.0	0.15079365079365079	0.4126984126984127	1.242370874393215	1.457142857142857	3.0	34.0	0.17616580310880828	0.5440414507772021	1.118837343285942	1.3636363636363635	4.0
