ID	Num. utterances	Num. tokens	Expression Lexicon Size (ELS)	Expression Variety (EV)	Expression Repetition (ER)	Voc. Overlap	ENTR	L	LMAX
dialogue_txt	18.0	301.0	50.0	0.16611295681063123	0.34219269102990035	0.3629032258064516	1.175956220753166	1.3923076923076922	4.0
