ID	Num. utterances	Num. tokens	Expression Lexicon Size (ELS)	Expression Variety (EV)	Expression Repetition (ER)	Voc. Overlap	ENTR	L	LMAX
dialogue_txt	17.0	301.0	43.0	0.14285714285714285	0.3388704318936877	0.29927007299270075	0.6006656028343013	1.1370967741935485	3.0
