ID	S1	S2	S1/Initiated Expression (IE_S1)	S1/Expression Repetition (ER_S1)	S1/tokens (%)	S2/Initiated Expression (IE_S2)	S2/Expression Repetition (ER_S2)	S2/tokens (%)	Voc. Overlap S1	Voc. Overlap S2	SR/S1/ELS	SR/S1/EV	SR/S1/ER	SR/S1/ENTR	SR/S1/L	SR/S1/LMAX	SR/S2/ELS	SR/S2/EV	SR/S2/ER	SR/S2/ENTR	SR/S2/L	SR/S2/LMAX
dialogue_txt	Human 1	Human 2	0.8666666666666667	0.15827338129496402	0.486013986013986	0.13333333333333333	0.6326530612244898	0.513986013986014	0.5	0.6027397260273972	17.0	0.11643835616438356	0.3698630136986301	0.9707450578356165	1.394736842105263	5.0	25.0	0.16233766233766234	0.6168831168831169	1.558487650193505	1.8979591836734695	7.0
