ID	Num. utterances	Num. tokens	Expression Lexicon Size (ELS)	Expression Variety (EV)	Expression Repetition (ER)	Voc. Overlap	ENTR	L	LMAX
dialogue_txt	15.0	217.0	32.0	0.14746543778801843	0.3087557603686636	0.2920353982300885	0.7937190020470383	1.2098765432098766	3.0
