ID	S1	S2	S1/Initiated Expression (IE_S1)	S1/Expression Repetition (ER_S1)	S1/tokens (%)	S2/Initiated Expression (IE_S2)	S2/Expression Repetition (ER_S2)	S2/tokens (%)	Voc. Overlap S1	Voc. Overlap S2	SR/S1/ELS	SR/S1/EV	SR/S1/ER	SR/S1/ENTR	SR/S1/L	SR/S1/LMAX	SR/S2/ELS	SR/S2/EV	SR/S2/ER	SR/S2/ENTR	SR/S2/L	SR/S2/LMAX
dialogue_txt	Human 1	Human 2	0.7586206896551724	0.16842105263157894	0.39094650205761317	0.2413793103448276	0.33783783783783783	0.6090534979423868	0.49230769230769234	0.3902439024390244	10.0	0.0970873786407767	0.27184466019417475	0.4021791902022728	1.08	2.0	21.0	0.1346153846153846	0.47435897435897434	1.6460425408193375	1.8444444444444446	4.0
