ID	Num. utterances	Num. tokens	Expression Lexicon Size (ELS)	Expression Variety (EV)	Expression Repetition (ER)	Voc. Overlap	ENTR	L	LMAX
dialogue_txt	16.0	243.0	29.0	0.11934156378600823	0.2716049382716049	0.2782608695652174	0.7084695030184597	1.1975308641975309	4.0
