ID	Num. utterances	Num. tokens	Expression Lexicon Size (ELS)	Expression Variety (EV)	Expression Repetition (ER)	Voc. Overlap	ENTR	L	LMAX
dialogue_txt	15.0	315.0	40.0	0.12698412698412698	0.30793650793650795	0.2468354430379747	0.6775807218599568	1.1788617886178863	2.0
