ID	S1	S2	S1/Initiated Expression (IE_S1)	S1/Expression Repetition (ER_S1)	S1/tokens (%)	S2/Initiated Expression (IE_S2)	S2/Expression Repetition (ER_S2)	S2/tokens (%)	Voc. Overlap S1	Voc. Overlap S2	SR/S1/ELS	SR/S1/EV	SR/S1/ER	SR/S1/ENTR	SR/S1/L	SR/S1/LMAX	SR/S2/ELS	SR/S2/EV	SR/S2/ER	SR/S2/ENTR	SR/S2/L	SR/S2/LMAX
dialogue_txt	Human 1	Human 2	0.45454545454545453	0.20454545454545456	0.39461883408071746	0.5454545454545454	0.17777777777777778	0.6053811659192825	0.3380281690140845	0.25	4.0	0.042105263157894736	0.16842105263157894	0.7219280948873623	1.4	3.0	15.0	0.1048951048951049	0.32167832167832167	0.2918182565988858	1.0512820512820513	2.0
