ID	S1	S2	S1/Initiated Expression (IE_S1)	S1/Expression Repetition (ER_S1)	S1/tokens (%)	S2/Initiated Expression (IE_S2)	S2/Expression Repetition (ER_S2)	S2/tokens (%)	Voc. Overlap S1	Voc. Overlap S2	SR/S1/ELS	SR/S1/EV	SR/S1/ER	SR/S1/ENTR	SR/S1/L	SR/S1/LMAX	SR/S2/ELS	SR/S2/EV	SR/S2/ER	SR/S2/ENTR	SR/S2/L	SR/S2/LMAX
dialogue_txt	Human 1	Human 2	0.6666666666666666	0.18867924528301888	0.3063583815028902	0.3333333333333333	0.3333333333333333	0.6936416184971098	0.5897435897435898	0.3333333333333333	5.0	0.08064516129032258	0.16129032258064516	-0.0	1.0	1.0	20.0	0.15503875968992248	0.46511627906976744	0.8626650216510483	1.2391304347826086	3.0
