ID	Num. utterances	Num. tokens	Expression Lexicon Size (ELS)	Expression Variety (EV)	Expression Repetition (ER)	Voc. Overlap	ENTR	L	LMAX
dialogue_txt	15.0	208.0	19.0	0.09134615384615384	0.22596153846153846	0.20689655172413793	0.574828144380386	1.1379310344827587	3.0
