ID	Num. utterances	Num. tokens	Expression Lexicon Size (ELS)	Expression Variety (EV)	Expression Repetition (ER)	Voc. Overlap	ENTR	L	LMAX
dialogue_txt	15.0	291.0	49.0	0.16838487972508592	0.35051546391752575	0.35074626865671643	0.8627410492655101	1.2692307692307692	4.0
