ID	Num. utterances	Num. tokens	Expression Lexicon Size (ELS)	Expression Variety (EV)	Expression Repetition (ER)	Voc. Overlap	ENTR	L	LMAX
dialogue_txt	13.0	234.0	44.0	0.18803418803418803	0.3504273504273504	0.35344827586206895	1.1043395702017704	1.3505154639175259	4.0
