ID	Num. utterances	Num. tokens	Expression Lexicon Size (ELS)	Expression Variety (EV)	Expression Repetition (ER)	Voc. Overlap	ENTR	L	LMAX
dialogue_txt	13.0	152.0	20.0	0.13157894736842105	0.3092105263157895	0.2564102564102564	1.339679706835654	1.553191489361702	3.0
