ID	Num. utterances	Num. tokens	Expression Lexicon Size (ELS)	Expression Variety (EV)	Expression Repetition (ER)	Voc. Overlap	ENTR	L	LMAX
dialogue_txt	16.0	328.0	39.0	0.11890243902439024	0.29878048780487804	0.2682926829268293	0.897493812191706	1.2566371681415929	3.0
