ID	Num. utterances	Num. tokens	Expression Lexicon Size (ELS)	Expression Variety (EV)	Expression Repetition (ER)	Voc. Overlap	ENTR	L	LMAX
dialogue_txt	14.0	275.0	24.0	0.08727272727272728	0.2581818181818182	0.2153846153846154	0.3424637724817958	1.0638297872340425	2.0
