ID	S1	S2	S1/Initiated Expression (IE_S1)	S1/Expression Repetition (ER_S1)	S1/tokens (%)	S2/Initiated Expression (IE_S2)	S2/Expression Repetition (ER_S2)	S2/tokens (%)	Voc. Overlap S1	Voc. Overlap S2	SR/S1/ELS	SR/S1/EV	SR/S1/ER	SR/S1/ENTR	SR/S1/L	SR/S1/LMAX	SR/S2/ELS	SR/S2/EV	SR/S2/ER	SR/S2/ENTR	SR/S2/L	SR/S2/LMAX
dialogue_txt	Human 1	Human 2	0.8333333333333334	0.10218978102189781	0.43354430379746833	0.16666666666666666	0.35195530726256985	0.5664556962025317	0.43010752688172044	0.37383177570093457	11.0	0.07534246575342465	0.21232876712328766	0.4262286569981449	1.173913043478261	3.0	31.0	0.16489361702127658	0.48404255319148937	1.3183697698891939	1.5161290322580645	3.0
