ID	Num. utterances	Num. tokens	Expression Lexicon Size (ELS)	Expression Variety (EV)	Expression Repetition (ER)	Voc. Overlap	ENTR	L	LMAX
dialogue_txt	15.0	255.0	46.0	0.1803921568627451	0.37254901960784315	0.38461538461538464	1.2544180969878098	1.4444444444444444	5.0
