ID	Num. utterances	Num. tokens	Expression Lexicon Size (ELS)	Expression Variety (EV)	Expression Repetition (ER)	Voc. Overlap	ENTR	L	LMAX
dialogue_txt	16.0	165.0	25.0	0.15151515151515152	0.40606060606060607	0.34146341463414637	0.9199065812270674	1.2837837837837838	4.0
