ID	Num. utterances	Num. tokens	Expression Lexicon Size (ELS)	Expression Variety (EV)	Expression Repetition (ER)	Voc. Overlap	ENTR	L	LMAX
dialogue_txt	16.0	288.0	48.0	0.16666666666666666	0.3194444444444444	0.37815126050420167	1.2058449310660464	1.452991452991453	5.0
