ID	Num. utterances	Num. tokens	Expression Lexicon Size (ELS)	Expression Variety (EV)	Expression Repetition (ER)	Voc. Overlap	ENTR	L	LMAX
dialogue_txt	16.0	255.0	27.0	0.10588235294117647	0.29411764705882354	0.2796610169491525	0.592307036183004	1.1529411764705881	3.0
