ID	S1	S2	S1/Initiated Expression (IE_S1)	S1/Expression Repetition (ER_S1)	S1/tokens (%)	S2/Initiated Expression (IE_S2)	S2/Expression Repetition (ER_S2)	S2/tokens (%)	Voc. Overlap S1	Voc. Overlap S2	SR/S1/ELS	SR/S1/EV	SR/S1/ER	SR/S1/ENTR	SR/S1/L	SR/S1/LMAX	SR/S2/ELS	SR/S2/EV	SR/S2/ER	SR/S2/ENTR	SR/S2/L	SR/S2/LMAX
dialogue_txt	Human 1	Human 2	0.9032258064516129	0.0949367088607595	0.6869565217391305	0.0967741935483871	0.6805555555555556	0.3130434782608696	0.31521739130434784	0.6904761904761905	22.0	0.13253012048192772	0.4397590361445783	1.0783220795483648	1.44	5.0	11.0	0.13580246913580246	0.4074074074074074	0.7475846798245739	1.65	6.0
