ID	Num. utterances	Num. tokens	Expression Lexicon Size (ELS)	Expression Variety (EV)	Expression Repetition (ER)	Voc. Overlap	ENTR	L	LMAX
dialogue_txt	15.0	205.0	30.0	0.14634146341463414	0.3804878048780488	0.32653061224489793	0.5881078230339132	1.1797752808988764	5.0
