ID	S1	S2	S1/Initiated Expression (IE_S1)	S1/Expression Repetition (ER_S1)	S1/tokens (%)	S2/Initiated Expression (IE_S2)	S2/Expression Repetition (ER_S2)	S2/tokens (%)	Voc. Overlap S1	Voc. Overlap S2	SR/S1/ELS	SR/S1/EV	SR/S1/ER	SR/S1/ENTR	SR/S1/L	SR/S1/LMAX	SR/S2/ELS	SR/S2/EV	SR/S2/ER	SR/S2/ENTR	SR/S2/L	SR/S2/LMAX
dialogue_txt	Human 1	Human 2	0.7916666666666666	0.09433962264150944	0.33544303797468356	0.20833333333333334	0.5619047619047619	0.6645569620253164	0.6410256410256411	0.5813953488372093	5.0	0.08064516129032258	0.16129032258064516	-0.0	1.0	1.0	21.0	0.18421052631578946	0.7456140350877193	1.6927821843598398	2.484848484848485	13.0
