ID	S1	S2	S1/Initiated Expression (IE_S1)	S1/Expression Repetition (ER_S1)	S1/tokens (%)	S2/Initiated Expression (IE_S2)	S2/Expression Repetition (ER_S2)	S2/tokens (%)	Voc. Overlap S1	Voc. Overlap S2	SR/S1/ELS	SR/S1/EV	SR/S1/ER	SR/S1/ENTR	SR/S1/L	SR/S1/LMAX	SR/S2/ELS	SR/S2/EV	SR/S2/ER	SR/S2/ENTR	SR/S2/L	SR/S2/LMAX
dialogue_txt	Human 1	Human 2	0.6595744680851063	0.24299065420560748	0.3807829181494662	0.3404255319148936	0.4367816091954023	0.6192170818505338	0.6049382716049383	0.5212765957446809	13.0	0.1111111111111111	0.27350427350427353	0.362051251733998	1.0689655172413792	2.0	34.0	0.1837837837837838	0.5351351351351351	1.0124514307913275	1.3108108108108107	3.0
