ID	Num. utterances	Num. tokens	Expression Lexicon Size (ELS)	Expression Variety (EV)	Expression Repetition (ER)	Voc. Overlap	ENTR	L	LMAX
dialogue_txt	16.0	281.0	32.0	0.11387900355871886	0.2597864768683274	0.24444444444444444	0.6987003526563345	1.1886792452830188	2.0
