ID	S1	S2	S1/Initiated Expression (IE_S1)	S1/Expression Repetition (ER_S1)	S1/tokens (%)	S2/Initiated Expression (IE_S2)	S2/Expression Repetition (ER_S2)	S2/tokens (%)	Voc. Overlap S1	Voc. Overlap S2	SR/S1/ELS	SR/S1/EV	SR/S1/ER	SR/S1/ENTR	SR/S1/L	SR/S1/LMAX	SR/S2/ELS	SR/S2/EV	SR/S2/ER	SR/S2/ENTR	SR/S2/L	SR/S2/LMAX
dialogue_txt	Human 1	Human 2	0.59375	0.1889763779527559	0.45195729537366547	0.40625	0.3181818181818182	0.5480427046263345	0.4024390243902439	0.38372093023255816	17.0	0.1259259259259259	0.34074074074074073	0.6394571324851641	1.162162162162162	2.0	23.0	0.1419753086419753	0.5123456790123457	1.3645503384480078	1.8222222222222222	9.0
