ID	Num. utterances	Num. tokens	Expression Lexicon Size (ELS)	Expression Variety (EV)	Expression Repetition (ER)	Voc. Overlap	ENTR	L	LMAX
dialogue_txt	19.0	261.0	50.0	0.19157088122605365	0.38697318007662834	0.4424778761061947	0.8304827392619533	1.2248062015503876	3.0
