ID	Num. utterances	Num. tokens	Expression Lexicon Size (ELS)	Expression Variety (EV)	Expression Repetition (ER)	Voc. Overlap	ENTR	L	LMAX
dialogue_txt	13.0	239.0	48.0	0.200836820083682	0.4100418410041841	0.46788990825688076	1.0420776869516664	1.3274336283185841	3.0
