ID	Num. utterances	Num. tokens	Expression Lexicon Size (ELS)	Expression Variety (EV)	Expression Repetition (ER)	Voc. Overlap	ENTR	L	LMAX
dialogue_txt	17.0	359.0	52.0	0.14484679665738162	0.35376044568245124	0.28104575163398693	1.3111498290673937	1.4850746268656716	4.0
