ID	Num. utterances	Num. tokens	Expression Lexicon Size (ELS)	Expression Variety (EV)	Expression Repetition (ER)	Voc. Overlap	ENTR	L	LMAX
dialogue_txt	16.0	186.0	31.0	0.16666666666666666	0.34946236559139787	0.41975308641975306	1.2203280219531296	1.4189189189189189	4.0
