ID	S1	S2	S1/Initiated Expression (IE_S1)	S1/Expression Repetition (ER_S1)	S1/tokens (%)	S2/Initiated Expression (IE_S2)	S2/Expression Repetition (ER_S2)	S2/tokens (%)	Voc. Overlap S1	Voc. Overlap S2	SR/S1/ELS	SR/S1/EV	SR/S1/ER	SR/S1/ENTR	SR/S1/L	SR/S1/LMAX	SR/S2/ELS	SR/S2/EV	SR/S2/ER	SR/S2/ENTR	SR/S2/L	SR/S2/LMAX
dialogue_txt	Human 1	Human 2	0.7241379310344828	0.20212765957446807	0.6787003610108303	0.27586206896551724	0.39325842696629215	0.3212996389891697	0.27884615384615385	0.5	22.0	0.1116751269035533	0.40609137055837563	0.9106559588025549	1.26	3.0	11.0	0.11224489795918367	0.2755102040816326	0.4394969869215133	1.0909090909090908	2.0
