ID	Num. utterances	Num. tokens	Expression Lexicon Size (ELS)	Expression Variety (EV)	Expression Repetition (ER)	Voc. Overlap	ENTR	L	LMAX
dialogue_txt	15.0	245.0	35.0	0.14285714285714285	0.3142857142857143	0.3162393162393162	0.9173670045646525	1.263157894736842	3.0
