ID	Num. utterances	Num. tokens	Expression Lexicon Size (ELS)	Expression Variety (EV)	Expression Repetition (ER)	Voc. Overlap	ENTR	L	LMAX
dialogue_txt	15.0	241.0	22.0	0.0912863070539419	0.23651452282157676	0.2033898305084746	0.528891814376937	1.1538461538461537	4.0
