ID	S1	S2	S1/Initiated Expression (IE_S1)	S1/Expression Repetition (ER_S1)	S1/tokens (%)	S2/Initiated Expression (IE_S2)	S2/Expression Repetition (ER_S2)	S2/tokens (%)	Voc. Overlap S1	Voc. Overlap S2	SR/S1/ELS	SR/S1/EV	SR/S1/ER	SR/S1/ENTR	SR/S1/L	SR/S1/LMAX	SR/S2/ELS	SR/S2/EV	SR/S2/ER	SR/S2/ENTR	SR/S2/L	SR/S2/LMAX
dialogue_txt	Human 1	Human 2	0.7222222222222222	0.21084337349397592	0.5171339563862928	0.2777777777777778	0.47096774193548385	0.48286604361370716	0.5321100917431193	0.5742574257425742	19.0	0.10919540229885058	0.3160919540229885	0.760658476840993	1.2564102564102564	4.0	21.0	0.12804878048780488	0.38414634146341464	0.7641140545540274	1.2	3.0
