ID	Num. utterances	Num. tokens	Expression Lexicon Size (ELS)	Expression Variety (EV)	Expression Repetition (ER)	Voc. Overlap	ENTR	L	LMAX
dialogue_txt	18.0	166.0	26.0	0.1566265060240964	0.3433734939759036	0.3253012048192771	1.0197617410926803	1.338235294117647	3.0
