ID	Num. utterances	Num. tokens	Expression Lexicon Size (ELS)	Expression Variety (EV)	Expression Repetition (ER)	Voc. Overlap	ENTR	L	LMAX
dialogue_txt	19.0	289.0	55.0	0.1903114186851211	0.4290657439446367	0.4260869565217391	1.1641419413597536	1.381294964028777	4.0
