ID	Num. utterances	Num. tokens	Expression Lexicon Size (ELS)	Expression Variety (EV)	Expression Repetition (ER)	Voc. Overlap	ENTR	L	LMAX
dialogue_txt	16.0	269.0	43.0	0.15985130111524162	0.35687732342007433	0.3669724770642202	1.0608791398302353	1.3513513513513513	3.0
