ID	S1	S2	S1/Initiated Expression (IE_S1)	S1/Expression Repetition (ER_S1)	S1/tokens (%)	S2/Initiated Expression (IE_S2)	S2/Expression Repetition (ER_S2)	S2/tokens (%)	Voc. Overlap S1	Voc. Overlap S2	SR/S1/ELS	SR/S1/EV	SR/S1/ER	SR/S1/ENTR	SR/S1/L	SR/S1/LMAX	SR/S2/ELS	SR/S2/EV	SR/S2/ER	SR/S2/ENTR	SR/S2/L	SR/S2/LMAX
dialogue_txt	Human 1	Human 2	0.43333333333333335	0.2523364485981308	0.4163424124513619	0.5666666666666667	0.18	0.5836575875486382	0.38271604938271603	0.34065934065934067	13.0	0.1111111111111111	0.27350427350427353	0.362051251733998	1.0689655172413792	2.0	17.0	0.10559006211180125	0.36024844720496896	1.36789043146655	1.5714285714285714	4.0
