ID	S1	S2	S1/Initiated Expression (IE_S1)	S1/Expression Repetition (ER_S1)	S1/tokens (%)	S2/Initiated Expression (IE_S2)	S2/Expression Repetition (ER_S2)	S2/tokens (%)	Voc. Overlap S1	Voc. Overlap S2	SR/S1/ELS	SR/S1/EV	SR/S1/ER	SR/S1/ENTR	SR/S1/L	SR/S1/LMAX	SR/S2/ELS	SR/S2/EV	SR/S2/ER	SR/S2/ENTR	SR/S2/L	SR/S2/LMAX
dialogue_txt	Human 1	Human 2	0.6944444444444444	0.17796610169491525	0.466403162055336	0.3055555555555556	0.3851851851851852	0.5335968379446641	0.4805194805194805	0.5	13.0	0.104	0.264	0.6051865766334206	1.1481481481481481	2.0	21.0	0.14685314685314685	0.5594405594405595	1.118275160770976	1.9523809523809523	11.0
