ID	S1	S2	S1/Initiated Expression (IE_S1)	S1/Expression Repetition (ER_S1)	S1/tokens (%)	S2/Initiated Expression (IE_S2)	S2/Expression Repetition (ER_S2)	S2/tokens (%)	Voc. Overlap S1	Voc. Overlap S2	SR/S1/ELS	SR/S1/EV	SR/S1/ER	SR/S1/ENTR	SR/S1/L	SR/S1/LMAX	SR/S2/ELS	SR/S2/EV	SR/S2/ER	SR/S2/ENTR	SR/S2/L	SR/S2/LMAX
dialogue_txt	Human 1	Human 2	0.6923076923076923	0.20408163265306123	0.3904382470119522	0.3076923076923077	0.4117647058823529	0.6095617529880478	0.6176470588235294	0.46153846153846156	9.0	0.08490566037735849	0.25471698113207547	0.9530138853315971	1.3157894736842106	3.0	25.0	0.15527950310559005	0.4782608695652174	0.6873150928309273	1.1833333333333333	2.0
