ID	S1	S2	S1/Initiated Expression (IE_S1)	S1/Expression Repetition (ER_S1)	S1/tokens (%)	S2/Initiated Expression (IE_S2)	S2/Expression Repetition (ER_S2)	S2/tokens (%)	Voc. Overlap S1	Voc. Overlap S2	SR/S1/ELS	SR/S1/EV	SR/S1/ER	SR/S1/ENTR	SR/S1/L	SR/S1/LMAX	SR/S2/ELS	SR/S2/EV	SR/S2/ER	SR/S2/ENTR	SR/S2/L	SR/S2/LMAX
dialogue_txt	Human 1	Human 2	0.8571428571428571	0.06666666666666667	0.25139664804469275	0.14285714285714285	0.1791044776119403	0.7486033519553073	0.4857142857142857	0.2463768115942029	4.0	0.07547169811320754	0.16981132075471697	0.863120568566631	1.2857142857142858	2.0	16.0	0.11267605633802817	0.6056338028169014	1.283897005892753	2.8181818181818183	14.0
